MACROREGION_NAME,CATEGORY,SHOP_SKU,MARKET_SKU,OFFER_NAME,LENGTH,WIDTH,HEIGHT,VOLUME,TURNOVER,AMOUNT,MARKET_RECOMMENDATION,AVG_SOLD_VOLUME,AVG_SOLD_ITEMS,AVG_SOLD_VOLUME_ON_STOCK,ITEMS_ON_STOCK,_LOADED_AT,_SOURCE_FILE
Москва,"Одежда, обувь и аксессуары",T-S-001,100994134931,T-Shirt #1,350,250,40,3.5,2955.333333,-,,0.169355,0.048387,500,143,2026-01-05T10:00:00+00:00,demo/goods_turnover/2025-01-31/turnover.csv
Санкт-Петербург,"Одежда, обувь и аксессуары",T-S-001,100994134931,T-Shirt #1,350,250,40,3.5,1694.666667,-,,0.169355,0.048387,287,82,2026-01-05T10:00:00+00:00,demo/goods_turnover/2025-01-31/turnover.csv
Москва,"Одежда, обувь и аксессуары",T-S-002,100023731241,T-Shirt #2,350,250,40,3.5,500.133333,-,,0.846774,0.241935,424,121,2026-01-05T10:00:00+00:00,demo/goods_turnover/2025-01-31/turnover.csv
Санкт-Петербург,"Одежда, обувь и аксессуары",T-S-002,100023731241,T-Shirt #2,350,250,40,3.5,400.933333,-,,0.846774,0.241935,340,97,2026-01-05T10:00:00+00:00,demo/goods_turnover/2025-01-31/turnover.csv
Москва,"Одежда, обувь и аксессуары",T-S-003,100563929279,T-Shirt #3,350,250,40,3.5,Нет продаж,-,,0.0,0.0,640,183,2026-01-05T10:00:00+00:00,demo/goods_turnover/2025-01-31/turnover.csv
Санкт-Петербург,"Одежда, обувь и аксессуары",T-S-003,100563929279,T-Shirt #3,350,250,40,3.5,Нет продаж,-,,0.0,0.0,536,153,2026-01-05T10:00:00+00:00,demo/goods_turnover/2025-01-31/turnover.csv
Москва,"Одежда, обувь и аксессуары",T-S-004,100112648476,T-Shirt #4,350,250,40,3.5,728.5,-,,0.451613,0.129032,329,94,2026-01-05T10:00:00+00:00,demo/goods_turnover/2025-01-31/turnover.csv
Санкт-Петербург,"Одежда, обувь и аксессуары",T-S-004,100112648476,T-Shirt #4,350,250,40,3.5,472.75,-,,0.451613,0.129032,214,61,2026-01-05T10:00:00+00:00,demo/goods_turnover/2025-01-31/turnover.csv
Москва,"Одежда, обувь и аксессуары",T-S-005,100907478922,T-Shirt #5,350,250,40,3.5,9610.0,-,,0.056452,0.016129,542,155,2026-01-05T10:00:00+00:00,demo/goods_turnover/2025-01-31/turnover.csv
Санкт-Петербург,"Одежда, обувь и аксессуары",T-S-005,100907478922,T-Shirt #5,350,250,40,3.5,10664.0,-,,0.056452,0.016129,602,172,2026-01-05T10:00:00+00:00,demo/goods_turnover/2025-01-31/turnover.csv
Москва,"Одежда, обувь и аксессуары",T-S-006,100904405552,T-Shirt #6,350,250,40,3.5,3007.0,-,,0.112903,0.032258,340,97,2026-01-05T10:00:00+00:00,demo/goods_turnover/2025-01-31/turnover.csv
Санкт-Петербург,"Одежда, обувь и аксессуары",T-S-006,100904405552,T-Shirt #6,350,250,40,3.5,3317.0,-,,0.112903,0.032258,374,107,2026-01-05T10:00:00+00:00,demo/goods_turnover/2025-01-31/turnover.csv
Москва,"Одежда, обувь и аксессуары",T-S-007,100680139942,T-Shirt #7,350,250,40,3.5,983.142857,-,,0.395161,0.112903,388,111,2026-01-05T10:00:00+00:00,demo/goods_turnover/2025-01-31/turnover.csv
Санкт-Петербург,"Одежда, обувь и аксессуары",T-S-007,100680139942,T-Shirt #7,350,250,40,3.5,1098.285714,-,,0.395161,0.112903,434,124,2026-01-05T10:00:00+00:00,demo/goods_turnover/2025-01-31/turnover.csv
Москва,"Одежда, обувь и аксессуары",T-S-008,100251702583,T-Shirt #8,350,250,40,3.5,1109.8,-,,0.564516,0.16129,626,179,2026-01-05T10:00:00+00:00,demo/goods_turnover/2025-01-31/turnover.csv
Санкт-Петербург,"Одежда, обувь и аксессуары",T-S-008,100251702583,T-Shirt #8,350,250,40,3.5,843.2,-,,0.564516,0.16129,476,136,2026-01-05T10:00:00+00:00,demo/goods_turnover/2025-01-31/turnover.csv
Москва,"Одежда, обувь и аксессуары",T-S-009,100013765025,T-Shirt #9,350,250,40,3.5,725.4,-,,0.564516,0.16129,410,117,2026-01-05T10:00:00+00:00,demo/goods_turnover/2025-01-31/turnover.csv
Санкт-Петербург,"Одежда, обувь и аксессуары",T-S-009,100013765025,T-Shirt #9,350,250,40,3.5,601.4,-,,0.564516,0.16129,340,97,2026-01-05T10:00:00+00:00,demo/goods_turnover/2025-01-31/turnover.csv
Москва,"Одежда, обувь и аксессуары",T-S-010,100415241284,T-Shirt #10,350,250,40,3.5,391.84,-,,1.41129,0.403226,553,158,2026-01-05T10:00:00+00:00,demo/goods_turnover/2025-01-31/turnover.csv
Санкт-Петербург,"Одежда, обувь и аксессуары",T-S-010,100415241284,T-Shirt #10,350,250,40,3.5,190.96,-,,1.41129,0.403226,270,77,2026-01-05T10:00:00+00:00,demo/goods_turnover/2025-01-31/turnover.csv
Москва,"Одежда, обувь и аксессуары",T-S-011,100875322066,T-Shirt #11,350,250,40,3.5,1131.5,-,,0.451613,0.129032,511,146,2026-01-05T10:00:00+00:00,demo/goods_turnover/2025-01-31/turnover.csv
Санкт-Петербург,"Одежда, обувь и аксессуары",T-S-011,100875322066,T-Shirt #11,350,250,40,3.5,1015.25,-,,0.451613,0.129032,458,131,2026-01-05T10:00:00+00:00,demo/goods_turnover/2025-01-31/turnover.csv
Москва,"Одежда, обувь и аксессуары",T-S-012,100140725608,T-Shirt #12,350,250,40,3.5,558.0,-,,1.072581,0.306452,598,171,2026-01-05T10:00:00+00:00,demo/goods_turnover/2025-01-31/turnover.csv
Санкт-Петербург,"Одежда, обувь и аксессуары",T-S-012,100140725608,T-Shirt #12,350,250,40,3.5,248.0,-,,1.072581,0.306452,266,76,2026-01-05T10:00:00+00:00,demo/goods_turnover/2025-01-31/turnover.csv
Москва,"Одежда, обувь и аксессуары",HOO-001,100915290107,Hoodie #1,350,250,40,3.5,566.857143,-,,0.395161,0.112903,224,64,2026-01-05T10:00:00+00:00,demo/goods_turnover/2025-01-31/turnover.csv
Санкт-Петербург,"Одежда, обувь и аксессуары",HOO-001,100915290107,Hoodie #1,350,250,40,3.5,735.142857,-,,0.395161,0.112903,290,83,2026-01-05T10:00:00+00:00,demo/goods_turnover/2025-01-31/turnover.csv
Москва,"Одежда, обувь и аксессуары",HOO-002,100944886337,Hoodie #2,350,250,40,3.5,2976.0,-,,0.112903,0.032258,336,96,2026-01-05T10:00:00+00:00,demo/goods_turnover/2025-01-31/turnover.csv
Санкт-Петербург,"Одежда, обувь и аксессуары",HOO-002,100944886337,Hoodie #2,350,250,40,3.5,1643.0,-,,0.112903,0.032258,186,53,2026-01-05T10:00:00+00:00,demo/goods_turnover/2025-01-31/turnover.csv
Москва,"Одежда, обувь и аксессуары",HOO-003,100632289495,Hoodie #3,350,250,40,3.5,8060.0,-,,0.056452,0.016129,455,130,2026-01-05T10:00:00+00:00,demo/goods_turnover/2025-01-31/turnover.csv
Санкт-Петербург,"Одежда, обувь и аксессуары",HOO-003,100632289495,Hoodie #3,350,250,40,3.5,9300.0,-,,0.056452,0.016129,525,150,2026-01-05T10:00:00+00:00,demo/goods_turnover/2025-01-31/turnover.csv
Москва,"Одежда, обувь и аксессуары",HOO-004,100189397364,Hoodie #4,350,250,40,3.5,2712.5,-,,0.225806,0.064516,612,175,2026-01-05T10:00:00+00:00,demo/goods_turnover/2025-01-31/turnover.csv
Санкт-Петербург,"Одежда, обувь и аксессуары",HOO-004,100189397364,Hoodie #4,350,250,40,3.5,2046.0,-,,0.225806,0.064516,462,132,2026-01-05T10:00:00+00:00,demo/goods_turnover/2025-01-31/turnover.csv
Москва,"Одежда, обувь и аксессуары",HOO-005,100837022690,Hoodie #5,350,250,40,3.5,1844.5,-,,0.225806,0.064516,416,119,2026-01-05T10:00:00+00:00,demo/goods_turnover/2025-01-31/turnover.csv
Санкт-Петербург,"Одежда, обувь и аксессуары",HOO-005,100837022690,Hoodie #5,350,250,40,3.5,2356.0,-,,0.225806,0.064516,532,152,2026-01-05T10:00:00+00:00,demo/goods_turnover/2025-01-31/turnover.csv
Москва,"Одежда, обувь и аксессуары",HOO-006,100833949272,Hoodie #6,350,250,40,3.5,1725.666667,-,,0.33871,0.096774,584,167,2026-01-05T10:00:00+00:00,demo/goods_turnover/2025-01-31/turnover.csv
Санкт-Петербург,"Одежда, обувь и аксессуары",HOO-006,100833949272,Hoodie #6,350,250,40,3.5,620.0,-,,0.33871,0.096774,210,60,2026-01-05T10:00:00+00:00,demo/goods_turnover/2025-01-31/turnover.csv
Москва,"Одежда, обувь и аксессуары",HOO-007,100756888782,Hoodie #7,350,250,40,3.5,1232.25,-,,0.451613,0.129032,556,159,2026-01-05T10:00:00+00:00,demo/goods_turnover/2025-01-31/turnover.csv
Санкт-Петербург,"Одежда, обувь и аксессуары",HOO-007,100756888782,Hoodie #7,350,250,40,3.5,899.0,-,,0.451613,0.129032,406,116,2026-01-05T10:00:00+00:00,demo/goods_turnover/2025-01-31/turnover.csv
Москва,"Одежда, обувь и аксессуары",HOO-008,100330810719,Hoodie #8,350,250,40,3.5,936.2,-,,0.564516,0.16129,528,151,2026-01-05T10:00:00+00:00,demo/goods_turnover/2025-01-31/turnover.csv
Санкт-Петербург,"Одежда, обувь и аксессуары",HOO-008,100330810719,Hoodie #8,350,250,40,3.5,892.8,-,,0.564516,0.16129,504,144,2026-01-05T10:00:00+00:00,demo/goods_turnover/2025-01-31/turnover.csv
Москва,"Одежда, обувь и аксессуары",CAP-001,100962765858,Cap #1,350,250,40,3.5,2697.0,-,,0.225806,0.064516,609,174,2026-01-05T10:00:00+00:00,demo/goods_turnover/2025-01-31/turnover.csv
Санкт-Петербург,"Одежда, обувь и аксессуары",CAP-001,100962765858,Cap #1,350,250,40,3.5,1488.0,-,,0.225806,0.064516,336,96,2026-01-05T10:00:00+00:00,demo/goods_turnover/2025-01-31/turnover.csv
Москва,"Одежда, обувь и аксессуары",CAP-002,100966756760,Cap #2,350,250,40,3.5,669.6,-,,0.564516,0.16129,378,108,2026-01-05T10:00:00+00:00,demo/goods_turnover/2025-01-31/turnover.csv
Санкт-Петербург,"Одежда, обувь и аксессуары",CAP-002,100966756760,Cap #2,350,250,40,3.5,706.8,-,,0.564516,0.16129,399,114,2026-01-05T10:00:00+00:00,demo/goods_turnover/2025-01-31/turnover.csv
Москва,"Одежда, обувь и аксессуары",CAP-003,100037577486,Cap #3,350,250,40,3.5,10044.0,-,,0.056452,0.016129,567,162,2026-01-05T10:00:00+00:00,demo/goods_turnover/2025-01-31/turnover.csv
Санкт-Петербург,"Одежда, обувь и аксессуары",CAP-003,100037577486,Cap #3,350,250,40,3.5,6138.0,-,,0.056452,0.016129,346,99,2026-01-05T10:00:00+00:00,demo/goods_turnover/2025-01-31/turnover.csv
Москва,"Одежда, обувь и аксессуары",CAP-004,100623141549,Cap #4,350,250,40,3.5,856.727273,-,,0.620968,0.177419,532,152,2026-01-05T10:00:00+00:00,demo/goods_turnover/2025-01-31/turnover.csv
Санкт-Петербург,"Одежда, обувь и аксессуары",CAP-004,100623141549,Cap #4,350,250,40,3.5,569.272727,-,,0.620968,0.177419,354,101,2026-01-05T10:00:00+00:00,demo/goods_turnover/2025-01-31/turnover.csv
Москва,"Одежда, обувь и аксессуары",CAP-005,100948856891,Cap #5,350,250,40,3.5,581.25,-,,0.451613,0.129032,262,75,2026-01-05T10:00:00+00:00,demo/goods_turnover/2025-01-31/turnover.csv
Санкт-Петербург,"Одежда, обувь и аксессуары",CAP-005,100948856891,Cap #5,350,250,40,3.5,821.5,-,,0.451613,0.129032,371,106,2026-01-05T10:00:00+00:00,demo/goods_turnover/2025-01-31/turnover.csv
Москва,"Одежда, обувь и аксессуары",ACC-001,100287596370,Accessorie #1,350,250,40,3.5,6014.0,-,,0.056452,0.016129,340,97,2026-01-05T10:00:00+00:00,demo/goods_turnover/2025-01-31/turnover.csv
Санкт-Петербург,"Одежда, обувь и аксессуары",ACC-001,100287596370,Accessorie #1,350,250,40,3.5,10230.0,-,,0.056452,0.016129,578,165,2026-01-05T10:00:00+00:00,demo/goods_turnover/2025-01-31/turnover.csv
Москва,"Одежда, обувь и аксессуары",ACC-002,100284654312,Accessorie #2,350,250,40,3.5,537.333333,-,,0.33871,0.096774,182,52,2026-01-05T10:00:00+00:00,demo/goods_turnover/2025-01-31/turnover.csv
Санкт-Петербург,"Одежда, обувь и аксессуары",ACC-002,100284654312,Accessorie #2,350,250,40,3.5,826.666667,-,,0.33871,0.096774,280,80,2026-01-05T10:00:00+00:00,demo/goods_turnover/2025-01-31/turnover.csv
Москва,"Одежда, обувь и аксессуары",ACC-003,100280958590,Accessorie #3,350,250,40,3.5,688.888889,-,,0.508065,0.145161,350,100,2026-01-05T10:00:00+00:00,demo/goods_turnover/2025-01-31/turnover.csv
Санкт-Петербург,"Одежда, обувь и аксессуары",ACC-003,100280958590,Accessorie #3,350,250,40,3.5,1040.222222,-,,0.508065,0.145161,528,151,2026-01-05T10:00:00+00:00,demo/goods_turnover/2025-01-31/turnover.csv
Москва,"Одежда, обувь и аксессуары",ACC-004,100632545757,Accessorie #4,350,250,40,3.5,1457.0,-,,0.33871,0.096774,494,141,2026-01-05T10:00:00+00:00,demo/goods_turnover/2025-01-31/turnover.csv
Санкт-Петербург,"Одежда, обувь и аксессуары",ACC-004,100632545757,Accessorie #4,350,250,40,3.5,1188.333333,-,,0.33871,0.096774,402,115,2026-01-05T10:00:00+00:00,demo/goods_turnover/2025-01-31/turnover.csv
Москва,"Одежда, обувь и аксессуары",ACC-005,100373922635,Accessorie #5,350,250,40,3.5,1508.666667,-,,0.33871,0.096774,511,146,2026-01-05T10:00:00+00:00,demo/goods_turnover/2025-01-31/turnover.csv
Санкт-Петербург,"Одежда, обувь и аксессуары",ACC-005,100373922635,Accessorie #5,350,250,40,3.5,1653.333333,-,,0.33871,0.096774,560,160,2026-01-05T10:00:00+00:00,demo/goods_turnover/2025-01-31/turnover.csv
Москва,"Одежда, обувь и аксессуары",T-S-001,100994134931,T-Shirt #1,350,250,40,3.5,1309.0,-,,0.5,0.142857,654,187,2026-01-05T10:00:00+00:00,demo/goods_turnover/2025-02-28/turnover.csv
Санкт-Петербург,"Одежда, обувь и аксессуары",T-S-001,100994134931,T-Shirt #1,350,250,40,3.5,861.0,-,,0.5,0.142857,430,123,2026-01-05T10:00:00+00:00,demo/goods_turnover/2025-02-28/turnover.csv
Москва,"Одежда, обувь и аксессуары",T-S-002,100023731241,T-Shirt #2,350,250,40,3.5,715.076923,-,,0.8125,0.232143,581,166,2026-01-05T10:00:00+00:00,demo/goods_turnover/2025-02-28/turnover.csv
Санкт-Петербург,"Одежда, обувь и аксессуары",T-S-002,100023731241,T-Shirt #2,350,250,40,3.5,650.461538,-,,0.8125,0.232143,528,151,2026-01-05T10:00:00+00:00,demo/goods_turnover/2025-02-28/turnover.csv
Москва,"Одежда, обувь и аксессуары",T-S-003,100563929279,T-Shirt #3,350,250,40,3.5,4293.333333,-,,0.1875,0.053571,805,230,2026-01-05T10:00:00+00:00,demo/goods_turnover/2025-02-28/turnover.csv
Санкт-Петербург,"Одежда, обувь и аксессуары",T-S-003,100563929279,T-Shirt #3,350,250,40,3.5,4125.333333,-,,0.1875,0.053571,774,221,2026-01-05T10:00:00+00:00,demo/goods_turnover/2025-02-28/turnover.csv
Москва,"Одежда, обувь и аксессуары",T-S-004,100112648476,T-Shirt #4,350,250,40,3.5,7672.0,-,,0.0625,0.017857,480,137,2026-01-05T10:00:00+00:00,demo/goods_turnover/2025-02-28/turnover.csv
Санкт-Петербург,"Одежда, обувь и аксессуары",T-S-004,100112648476,T-Shirt #4,350,250,40,3.5,5152.0,-,,0.0625,0.017857,322,92,2026-01-05T10:00:00+00:00,demo/goods_turnover/2025-02-28/turnover.csv
Москва,"Одежда, обувь и аксессуары",T-S-005,100907478922,T-Shirt #5,350,250,40,3.5,5740.0,-,,0.125,0.035714,718,205,2026-01-05T10:00:00+00:00,demo/goods_turnover/2025-02-28/turnover.csv
Санкт-Петербург,"Одежда, обувь и аксессуары",T-S-005,100907478922,T-Shirt #5,350,250,40,3.5,6692.0,-,,0.125,0.035714,836,239,2026-01-05T10:00:00+00:00,demo/goods_turnover/2025-02-28/turnover.csv
Москва,"Одежда, обувь и аксессуары",T-S-006,100904405552,T-Shirt #6,350,250,40,3.5,2296.0,-,,0.25,0.071429,574,164,2026-01-05T10:00:00+00:00,demo/goods_turnover/2025-02-28/turnover.csv
Санкт-Петербург,"Одежда, обувь и аксессуары",T-S-006,100904405552,T-Shirt #6,350,250,40,3.5,1974.0,-,,0.25,0.071429,494,141,2026-01-05T10:00:00+00:00,demo/goods_turnover/2025-02-28/turnover.csv
Москва,"Одежда, обувь и аксессуары",T-S-007,100680139942,T-Shirt #7,350,250,40,3.5,901.6,-,,0.625,0.178571,564,161,2026-01-05T10:00:00+00:00,demo/goods_turnover/2025-02-28/turnover.csv
Санкт-Петербург,"Одежда, обувь и аксессуары",T-S-007,100680139942,T-Shirt #7,350,250,40,3.5,890.4,-,,0.625,0.178571,556,159,2026-01-05T10:00:00+00:00,demo/goods_turnover/2025-02-28/turnover.csv
Москва,"Одежда, обувь и аксессуары",T-S-008,100251702583,T-Shirt #8,350,250,40,3.5,914.666667,-,,0.9375,0.267857,858,245,2026-01-05T10:00:00+00:00,demo/goods_turnover/2025-02-28/turnover.csv
Санкт-Петербург,"Одежда, обувь и аксессуары",T-S-008,100251702583,T-Shirt #8,350,250,40,3.5,657.066667,-,,0.9375,0.267857,616,176,2026-01-05T10:00:00+00:00,demo/goods_turnover/2025-02-28/turnover.csv
Москва,"Одежда, обувь и аксессуары",T-S-009,100013765025,T-Shirt #9,350,250,40,3.5,941.818182,-,,0.6875,0.196429,648,185,2026-01-05T10:00:00+00:00,demo/goods_turnover/2025-02-28/turnover.csv
Санкт-Петербург,"Одежда, обувь и аксессуары",T-S-009,100013765025,T-Shirt #9,350,250,40,3.5,778.909091,-,,0.6875,0.196429,536,153,2026-01-05T10:00:00+00:00,demo/goods_turnover/2025-02-28/turnover.csv
Москва,"Одежда, обувь и аксессуары",T-S-010,100415241284,T-Shirt #10,350,250,40,3.5,382.0,-,,1.75,0.5,668,191,2026-01-05T10:00:00+00:00,demo/goods_turnover/2025-02-28/turnover.csv
Санкт-Петербург,"Одежда, обувь и аксессуары",T-S-010,100415241284,T-Shirt #10,350,250,40,3.5,244.0,-,,1.75,0.5,427,122,2026-01-05T10:00:00+00:00,demo/goods_turnover/2025-02-28/turnover.csv
Москва,"Одежда, обувь и аксессуары",T-S-011,100875322066,T-Shirt #11,350,250,40,3.5,1344.0,-,,0.5625,0.160714,756,216,2026-01-05T10:00:00+00:00,demo/goods_turnover/2025-02-28/turnover.csv
Санкт-Петербург,"Одежда, обувь и аксессуары",T-S-011,100875322066,T-Shirt #11,350,250,40,3.5,1088.888889,-,,0.5625,0.160714,612,175,2026-01-05T10:00:00+00:00,demo/goods_turnover/2025-02-28/turnover.csv
Москва,"Одежда, обувь и аксессуары",T-S-012,100140725608,T-Shirt #12,350,250,40,3.5,656.444444,-,,1.125,0.321429,738,211,2026-01-05T10:00:00+00:00,demo/goods_turnover/2025-02-28/turnover.csv
Санкт-Петербург,"Одежда, обувь и аксессуары",T-S-012,100140725608,T-Shirt #12,350,250,40,3.5,311.111111,-,,1.125,0.321429,350,100,2026-01-05T10:00:00+00:00,demo/goods_turnover/2025-02-28/turnover.csv
Москва,"Одежда, обувь и аксессуары",HOO-001,100915290107,Hoodie #1,350,250,40,3.5,703.111111,-,,0.5625,0.160714,396,113,2026-01-05T10:00:00+00:00,demo/goods_turnover/2025-02-28/turnover.csv
Санкт-Петербург,"Одежда, обувь и аксессуары",HOO-001,100915290107,Hoodie #1,350,250,40,3.5,759.111111,-,,0.5625,0.160714,427,122,2026-01-05T10:00:00+00:00,demo/goods_turnover/2025-02-28/turnover.csv
Москва,"Одежда, обувь и аксессуары",HOO-002,100944886337,Hoodie #2,350,250,40,3.5,2968.0,-,,0.1875,0.053571,556,159,2026-01-05T10:00:00+00:00,demo/goods_turnover/2025-02-28/turnover.csv
Санкт-Петербург,"Одежда, обувь и аксессуары",HOO-002,100944886337,Hoodie #2,350,250,40,3.5,2202.666667,-,,0.1875,0.053571,413,118,2026-01-05T10:00:00+00:00,demo/goods_turnover/2025-02-28/turnover.csv
Москва,"Одежда, обувь и аксессуары",HOO-003,100632289495,Hoodie #3,350,250,40,3.5,2262.4,-,,0.3125,0.089286,707,202,2026-01-05T10:00:00+00:00,demo/goods_turnover/2025-02-28/turnover.csv
Санкт-Петербург,"Одежда, обувь и аксессуары",HOO-003,100632289495,Hoodie #3,350,250,40,3.5,2195.2,-,,0.3125,0.089286,686,196,2026-01-05T10:00:00+00:00,demo/goods_turnover/2025-02-28/turnover.csv
Москва,"Одежда, обувь и аксессуары",HOO-004,100189397364,Hoodie #4,350,250,40,3.5,854.933333,-,,0.9375,0.267857,802,229,2026-01-05T10:00:00+00:00,demo/goods_turnover/2025-02-28/turnover.csv
Санкт-Петербург,"Одежда, обувь и аксессуары",HOO-004,100189397364,Hoodie #4,350,250,40,3.5,713.066667,-,,0.9375,0.267857,668,191,2026-01-05T10:00:00+00:00,demo/goods_turnover/2025-02-28/turnover.csv
Москва,"Одежда, обувь и аксессуары",HOO-005,100837022690,Hoodie #5,350,250,40,3.5,4144.0,-,,0.125,0.035714,518,148,2026-01-05T10:00:00+00:00,demo/goods_turnover/2025-02-28/turnover.csv
Санкт-Петербург,"Одежда, обувь и аксессуары",HOO-005,100837022690,Hoodie #5,350,250,40,3.5,5852.0,-,,0.125,0.035714,732,209,2026-01-05T10:00:00+00:00,demo/goods_turnover/2025-02-28/turnover.csv
Москва,"Одежда, обувь и аксессуары",HOO-006,100833949272,Hoodie #6,350,250,40,3.5,2814.0,-,,0.25,0.071429,704,201,2026-01-05T10:00:00+00:00,demo/goods_turnover/2025-02-28/turnover.csv
Санкт-Петербург,"Одежда, обувь и аксессуары",HOO-006,100833949272,Hoodie #6,350,250,40,3.5,1596.0,-,,0.25,0.071429,399,114,2026-01-05T10:00:00+00:00,demo/goods_turnover/2025-02-28/turnover.csv
Москва,"Одежда, обувь и аксессуары",HOO-007,100756888782,Hoodie #7,350,250,40,3.5,1386.0,-,,0.5,0.142857,693,198,2026-01-05T10:00:00+00:00,demo/goods_turnover/2025-02-28/turnover.csv
Санкт-Петербург,"Одежда, обувь и аксессуары",HOO-007,100756888782,Hoodie #7,350,250,40,3.5,1323.0,-,,0.5,0.142857,662,189,2026-01-05T10:00:00+00:00,demo/goods_turnover/2025-02-28/turnover.csv
Москва,"Одежда, обувь и аксессуары",HOO-008,100330810719,Hoodie #8,350,250,40,3.5,1246.0,-,,0.5,0.142857,623,178,2026-01-05T10:00:00+00:00,demo/goods_turnover/2025-02-28/turnover.csv
Санкт-Петербург,"Одежда, обувь и аксессуары",HOO-008,100330810719,Hoodie #8,350,250,40,3.5,1218.0,-,,0.5,0.142857,609,174,2026-01-05T10:00:00+00:00,demo/goods_turnover/2025-02-28/turnover.csv
Москва,"Одежда, обувь и аксессуары",CAP-001,100962765858,Cap #1,350,250,40,3.5,2324.0,-,,0.375,0.107143,872,249,2026-01-05T10:00:00+00:00,demo/goods_turnover/2025-02-28/turnover.csv
Санкт-Петербург,"Одежда, обувь и аксессуары",CAP-001,100962765858,Cap #1,350,250,40,3.5,1297.333333,-,,0.375,0.107143,486,139,2026-01-05T10:00:00+00:00,demo/goods_turnover/2025-02-28/turnover.csv
Москва,"Одежда, обувь и аксессуары",CAP-002,100966756760,Cap #2,350,250,40,3.5,1281.0,-,,0.5,0.142857,640,183,2026-01-05T10:00:00+00:00,demo/goods_turnover/2025-02-28/turnover.csv
Санкт-Петербург,"Одежда, обувь и аксессуары",CAP-002,100966756760,Cap #2,350,250,40,3.5,1267.0,-,,0.5,0.142857,634,181,2026-01-05T10:00:00+00:00,demo/goods_turnover/2025-02-28/turnover.csv
Москва,"Одежда, обувь и аксессуары",CAP-003,100037577486,Cap #3,350,250,40,3.5,2940.0,-,,0.25,0.071429,735,210,2026-01-05T10:00:00+00:00,demo/goods_turnover/2025-02-28/turnover.csv
Санкт-Петербург,"Одежда, обувь и аксессуары",CAP-003,100037577486,Cap #3,350,250,40,3.5,2142.0,-,,0.25,0.071429,536,153,2026-01-05T10:00:00+00:00,demo/goods_turnover/2025-02-28/turnover.csv
Москва,"Одежда, обувь и аксессуары",CAP-004,100623141549,Cap #4,350,250,40,3.5,1130.181818,-,,0.6875,0.196429,777,222,2026-01-05T10:00:00+00:00,demo/goods_turnover/2025-02-28/turnover.csv
Санкт-Петербург,"Одежда, обувь и аксессуары",CAP-004,100623141549,Cap #4,350,250,40,3.5,865.454545,-,,0.6875,0.196429,595,170,2026-01-05T10:00:00+00:00,demo/goods_turnover/2025-02-28/turnover.csv
Москва,"Одежда, обувь и аксессуары",CAP-005,100948856891,Cap #5,350,250,40,3.5,493.5,-,,1.0,0.285714,494,141,2026-01-05T10:00:00+00:00,demo/goods_turnover/2025-02-28/turnover.csv
Санкт-Петербург,"Одежда, обувь и аксессуары",CAP-005,100948856891,Cap #5,350,250,40,3.5,623.0,-,,1.0,0.285714,623,178,2026-01-05T10:00:00+00:00,demo/goods_turnover/2025-02-28/turnover.csv
Москва,"Одежда, обувь и аксессуары",ACC-001,100287596370,Accessorie #1,350,250,40,3.5,Нет продаж,-,,0.0,0.0,476,136,2026-01-05T10:00:00+00:00,demo/goods_turnover/2025-02-28/turnover.csv
Санкт-Петербург,"Одежда, обувь и аксессуары",ACC-001,100287596370,Accessorie #1,350,250,40,3.5,Нет продаж,-,,0.0,0.0,780,223,2026-01-05T10:00:00+00:00,demo/goods_turnover/2025-02-28/turnover.csv
Москва,"Одежда, обувь и аксессуары",ACC-002,100284654312,Accessorie #2,350,250,40,3.5,2828.0,-,,0.125,0.035714,354,101,2026-01-05T10:00:00+00:00,demo/goods_turnover/2025-02-28/turnover.csv
Санкт-Петербург,"Одежда, обувь и аксессуары",ACC-002,100284654312,Accessorie #2,350,250,40,3.5,3080.0,-,,0.125,0.035714,385,110,2026-01-05T10:00:00+00:00,demo/goods_turnover/2025-02-28/turnover.csv
Москва,"Одежда, обувь и аксессуары",ACC-003,100280958590,Accessorie #3,350,250,40,3.5,852.444444,-,,0.5625,0.160714,480,137,2026-01-05T10:00:00+00:00,demo/goods_turnover/2025-02-28/turnover.csv
Санкт-Петербург,"Одежда, обувь и аксессуары",ACC-003,100280958590,Accessorie #3,350,250,40,3.5,1157.333333,-,,0.5625,0.160714,651,186,2026-01-05T10:00:00+00:00,demo/goods_turnover/2025-02-28/turnover.csv
Москва,"Одежда, обувь и аксессуары",ACC-004,100632545757,Accessorie #4,350,250,40,3.5,1170.4,-,,0.625,0.178571,732,209,2026-01-05T10:00:00+00:00,demo/goods_turnover/2025-02-28/turnover.csv
Санкт-Петербург,"Одежда, обувь и аксессуары",ACC-004,100632545757,Accessorie #4,350,250,40,3.5,1058.4,-,,0.625,0.178571,662,189,2026-01-05T10:00:00+00:00,demo/goods_turnover/2025-02-28/turnover.csv
Москва,"Одежда, обувь и аксессуары",ACC-005,100373922635,Accessorie #5,350,250,40,3.5,3696.0,-,,0.1875,0.053571,693,198,2026-01-05T10:00:00+00:00,demo/goods_turnover/2025-02-28/turnover.csv
Санкт-Петербург,"Одежда, обувь и аксессуары",ACC-005,100373922635,Accessorie #5,350,250,40,3.5,3864.0,-,,0.1875,0.053571,724,207,2026-01-05T10:00:00+00:00,demo/goods_turnover/2025-02-28/turnover.csv
Москва,"Одежда, обувь и аксессуары",T-S-001,100994134931,T-Shirt #1,350,250,40,3.5,2387.0,-,,0.33871,0.096774,808,231,2026-01-05T10:00:00+00:00,demo/goods_turnover/2025-03-31/turnover.csv
Санкт-Петербург,"Одежда, обувь и аксессуары",T-S-001,100994134931,T-Shirt #1,350,250,40,3.5,1746.333333,-,,0.33871,0.096774,592,169,2026-01-05T10:00:00+00:00,demo/goods_turnover/2025-03-31/turnover.csv
Москва,"Одежда, обувь и аксессуары",T-S-002,100023731241,T-Shirt #2,350,250,40,3.5,448.965517,-,,1.637097,0.467742,735,210,2026-01-05T10:00:00+00:00,demo/goods_turnover/2025-03-31/turnover.csv
Санкт-Петербург,"Одежда, обувь и аксессуары",T-S-002,100023731241,T-Shirt #2,350,250,40,3.5,434.0,-,,1.637097,0.467742,710,203,2026-01-05T10:00:00+00:00,demo/goods_turnover/2025-03-31/turnover.csv
Москва,"Одежда, обувь и аксессуары",T-S-003,100563929279,T-Shirt #3,350,250,40,3.5,4340.0,-,,0.225806,0.064516,980,280,2026-01-05T10:00:00+00:00,demo/goods_turnover/2025-03-31/turnover.csv
Санкт-Петербург,"Одежда, обувь и аксессуары",T-S-003,100563929279,T-Shirt #3,350,250,40,3.5,4417.5,-,,0.225806,0.064516,998,285,2026-01-05T10:00:00+00:00,demo/goods_turnover/2025-03-31/turnover.csv
Москва,"Одежда, обувь и аксессуары",T-S-004,100112648476,T-Shirt #4,350,250,40,3.5,1078.8,-,,0.564516,0.16129,609,174,2026-01-05T10:00:00+00:00,demo/goods_turnover/2025-03-31/turnover.csv
Санкт-Петербург,"Одежда, обувь и аксессуары",T-S-004,100112648476,T-Shirt #4,350,250,40,3.5,806.0,-,,0.564516,0.16129,455,130,2026-01-05T10:00:00+00:00,demo/goods_turnover/2025-03-31/turnover.csv
Москва,"Одежда, обувь и аксессуары",T-S-005,100907478922,T-Shirt #5,350,250,40,3.5,1928.888889,-,,0.508065,0.145161,980,280,2026-01-05T10:00:00+00:00,demo/goods_turnover/2025-03-31/turnover.csv
Санкт-Петербург,"Одежда, обувь и аксессуары",T-S-005,100907478922,T-Shirt #5,350,250,40,3.5,1880.666667,-,,0.508065,0.145161,956,273,2026-01-05T10:00:00+00:00,demo/goods_turnover/2025-03-31/turnover.csv
Москва,"Одежда, обувь и аксессуары",T-S-006,100904405552,T-Shirt #6,350,250,40,3.5,1618.888889,-,,0.508065,0.145161,822,235,2026-01-05T10:00:00+00:00,demo/goods_turnover/2025-03-31/turnover.csv
Санкт-Петербург,"Одежда, обувь и аксессуары",T-S-006,100904405552,T-Shirt #6,350,250,40,3.5,1308.888889,-,,0.508065,0.145161,665,190,2026-01-05T10:00:00+00:00,demo/goods_turnover/2025-03-31/turnover.csv
Москва,"Одежда, обувь и аксессуары",T-S-007,100680139942,T-Shirt #7,350,250,40,3.5,744.0,-,,0.959677,0.274194,714,204,2026-01-05T10:00:00+00:00,demo/goods_turnover/2025-03-31/turnover.csv
Санкт-Петербург,"Одежда, обувь и аксессуары",T-S-007,100680139942,T-Shirt #7,350,250,40,3.5,831.529412,-,,0.959677,0.274194,798,228,2026-01-05T10:00:00+00:00,demo/goods_turnover/2025-03-31/turnover.csv
Москва,"Одежда, обувь и аксессуары",T-S-008,100251702583,T-Shirt #8,350,250,40,3.5,843.2,-,,1.129032,0.322581,952,272,2026-01-05T10:00:00+00:00,demo/goods_turnover/2025-03-31/turnover.csv
Санкт-Петербург,"Одежда, обувь и аксессуары",T-S-008,100251702583,T-Shirt #8,350,250,40,3.5,734.7,-,,1.129032,0.322581,830,237,2026-01-05T10:00:00+00:00,demo/goods_turnover/2025-03-31/turnover.csv
Москва,"Одежда, обувь и аксессуары",T-S-009,100013765025,T-Shirt #9,350,250,40,3.5,795.666667,-,,1.016129,0.290323,808,231,2026-01-05T10:00:00+00:00,demo/goods_turnover/2025-03-31/turnover.csv
Санкт-Петербург,"Одежда, обувь и аксессуары",T-S-009,100013765025,T-Shirt #9,350,250,40,3.5,706.111111,-,,1.016129,0.290323,718,205,2026-01-05T10:00:00+00:00,demo/goods_turnover/2025-03-31/turnover.csv
Москва,"Одежда, обувь и аксессуары",T-S-010,100415241284,T-Shirt #10,350,250,40,3.5,343.268293,-,,2.314516,0.66129,794,227,2026-01-05T10:00:00+00:00,demo/goods_turnover/2025-03-31/turnover.csv
Санкт-Петербург,"Одежда, обувь и аксессуары",T-S-010,100415241284,T-Shirt #10,350,250,40,3.5,252.536585,-,,2.314516,0.66129,584,167,2026-01-05T10:00:00+00:00,demo/goods_turnover/2025-03-31/turnover.csv
Москва,"Одежда, обувь и аксессуары",T-S-011,100875322066,T-Shirt #11,350,250,40,3.5,930.0,-,,0.959677,0.274194,892,255,2026-01-05T10:00:00+00:00,demo/goods_turnover/2025-03-31/turnover.csv
Санкт-Петербург,"Одежда, обувь и аксессуары",T-S-011,100875322066,T-Shirt #11,350,250,40,3.5,784.117647,-,,0.959677,0.274194,752,215,2026-01-05T10:00:00+00:00,demo/goods_turnover/2025-03-31/turnover.csv
Москва,"Одежда, обувь и аксессуары",T-S-012,100140725608,T-Shirt #12,350,250,40,3.5,514.787879,-,,1.862903,0.532258,959,274,2026-01-05T10:00:00+00:00,demo/goods_turnover/2025-03-31/turnover.csv
Санкт-Петербург,"Одежда, обувь и аксессуары",T-S-012,100140725608,T-Shirt #12,350,250,40,3.5,285.575758,-,,1.862903,0.532258,532,152,2026-01-05T10:00:00+00:00,demo/goods_turnover/2025-03-31/turnover.csv
Москва,"Одежда, обувь и аксессуары",HOO-001,100915290107,Hoodie #1,350,250,40,3.5,1464.75,-,,0.451613,0.129032,662,189,2026-01-05T10:00:00+00:00,demo/goods_turnover/2025-03-31/turnover.csv
Санкт-Петербург,"Одежда, обувь и аксессуары",HOO-001,100915290107,Hoodie #1,350,250,40,3.5,1340.75,-,,0.451613,0.129032,606,173,2026-01-05T10:00:00+00:00,demo/goods_turnover/2025-03-31/turnover.csv
Москва,"Одежда, обувь и аксессуары",HOO-002,100944886337,Hoodie #2,350,250,40,3.5,1904.285714,-,,0.395161,0.112903,752,215,2026-01-05T10:00:00+00:00,demo/goods_turnover/2025-03-31/turnover.csv
Санкт-Петербург,"Одежда, обувь и аксессуары",HOO-002,100944886337,Hoodie #2,350,250,40,3.5,1452.571429,-,,0.395161,0.112903,574,164,2026-01-05T10:00:00+00:00,demo/goods_turnover/2025-03-31/turnover.csv
Москва,"Одежда, обувь и аксессуары",HOO-003,100632289495,Hoodie #3,350,250,40,3.5,1512.8,-,,0.564516,0.16129,854,244,2026-01-05T10:00:00+00:00,demo/goods_turnover/2025-03-31/turnover.csv
Санкт-Петербург,"Одежда, обувь и аксессуары",HOO-003,100632289495,Hoodie #3,350,250,40,3.5,1655.4,-,,0.564516,0.16129,934,267,2026-01-05T10:00:00+00:00,demo/goods_turnover/2025-03-31/turnover.csv
Москва,"Одежда, обувь и аксессуары",HOO-004,100189397364,Hoodie #4,350,250,40,3.5,1271.0,-,,0.790323,0.225806,1004,287,2026-01-05T10:00:00+00:00,demo/goods_turnover/2025-03-31/turnover.csv
Санкт-Петербург,"Одежда, обувь и аксессуары",HOO-004,100189397364,Hoodie #4,350,250,40,3.5,1071.714286,-,,0.790323,0.225806,847,242,2026-01-05T10:00:00+00:00,demo/goods_turnover/2025-03-31/turnover.csv
Москва,"Одежда, обувь и аксессуары",HOO-005,100837022690,Hoodie #5,350,250,40,3.5,1058.769231,-,,0.733871,0.209677,777,222,2026-01-05T10:00:00+00:00,demo/goods_turnover/2025-03-31/turnover.csv
Санкт-Петербург,"Одежда, обувь и аксессуары",HOO-005,100837022690,Hoodie #5,350,250,40,3.5,1244.769231,-,,0.733871,0.209677,914,261,2026-01-05T10:00:00+00:00,demo/goods_turnover/2025-03-31/turnover.csv
Москва,"Одежда, обувь и аксессуары",HOO-006,100833949272,Hoodie #6,350,250,40,3.5,3658.0,-,,0.225806,0.064516,826,236,2026-01-05T10:00:00+00:00,demo/goods_turnover/2025-03-31/turnover.csv
Санкт-Петербург,"Одежда, обувь и аксессуары",HOO-006,100833949272,Hoodie #6,350,250,40,3.5,2371.5,-,,0.225806,0.064516,536,153,2026-01-05T10:00:00+00:00,demo/goods_turnover/2025-03-31/turnover.csv
Москва,"Одежда, обувь и аксессуары",HOO-007,100756888782,Hoodie #7,350,250,40,3.5,711.652174,-,,1.298387,0.370968,924,264,2026-01-05T10:00:00+00:00,demo/goods_turnover/2025-03-31/turnover.csv
Санкт-Петербург,"Одежда, обувь и аксессуары",HOO-007,100756888782,Hoodie #7,350,250,40,3.5,601.130435,-,,1.298387,0.370968,780,223,2026-01-05T10:00:00+00:00,demo/goods_turnover/2025-03-31/turnover.csv
Москва,"Одежда, обувь и аксессуары",HOO-008,100330810719,Hoodie #8,350,250,40,3.5,1130.307692,-,,0.733871,0.209677,830,237,2026-01-05T10:00:00+00:00,demo/goods_turnover/2025-03-31/turnover.csv
Санкт-Петербург,"Одежда, обувь и аксессуары",HOO-008,100330810719,Hoodie #8,350,250,40,3.5,987.230769,-,,0.733871,0.209677,724,207,2026-01-05T10:00:00+00:00,demo/goods_turnover/2025-03-31/turnover.csv
Москва,"Одежда, обувь и аксессуары",CAP-001,100962765858,Cap #1,350,250,40,3.5,1040.222222,-,,1.016129,0.290323,1057,302,2026-01-05T10:00:00+00:00,demo/goods_turnover/2025-03-31/turnover.csv
Санкт-Петербург,"Одежда, обувь и аксессуары",CAP-001,100962765858,Cap #1,350,250,40,3.5,613.111111,-,,1.016129,0.290323,623,178,2026-01-05T10:00:00+00:00,demo/goods_turnover/2025-03-31/turnover.csv
Москва,"Одежда, обувь и аксессуары",CAP-002,100966756760,Cap #2,350,250,40,3.5,724.272727,-,,1.241935,0.354839,900,257,2026-01-05T10:00:00+00:00,demo/goods_turnover/2025-03-31/turnover.csv
Санкт-Петербург,"Одежда, обувь и аксессуары",CAP-002,100966756760,Cap #2,350,250,40,3.5,653.818182,-,,1.241935,0.354839,812,232,2026-01-05T10:00:00+00:00,demo/goods_turnover/2025-03-31/turnover.csv
Москва,"Одежда, обувь и аксессуары",CAP-003,100037577486,Cap #3,350,250,40,3.5,4076.5,-,,0.225806,0.064516,920,263,2026-01-05T10:00:00+00:00,demo/goods_turnover/2025-03-31/turnover.csv
Санкт-Петербург,"Одежда, обувь и аксессуары",CAP-003,100037577486,Cap #3,350,250,40,3.5,2867.5,-,,0.225806,0.064516,648,185,2026-01-05T10:00:00+00:00,demo/goods_turnover/2025-03-31/turnover.csv
Москва,"Одежда, обувь и аксессуары",CAP-004,100623141549,Cap #4,350,250,40,3.5,764.666667,-,,1.354839,0.387097,1036,296,2026-01-05T10:00:00+00:00,demo/goods_turnover/2025-03-31/turnover.csv
Санкт-Петербург,"Одежда, обувь и аксессуары",CAP-004,100623141549,Cap #4,350,250,40,3.5,565.75,-,,1.354839,0.387097,766,219,2026-01-05T10:00:00+00:00,demo/goods_turnover/2025-03-31/turnover.csv
Москва,"Одежда, обувь и аксессуары",CAP-005,100948856891,Cap #5,350,250,40,3.5,1274.444444,-,,0.508065,0.145161,648,185,2026-01-05T10:00:00+00:00,demo/goods_turnover/2025-03-31/turnover.csv
Санкт-Петербург,"Одежда, обувь и аксессуары",CAP-005,100948856891,Cap #5,350,250,40,3.5,1584.444444,-,,0.508065,0.145161,805,230,2026-01-05T10:00:00+00:00,demo/goods_turnover/2025-03-31/turnover.csv
Москва,"Одежда, обувь и аксессуары",ACC-001,100287596370,Accessorie #1,350,250,40,3.5,Нет продаж,-,,0.0,0.0,732,209,2026-01-05T10:00:00+00:00,demo/goods_turnover/2025-03-31/turnover.csv
Санкт-Петербург,"Одежда, обувь и аксессуары",ACC-001,100287596370,Accessorie #1,350,250,40,3.5,Нет продаж,-,,0.0,0.0,987,282,2026-01-05T10:00:00+00:00,demo/goods_turnover/2025-03-31/turnover.csv
Москва,"Одежда, обувь и аксессуары",ACC-002,100284654312,Accessorie #2,350,250,40,3.5,666.5,-,,0.677419,0.193548,452,129,2026-01-05T10:00:00+00:00,demo/goods_turnover/2025-03-31/turnover.csv
Санкт-Петербург,"Одежда, обувь и аксессуары",ACC-002,100284654312,Accessorie #2,350,250,40,3.5,904.166667,-,,0.677419,0.193548,612,175,2026-01-05T10:00:00+00:00,demo/goods_turnover/2025-03-31/turnover.csv
Москва,"Одежда, обувь и аксессуары",ACC-003,100280958590,Accessorie #3,350,250,40,3.5,1109.8,-,,0.564516,0.16129,626,179,2026-01-05T10:00:00+00:00,demo/goods_turnover/2025-03-31/turnover.csv
Санкт-Петербург,"Одежда, обувь и аксессуары",ACC-003,100280958590,Accessorie #3,350,250,40,3.5,1624.4,-,,0.564516,0.16129,917,262,2026-01-05T10:00:00+00:00,demo/goods_turnover/2025-03-31/turnover.csv
Москва,"Одежда, обувь и аксессуары",ACC-004,100632545757,Accessorie #4,350,250,40,3.5,1476.727273,-,,0.620968,0.177419,917,262,2026-01-05T10:00:00+00:00,demo/goods_turnover/2025-03-31/turnover.csv
Санкт-Петербург,"Одежда, обувь и аксессуары",ACC-004,100632545757,Accessorie #4,350,250,40,3.5,1442.909091,-,,0.620968,0.177419,896,256,2026-01-05T10:00:00+00:00,demo/goods_turnover/2025-03-31/turnover.csv
Москва,"Одежда, обувь и аксессуары",ACC-005,100373922635,Accessorie #5,350,250,40,3.5,5621.333333,-,,0.169355,0.048387,952,272,2026-01-05T10:00:00+00:00,demo/goods_turnover/2025-03-31/turnover.csv
Санкт-Петербург,"Одежда, обувь и аксессуары",ACC-005,100373922635,Accessorie #5,350,250,40,3.5,5580.0,-,,0.169355,0.048387,945,270,2026-01-05T10:00:00+00:00,demo/goods_turnover/2025-03-31/turnover.csv
Москва,"Одежда, обувь и аксессуары",T-S-001,100994134931,T-Shirt #1,350,250,40,3.5,5720.0,-,,0.175,0.05,1001,286,2026-01-05T10:00:00+00:00,demo/goods_turnover/2025-04-30/turnover.csv
Санкт-Петербург,"Одежда, обувь и аксессуары",T-S-001,100994134931,T-Shirt #1,350,250,40,3.5,4040.0,-,,0.175,0.05,707,202,2026-01-05T10:00:00+00:00,demo/goods_turnover/2025-04-30/turnover.csv
Москва,"Одежда, обувь и аксессуары",T-S-002,100023731241,T-Shirt #2,350,250,40,3.5,533.571429,-,,1.633333,0.466667,872,249,2026-01-05T10:00:00+00:00,demo/goods_turnover/2025-04-30/turnover.csv
Санкт-Петербург,"Одежда, обувь и аксессуары",T-S-002,100023731241,T-Shirt #2,350,250,40,3.5,542.142857,-,,1.633333,0.466667,886,253,2026-01-05T10:00:00+00:00,demo/goods_turnover/2025-04-30/turnover.csv
Москва,"Одежда, обувь и аксессуары",T-S-003,100563929279,T-Shirt #3,350,250,40,3.5,1710.0,-,,0.7,0.2,1197,342,2026-01-05T10:00:00+00:00,demo/goods_turnover/2025-04-30/turnover.csv
Санкт-Петербург,"Одежда, обувь и аксессуары",T-S-003,100563929279,T-Shirt #3,350,250,40,3.5,1730.0,-,,0.7,0.2,1211,346,2026-01-05T10:00:00+00:00,demo/goods_turnover/2025-04-30/turnover.csv
Москва,"Одежда, обувь и аксессуары",T-S-004,100112648476,T-Shirt #4,350,250,40,3.5,1765.714286,-,,0.408333,0.116667,721,206,2026-01-05T10:00:00+00:00,demo/goods_turnover/2025-04-30/turnover.csv
Санкт-Петербург,"Одежда, обувь и аксессуары",T-S-004,100112648476,T-Shirt #4,350,250,40,3.5,1671.428571,-,,0.408333,0.116667,682,195,2026-01-05T10:00:00+00:00,demo/goods_turnover/2025-04-30/turnover.csv
Москва,"Одежда, обувь и аксессуары",T-S-005,100907478922,T-Shirt #5,350,250,40,3.5,6360.0,-,,0.175,0.05,1113,318,2026-01-05T10:00:00+00:00,demo/goods_turnover/2025-04-30/turnover.csv
Санкт-Петербург,"Одежда, обувь и аксессуары",T-S-005,100907478922,T-Shirt #5,350,250,40,3.5,6580.0,-,,0.175,0.05,1152,329,2026-01-05T10:00:00+00:00,demo/goods_turnover/2025-04-30/turnover.csv
Москва,"Одежда, обувь и аксессуары",T-S-006,100904405552,T-Shirt #6,350,250,40,3.5,3444.0,-,,0.291667,0.083333,1004,287,2026-01-05T10:00:00+00:00,demo/goods_turnover/2025-04-30/turnover.csv
Санкт-Петербург,"Одежда, обувь и аксессуары",T-S-006,100904405552,T-Shirt #6,350,250,40,3.5,2760.0,-,,0.291667,0.083333,805,230,2026-01-05T10:00:00+00:00,demo/goods_turnover/2025-04-30/turnover.csv
Москва,"Одежда, обувь и аксессуары",T-S-007,100680139942,T-Shirt #7,350,250,40,3.5,1467.272727,-,,0.641667,0.183333,942,269,2026-01-05T10:00:00+00:00,demo/goods_turnover/2025-04-30/turnover.csv
Санкт-Петербург,"Одежда, обувь и аксессуары",T-S-007,100680139942,T-Shirt #7,350,250,40,3.5,1461.818182,-,,0.641667,0.183333,938,268,2026-01-05T10:00:00+00:00,demo/goods_turnover/2025-04-30/turnover.csv
Москва,"Одежда, обувь и аксессуары",T-S-008,100251702583,T-Shirt #8,350,250,40,3.5,697.777778,-,,1.575,0.45,1099,314,2026-01-05T10:00:00+00:00,demo/goods_turnover/2025-04-30/turnover.csv
Санкт-Петербург,"Одежда, обувь и аксессуары",T-S-008,100251702583,T-Shirt #8,350,250,40,3.5,626.666667,-,,1.575,0.45,987,282,2026-01-05T10:00:00+00:00,demo/goods_turnover/2025-04-30/turnover.csv
Москва,"Одежда, обувь и аксессуары",T-S-009,100013765025,T-Shirt #9,350,250,40,3.5,1168.0,-,,0.875,0.25,1022,292,2026-01-05T10:00:00+00:00,demo/goods_turnover/2025-04-30/turnover.csv
Санкт-Петербург,"Одежда, обувь и аксессуары",T-S-009,100013765025,T-Shirt #9,350,250,40,3.5,1016.0,-,,0.875,0.25,889,254,2026-01-05T10:00:00+00:00,demo/goods_turnover/2025-04-30/turnover.csv
Москва,"Одежда, обувь и аксессуары",T-S-010,100415241284,T-Shirt #10,350,250,40,3.5,316.470588,-,,2.975,0.85,942,269,2026-01-05T10:00:00+00:00,demo/goods_turnover/2025-04-30/turnover.csv
Санкт-Петербург,"Одежда, обувь и аксессуары",T-S-010,100415241284,T-Shirt #10,350,250,40,3.5,255.294118,-,,2.975,0.85,760,217,2026-01-05T10:00:00+00:00,demo/goods_turnover/2025-04-30/turnover.csv
Москва,"Одежда, обувь и аксессуары",T-S-011,100875322066,T-Shirt #11,350,250,40,3.5,1380.0,-,,0.816667,0.233333,1127,322,2026-01-05T10:00:00+00:00,demo/goods_turnover/2025-04-30/turnover.csv
Санкт-Петербург,"Одежда, обувь и аксессуары",T-S-011,100875322066,T-Shirt #11,350,250,40,3.5,1187.142857,-,,0.816667,0.233333,970,277,2026-01-05T10:00:00+00:00,demo/goods_turnover/2025-04-30/turnover.csv
Москва,"Одежда, обувь и аксессуары",T-S-012,100140725608,T-Shirt #12,350,250,40,3.5,610.0,-,,1.75,0.5,1068,305,2026-01-05T10:00:00+00:00,demo/goods_turnover/2025-04-30/turnover.csv
Санкт-Петербург,"Одежда, обувь и аксессуары",T-S-012,100140725608,T-Shirt #12,350,250,40,3.5,420.0,-,,1.75,0.5,735,210,2026-01-05T10:00:00+00:00,demo/goods_turnover/2025-04-30/turnover.csv
Москва,"Одежда, обувь и аксессуары",HOO-001,100915290107,Hoodie #1,350,250,40,3.5,3390.0,-,,0.233333,0.066667,791,226,2026-01-05T10:00:00+00:00,demo/goods_turnover/2025-04-30/turnover.csv
Санкт-Петербург,"Одежда, обувь и аксессуары",HOO-001,100915290107,Hoodie #1,350,250,40,3.5,3660.0,-,,0.233333,0.066667,854,244,2026-01-05T10:00:00+00:00,demo/goods_turnover/2025-04-30/turnover.csv
Москва,"Одежда, обувь и аксессуары",HOO-002,100944886337,Hoodie #2,350,250,40,3.5,5820.0,-,,0.175,0.05,1018,291,2026-01-05T10:00:00+00:00,demo/goods_turnover/2025-04-30/turnover.csv
Санкт-Петербург,"Одежда, обувь и аксессуары",HOO-002,100944886337,Hoodie #2,350,250,40,3.5,4040.0,-,,0.175,0.05,707,202,2026-01-05T10:00:00+00:00,demo/goods_turnover/2025-04-30/turnover.csv
Москва,"Одежда, обувь и аксессуары",HOO-003,100632289495,Hoodie #3,350,250,40,3.5,5520.0,-,,0.175,0.05,966,276,2026-01-05T10:00:00+00:00,demo/goods_turnover/2025-04-30/turnover.csv
Санкт-Петербург,"Одежда, обувь и аксессуары",HOO-003,100632289495,Hoodie #3,350,250,40,3.5,6660.0,-,,0.175,0.05,1166,333,2026-01-05T10:00:00+00:00,demo/goods_turnover/2025-04-30/turnover.csv
Москва,"Одежда, обувь и аксессуары",HOO-004,100189397364,Hoodie #4,350,250,40,3.5,2497.5,-,,0.466667,0.133333,1166,333,2026-01-05T10:00:00+00:00,demo/goods_turnover/2025-04-30/turnover.csv
Санкт-Петербург,"Одежда, обувь и аксессуары",HOO-004,100189397364,Hoodie #4,350,250,40,3.5,2392.5,-,,0.466667,0.133333,1116,319,2026-01-05T10:00:00+00:00,demo/goods_turnover/2025-04-30/turnover.csv
Москва,"Одежда, обувь и аксессуары",HOO-005,100837022690,Hoodie #5,350,250,40,3.5,853.333333,-,,1.05,0.3,896,256,2026-01-05T10:00:00+00:00,demo/goods_turnover/2025-04-30/turnover.csv
Санкт-Петербург,"Одежда, обувь и аксессуары",HOO-005,100837022690,Hoodie #5,350,250,40,3.5,1073.333333,-,,1.05,0.3,1127,322,2026-01-05T10:00:00+00:00,demo/goods_turnover/2025-04-30/turnover.csv
Москва,"Одежда, обувь и аксессуары",HOO-006,100833949272,Hoodie #6,350,250,40,3.5,3636.0,-,,0.291667,0.083333,1060,303,2026-01-05T10:00:00+00:00,demo/goods_turnover/2025-04-30/turnover.csv
Санкт-Петербург,"Одежда, обувь и аксессуары",HOO-006,100833949272,Hoodie #6,350,250,40,3.5,2784.0,-,,0.291667,0.083333,812,232,2026-01-05T10:00:00+00:00,demo/goods_turnover/2025-04-30/turnover.csv
Москва,"Одежда, обувь и аксессуары",HOO-007,100756888782,Hoodie #7,350,250,40,3.5,875.454545,-,,1.283333,0.366667,1124,321,2026-01-05T10:00:00+00:00,demo/goods_turnover/2025-04-30/turnover.csv
Санкт-Петербург,"Одежда, обувь и аксессуары",HOO-007,100756888782,Hoodie #7,350,250,40,3.5,799.090909,-,,1.283333,0.366667,1026,293,2026-01-05T10:00:00+00:00,demo/goods_turnover/2025-04-30/turnover.csv
Москва,"Одежда, обувь и аксессуары",HOO-008,100330810719,Hoodie #8,350,250,40,3.5,1734.0,-,,0.583333,0.166667,1012,289,2026-01-05T10:00:00+00:00,demo/goods_turnover/2025-04-30/turnover.csv
Санкт-Петербург,"Одежда, обувь и аксессуары",HOO-008,100330810719,Hoodie #8,350,250,40,3.5,1620.0,-,,0.583333,0.166667,945,270,2026-01-05T10:00:00+00:00,demo/goods_turnover/2025-04-30/turnover.csv
Москва,"Одежда, обувь и аксессуары",CAP-001,100962765858,Cap #1,350,250,40,3.5,2550.0,-,,0.466667,0.133333,1190,340,2026-01-05T10:00:00+00:00,demo/goods_turnover/2025-04-30/turnover.csv
Санкт-Петербург,"Одежда, обувь и аксессуары",CAP-001,100962765858,Cap #1,350,250,40,3.5,1650.0,-,,0.466667,0.133333,770,220,2026-01-05T10:00:00+00:00,demo/goods_turnover/2025-04-30/turnover.csv
Москва,"Одежда, обувь и аксессуары",CAP-002,100966756760,Cap #2,350,250,40,3.5,462.162162,-,,2.158333,0.616667,998,285,2026-01-05T10:00:00+00:00,demo/goods_turnover/2025-04-30/turnover.csv
Санкт-Петербург,"Одежда, обувь и аксессуары",CAP-002,100966756760,Cap #2,350,250,40,3.5,426.486486,-,,2.158333,0.616667,920,263,2026-01-05T10:00:00+00:00,demo/goods_turnover/2025-04-30/turnover.csv
Москва,"Одежда, обувь и аксессуары",CAP-003,100037577486,Cap #3,350,250,40,3.5,2377.5,-,,0.466667,0.133333,1110,317,2026-01-05T10:00:00+00:00,demo/goods_turnover/2025-04-30/turnover.csv
Санкт-Петербург,"Одежда, обувь и аксессуары",CAP-003,100037577486,Cap #3,350,250,40,3.5,1747.5,-,,0.466667,0.133333,816,233,2026-01-05T10:00:00+00:00,demo/goods_turnover/2025-04-30/turnover.csv
Москва,"Одежда, обувь и аксессуары",CAP-004,100623141549,Cap #4,350,250,40,3.5,791.111111,-,,1.575,0.45,1246,356,2026-01-05T10:00:00+00:00,demo/goods_turnover/2025-04-30/turnover.csv
Санкт-Петербург,"Одежда, обувь и аксессуары",CAP-004,100623141549,Cap #4,350,250,40,3.5,646.666667,-,,1.575,0.45,1018,291,2026-01-05T10:00:00+00:00,demo/goods_turnover/2025-04-30/turnover.csv
Москва,"Одежда, обувь и аксессуары",CAP-005,100948856891,Cap #5,350,250,40,3.5,1153.846154,-,,0.758333,0.216667,875,250,2026-01-05T10:00:00+00:00,demo/goods_turnover/2025-04-30/turnover.csv
Санкт-Петербург,"Одежда, обувь и аксессуары",CAP-005,100948856891,Cap #5,350,250,40,3.5,1343.076923,-,,0.758333,0.216667,1018,291,2026-01-05T10:00:00+00:00,demo/goods_turnover/2025-04-30/turnover.csv
Москва,"Одежда, обувь и аксессуары",ACC-001,100287596370,Accessorie #1,350,250,40,3.5,2940.0,-,,0.291667,0.083333,858,245,2026-01-05T10:00:00+00:00,demo/goods_turnover/2025-04-30/turnover.csv
Санкт-Петербург,"Одежда, обувь и аксессуары",ACC-001,100287596370,Accessorie #1,350,250,40,3.5,4284.0,-,,0.291667,0.083333,1250,357,2026-01-05T10:00:00+00:00,demo/goods_turnover/2025-04-30/turnover.csv
Москва,"Одежда, обувь и аксессуары",ACC-002,100284654312,Accessorie #2,350,250,40,3.5,577.5,-,,0.933333,0.266667,539,154,2026-01-05T10:00:00+00:00,demo/goods_turnover/2025-04-30/turnover.csv
Санкт-Петербург,"Одежда, обувь и аксессуары",ACC-002,100284654312,Accessorie #2,350,250,40,3.5,862.5,-,,0.933333,0.266667,805,230,2026-01-05T10:00:00+00:00,demo/goods_turnover/2025-04-30/turnover.csv
Москва,"Одежда, обувь и аксессуары",ACC-003,100280958590,Accessorie #3,350,250,40,3.5,862.5,-,,0.933333,0.266667,805,230,2026-01-05T10:00:00+00:00,demo/goods_turnover/2025-04-30/turnover.csv
Санкт-Петербург,"Одежда, обувь и аксессуары",ACC-003,100280958590,Accessorie #3,350,250,40,3.5,1177.5,-,,0.933333,0.266667,1099,314,2026-01-05T10:00:00+00:00,demo/goods_turnover/2025-04-30/turnover.csv
Москва,"Одежда, обувь и аксессуары",ACC-004,100632545757,Accessorie #4,350,250,40,3.5,2377.5,-,,0.466667,0.133333,1110,317,2026-01-05T10:00:00+00:00,demo/goods_turnover/2025-04-30/turnover.csv
Санкт-Петербург,"Одежда, обувь и аксессуары",ACC-004,100632545757,Accessorie #4,350,250,40,3.5,2400.0,-,,0.466667,0.133333,1120,320,2026-01-05T10:00:00+00:00,demo/goods_turnover/2025-04-30/turnover.csv
Москва,"Одежда, обувь и аксессуары",ACC-005,100373922635,Accessorie #5,350,250,40,3.5,3912.0,-,,0.291667,0.083333,1141,326,2026-01-05T10:00:00+00:00,demo/goods_turnover/2025-04-30/turnover.csv
Санкт-Петербург,"Одежда, обувь и аксессуары",ACC-005,100373922635,Accessorie #5,350,250,40,3.5,3972.0,-,,0.291667,0.083333,1158,331,2026-01-05T10:00:00+00:00,demo/goods_turnover/2025-04-30/turnover.csv
Москва,"Одежда, обувь и аксессуары",T-S-001,100994134931,T-Shirt #1,350,250,40,3.5,5332.0,-,,0.225806,0.064516,1204,344,2026-01-05T10:00:00+00:00,demo/goods_turnover/2025-05-31/turnover.csv
Санкт-Петербург,"Одежда, обувь и аксессуары",T-S-001,100994134931,T-Shirt #1,350,250,40,3.5,3658.0,-,,0.225806,0.064516,826,236,2026-01-05T10:00:00+00:00,demo/goods_turnover/2025-05-31/turnover.csv
Москва,"Одежда, обувь и аксессуары",T-S-002,100023731241,T-Shirt #2,350,250,40,3.5,1037.684211,-,,1.072581,0.306452,1113,318,2026-01-05T10:00:00+00:00,demo/goods_turnover/2025-05-31/turnover.csv
Санкт-Петербург,"Одежда, обувь и аксессуары",T-S-002,100023731241,T-Shirt #2,350,250,40,3.5,933.263158,-,,1.072581,0.306452,1001,286,2026-01-05T10:00:00+00:00,demo/goods_turnover/2025-05-31/turnover.csv
Москва,"Одежда, обувь и аксессуары",T-S-003,100563929279,T-Shirt #3,350,250,40,3.5,2762.444444,-,,0.508065,0.145161,1404,401,2026-01-05T10:00:00+00:00,demo/goods_turnover/2025-05-31/turnover.csv
Санкт-Петербург,"Одежда, обувь и аксессуары",T-S-003,100563929279,T-Shirt #3,350,250,40,3.5,2631.555556,-,,0.508065,0.145161,1337,382,2026-01-05T10:00:00+00:00,demo/goods_turnover/2025-05-31/turnover.csv
Москва,"Одежда, обувь и аксессуары",T-S-004,100112648476,T-Shirt #4,350,250,40,3.5,2030.5,-,,0.451613,0.129032,917,262,2026-01-05T10:00:00+00:00,demo/goods_turnover/2025-05-31/turnover.csv
Санкт-Петербург,"Одежда, обувь и аксессуары",T-S-004,100112648476,T-Shirt #4,350,250,40,3.5,1922.0,-,,0.451613,0.129032,868,248,2026-01-05T10:00:00+00:00,demo/goods_turnover/2025-05-31/turnover.csv
Москва,"Одежда, обувь и аксессуары",T-S-005,100907478922,T-Shirt #5,350,250,40,3.5,2983.75,-,,0.451613,0.129032,1348,385,2026-01-05T10:00:00+00:00,demo/goods_turnover/2025-05-31/turnover.csv
Санкт-Петербург,"Одежда, обувь и аксессуары",T-S-005,100907478922,T-Shirt #5,350,250,40,3.5,2766.75,-,,0.451613,0.129032,1250,357,2026-01-05T10:00:00+00:00,demo/goods_turnover/2025-05-31/turnover.csv
Москва,"Одежда, обувь и аксессуары",T-S-006,100904405552,T-Shirt #6,350,250,40,3.5,3368.666667,-,,0.33871,0.096774,1141,326,2026-01-05T10:00:00+00:00,demo/goods_turnover/2025-05-31/turnover.csv
Санкт-Петербург,"Одежда, обувь и аксессуары",T-S-006,100904405552,T-Shirt #6,350,250,40,3.5,2676.333333,-,,0.33871,0.096774,906,259,2026-01-05T10:00:00+00:00,demo/goods_turnover/2025-05-31/turnover.csv
Москва,"Одежда, обувь и аксессуары",T-S-007,100680139942,T-Shirt #7,350,250,40,3.5,979.6,-,,1.129032,0.322581,1106,316,2026-01-05T10:00:00+00:00,demo/goods_turnover/2025-05-31/turnover.csv
Санкт-Петербург,"Одежда, обувь и аксессуары",T-S-007,100680139942,T-Shirt #7,350,250,40,3.5,905.2,-,,1.129032,0.322581,1022,292,2026-01-05T10:00:00+00:00,demo/goods_turnover/2025-05-31/turnover.csv
Москва,"Одежда, обувь и аксессуары",T-S-008,100251702583,T-Shirt #8,350,250,40,3.5,766.0,-,,1.75,0.5,1340,383,2026-01-05T10:00:00+00:00,demo/goods_turnover/2025-05-31/turnover.csv
Санкт-Петербург,"Одежда, обувь и аксессуары",T-S-008,100251702583,T-Shirt #8,350,250,40,3.5,612.0,-,,1.75,0.5,1071,306,2026-01-05T10:00:00+00:00,demo/goods_turnover/2025-05-31/turnover.csv
Москва,"Одежда, обувь и аксессуары",T-S-009,100013765025,T-Shirt #9,350,250,40,3.5,886.083333,-,,1.354839,0.387097,1200,343,2026-01-05T10:00:00+00:00,demo/goods_turnover/2025-05-31/turnover.csv
Санкт-Петербург,"Одежда, обувь и аксессуары",T-S-009,100013765025,T-Shirt #9,350,250,40,3.5,764.666667,-,,1.354839,0.387097,1036,296,2026-01-05T10:00:00+00:00,demo/goods_turnover/2025-05-31/turnover.csv
Москва,"Одежда, обувь и аксессуары",T-S-010,100415241284,T-Shirt #10,350,250,40,3.5,508.4,-,,1.975806,0.564516,1004,287,2026-01-05T10:00:00+00:00,demo/goods_turnover/2025-05-31/turnover.csv
Санкт-Петербург,"Одежда, обувь и аксессуары",T-S-010,100415241284,T-Shirt #10,350,250,40,3.5,449.942857,-,,1.975806,0.564516,889,254,2026-01-05T10:00:00+00:00,demo/goods_turnover/2025-05-31/turnover.csv
Москва,"Одежда, обувь и аксессуары",T-S-011,100875322066,T-Shirt #11,350,250,40,3.5,983.913043,-,,1.298387,0.370968,1278,365,2026-01-05T10:00:00+00:00,demo/goods_turnover/2025-05-31/turnover.csv
Санкт-Петербург,"Одежда, обувь и аксессуары",T-S-011,100875322066,T-Shirt #11,350,250,40,3.5,819.478261,-,,1.298387,0.370968,1064,304,2026-01-05T10:00:00+00:00,demo/goods_turnover/2025-05-31/turnover.csv
Москва,"Одежда, обувь и аксессуары",T-S-012,100140725608,T-Shirt #12,350,250,40,3.5,828.32,-,,1.41129,0.403226,1169,334,2026-01-05T10:00:00+00:00,demo/goods_turnover/2025-05-31/turnover.csv
Санкт-Петербург,"Одежда, обувь и аксессуары",T-S-012,100140725608,T-Shirt #12,350,250,40,3.5,677.04,-,,1.41129,0.403226,956,273,2026-01-05T10:00:00+00:00,demo/goods_turnover/2025-05-31/turnover.csv
Москва,"Одежда, обувь и аксессуары",HOO-001,100915290107,Hoodie #1,350,250,40,3.5,1661.6,-,,0.564516,0.16129,938,268,2026-01-05T10:00:00+00:00,demo/goods_turnover/2025-05-31/turnover.csv
Санкт-Петербург,"Одежда, обувь и аксессуары",HOO-001,100915290107,Hoodie #1,350,250,40,3.5,1940.6,-,,0.564516,0.16129,1096,313,2026-01-05T10:00:00+00:00,demo/goods_turnover/2025-05-31/turnover.csv
Москва,"Одежда, обувь и аксессуары",HOO-002,100944886337,Hoodie #2,350,250,40,3.5,4154.0,-,,0.282258,0.080645,1172,335,2026-01-05T10:00:00+00:00,demo/goods_turnover/2025-05-31/turnover.csv
Санкт-Петербург,"Одежда, обувь и аксессуары",HOO-002,100944886337,Hoodie #2,350,250,40,3.5,3397.6,-,,0.282258,0.080645,959,274,2026-01-05T10:00:00+00:00,demo/goods_turnover/2025-05-31/turnover.csv
Москва,"Одежда, обувь и аксессуары",HOO-003,100632289495,Hoodie #3,350,250,40,3.5,1899.454545,-,,0.620968,0.177419,1180,337,2026-01-05T10:00:00+00:00,demo/goods_turnover/2025-05-31/turnover.csv
Санкт-Петербург,"Одежда, обувь и аксессуары",HOO-003,100632289495,Hoodie #3,350,250,40,3.5,2198.181818,-,,0.620968,0.177419,1365,390,2026-01-05T10:00:00+00:00,demo/goods_turnover/2025-05-31/turnover.csv
Москва,"Одежда, обувь и аксессуары",HOO-004,100189397364,Hoodie #4,350,250,40,3.5,7729.333333,-,,0.169355,0.048387,1309,374,2026-01-05T10:00:00+00:00,demo/goods_turnover/2025-05-31/turnover.csv
Санкт-Петербург,"Одежда, обувь и аксессуары",HOO-004,100189397364,Hoodie #4,350,250,40,3.5,7729.333333,-,,0.169355,0.048387,1309,374,2026-01-05T10:00:00+00:00,demo/goods_turnover/2025-05-31/turnover.csv
Москва,"Одежда, обувь и аксессуары",HOO-005,100837022690,Hoodie #5,350,250,40,3.5,1178.0,-,,0.846774,0.241935,998,285,2026-01-05T10:00:00+00:00,demo/goods_turnover/2025-05-31/turnover.csv
Санкт-Петербург,"Одежда, обувь и аксессуары",HOO-005,100837022690,Hoodie #5,350,250,40,3.5,1475.6,-,,0.846774,0.241935,1250,357,2026-01-05T10:00:00+00:00,demo/goods_turnover/2025-05-31/turnover.csv
Москва,"Одежда, обувь и аксессуары",HOO-006,100833949272,Hoodie #6,350,250,40,3.5,5673.0,-,,0.225806,0.064516,1281,366,2026-01-05T10:00:00+00:00,demo/goods_turnover/2025-05-31/turnover.csv
Санкт-Петербург,"Одежда, обувь и аксессуары",HOO-006,100833949272,Hoodie #6,350,250,40,3.5,4665.5,-,,0.225806,0.064516,1054,301,2026-01-05T10:00:00+00:00,demo/goods_turnover/2025-05-31/turnover.csv
Москва,"Одежда, обувь и аксессуары",HOO-007,100756888782,Hoodie #7,350,250,40,3.5,1500.4,-,,0.846774,0.241935,1270,363,2026-01-05T10:00:00+00:00,demo/goods_turnover/2025-05-31/turnover.csv
Санкт-Петербург,"Одежда, обувь и аксессуары",HOO-007,100756888782,Hoodie #7,350,250,40,3.5,1508.666667,-,,0.846774,0.241935,1278,365,2026-01-05T10:00:00+00:00,demo/goods_turnover/2025-05-31/turnover.csv
Москва,"Одежда, обувь и аксессуары",HOO-008,100330810719,Hoodie #8,350,250,40,3.5,2194.8,-,,0.564516,0.16129,1239,354,2026-01-05T10:00:00+00:00,demo/goods_turnover/2025-05-31/turnover.csv
Санкт-Петербург,"Одежда, обувь и аксессуары",HOO-008,100330810719,Hoodie #8,350,250,40,3.5,2132.8,-,,0.564516,0.16129,1204,344,2026-01-05T10:00:00+00:00,demo/goods_turnover/2025-05-31/turnover.csv
Москва,"Одежда, обувь и аксессуары",CAP-001,100962765858,Cap #1,350,250,40,3.5,2374.6,-,,0.564516,0.16129,1340,383,2026-01-05T10:00:00+00:00,demo/goods_turnover/2025-05-31/turnover.csv
Санкт-Петербург,"Одежда, обувь и аксессуары",CAP-001,100962765858,Cap #1,350,250,40,3.5,1562.4,-,,0.564516,0.16129,882,252,2026-01-05T10:00:00+00:00,demo/goods_turnover/2025-05-31/turnover.csv
Москва,"Одежда, обувь и аксессуары",CAP-002,100966756760,Cap #2,350,250,40,3.5,688.642857,-,,1.580645,0.451613,1088,311,2026-01-05T10:00:00+00:00,demo/goods_turnover/2025-05-31/turnover.csv
Санкт-Петербург,"Одежда, обувь и аксессуары",CAP-002,100966756760,Cap #2,350,250,40,3.5,737.357143,-,,1.580645,0.451613,1166,333,2026-01-05T10:00:00+00:00,demo/goods_turnover/2025-05-31/turnover.csv
Москва,"Одежда, обувь и аксессуары",CAP-003,100037577486,Cap #3,350,250,40,3.5,2046.0,-,,0.620968,0.177419,1270,363,2026-01-05T10:00:00+00:00,demo/goods_turnover/2025-05-31/turnover.csv
Санкт-Петербург,"Одежда, обувь и аксессуары",CAP-003,100037577486,Cap #3,350,250,40,3.5,1566.909091,-,,0.620968,0.177419,973,278,2026-01-05T10:00:00+00:00,demo/goods_turnover/2025-05-31/turnover.csv
Москва,"Одежда, обувь и аксессуары",CAP-004,100623141549,Cap #4,350,250,40,3.5,797.733333,-,,1.693548,0.483871,1351,386,2026-01-05T10:00:00+00:00,demo/goods_turnover/2025-05-31/turnover.csv
Санкт-Петербург,"Одежда, обувь и аксессуары",CAP-004,100623141549,Cap #4,350,250,40,3.5,735.733333,-,,1.693548,0.483871,1246,356,2026-01-05T10:00:00+00:00,demo/goods_turnover/2025-05-31/turnover.csv
Москва,"Одежда, обувь и аксессуары",CAP-005,100948856891,Cap #5,350,250,40,3.5,967.2,-,,1.129032,0.322581,1092,312,2026-01-05T10:00:00+00:00,demo/goods_turnover/2025-05-31/turnover.csv
Санкт-Петербург,"Одежда, обувь и аксессуары",CAP-005,100948856891,Cap #5,350,250,40,3.5,1103.6,-,,1.129032,0.322581,1246,356,2026-01-05T10:00:00+00:00,demo/goods_turnover/2025-05-31/turnover.csv
Москва,"Одежда, обувь и аксессуары",ACC-001,100287596370,Accessorie #1,350,250,40,3.5,2710.285714,-,,0.395161,0.112903,1071,306,2026-01-05T10:00:00+00:00,demo/goods_turnover/2025-05-31/turnover.csv
Санкт-Петербург,"Одежда, обувь и аксессуары",ACC-001,100287596370,Accessorie #1,350,250,40,3.5,3782.0,-,,0.395161,0.112903,1494,427,2026-01-05T10:00:00+00:00,demo/goods_turnover/2025-05-31/turnover.csv
Москва,"Одежда, обувь и аксессуары",ACC-002,100284654312,Accessorie #2,350,250,40,3.5,1087.384615,-,,0.733871,0.209677,798,228,2026-01-05T10:00:00+00:00,demo/goods_turnover/2025-05-31/turnover.csv
Санкт-Петербург,"Одежда, обувь и аксессуары",ACC-002,100284654312,Accessorie #2,350,250,40,3.5,1292.461538,-,,0.733871,0.209677,948,271,2026-01-05T10:00:00+00:00,demo/goods_turnover/2025-05-31/turnover.csv
Москва,"Одежда, обувь и аксессуары",ACC-003,100280958590,Accessorie #3,350,250,40,3.5,2400.285714,-,,0.395161,0.112903,948,271,2026-01-05T10:00:00+00:00,demo/goods_turnover/2025-05-31/turnover.csv
Санкт-Петербург,"Одежда, обувь и аксессуары",ACC-003,100280958590,Accessorie #3,350,250,40,3.5,3055.714286,-,,0.395161,0.112903,1208,345,2026-01-05T10:00:00+00:00,demo/goods_turnover/2025-05-31/turnover.csv
Москва,"Одежда, обувь и аксессуары",ACC-004,100632545757,Accessorie #4,350,250,40,3.5,1093.454545,-,,1.241935,0.354839,1358,388,2026-01-05T10:00:00+00:00,demo/goods_turnover/2025-05-31/turnover.csv
Санкт-Петербург,"Одежда, обувь и аксессуары",ACC-004,100632545757,Accessorie #4,350,250,40,3.5,1017.363636,-,,1.241935,0.354839,1264,361,2026-01-05T10:00:00+00:00,demo/goods_turnover/2025-05-31/turnover.csv
Москва,"Одежда, обувь и аксессуары",ACC-005,100373922635,Accessorie #5,350,250,40,3.5,8122.0,-,,0.169355,0.048387,1376,393,2026-01-05T10:00:00+00:00,demo/goods_turnover/2025-05-31/turnover.csv
Санкт-Петербург,"Одежда, обувь и аксессуары",ACC-005,100373922635,Accessorie #5,350,250,40,3.5,8390.666667,-,,0.169355,0.048387,1421,406,2026-01-05T10:00:00+00:00,demo/goods_turnover/2025-05-31/turnover.csv
Москва,"Одежда, обувь и аксессуары",T-S-001,100994134931,T-Shirt #1,350,250,40,3.5,2436.0,-,,0.583333,0.166667,1421,406,2026-01-05T10:00:00+00:00,demo/goods_turnover/2025-06-30/turnover.csv
Санкт-Петербург,"Одежда, обувь и аксессуары",T-S-001,100994134931,T-Shirt #1,350,250,40,3.5,1836.0,-,,0.583333,0.166667,1071,306,2026-01-05T10:00:00+00:00,demo/goods_turnover/2025-06-30/turnover.csv
Москва,"Одежда, обувь и аксессуары",T-S-002,100023731241,T-Shirt #2,350,250,40,3.5,900.0,-,,1.341667,0.383333,1208,345,2026-01-05T10:00:00+00:00,demo/goods_turnover/2025-06-30/turnover.csv
Санкт-Петербург,"Одежда, обувь и аксессуары",T-S-002,100023731241,T-Shirt #2,350,250,40,3.5,826.956522,-,,1.341667,0.383333,1110,317,2026-01-05T10:00:00+00:00,demo/goods_turnover/2025-06-30/turnover.csv
Москва,"Одежда, обувь и аксессуары",T-S-003,100563929279,T-Shirt #3,350,250,40,3.5,3322.5,-,,0.466667,0.133333,1550,443,2026-01-05T10:00:00+00:00,demo/goods_turnover/2025-06-30/turnover.csv
Санкт-Петербург,"Одежда, обувь и аксессуары",T-S-003,100563929279,T-Shirt #3,350,250,40,3.5,3217.5,-,,0.466667,0.133333,1502,429,2026-01-05T10:00:00+00:00,demo/goods_turnover/2025-06-30/turnover.csv
Москва,"Одежда, обувь и аксессуары",T-S-004,100112648476,T-Shirt #4,350,250,40,3.5,2310.0,-,,0.466667,0.133333,1078,308,2026-01-05T10:00:00+00:00,demo/goods_turnover/2025-06-30/turnover.csv
Санкт-Петербург,"Одежда, обувь и аксессуары",T-S-004,100112648476,T-Shirt #4,350,250,40,3.5,2062.5,-,,0.466667,0.133333,962,275,2026-01-05T10:00:00+00:00,demo/goods_turnover/2025-06-30/turnover.csv
Москва,"Одежда, обувь и аксессуары",T-S-005,100907478922,T-Shirt #5,350,250,40,3.5,3142.5,-,,0.466667,0.133333,1466,419,2026-01-05T10:00:00+00:00,demo/goods_turnover/2025-06-30/turnover.csv
Санкт-Петербург,"Одежда, обувь и аксессуары",T-S-005,100907478922,T-Shirt #5,350,250,40,3.5,3037.5,-,,0.466667,0.133333,1418,405,2026-01-05T10:00:00+00:00,demo/goods_turnover/2025-06-30/turnover.csv
Москва,"Одежда, обувь и аксессуары",T-S-006,100904405552,T-Shirt #6,350,250,40,3.5,7140.0,-,,0.175,0.05,1250,357,2026-01-05T10:00:00+00:00,demo/goods_turnover/2025-06-30/turnover.csv
Санкт-Петербург,"Одежда, обувь и аксессуары",T-S-006,100904405552,T-Shirt #6,350,250,40,3.5,6560.0,-,,0.175,0.05,1148,328,2026-01-05T10:00:00+00:00,demo/goods_turnover/2025-06-30/turnover.csv
Москва,"Одежда, обувь и аксессуары",T-S-007,100680139942,T-Shirt #7,350,250,40,3.5,1420.0,-,,0.875,0.25,1242,355,2026-01-05T10:00:00+00:00,demo/goods_turnover/2025-06-30/turnover.csv
Санкт-Петербург,"Одежда, обувь и аксессуары",T-S-007,100680139942,T-Shirt #7,350,250,40,3.5,1452.0,-,,0.875,0.25,1270,363,2026-01-05T10:00:00+00:00,demo/goods_turnover/2025-06-30/turnover.csv
Москва,"Одежда, обувь и аксессуары",T-S-008,100251702583,T-Shirt #8,350,250,40,3.5,1010.769231,-,,1.516667,0.433333,1533,438,2026-01-05T10:00:00+00:00,demo/goods_turnover/2025-06-30/turnover.csv
Санкт-Петербург,"Одежда, обувь и аксессуары",T-S-008,100251702583,T-Shirt #8,350,250,40,3.5,851.538462,-,,1.516667,0.433333,1292,369,2026-01-05T10:00:00+00:00,demo/goods_turnover/2025-06-30/turnover.csv
Москва,"Одежда, обувь и аксессуары",T-S-009,100013765025,T-Shirt #9,350,250,40,3.5,891.111111,-,,1.575,0.45,1404,401,2026-01-05T10:00:00+00:00,demo/goods_turnover/2025-06-30/turnover.csv
Санкт-Петербург,"Одежда, обувь и аксессуары",T-S-009,100013765025,T-Shirt #9,350,250,40,3.5,726.666667,-,,1.575,0.45,1144,327,2026-01-05T10:00:00+00:00,demo/goods_turnover/2025-06-30/turnover.csv
Москва,"Одежда, обувь и аксессуары",T-S-010,100415241284,T-Shirt #10,350,250,40,3.5,371.320755,-,,3.091667,0.883333,1148,328,2026-01-05T10:00:00+00:00,demo/goods_turnover/2025-06-30/turnover.csv
Санкт-Петербург,"Одежда, обувь и аксессуары",T-S-010,100415241284,T-Shirt #10,350,250,40,3.5,302.264151,-,,3.091667,0.883333,934,267,2026-01-05T10:00:00+00:00,demo/goods_turnover/2025-06-30/turnover.csv
Москва,"Одежда, обувь и аксессуары",T-S-011,100875322066,T-Shirt #11,350,250,40,3.5,2060.0,-,,0.7,0.2,1442,412,2026-01-05T10:00:00+00:00,demo/goods_turnover/2025-06-30/turnover.csv
Санкт-Петербург,"Одежда, обувь и аксессуары",T-S-011,100875322066,T-Shirt #11,350,250,40,3.5,1820.0,-,,0.7,0.2,1274,364,2026-01-05T10:00:00+00:00,demo/goods_turnover/2025-06-30/turnover.csv
Москва,"Одежда, обувь и аксессуары",T-S-012,100140725608,T-Shirt #12,350,250,40,3.5,454.468085,-,,2.741667,0.783333,1246,356,2026-01-05T10:00:00+00:00,demo/goods_turnover/2025-06-30/turnover.csv
Санкт-Петербург,"Одежда, обувь и аксессуары",T-S-012,100140725608,T-Shirt #12,350,250,40,3.5,379.148936,-,,2.741667,0.783333,1040,297,2026-01-05T10:00:00+00:00,demo/goods_turnover/2025-06-30/turnover.csv
Москва,"Одежда, обувь и аксессуары",HOO-001,100915290107,Hoodie #1,350,250,40,3.5,2527.5,-,,0.466667,0.133333,1180,337,2026-01-05T10:00:00+00:00,demo/goods_turnover/2025-06-30/turnover.csv
Санкт-Петербург,"Одежда, обувь и аксессуары",HOO-001,100915290107,Hoodie #1,350,250,40,3.5,2670.0,-,,0.466667,0.133333,1246,356,2026-01-05T10:00:00+00:00,demo/goods_turnover/2025-06-30/turnover.csv
Москва,"Одежда, обувь и аксессуары",HOO-002,100944886337,Hoodie #2,350,250,40,3.5,23940.0,-,,0.058333,0.016667,1396,399,2026-01-05T10:00:00+00:00,demo/goods_turnover/2025-06-30/turnover.csv
Санкт-Петербург,"Одежда, обувь и аксессуары",HOO-002,100944886337,Hoodie #2,350,250,40,3.5,19500.0,-,,0.058333,0.016667,1138,325,2026-01-05T10:00:00+00:00,demo/goods_turnover/2025-06-30/turnover.csv
Москва,"Одежда, обувь и аксессуары",HOO-003,100632289495,Hoodie #3,350,250,40,3.5,7920.0,-,,0.175,0.05,1386,396,2026-01-05T10:00:00+00:00,demo/goods_turnover/2025-06-30/turnover.csv
Санкт-Петербург,"Одежда, обувь и аксессуары",HOO-003,100632289495,Hoodie #3,350,250,40,3.5,8660.0,-,,0.175,0.05,1516,433,2026-01-05T10:00:00+00:00,demo/goods_turnover/2025-06-30/turnover.csv
Москва,"Одежда, обувь и аксессуары",HOO-004,100189397364,Hoodie #4,350,250,40,3.5,2733.333333,-,,0.525,0.15,1435,410,2026-01-05T10:00:00+00:00,demo/goods_turnover/2025-06-30/turnover.csv
Санкт-Петербург,"Одежда, обувь и аксессуары",HOO-004,100189397364,Hoodie #4,350,250,40,3.5,2686.666667,-,,0.525,0.15,1410,403,2026-01-05T10:00:00+00:00,demo/goods_turnover/2025-06-30/turnover.csv
Москва,"Одежда, обувь и аксессуары",HOO-005,100837022690,Hoodie #5,350,250,40,3.5,985.263158,-,,1.108333,0.316667,1092,312,2026-01-05T10:00:00+00:00,demo/goods_turnover/2025-06-30/turnover.csv
Санкт-Петербург,"Одежда, обувь и аксессуары",HOO-005,100837022690,Hoodie #5,350,250,40,3.5,1320.0,-,,1.108333,0.316667,1463,418,2026-01-05T10:00:00+00:00,demo/goods_turnover/2025-06-30/turnover.csv
Москва,"Одежда, обувь и аксессуары",HOO-006,100833949272,Hoodie #6,350,250,40,3.5,3232.5,-,,0.466667,0.133333,1508,431,2026-01-05T10:00:00+00:00,demo/goods_turnover/2025-06-30/turnover.csv
Санкт-Петербург,"Одежда, обувь и аксессуары",HOO-006,100833949272,Hoodie #6,350,250,40,3.5,2700.0,-,,0.466667,0.133333,1260,360,2026-01-05T10:00:00+00:00,demo/goods_turnover/2025-06-30/turnover.csv
Москва,"Одежда, обувь и аксессуары",HOO-007,100756888782,Hoodie #7,350,250,40,3.5,1342.105263,-,,1.108333,0.316667,1488,425,2026-01-05T10:00:00+00:00,demo/goods_turnover/2025-06-30/turnover.csv
Санкт-Петербург,"Одежда, обувь и аксессуары",HOO-007,100756888782,Hoodie #7,350,250,40,3.5,1310.526316,-,,1.108333,0.316667,1452,415,2026-01-05T10:00:00+00:00,demo/goods_turnover/2025-06-30/turnover.csv
Москва,"Одежда, обувь и аксессуары",HOO-008,100330810719,Hoodie #8,350,250,40,3.5,4160.0,-,,0.35,0.1,1456,416,2026-01-05T10:00:00+00:00,demo/goods_turnover/2025-06-30/turnover.csv
Санкт-Петербург,"Одежда, обувь и аксессуары",HOO-008,100330810719,Hoodie #8,350,250,40,3.5,3990.0,-,,0.35,0.1,1396,399,2026-01-05T10:00:00+00:00,demo/goods_turnover/2025-06-30/turnover.csv
Москва,"Одежда, обувь и аксессуары",CAP-001,100962765858,Cap #1,350,250,40,3.5,8800.0,-,,0.175,0.05,1540,440,2026-01-05T10:00:00+00:00,demo/goods_turnover/2025-06-30/turnover.csv
Санкт-Петербург,"Одежда, обувь и аксессуары",CAP-001,100962765858,Cap #1,350,250,40,3.5,6400.0,-,,0.175,0.05,1120,320,2026-01-05T10:00:00+00:00,demo/goods_turnover/2025-06-30/turnover.csv
Москва,"Одежда, обувь и аксессуары",CAP-002,100966756760,Cap #2,350,250,40,3.5,1134.0,-,,1.166667,0.333333,1323,378,2026-01-05T10:00:00+00:00,demo/goods_turnover/2025-06-30/turnover.csv
Санкт-Петербург,"Одежда, обувь и аксессуары",CAP-002,100966756760,Cap #2,350,250,40,3.5,1095.0,-,,1.166667,0.333333,1278,365,2026-01-05T10:00:00+00:00,demo/goods_turnover/2025-06-30/turnover.csv
Москва,"Одежда, обувь и аксессуары",CAP-003,100037577486,Cap #3,350,250,40,3.5,4956.0,-,,0.291667,0.083333,1446,413,2026-01-05T10:00:00+00:00,demo/goods_turnover/2025-06-30/turnover.csv
Санкт-Петербург,"Одежда, обувь и аксессуары",CAP-003,100037577486,Cap #3,350,250,40,3.5,4164.0,-,,0.291667,0.083333,1214,347,2026-01-05T10:00:00+00:00,demo/goods_turnover/2025-06-30/turnover.csv
Москва,"Одежда, обувь и аксессуары",CAP-004,100623141549,Cap #4,350,250,40,3.5,1075.2,-,,1.458333,0.416667,1568,448,2026-01-05T10:00:00+00:00,demo/goods_turnover/2025-06-30/turnover.csv
Санкт-Петербург,"Одежда, обувь и аксессуары",CAP-004,100623141549,Cap #4,350,250,40,3.5,940.8,-,,1.458333,0.416667,1372,392,2026-01-05T10:00:00+00:00,demo/goods_turnover/2025-06-30/turnover.csv
Москва,"Одежда, обувь и аксессуары",CAP-005,100948856891,Cap #5,350,250,40,3.5,1810.0,-,,0.7,0.2,1267,362,2026-01-05T10:00:00+00:00,demo/goods_turnover/2025-06-30/turnover.csv
Санкт-Петербург,"Одежда, обувь и аксессуары",CAP-005,100948856891,Cap #5,350,250,40,3.5,2085.0,-,,0.7,0.2,1460,417,2026-01-05T10:00:00+00:00,demo/goods_turnover/2025-06-30/turnover.csv
Москва,"Одежда, обувь и аксессуары",ACC-001,100287596370,Accessorie #1,350,250,40,3.5,3540.0,-,,0.35,0.1,1239,354,2026-01-05T10:00:00+00:00,demo/goods_turnover/2025-06-30/turnover.csv
Санкт-Петербург,"Одежда, обувь и аксессуары",ACC-001,100287596370,Accessorie #1,350,250,40,3.5,4950.0,-,,0.35,0.1,1732,495,2026-01-05T10:00:00+00:00,demo/goods_turnover/2025-06-30/turnover.csv
Москва,"Одежда, обувь и аксессуары",ACC-002,100284654312,Accessorie #2,350,250,40,3.5,1325.0,-,,0.7,0.2,928,265,2026-01-05T10:00:00+00:00,demo/goods_turnover/2025-06-30/turnover.csv
Санкт-Петербург,"Одежда, обувь и аксессуары",ACC-002,100284654312,Accessorie #2,350,250,40,3.5,1615.0,-,,0.7,0.2,1130,323,2026-01-05T10:00:00+00:00,demo/goods_turnover/2025-06-30/turnover.csv
Москва,"Одежда, обувь и аксессуары",ACC-003,100280958590,Accessorie #3,350,250,40,3.5,784.615385,-,,1.516667,0.433333,1190,340,2026-01-05T10:00:00+00:00,demo/goods_turnover/2025-06-30/turnover.csv
Санкт-Петербург,"Одежда, обувь и аксессуары",ACC-003,100280958590,Accessorie #3,350,250,40,3.5,865.384615,-,,1.516667,0.433333,1312,375,2026-01-05T10:00:00+00:00,demo/goods_turnover/2025-06-30/turnover.csv
Москва,"Одежда, обувь и аксессуары",ACC-004,100632545757,Accessorie #4,350,250,40,3.5,4002.857143,-,,0.408333,0.116667,1634,467,2026-01-05T10:00:00+00:00,demo/goods_turnover/2025-06-30/turnover.csv
Санкт-Петербург,"Одежда, обувь и аксессуары",ACC-004,100632545757,Accessorie #4,350,250,40,3.5,3651.428571,-,,0.408333,0.116667,1491,426,2026-01-05T10:00:00+00:00,demo/goods_turnover/2025-06-30/turnover.csv
Москва,"Одежда, обувь и аксессуары",ACC-005,100373922635,Accessorie #5,350,250,40,3.5,27900.0,-,,0.058333,0.016667,1628,465,2026-01-05T10:00:00+00:00,demo/goods_turnover/2025-06-30/turnover.csv
Санкт-Петербург,"Одежда, обувь и аксессуары",ACC-005,100373922635,Accessorie #5,350,250,40,3.5,29100.0,-,,0.058333,0.016667,1698,485,2026-01-05T10:00:00+00:00,demo/goods_turnover/2025-06-30/turnover.csv
Москва,"Одежда, обувь и аксессуары",T-S-001,100994134931,T-Shirt #1,350,250,40,3.5,9692.666667,-,,0.169355,0.048387,1642,469,2026-01-05T10:00:00+00:00,demo/goods_turnover/2025-07-31/turnover.csv
Санкт-Петербург,"Одежда, обувь и аксессуары",T-S-001,100994134931,T-Shirt #1,350,250,40,3.5,7770.666667,-,,0.169355,0.048387,1316,376,2026-01-05T10:00:00+00:00,demo/goods_turnover/2025-07-31/turnover.csv
Москва,"Одежда, обувь и аксессуары",T-S-002,100023731241,T-Shirt #2,350,250,40,3.5,819.285714,-,,1.580645,0.451613,1295,370,2026-01-05T10:00:00+00:00,demo/goods_turnover/2025-07-31/turnover.csv
Санкт-Петербург,"Одежда, обувь и аксессуары",T-S-002,100023731241,T-Shirt #2,350,250,40,3.5,861.357143,-,,1.580645,0.451613,1362,389,2026-01-05T10:00:00+00:00,demo/goods_turnover/2025-07-31/turnover.csv
Москва,"Одежда, обувь и аксессуары",T-S-003,100563929279,T-Shirt #3,350,250,40,3.5,10602.0,-,,0.169355,0.048387,1796,513,2026-01-05T10:00:00+00:00,demo/goods_turnover/2025-07-31/turnover.csv
Санкт-Петербург,"Одежда, обувь и аксессуары",T-S-003,100563929279,T-Shirt #3,350,250,40,3.5,9837.333333,-,,0.169355,0.048387,1666,476,2026-01-05T10:00:00+00:00,demo/goods_turnover/2025-07-31/turnover.csv
Москва,"Одежда, обувь и аксессуары",T-S-004,100112648476,T-Shirt #4,350,250,40,3.5,3720.0,-,,0.33871,0.096774,1260,360,2026-01-05T10:00:00+00:00,demo/goods_turnover/2025-07-31/turnover.csv
Санкт-Петербург,"Одежда, обувь и аксессуары",T-S-004,100112648476,T-Shirt #4,350,250,40,3.5,3141.333333,-,,0.33871,0.096774,1064,304,2026-01-05T10:00:00+00:00,demo/goods_turnover/2025-07-31/turnover.csv
Москва,"Одежда, обувь и аксессуары",T-S-005,100907478922,T-Shirt #5,350,250,40,3.5,5865.2,-,,0.282258,0.080645,1656,473,2026-01-05T10:00:00+00:00,demo/goods_turnover/2025-07-31/turnover.csv
Санкт-Петербург,"Одежда, обувь и аксессуары",T-S-005,100907478922,T-Shirt #5,350,250,40,3.5,5617.2,-,,0.282258,0.080645,1586,453,2026-01-05T10:00:00+00:00,demo/goods_turnover/2025-07-31/turnover.csv
Москва,"Одежда, обувь и аксессуары",T-S-006,100904405552,T-Shirt #6,350,250,40,3.5,4340.0,-,,0.33871,0.096774,1470,420,2026-01-05T10:00:00+00:00,demo/goods_turnover/2025-07-31/turnover.csv
Санкт-Петербург,"Одежда, обувь и аксессуары",T-S-006,100904405552,T-Shirt #6,350,250,40,3.5,3844.0,-,,0.33871,0.096774,1302,372,2026-01-05T10:00:00+00:00,demo/goods_turnover/2025-07-31/turnover.csv
Москва,"Одежда, обувь и аксессуары",T-S-007,100680139942,T-Shirt #7,350,250,40,3.5,1329.555556,-,,1.016129,0.290323,1351,386,2026-01-05T10:00:00+00:00,demo/goods_turnover/2025-07-31/turnover.csv
Санкт-Петербург,"Одежда, обувь и аксессуары",T-S-007,100680139942,T-Shirt #7,350,250,40,3.5,1501.777778,-,,1.016129,0.290323,1526,436,2026-01-05T10:00:00+00:00,demo/goods_turnover/2025-07-31/turnover.csv
Москва,"Одежда, обувь и аксессуары",T-S-008,100251702583,T-Shirt #8,350,250,40,3.5,1014.142857,-,,1.580645,0.451613,1603,458,2026-01-05T10:00:00+00:00,demo/goods_turnover/2025-07-31/turnover.csv
Санкт-Петербург,"Одежда, обувь и аксессуары",T-S-008,100251702583,T-Shirt #8,350,250,40,3.5,903.428571,-,,1.580645,0.451613,1428,408,2026-01-05T10:00:00+00:00,demo/goods_turnover/2025-07-31/turnover.csv
Москва,"Одежда, обувь и аксессуары",T-S-009,100013765025,T-Shirt #9,350,250,40,3.5,1571.882353,-,,0.959677,0.274194,1508,431,2026-01-05T10:00:00+00:00,demo/goods_turnover/2025-07-31/turnover.csv
Санкт-Петербург,"Одежда, обувь и аксессуары",T-S-009,100013765025,T-Shirt #9,350,250,40,3.5,1396.823529,-,,0.959677,0.274194,1340,383,2026-01-05T10:00:00+00:00,demo/goods_turnover/2025-07-31/turnover.csv
Москва,"Одежда, обувь и аксессуары",T-S-010,100415241284,T-Shirt #10,350,250,40,3.5,592.974359,-,,2.201613,0.629032,1306,373,2026-01-05T10:00:00+00:00,demo/goods_turnover/2025-07-31/turnover.csv
Санкт-Петербург,"Одежда, обувь и аксессуары",T-S-010,100415241284,T-Shirt #10,350,250,40,3.5,473.74359,-,,2.201613,0.629032,1043,298,2026-01-05T10:00:00+00:00,demo/goods_turnover/2025-07-31/turnover.csv
Москва,"Одежда, обувь и аксессуары",T-S-011,100875322066,T-Shirt #11,350,250,40,3.5,2716.727273,-,,0.620968,0.177419,1687,482,2026-01-05T10:00:00+00:00,demo/goods_turnover/2025-07-31/turnover.csv
Санкт-Петербург,"Одежда, обувь и аксессуары",T-S-011,100875322066,T-Shirt #11,350,250,40,3.5,2248.909091,-,,0.620968,0.177419,1396,399,2026-01-05T10:00:00+00:00,demo/goods_turnover/2025-07-31/turnover.csv
Москва,"Одежда, обувь и аксессуары",T-S-012,100140725608,T-Shirt #12,350,250,40,3.5,745.878788,-,,1.862903,0.532258,1390,397,2026-01-05T10:00:00+00:00,demo/goods_turnover/2025-07-31/turnover.csv
Санкт-Петербург,"Одежда, обувь и аксессуары",T-S-012,100140725608,T-Shirt #12,350,250,40,3.5,676.363636,-,,1.862903,0.532258,1260,360,2026-01-05T10:00:00+00:00,demo/goods_turnover/2025-07-31/turnover.csv
Москва,"Одежда, обувь и аксессуары",HOO-001,100915290107,Hoodie #1,350,250,40,3.5,4724.4,-,,0.282258,0.080645,1334,381,2026-01-05T10:00:00+00:00,demo/goods_turnover/2025-07-31/turnover.csv
Санкт-Петербург,"Одежда, обувь и аксессуары",HOO-001,100915290107,Hoodie #1,350,250,40,3.5,4898.0,-,,0.282258,0.080645,1382,395,2026-01-05T10:00:00+00:00,demo/goods_turnover/2025-07-31/turnover.csv
Москва,"Одежда, обувь и аксессуары",HOO-002,100944886337,Hoodie #2,350,250,40,3.5,4846.333333,-,,0.33871,0.096774,1642,469,2026-01-05T10:00:00+00:00,demo/goods_turnover/2025-07-31/turnover.csv
Санкт-Петербург,"Одежда, обувь и аксессуары",HOO-002,100944886337,Hoodie #2,350,250,40,3.5,3875.0,-,,0.33871,0.096774,1312,375,2026-01-05T10:00:00+00:00,demo/goods_turnover/2025-07-31/turnover.csv
Москва,"Одежда, обувь и аксессуары",HOO-003,100632289495,Hoodie #3,350,250,40,3.5,4391.666667,-,,0.33871,0.096774,1488,425,2026-01-05T10:00:00+00:00,demo/goods_turnover/2025-07-31/turnover.csv
Санкт-Петербург,"Одежда, обувь и аксессуары",HOO-003,100632289495,Hoodie #3,350,250,40,3.5,4918.666667,-,,0.33871,0.096774,1666,476,2026-01-05T10:00:00+00:00,demo/goods_turnover/2025-07-31/turnover.csv
Москва,"Одежда, обувь и аксессуары",HOO-004,100189397364,Hoodie #4,350,250,40,3.5,3611.5,-,,0.451613,0.129032,1631,466,2026-01-05T10:00:00+00:00,demo/goods_turnover/2025-07-31/turnover.csv
Санкт-Петербург,"Одежда, обувь и аксессуары",HOO-004,100189397364,Hoodie #4,350,250,40,3.5,3371.25,-,,0.451613,0.129032,1522,435,2026-01-05T10:00:00+00:00,demo/goods_turnover/2025-07-31/turnover.csv
Москва,"Одежда, обувь и аксессуары",HOO-005,100837022690,Hoodie #5,350,250,40,3.5,1793.230769,-,,0.733871,0.209677,1316,376,2026-01-05T10:00:00+00:00,demo/goods_turnover/2025-07-31/turnover.csv
Санкт-Петербург,"Одежда, обувь и аксессуары",HOO-005,100837022690,Hoodie #5,350,250,40,3.5,2313.076923,-,,0.733871,0.209677,1698,485,2026-01-05T10:00:00+00:00,demo/goods_turnover/2025-07-31/turnover.csv
Москва,"Одежда, обувь и аксессуары",HOO-006,100833949272,Hoodie #6,350,250,40,3.5,5011.666667,-,,0.33871,0.096774,1698,485,2026-01-05T10:00:00+00:00,demo/goods_turnover/2025-07-31/turnover.csv
Санкт-Петербург,"Одежда, обувь и аксессуары",HOO-006,100833949272,Hoodie #6,350,250,40,3.5,4133.333333,-,,0.33871,0.096774,1400,400,2026-01-05T10:00:00+00:00,demo/goods_turnover/2025-07-31/turnover.csv
Москва,"Одежда, обувь и аксессуары",HOO-007,100756888782,Hoodie #7,350,250,40,3.5,2112.428571,-,,0.790323,0.225806,1670,477,2026-01-05T10:00:00+00:00,demo/goods_turnover/2025-07-31/turnover.csv
Санкт-Петербург,"Одежда, обувь и аксессуары",HOO-007,100756888782,Hoodie #7,350,250,40,3.5,2085.857143,-,,0.790323,0.225806,1648,471,2026-01-05T10:00:00+00:00,demo/goods_turnover/2025-07-31/turnover.csv
Москва,"Одежда, обувь и аксессуары",HOO-008,100330810719,Hoodie #8,350,250,40,3.5,7006.0,-,,0.225806,0.064516,1582,452,2026-01-05T10:00:00+00:00,demo/goods_turnover/2025-07-31/turnover.csv
Санкт-Петербург,"Одежда, обувь и аксессуары",HOO-008,100330810719,Hoodie #8,350,250,40,3.5,7300.5,-,,0.225806,0.064516,1648,471,2026-01-05T10:00:00+00:00,demo/goods_turnover/2025-07-31/turnover.csv
Москва,"Одежда, обувь и аксессуары",CAP-001,100962765858,Cap #1,350,250,40,3.5,5187.333333,-,,0.33871,0.096774,1757,502,2026-01-05T10:00:00+00:00,demo/goods_turnover/2025-07-31/turnover.csv
Санкт-Петербург,"Одежда, обувь и аксессуары",CAP-001,100962765858,Cap #1,350,250,40,3.5,4009.333333,-,,0.33871,0.096774,1358,388,2026-01-05T10:00:00+00:00,demo/goods_turnover/2025-07-31/turnover.csv
Москва,"Одежда, обувь и аксессуары",CAP-002,100966756760,Cap #2,350,250,40,3.5,1063.92,-,,1.41129,0.403226,1502,429,2026-01-05T10:00:00+00:00,demo/goods_turnover/2025-07-31/turnover.csv
Санкт-Петербург,"Одежда, обувь и аксессуары",CAP-002,100966756760,Cap #2,350,250,40,3.5,1014.32,-,,1.41129,0.403226,1432,409,2026-01-05T10:00:00+00:00,demo/goods_turnover/2025-07-31/turnover.csv
Москва,"Одежда, обувь и аксессуары",CAP-003,100037577486,Cap #3,350,250,40,3.5,4939.333333,-,,0.33871,0.096774,1673,478,2026-01-05T10:00:00+00:00,demo/goods_turnover/2025-07-31/turnover.csv
Санкт-Петербург,"Одежда, обувь и аксессуары",CAP-003,100037577486,Cap #3,350,250,40,3.5,4143.666667,-,,0.33871,0.096774,1404,401,2026-01-05T10:00:00+00:00,demo/goods_turnover/2025-07-31/turnover.csv
Москва,"Одежда, обувь и аксессуары",CAP-004,100623141549,Cap #4,350,250,40,3.5,1801.647059,-,,0.959677,0.274194,1729,494,2026-01-05T10:00:00+00:00,demo/goods_turnover/2025-07-31/turnover.csv
Санкт-Петербург,"Одежда, обувь и аксессуары",CAP-004,100623141549,Cap #4,350,250,40,3.5,1542.705882,-,,0.959677,0.274194,1480,423,2026-01-05T10:00:00+00:00,demo/goods_turnover/2025-07-31/turnover.csv
Москва,"Одежда, обувь и аксессуары",CAP-005,100948856891,Cap #5,350,250,40,3.5,2597.8,-,,0.564516,0.16129,1466,419,2026-01-05T10:00:00+00:00,demo/goods_turnover/2025-07-31/turnover.csv
Санкт-Петербург,"Одежда, обувь и аксессуары",CAP-005,100948856891,Cap #5,350,250,40,3.5,2752.8,-,,0.564516,0.16129,1554,444,2026-01-05T10:00:00+00:00,demo/goods_turnover/2025-07-31/turnover.csv
Москва,"Одежда, обувь и аксессуары",ACC-001,100287596370,Accessorie #1,350,250,40,3.5,6076.0,-,,0.225806,0.064516,1372,392,2026-01-05T10:00:00+00:00,demo/goods_turnover/2025-07-31/turnover.csv
Санкт-Петербург,"Одежда, обувь и аксессуары",ACC-001,100287596370,Accessorie #1,350,250,40,3.5,8168.5,-,,0.225806,0.064516,1844,527,2026-01-05T10:00:00+00:00,demo/goods_turnover/2025-07-31/turnover.csv
Москва,"Одежда, обувь и аксессуары",ACC-002,100284654312,Accessorie #2,350,250,40,3.5,1401.2,-,,0.846774,0.241935,1186,339,2026-01-05T10:00:00+00:00,demo/goods_turnover/2025-07-31/turnover.csv
Санкт-Петербург,"Одежда, обувь и аксессуары",ACC-002,100284654312,Accessorie #2,350,250,40,3.5,1570.666667,-,,0.846774,0.241935,1330,380,2026-01-05T10:00:00+00:00,demo/goods_turnover/2025-07-31/turnover.csv
Москва,"Одежда, обувь и аксессуары",ACC-003,100280958590,Accessorie #3,350,250,40,3.5,1426.0,-,,1.016129,0.290323,1449,414,2026-01-05T10:00:00+00:00,demo/goods_turnover/2025-07-31/turnover.csv
Санкт-Петербург,"Одежда, обувь и аксессуары",ACC-003,100280958590,Accessorie #3,350,250,40,3.5,1488.0,-,,1.016129,0.290323,1512,432,2026-01-05T10:00:00+00:00,demo/goods_turnover/2025-07-31/turnover.csv
Москва,"Одежда, обувь и аксессуары",ACC-004,100632545757,Accessorie #4,350,250,40,3.5,2769.333333,-,,0.677419,0.193548,1876,536,2026-01-05T10:00:00+00:00,demo/goods_turnover/2025-07-31/turnover.csv
Санкт-Петербург,"Одежда, обувь и аксессуары",ACC-004,100632545757,Accessorie #4,350,250,40,3.5,2505.833333,-,,0.677419,0.193548,1698,485,2026-01-05T10:00:00+00:00,demo/goods_turnover/2025-07-31/turnover.csv
Москва,"Одежда, обувь и аксессуары",ACC-005,100373922635,Accessorie #5,350,250,40,3.5,5559.333333,-,,0.33871,0.096774,1883,538,2026-01-05T10:00:00+00:00,demo/goods_turnover/2025-07-31/turnover.csv
Санкт-Петербург,"Одежда, обувь и аксессуары",ACC-005,100373922635,Accessorie #5,350,250,40,3.5,5414.666667,-,,0.33871,0.096774,1834,524,2026-01-05T10:00:00+00:00,demo/goods_turnover/2025-07-31/turnover.csv
Москва,"Одежда, обувь и аксессуары",T-S-001,100994134931,T-Shirt #1,350,250,40,3.5,11160.0,-,,0.169355,0.048387,1890,540,2026-01-05T10:00:00+00:00,demo/goods_turnover/2025-08-31/turnover.csv
Санкт-Петербург,"Одежда, обувь и аксессуары",T-S-001,100994134931,T-Shirt #1,350,250,40,3.5,8990.0,-,,0.169355,0.048387,1522,435,2026-01-05T10:00:00+00:00,demo/goods_turnover/2025-08-31/turnover.csv
Москва,"Одежда, обувь и аксессуары",T-S-002,100023731241,T-Shirt #2,350,250,40,3.5,1252.4,-,,1.129032,0.322581,1414,404,2026-01-05T10:00:00+00:00,demo/goods_turnover/2025-08-31/turnover.csv
Санкт-Петербург,"Одежда, обувь и аксессуары",T-S-002,100023731241,T-Shirt #2,350,250,40,3.5,1286.5,-,,1.129032,0.322581,1452,415,2026-01-05T10:00:00+00:00,demo/goods_turnover/2025-08-31/turnover.csv
Москва,"Одежда, обувь и аксессуары",T-S-003,100563929279,T-Shirt #3,350,250,40,3.5,4223.75,-,,0.451613,0.129032,1908,545,2026-01-05T10:00:00+00:00,demo/goods_turnover/2025-08-31/turnover.csv
Санкт-Петербург,"Одежда, обувь и аксессуары",T-S-003,100563929279,T-Shirt #3,350,250,40,3.5,3999.0,-,,0.451613,0.129032,1806,516,2026-01-05T10:00:00+00:00,demo/goods_turnover/2025-08-31/turnover.csv
Москва,"Одежда, обувь и аксессуары",T-S-004,100112648476,T-Shirt #4,350,250,40,3.5,3255.0,-,,0.451613,0.129032,1470,420,2026-01-05T10:00:00+00:00,demo/goods_turnover/2025-08-31/turnover.csv
Санкт-Петербург,"Одежда, обувь и аксессуары",T-S-004,100112648476,T-Shirt #4,350,250,40,3.5,2728.0,-,,0.451613,0.129032,1232,352,2026-01-05T10:00:00+00:00,demo/goods_turnover/2025-08-31/turnover.csv
Москва,"Одежда, обувь и аксессуары",T-S-005,100907478922,T-Shirt #5,350,250,40,3.5,16275.0,-,,0.112903,0.032258,1838,525,2026-01-05T10:00:00+00:00,demo/goods_turnover/2025-08-31/turnover.csv
Санкт-Петербург,"Одежда, обувь и аксессуары",T-S-005,100907478922,T-Shirt #5,350,250,40,3.5,16399.0,-,,0.112903,0.032258,1852,529,2026-01-05T10:00:00+00:00,demo/goods_turnover/2025-08-31/turnover.csv
Москва,"Одежда, обувь и аксессуары",T-S-006,100904405552,T-Shirt #6,350,250,40,3.5,6990.5,-,,0.225806,0.064516,1578,451,2026-01-05T10:00:00+00:00,demo/goods_turnover/2025-08-31/turnover.csv
Санкт-Петербург,"Одежда, обувь и аксессуары",T-S-006,100904405552,T-Shirt #6,350,250,40,3.5,6370.5,-,,0.225806,0.064516,1438,411,2026-01-05T10:00:00+00:00,demo/goods_turnover/2025-08-31/turnover.csv
Москва,"Одежда, обувь и аксессуары",T-S-007,100680139942,T-Shirt #7,350,250,40,3.5,3332.5,-,,0.451613,0.129032,1505,430,2026-01-05T10:00:00+00:00,demo/goods_turnover/2025-08-31/turnover.csv
Санкт-Петербург,"Одежда, обувь и аксессуары",T-S-007,100680139942,T-Shirt #7,350,250,40,3.5,3751.0,-,,0.451613,0.129032,1694,484,2026-01-05T10:00:00+00:00,demo/goods_turnover/2025-08-31/turnover.csv
Москва,"Одежда, обувь и аксессуары",T-S-008,100251702583,T-Shirt #8,350,250,40,3.5,2432.307692,-,,0.733871,0.209677,1785,510,2026-01-05T10:00:00+00:00,demo/goods_turnover/2025-08-31/turnover.csv
Санкт-Петербург,"Одежда, обувь и аксессуары",T-S-008,100251702583,T-Shirt #8,350,250,40,3.5,2160.461538,-,,0.733871,0.209677,1586,453,2026-01-05T10:00:00+00:00,demo/goods_turnover/2025-08-31/turnover.csv
Москва,"Одежда, обувь и аксессуары",T-S-009,100013765025,T-Shirt #9,350,250,40,3.5,1786.375,-,,0.903226,0.258065,1614,461,2026-01-05T10:00:00+00:00,demo/goods_turnover/2025-08-31/turnover.csv
Санкт-Петербург,"Одежда, обувь и аксессуары",T-S-009,100013765025,T-Shirt #9,350,250,40,3.5,1646.875,-,,0.903226,0.258065,1488,425,2026-01-05T10:00:00+00:00,demo/goods_turnover/2025-08-31/turnover.csv
Москва,"Одежда, обувь и аксессуары",T-S-010,100415241284,T-Shirt #10,350,250,40,3.5,1010.37037,-,,1.524194,0.435484,1540,440,2026-01-05T10:00:00+00:00,demo/goods_turnover/2025-08-31/turnover.csv
Санкт-Петербург,"Одежда, обувь и аксессуары",T-S-010,100415241284,T-Shirt #10,350,250,40,3.5,792.222222,-,,1.524194,0.435484,1208,345,2026-01-05T10:00:00+00:00,demo/goods_turnover/2025-08-31/turnover.csv
Москва,"Одежда, обувь и аксессуары",T-S-011,100875322066,T-Shirt #11,350,250,40,3.5,3761.333333,-,,0.508065,0.145161,1911,546,2026-01-05T10:00:00+00:00,demo/goods_turnover/2025-08-31/turnover.csv
Санкт-Петербург,"Одежда, обувь и аксессуары",T-S-011,100875322066,T-Shirt #11,350,250,40,3.5,3065.555556,-,,0.508065,0.145161,1558,445,2026-01-05T10:00:00+00:00,demo/goods_turnover/2025-08-31/turnover.csv
Москва,"Одежда, обувь и аксессуары",T-S-012,100140725608,T-Shirt #12,350,250,40,3.5,1264.26087,-,,1.298387,0.370968,1642,469,2026-01-05T10:00:00+00:00,demo/goods_turnover/2025-08-31/turnover.csv
Санкт-Петербург,"Одежда, обувь и аксессуары",T-S-012,100140725608,T-Shirt #12,350,250,40,3.5,1129.478261,-,,1.298387,0.370968,1466,419,2026-01-05T10:00:00+00:00,demo/goods_turnover/2025-08-31/turnover.csv
Москва,"Одежда, обувь и аксессуары",HOO-001,100915290107,Hoodie #1,350,250,40,3.5,7006.0,-,,0.225806,0.064516,1582,452,2026-01-05T10:00:00+00:00,demo/goods_turnover/2025-08-31/turnover.csv
Санкт-Петербург,"Одежда, обувь и аксессуары",HOO-001,100915290107,Hoodie #1,350,250,40,3.5,7161.0,-,,0.225806,0.064516,1617,462,2026-01-05T10:00:00+00:00,demo/goods_turnover/2025-08-31/turnover.csv
Москва,"Одежда, обувь и аксессуары",HOO-002,100944886337,Hoodie #2,350,250,40,3.5,5259.666667,-,,0.33871,0.096774,1782,509,2026-01-05T10:00:00+00:00,demo/goods_turnover/2025-08-31/turnover.csv
Санкт-Петербург,"Одежда, обувь и аксессуары",HOO-002,100944886337,Hoodie #2,350,250,40,3.5,4174.666667,-,,0.33871,0.096774,1414,404,2026-01-05T10:00:00+00:00,demo/goods_turnover/2025-08-31/turnover.csv
Москва,"Одежда, обувь и аксессуары",HOO-003,100632289495,Hoodie #3,350,250,40,3.5,5654.4,-,,0.282258,0.080645,1596,456,2026-01-05T10:00:00+00:00,demo/goods_turnover/2025-08-31/turnover.csv
Санкт-Петербург,"Одежда, обувь и аксессуары",HOO-003,100632289495,Hoodie #3,350,250,40,3.5,6869.6,-,,0.282258,0.080645,1939,554,2026-01-05T10:00:00+00:00,demo/goods_turnover/2025-08-31/turnover.csv
Москва,"Одежда, обувь и аксессуары",HOO-004,100189397364,Hoodie #4,350,250,40,3.5,6249.6,-,,0.282258,0.080645,1764,504,2026-01-05T10:00:00+00:00,demo/goods_turnover/2025-08-31/turnover.csv
Санкт-Петербург,"Одежда, обувь и аксессуары",HOO-004,100189397364,Hoodie #4,350,250,40,3.5,5964.4,-,,0.282258,0.080645,1684,481,2026-01-05T10:00:00+00:00,demo/goods_turnover/2025-08-31/turnover.csv
Москва,"Одежда, обувь и аксессуары",HOO-005,100837022690,Hoodie #5,350,250,40,3.5,1970.714286,-,,0.790323,0.225806,1558,445,2026-01-05T10:00:00+00:00,demo/goods_turnover/2025-08-31/turnover.csv
Санкт-Петербург,"Одежда, обувь и аксессуары",HOO-005,100837022690,Hoodie #5,350,250,40,3.5,2395.857143,-,,0.790323,0.225806,1894,541,2026-01-05T10:00:00+00:00,demo/goods_turnover/2025-08-31/turnover.csv
Москва,"Одежда, обувь и аксессуары",HOO-006,100833949272,Hoodie #6,350,250,40,3.5,4138.5,-,,0.451613,0.129032,1869,534,2026-01-05T10:00:00+00:00,demo/goods_turnover/2025-08-31/turnover.csv
Санкт-Петербург,"Одежда, обувь и аксессуары",HOO-006,100833949272,Hoodie #6,350,250,40,3.5,3526.25,-,,0.451613,0.129032,1592,455,2026-01-05T10:00:00+00:00,demo/goods_turnover/2025-08-31/turnover.csv
Москва,"Одежда, обувь и аксессуары",HOO-007,100756888782,Hoodie #7,350,250,40,3.5,1594.285714,-,,1.185484,0.33871,1890,540,2026-01-05T10:00:00+00:00,demo/goods_turnover/2025-08-31/turnover.csv
Санкт-Петербург,"Одежда, обувь и аксессуары",HOO-007,100756888782,Hoodie #7,350,250,40,3.5,1464.380952,-,,1.185484,0.33871,1736,496,2026-01-05T10:00:00+00:00,demo/goods_turnover/2025-08-31/turnover.csv
Москва,"Одежда, обувь и аксессуары",HOO-008,100330810719,Hoodie #8,350,250,40,3.5,3623.555556,-,,0.508065,0.145161,1841,526,2026-01-05T10:00:00+00:00,demo/goods_turnover/2025-08-31/turnover.csv
Санкт-Петербург,"Одежда, обувь и аксессуары",HOO-008,100330810719,Hoodie #8,350,250,40,3.5,3623.555556,-,,0.508065,0.145161,1841,526,2026-01-05T10:00:00+00:00,demo/goods_turnover/2025-08-31/turnover.csv
Москва,"Одежда, обувь и аксессуары",CAP-001,100962765858,Cap #1,350,250,40,3.5,8804.0,-,,0.225806,0.064516,1988,568,2026-01-05T10:00:00+00:00,demo/goods_turnover/2025-08-31/turnover.csv
Санкт-Петербург,"Одежда, обувь и аксессуары",CAP-001,100962765858,Cap #1,350,250,40,3.5,7192.0,-,,0.225806,0.064516,1624,464,2026-01-05T10:00:00+00:00,demo/goods_turnover/2025-08-31/turnover.csv
Москва,"Одежда, обувь и аксессуары",CAP-002,100966756760,Cap #2,350,250,40,3.5,1118.296296,-,,1.524194,0.435484,1704,487,2026-01-05T10:00:00+00:00,demo/goods_turnover/2025-08-31/turnover.csv
Санкт-Петербург,"Одежда, обувь и аксессуары",CAP-002,100966756760,Cap #2,350,250,40,3.5,1063.185185,-,,1.524194,0.435484,1620,463,2026-01-05T10:00:00+00:00,demo/goods_turnover/2025-08-31/turnover.csv
Москва,"Одежда, обувь и аксессуары",CAP-003,100037577486,Cap #3,350,250,40,3.5,3802.666667,-,,0.508065,0.145161,1932,552,2026-01-05T10:00:00+00:00,demo/goods_turnover/2025-08-31/turnover.csv
Санкт-Петербург,"Одежда, обувь и аксессуары",CAP-003,100037577486,Cap #3,350,250,40,3.5,3134.444444,-,,0.508065,0.145161,1592,455,2026-01-05T10:00:00+00:00,demo/goods_turnover/2025-08-31/turnover.csv
Москва,"Одежда, обувь и аксессуары",CAP-004,100623141549,Cap #4,350,250,40,3.5,1149.214286,-,,1.580645,0.451613,1816,519,2026-01-05T10:00:00+00:00,demo/goods_turnover/2025-08-31/turnover.csv
Санкт-Петербург,"Одежда, обувь и аксессуары",CAP-004,100623141549,Cap #4,350,250,40,3.5,1000.857143,-,,1.580645,0.451613,1582,452,2026-01-05T10:00:00+00:00,demo/goods_turnover/2025-08-31/turnover.csv
Москва,"Одежда, обувь и аксессуары",CAP-005,100948856891,Cap #5,350,250,40,3.5,1996.4,-,,0.846774,0.241935,1690,483,2026-01-05T10:00:00+00:00,demo/goods_turnover/2025-08-31/turnover.csv
Санкт-Петербург,"Одежда, обувь и аксессуары",CAP-005,100948856891,Cap #5,350,250,40,3.5,2149.333333,-,,0.846774,0.241935,1820,520,2026-01-05T10:00:00+00:00,demo/goods_turnover/2025-08-31/turnover.csv
Москва,"Одежда, обувь и аксессуары",ACC-001,100287596370,Accessorie #1,350,250,40,3.5,8969.333333,-,,0.169355,0.048387,1519,434,2026-01-05T10:00:00+00:00,demo/goods_turnover/2025-08-31/turnover.csv
Санкт-Петербург,"Одежда, обувь и аксессуары",ACC-001,100287596370,Accessorie #1,350,250,40,3.5,11800.666667,-,,0.169355,0.048387,1998,571,2026-01-05T10:00:00+00:00,demo/goods_turnover/2025-08-31/turnover.csv
Москва,"Одежда, обувь и аксессуары",ACC-002,100284654312,Accessorie #2,350,250,40,3.5,4143.666667,-,,0.33871,0.096774,1404,401,2026-01-05T10:00:00+00:00,demo/goods_turnover/2025-08-31/turnover.csv
Санкт-Петербург,"Одежда, обувь и аксессуары",ACC-002,100284654312,Accessorie #2,350,250,40,3.5,4433.0,-,,0.33871,0.096774,1502,429,2026-01-05T10:00:00+00:00,demo/goods_turnover/2025-08-31/turnover.csv
Москва,"Одежда, обувь и аксессуары",ACC-003,100280958590,Accessorie #3,350,250,40,3.5,2666.0,-,,0.620968,0.177419,1656,473,2026-01-05T10:00:00+00:00,demo/goods_turnover/2025-08-31/turnover.csv
Санкт-Петербург,"Одежда, обувь и аксессуары",ACC-003,100280958590,Accessorie #3,350,250,40,3.5,2620.909091,-,,0.620968,0.177419,1628,465,2026-01-05T10:00:00+00:00,demo/goods_turnover/2025-08-31/turnover.csv
Москва,"Одежда, обувь и аксессуары",ACC-004,100632545757,Accessorie #4,350,250,40,3.5,2965.666667,-,,0.677419,0.193548,2009,574,2026-01-05T10:00:00+00:00,demo/goods_turnover/2025-08-31/turnover.csv
Санкт-Петербург,"Одежда, обувь и аксессуары",ACC-004,100632545757,Accessorie #4,350,250,40,3.5,2640.166667,-,,0.677419,0.193548,1788,511,2026-01-05T10:00:00+00:00,demo/goods_turnover/2025-08-31/turnover.csv
Москва,"Одежда, обувь и аксессуары",ACC-005,100373922635,Accessorie #5,350,250,40,3.5,36022.0,-,,0.056452,0.016129,2034,581,2026-01-05T10:00:00+00:00,demo/goods_turnover/2025-08-31/turnover.csv
Санкт-Петербург,"Одежда, обувь и аксессуары",ACC-005,100373922635,Accessorie #5,350,250,40,3.5,37076.0,-,,0.056452,0.016129,2093,598,2026-01-05T10:00:00+00:00,demo/goods_turnover/2025-08-31/turnover.csv
Москва,"Одежда, обувь и аксессуары",T-S-001,100994134931,T-Shirt #1,350,250,40,3.5,4477.5,-,,0.466667,0.133333,2090,597,2026-01-05T10:00:00+00:00,demo/goods_turnover/2025-09-30/turnover.csv
Санкт-Петербург,"Одежда, обувь и аксессуары",T-S-001,100994134931,T-Shirt #1,350,250,40,3.5,3585.0,-,,0.466667,0.133333,1673,478,2026-01-05T10:00:00+00:00,demo/goods_turnover/2025-09-30/turnover.csv
Москва,"Одежда, обувь и аксессуары",T-S-002,100023731241,T-Shirt #2,350,250,40,3.5,1958.571429,-,,0.816667,0.233333,1600,457,2026-01-05T10:00:00+00:00,demo/goods_turnover/2025-09-30/turnover.csv
Санкт-Петербург,"Одежда, обувь и аксессуары",T-S-002,100023731241,T-Shirt #2,350,250,40,3.5,1902.857143,-,,0.816667,0.233333,1554,444,2026-01-05T10:00:00+00:00,demo/goods_turnover/2025-09-30/turnover.csv
Москва,"Одежда, обувь и аксессуары",T-S-003,100563929279,T-Shirt #3,350,250,40,3.5,7116.0,-,,0.291667,0.083333,2076,593,2026-01-05T10:00:00+00:00,demo/goods_turnover/2025-09-30/turnover.csv
Санкт-Петербург,"Одежда, обувь и аксессуары",T-S-003,100563929279,T-Shirt #3,350,250,40,3.5,6984.0,-,,0.291667,0.083333,2037,582,2026-01-05T10:00:00+00:00,demo/goods_turnover/2025-09-30/turnover.csv
Москва,"Одежда, обувь и аксессуары",T-S-004,100112648476,T-Shirt #4,350,250,40,3.5,5448.0,-,,0.291667,0.083333,1589,454,2026-01-05T10:00:00+00:00,demo/goods_turnover/2025-09-30/turnover.csv
Санкт-Петербург,"Одежда, обувь и аксессуары",T-S-004,100112648476,T-Shirt #4,350,250,40,3.5,4632.0,-,,0.291667,0.083333,1351,386,2026-01-05T10:00:00+00:00,demo/goods_turnover/2025-09-30/turnover.csv
Москва,"Одежда, обувь и аксессуары",T-S-005,100907478922,T-Shirt #5,350,250,40,3.5,6040.0,-,,0.35,0.1,2114,604,2026-01-05T10:00:00+00:00,demo/goods_turnover/2025-09-30/turnover.csv
Санкт-Петербург,"Одежда, обувь и аксессуары",T-S-005,100907478922,T-Shirt #5,350,250,40,3.5,5940.0,-,,0.35,0.1,2079,594,2026-01-05T10:00:00+00:00,demo/goods_turnover/2025-09-30/turnover.csv
Москва,"Одежда, обувь и аксессуары",T-S-006,100904405552,T-Shirt #6,350,250,40,3.5,10560.0,-,,0.175,0.05,1848,528,2026-01-05T10:00:00+00:00,demo/goods_turnover/2025-09-30/turnover.csv
Санкт-Петербург,"Одежда, обувь и аксессуары",T-S-006,100904405552,T-Shirt #6,350,250,40,3.5,9800.0,-,,0.175,0.05,1715,490,2026-01-05T10:00:00+00:00,demo/goods_turnover/2025-09-30/turnover.csv
Москва,"Одежда, обувь и аксессуары",T-S-007,100680139942,T-Shirt #7,350,250,40,3.5,2700.0,-,,0.641667,0.183333,1732,495,2026-01-05T10:00:00+00:00,demo/goods_turnover/2025-09-30/turnover.csv
Санкт-Петербург,"Одежда, обувь и аксессуары",T-S-007,100680139942,T-Shirt #7,350,250,40,3.5,2907.272727,-,,0.641667,0.183333,1866,533,2026-01-05T10:00:00+00:00,demo/goods_turnover/2025-09-30/turnover.csv
Москва,"Одежда, обувь и аксессуары",T-S-008,100251702583,T-Shirt #8,350,250,40,3.5,2021.25,-,,0.933333,0.266667,1886,539,2026-01-05T10:00:00+00:00,demo/goods_turnover/2025-09-30/turnover.csv
Санкт-Петербург,"Одежда, обувь и аксессуары",T-S-008,100251702583,T-Shirt #8,350,250,40,3.5,1912.5,-,,0.933333,0.266667,1785,510,2026-01-05T10:00:00+00:00,demo/goods_turnover/2025-09-30/turnover.csv
Москва,"Одежда, обувь и аксессуары",T-S-009,100013765025,T-Shirt #9,350,250,40,3.5,1525.714286,-,,1.225,0.35,1869,534,2026-01-05T10:00:00+00:00,demo/goods_turnover/2025-09-30/turnover.csv
Санкт-Петербург,"Одежда, обувь и аксессуары",T-S-009,100013765025,T-Shirt #9,350,250,40,3.5,1280.0,-,,1.225,0.35,1568,448,2026-01-05T10:00:00+00:00,demo/goods_turnover/2025-09-30/turnover.csv
Москва,"Одежда, обувь и аксессуары",T-S-010,100415241284,T-Shirt #10,350,250,40,3.5,1054.285714,-,,1.633333,0.466667,1722,492,2026-01-05T10:00:00+00:00,demo/goods_turnover/2025-09-30/turnover.csv
Санкт-Петербург,"Одежда, обувь и аксессуары",T-S-010,100415241284,T-Shirt #10,350,250,40,3.5,833.571429,-,,1.633333,0.466667,1362,389,2026-01-05T10:00:00+00:00,demo/goods_turnover/2025-09-30/turnover.csv
Москва,"Одежда, обувь и аксессуары",T-S-011,100875322066,T-Shirt #11,350,250,40,3.5,2287.5,-,,0.933333,0.266667,2135,610,2026-01-05T10:00:00+00:00,demo/goods_turnover/2025-09-30/turnover.csv
Санкт-Петербург,"Одежда, обувь и аксессуары",T-S-011,100875322066,T-Shirt #11,350,250,40,3.5,1841.25,-,,0.933333,0.266667,1718,491,2026-01-05T10:00:00+00:00,demo/goods_turnover/2025-09-30/turnover.csv
Москва,"Одежда, обувь и аксессуары",T-S-012,100140725608,T-Shirt #12,350,250,40,3.5,1411.428571,-,,1.225,0.35,1729,494,2026-01-05T10:00:00+00:00,demo/goods_turnover/2025-09-30/turnover.csv
Санкт-Петербург,"Одежда, обувь и аксессуары",T-S-012,100140725608,T-Shirt #12,350,250,40,3.5,1360.0,-,,1.225,0.35,1666,476,2026-01-05T10:00:00+00:00,demo/goods_turnover/2025-09-30/turnover.csv
Москва,"Одежда, обувь и аксессуары",HOO-001,100915290107,Hoodie #1,350,250,40,3.5,5250.0,-,,0.35,0.1,1838,525,2026-01-05T10:00:00+00:00,demo/goods_turnover/2025-09-30/turnover.csv
Санкт-Петербург,"Одежда, обувь и аксессуары",HOO-001,100915290107,Hoodie #1,350,250,40,3.5,5380.0,-,,0.35,0.1,1883,538,2026-01-05T10:00:00+00:00,demo/goods_turnover/2025-09-30/turnover.csv
Москва,"Одежда, обувь и аксессуары",HOO-002,100944886337,Hoodie #2,350,250,40,3.5,11480.0,-,,0.175,0.05,2009,574,2026-01-05T10:00:00+00:00,demo/goods_turnover/2025-09-30/turnover.csv
Санкт-Петербург,"Одежда, обувь и аксессуары",HOO-002,100944886337,Hoodie #2,350,250,40,3.5,8780.0,-,,0.175,0.05,1536,439,2026-01-05T10:00:00+00:00,demo/goods_turnover/2025-09-30/turnover.csv
Москва,"Одежда, обувь и аксессуары",HOO-003,100632289495,Hoodie #3,350,250,40,3.5,6408.0,-,,0.291667,0.083333,1869,534,2026-01-05T10:00:00+00:00,demo/goods_turnover/2025-09-30/turnover.csv
Санкт-Петербург,"Одежда, обувь и аксессуары",HOO-003,100632289495,Hoodie #3,350,250,40,3.5,7548.0,-,,0.291667,0.083333,2202,629,2026-01-05T10:00:00+00:00,demo/goods_turnover/2025-09-30/turnover.csv
Москва,"Одежда, обувь и аксессуары",HOO-004,100189397364,Hoodie #4,350,250,40,3.5,2750.0,-,,0.7,0.2,1925,550,2026-01-05T10:00:00+00:00,demo/goods_turnover/2025-09-30/turnover.csv
Санкт-Петербург,"Одежда, обувь и аксессуары",HOO-004,100189397364,Hoodie #4,350,250,40,3.5,2760.0,-,,0.7,0.2,1932,552,2026-01-05T10:00:00+00:00,demo/goods_turnover/2025-09-30/turnover.csv
Москва,"Одежда, обувь и аксессуары",HOO-005,100837022690,Hoodie #5,350,250,40,3.5,3585.0,-,,0.466667,0.133333,1673,478,2026-01-05T10:00:00+00:00,demo/goods_turnover/2025-09-30/turnover.csv
Санкт-Петербург,"Одежда, обувь и аксессуары",HOO-005,100837022690,Hoodie #5,350,250,40,3.5,4312.5,-,,0.466667,0.133333,2012,575,2026-01-05T10:00:00+00:00,demo/goods_turnover/2025-09-30/turnover.csv
Москва,"Одежда, обувь и аксессуары",HOO-006,100833949272,Hoodie #6,350,250,40,3.5,5930.0,-,,0.35,0.1,2076,593,2026-01-05T10:00:00+00:00,demo/goods_turnover/2025-09-30/turnover.csv
Санкт-Петербург,"Одежда, обувь и аксессуары",HOO-006,100833949272,Hoodie #6,350,250,40,3.5,5040.0,-,,0.35,0.1,1764,504,2026-01-05T10:00:00+00:00,demo/goods_turnover/2025-09-30/turnover.csv
Москва,"Одежда, обувь и аксессуары",HOO-007,100756888782,Hoodie #7,350,250,40,3.5,5254.285714,-,,0.408333,0.116667,2146,613,2026-01-05T10:00:00+00:00,demo/goods_turnover/2025-09-30/turnover.csv
Санкт-Петербург,"Одежда, обувь и аксессуары",HOO-007,100756888782,Hoodie #7,350,250,40,3.5,4740.0,-,,0.408333,0.116667,1936,553,2026-01-05T10:00:00+00:00,demo/goods_turnover/2025-09-30/turnover.csv
Москва,"Одежда, обувь и аксессуары",HOO-008,100330810719,Hoodie #8,350,250,40,3.5,8550.0,-,,0.233333,0.066667,1995,570,2026-01-05T10:00:00+00:00,demo/goods_turnover/2025-09-30/turnover.csv
Санкт-Петербург,"Одежда, обувь и аксессуары",HOO-008,100330810719,Hoodie #8,350,250,40,3.5,8565.0,-,,0.233333,0.066667,1998,571,2026-01-05T10:00:00+00:00,demo/goods_turnover/2025-09-30/turnover.csv
Москва,"Одежда, обувь и аксессуары",CAP-001,100962765858,Cap #1,350,250,40,3.5,9600.0,-,,0.233333,0.066667,2240,640,2026-01-05T10:00:00+00:00,demo/goods_turnover/2025-09-30/turnover.csv
Санкт-Петербург,"Одежда, обувь и аксессуары",CAP-001,100962765858,Cap #1,350,250,40,3.5,7665.0,-,,0.233333,0.066667,1788,511,2026-01-05T10:00:00+00:00,demo/goods_turnover/2025-09-30/turnover.csv
Москва,"Одежда, обувь и аксессуары",CAP-002,100966756760,Cap #2,350,250,40,3.5,1415.454545,-,,1.283333,0.366667,1816,519,2026-01-05T10:00:00+00:00,demo/goods_turnover/2025-09-30/turnover.csv
Санкт-Петербург,"Одежда, обувь и аксессуары",CAP-002,100966756760,Cap #2,350,250,40,3.5,1445.454545,-,,1.283333,0.366667,1855,530,2026-01-05T10:00:00+00:00,demo/goods_turnover/2025-09-30/turnover.csv
Москва,"Одежда, обувь и аксессуары",CAP-003,100037577486,Cap #3,350,250,40,3.5,7380.0,-,,0.291667,0.083333,2152,615,2026-01-05T10:00:00+00:00,demo/goods_turnover/2025-09-30/turnover.csv
Санкт-Петербург,"Одежда, обувь и аксессуары",CAP-003,100037577486,Cap #3,350,250,40,3.5,6276.0,-,,0.291667,0.083333,1830,523,2026-01-05T10:00:00+00:00,demo/goods_turnover/2025-09-30/turnover.csv
Москва,"Одежда, обувь и аксессуары",CAP-004,100623141549,Cap #4,350,250,40,3.5,1447.5,-,,1.4,0.4,2026,579,2026-01-05T10:00:00+00:00,demo/goods_turnover/2025-09-30/turnover.csv
Санкт-Петербург,"Одежда, обувь и аксессуары",CAP-004,100623141549,Cap #4,350,250,40,3.5,1250.0,-,,1.4,0.4,1750,500,2026-01-05T10:00:00+00:00,demo/goods_turnover/2025-09-30/turnover.csv
Москва,"Одежда, обувь и аксессуары",CAP-005,100948856891,Cap #5,350,250,40,3.5,2901.818182,-,,0.641667,0.183333,1862,532,2026-01-05T10:00:00+00:00,demo/goods_turnover/2025-09-30/turnover.csv
Санкт-Петербург,"Одежда, обувь и аксессуары",CAP-005,100948856891,Cap #5,350,250,40,3.5,3212.727273,-,,0.641667,0.183333,2062,589,2026-01-05T10:00:00+00:00,demo/goods_turnover/2025-09-30/turnover.csv
Москва,"Одежда, обувь и аксессуары",ACC-001,100287596370,Accessorie #1,350,250,40,3.5,14040.0,-,,0.116667,0.033333,1638,468,2026-01-05T10:00:00+00:00,demo/goods_turnover/2025-09-30/turnover.csv
Санкт-Петербург,"Одежда, обувь и аксессуары",ACC-001,100287596370,Accessorie #1,350,250,40,3.5,18690.0,-,,0.116667,0.033333,2180,623,2026-01-05T10:00:00+00:00,demo/goods_turnover/2025-09-30/turnover.csv
Москва,"Одежда, обувь и аксессуары",ACC-002,100284654312,Accessorie #2,350,250,40,3.5,6705.0,-,,0.233333,0.066667,1564,447,2026-01-05T10:00:00+00:00,demo/goods_turnover/2025-09-30/turnover.csv
Санкт-Петербург,"Одежда, обувь и аксессуары",ACC-002,100284654312,Accessorie #2,350,250,40,3.5,7095.0,-,,0.233333,0.066667,1656,473,2026-01-05T10:00:00+00:00,demo/goods_turnover/2025-09-30/turnover.csv
Москва,"Одежда, обувь и аксессуары",ACC-003,100280958590,Accessorie #3,350,250,40,3.5,2605.0,-,,0.7,0.2,1824,521,2026-01-05T10:00:00+00:00,demo/goods_turnover/2025-09-30/turnover.csv
Санкт-Петербург,"Одежда, обувь и аксессуары",ACC-003,100280958590,Accessorie #3,350,250,40,3.5,2645.0,-,,0.7,0.2,1852,529,2026-01-05T10:00:00+00:00,demo/goods_turnover/2025-09-30/turnover.csv
Москва,"Одежда, обувь и аксессуары",ACC-004,100632545757,Accessorie #4,350,250,40,3.5,4180.0,-,,0.525,0.15,2194,627,2026-01-05T10:00:00+00:00,demo/goods_turnover/2025-09-30/turnover.csv
Санкт-Петербург,"Одежда, обувь и аксессуары",ACC-004,100632545757,Accessorie #4,350,250,40,3.5,3880.0,-,,0.525,0.15,2037,582,2026-01-05T10:00:00+00:00,demo/goods_turnover/2025-09-30/turnover.csv
Москва,"Одежда, обувь и аксессуары",ACC-005,100373922635,Accessorie #5,350,250,40,3.5,12440.0,-,,0.175,0.05,2177,622,2026-01-05T10:00:00+00:00,demo/goods_turnover/2025-09-30/turnover.csv
Санкт-Петербург,"Одежда, обувь и аксессуары",ACC-005,100373922635,Accessorie #5,350,250,40,3.5,12680.0,-,,0.175,0.05,2219,634,2026-01-05T10:00:00+00:00,demo/goods_turnover/2025-09-30/turnover.csv
Москва,"Одежда, обувь и аксессуары",T-S-001,100994134931,T-Shirt #1,350,250,40,3.5,8060.0,-,,0.282258,0.080645,2275,650,2026-01-05T10:00:00+00:00,demo/goods_turnover/2025-10-31/turnover.csv
Санкт-Петербург,"Одежда, обувь и аксессуары",T-S-001,100994134931,T-Shirt #1,350,250,40,3.5,6286.8,-,,0.282258,0.080645,1774,507,2026-01-05T10:00:00+00:00,demo/goods_turnover/2025-10-31/turnover.csv
Москва,"Одежда, обувь и аксессуары",T-S-002,100023731241,T-Shirt #2,350,250,40,3.5,3025.6,-,,0.564516,0.16129,1708,488,2026-01-05T10:00:00+00:00,demo/goods_turnover/2025-10-31/turnover.csv
Санкт-Петербург,"Одежда, обувь и аксессуары",T-S-002,100023731241,T-Shirt #2,350,250,40,3.5,3193.0,-,,0.564516,0.16129,1802,515,2026-01-05T10:00:00+00:00,demo/goods_turnover/2025-10-31/turnover.csv
Москва,"Одежда, обувь и аксессуары",T-S-003,100563929279,T-Shirt #3,350,250,40,3.5,20584.0,-,,0.112903,0.032258,2324,664,2026-01-05T10:00:00+00:00,demo/goods_turnover/2025-10-31/turnover.csv
Санкт-Петербург,"Одежда, обувь и аксессуары",T-S-003,100563929279,T-Shirt #3,350,250,40,3.5,19375.0,-,,0.112903,0.032258,2188,625,2026-01-05T10:00:00+00:00,demo/goods_turnover/2025-10-31/turnover.csv
Москва,"Одежда, обувь и аксессуары",T-S-004,100112648476,T-Shirt #4,350,250,40,3.5,15965.0,-,,0.112903,0.032258,1802,515,2026-01-05T10:00:00+00:00,demo/goods_turnover/2025-10-31/turnover.csv
Санкт-Петербург,"Одежда, обувь и аксессуары",T-S-004,100112648476,T-Shirt #4,350,250,40,3.5,14043.0,-,,0.112903,0.032258,1586,453,2026-01-05T10:00:00+00:00,demo/goods_turnover/2025-10-31/turnover.csv
Москва,"Одежда, обувь и аксессуары",T-S-005,100907478922,T-Shirt #5,350,250,40,3.5,6840.666667,-,,0.33871,0.096774,2317,662,2026-01-05T10:00:00+00:00,demo/goods_turnover/2025-10-31/turnover.csv
Санкт-Петербург,"Одежда, обувь и аксессуары",T-S-005,100907478922,T-Shirt #5,350,250,40,3.5,6675.333333,-,,0.33871,0.096774,2261,646,2026-01-05T10:00:00+00:00,demo/goods_turnover/2025-10-31/turnover.csv
Москва,"Одежда, обувь и аксессуары",T-S-006,100904405552,T-Shirt #6,350,250,40,3.5,11511.333333,-,,0.169355,0.048387,1950,557,2026-01-05T10:00:00+00:00,demo/goods_turnover/2025-10-31/turnover.csv
Санкт-Петербург,"Одежда, обувь и аксессуары",T-S-006,100904405552,T-Shirt #6,350,250,40,3.5,11242.666667,-,,0.169355,0.048387,1904,544,2026-01-05T10:00:00+00:00,demo/goods_turnover/2025-10-31/turnover.csv
Москва,"Одежда, обувь и аксессуары",T-S-007,100680139942,T-Shirt #7,350,250,40,3.5,3255.0,-,,0.564516,0.16129,1838,525,2026-01-05T10:00:00+00:00,demo/goods_turnover/2025-10-31/turnover.csv
Санкт-Петербург,"Одежда, обувь и аксессуары",T-S-007,100680139942,T-Shirt #7,350,250,40,3.5,3775.8,-,,0.564516,0.16129,2132,609,2026-01-05T10:00:00+00:00,demo/goods_turnover/2025-10-31/turnover.csv
Москва,"Одежда, обувь и аксессуары",T-S-008,100251702583,T-Shirt #8,350,250,40,3.5,4030.0,-,,0.508065,0.145161,2048,585,2026-01-05T10:00:00+00:00,demo/goods_turnover/2025-10-31/turnover.csv
Санкт-Петербург,"Одежда, обувь и аксессуары",T-S-008,100251702583,T-Shirt #8,350,250,40,3.5,3775.111111,-,,0.508065,0.145161,1918,548,2026-01-05T10:00:00+00:00,demo/goods_turnover/2025-10-31/turnover.csv
Москва,"Одежда, обувь и аксессуары",T-S-009,100013765025,T-Shirt #9,350,250,40,3.5,6968.8,-,,0.282258,0.080645,1967,562,2026-01-05T10:00:00+00:00,demo/goods_turnover/2025-10-31/turnover.csv
Санкт-Петербург,"Одежда, обувь и аксессуары",T-S-009,100013765025,T-Shirt #9,350,250,40,3.5,6510.0,-,,0.282258,0.080645,1838,525,2026-01-05T10:00:00+00:00,demo/goods_turnover/2025-10-31/turnover.csv
Москва,"Одежда, обувь и аксессуары",T-S-010,100415241284,T-Shirt #10,350,250,40,3.5,1364.0,-,,1.41129,0.403226,1925,550,2026-01-05T10:00:00+00:00,demo/goods_turnover/2025-10-31/turnover.csv
Санкт-Петербург,"Одежда, обувь и аксессуары",T-S-010,100415241284,T-Shirt #10,350,250,40,3.5,1133.36,-,,1.41129,0.403226,1600,457,2026-01-05T10:00:00+00:00,demo/goods_turnover/2025-10-31/turnover.csv
Москва,"Одежда, обувь и аксессуары",T-S-011,100875322066,T-Shirt #11,350,250,40,3.5,6758.0,-,,0.33871,0.096774,2289,654,2026-01-05T10:00:00+00:00,demo/goods_turnover/2025-10-31/turnover.csv
Санкт-Петербург,"Одежда, обувь и аксессуары",T-S-011,100875322066,T-Shirt #11,350,250,40,3.5,5848.666667,-,,0.33871,0.096774,1981,566,2026-01-05T10:00:00+00:00,demo/goods_turnover/2025-10-31/turnover.csv
Москва,"Одежда, обувь и аксессуары",T-S-012,100140725608,T-Shirt #12,350,250,40,3.5,2302.857143,-,,0.790323,0.225806,1820,520,2026-01-05T10:00:00+00:00,demo/goods_turnover/2025-10-31/turnover.csv
Санкт-Петербург,"Одежда, обувь и аксессуары",T-S-012,100140725608,T-Shirt #12,350,250,40,3.5,2232.0,-,,0.790323,0.225806,1764,504,2026-01-05T10:00:00+00:00,demo/goods_turnover/2025-10-31/turnover.csv
Москва,"Одежда, обувь и аксессуары",HOO-001,100915290107,Hoodie #1,350,250,40,3.5,6179.333333,-,,0.33871,0.096774,2093,598,2026-01-05T10:00:00+00:00,demo/goods_turnover/2025-10-31/turnover.csv
Санкт-Петербург,"Одежда, обувь и аксессуары",HOO-001,100915290107,Hoodie #1,350,250,40,3.5,6003.666667,-,,0.33871,0.096774,2034,581,2026-01-05T10:00:00+00:00,demo/goods_turnover/2025-10-31/turnover.csv
Москва,"Одежда, обувь и аксессуары",HOO-002,100944886337,Hoodie #2,350,250,40,3.5,38626.0,-,,0.056452,0.016129,2180,623,2026-01-05T10:00:00+00:00,demo/goods_turnover/2025-10-31/turnover.csv
Санкт-Петербург,"Одежда, обувь и аксессуары",HOO-002,100944886337,Hoodie #2,350,250,40,3.5,31062.0,-,,0.056452,0.016129,1754,501,2026-01-05T10:00:00+00:00,demo/goods_turnover/2025-10-31/turnover.csv
Москва,"Одежда, обувь и аксессуары",HOO-003,100632289495,Hoodie #3,350,250,40,3.5,12069.333333,-,,0.169355,0.048387,2044,584,2026-01-05T10:00:00+00:00,demo/goods_turnover/2025-10-31/turnover.csv
Санкт-Петербург,"Одежда, обувь и аксессуары",HOO-003,100632289495,Hoodie #3,350,250,40,3.5,14094.666667,-,,0.169355,0.048387,2387,682,2026-01-05T10:00:00+00:00,demo/goods_turnover/2025-10-31/turnover.csv
Москва,"Одежда, обувь и аксессуары",HOO-004,100189397364,Hoodie #4,350,250,40,3.5,5287.714286,-,,0.395161,0.112903,2090,597,2026-01-05T10:00:00+00:00,demo/goods_turnover/2025-10-31/turnover.csv
Санкт-Петербург,"Одежда, обувь и аксессуары",HOO-004,100189397364,Hoodie #4,350,250,40,3.5,5438.285714,-,,0.395161,0.112903,2149,614,2026-01-05T10:00:00+00:00,demo/goods_turnover/2025-10-31/turnover.csv
Москва,"Одежда, обувь и аксессуары",HOO-005,100837022690,Hoodie #5,350,250,40,3.5,7982.5,-,,0.225806,0.064516,1802,515,2026-01-05T10:00:00+00:00,demo/goods_turnover/2025-10-31/turnover.csv
Санкт-Петербург,"Одежда, обувь и аксессуары",HOO-005,100837022690,Hoodie #5,350,250,40,3.5,9920.0,-,,0.225806,0.064516,2240,640,2026-01-05T10:00:00+00:00,demo/goods_turnover/2025-10-31/turnover.csv
Москва,"Одежда, обувь и аксессуары",HOO-006,100833949272,Hoodie #6,350,250,40,3.5,10168.0,-,,0.225806,0.064516,2296,656,2026-01-05T10:00:00+00:00,demo/goods_turnover/2025-10-31/turnover.csv
Санкт-Петербург,"Одежда, обувь и аксессуары",HOO-006,100833949272,Hoodie #6,350,250,40,3.5,8649.0,-,,0.225806,0.064516,1953,558,2026-01-05T10:00:00+00:00,demo/goods_turnover/2025-10-31/turnover.csv
Москва,"Одежда, обувь и аксессуары",HOO-007,100756888782,Hoodie #7,350,250,40,3.5,3394.5,-,,0.677419,0.193548,2300,657,2026-01-05T10:00:00+00:00,demo/goods_turnover/2025-10-31/turnover.csv
Санкт-Петербург,"Одежда, обувь и аксессуары",HOO-007,100756888782,Hoodie #7,350,250,40,3.5,3218.833333,-,,0.677419,0.193548,2180,623,2026-01-05T10:00:00+00:00,demo/goods_turnover/2025-10-31/turnover.csv
Москва,"Одежда, обувь и аксессуары",HOO-008,100330810719,Hoodie #8,350,250,40,3.5,3707.6,-,,0.564516,0.16129,2093,598,2026-01-05T10:00:00+00:00,demo/goods_turnover/2025-10-31/turnover.csv
Санкт-Петербург,"Одежда, обувь и аксессуары",HOO-008,100330810719,Hoodie #8,350,250,40,3.5,3813.0,-,,0.564516,0.16129,2152,615,2026-01-05T10:00:00+00:00,demo/goods_turnover/2025-10-31/turnover.csv
Москва,"Одежда, обувь и аксессуары",CAP-001,100962765858,Cap #1,350,250,40,3.5,22258.0,-,,0.112903,0.032258,2513,718,2026-01-05T10:00:00+00:00,demo/goods_turnover/2025-10-31/turnover.csv
Санкт-Петербург,"Одежда, обувь и аксессуары",CAP-001,100962765858,Cap #1,350,250,40,3.5,18011.0,-,,0.112903,0.032258,2034,581,2026-01-05T10:00:00+00:00,demo/goods_turnover/2025-10-31/turnover.csv
Москва,"Одежда, обувь и аксессуары",CAP-002,100966756760,Cap #2,350,250,40,3.5,2893.333333,-,,0.677419,0.193548,1960,560,2026-01-05T10:00:00+00:00,demo/goods_turnover/2025-10-31/turnover.csv
Санкт-Петербург,"Одежда, обувь и аксессуары",CAP-002,100966756760,Cap #2,350,250,40,3.5,3100.0,-,,0.677419,0.193548,2100,600,2026-01-05T10:00:00+00:00,demo/goods_turnover/2025-10-31/turnover.csv
Москва,"Одежда, обувь и аксессуары",CAP-003,100037577486,Cap #3,350,250,40,3.5,Нет продаж,-,,0.0,0.0,2390,683,2026-01-05T10:00:00+00:00,demo/goods_turnover/2025-10-31/turnover.csv
Санкт-Петербург,"Одежда, обувь и аксессуары",CAP-003,100037577486,Cap #3,350,250,40,3.5,Нет продаж,-,,0.0,0.0,2100,600,2026-01-05T10:00:00+00:00,demo/goods_turnover/2025-10-31/turnover.csv
Москва,"Одежда, обувь и аксессуары",CAP-004,100623141549,Cap #4,350,250,40,3.5,2530.375,-,,0.903226,0.258065,2286,653,2026-01-05T10:00:00+00:00,demo/goods_turnover/2025-10-31/turnover.csv
Санкт-Петербург,"Одежда, обувь и аксессуары",CAP-004,100623141549,Cap #4,350,250,40,3.5,2034.375,-,,0.903226,0.258065,1838,525,2026-01-05T10:00:00+00:00,demo/goods_turnover/2025-10-31/turnover.csv
Москва,"Одежда, обувь и аксессуары",CAP-005,100948856891,Cap #5,350,250,40,3.5,5358.571429,-,,0.395161,0.112903,2118,605,2026-01-05T10:00:00+00:00,demo/goods_turnover/2025-10-31/turnover.csv
Санкт-Петербург,"Одежда, обувь и аксессуары",CAP-005,100948856891,Cap #5,350,250,40,3.5,5836.857143,-,,0.395161,0.112903,2306,659,2026-01-05T10:00:00+00:00,demo/goods_turnover/2025-10-31/turnover.csv
Москва,"Одежда, обувь и аксессуары",ACC-001,100287596370,Accessorie #1,350,250,40,3.5,5487.0,-,,0.33871,0.096774,1858,531,2026-01-05T10:00:00+00:00,demo/goods_turnover/2025-10-31/turnover.csv
Санкт-Петербург,"Одежда, обувь и аксессуары",ACC-001,100287596370,Accessorie #1,350,250,40,3.5,7026.666667,-,,0.33871,0.096774,2380,680,2026-01-05T10:00:00+00:00,demo/goods_turnover/2025-10-31/turnover.csv
Москва,"Одежда, обувь и аксессуары",ACC-002,100284654312,Accessorie #2,350,250,40,3.5,5011.666667,-,,0.33871,0.096774,1698,485,2026-01-05T10:00:00+00:00,demo/goods_turnover/2025-10-31/turnover.csv
Санкт-Петербург,"Одежда, обувь и аксессуары",ACC-002,100284654312,Accessorie #2,350,250,40,3.5,5538.666667,-,,0.33871,0.096774,1876,536,2026-01-05T10:00:00+00:00,demo/goods_turnover/2025-10-31/turnover.csv
Москва,"Одежда, обувь и аксессуары",ACC-003,100280958590,Accessorie #3,350,250,40,3.5,4968.857143,-,,0.395161,0.112903,1964,561,2026-01-05T10:00:00+00:00,demo/goods_turnover/2025-10-31/turnover.csv
Санкт-Петербург,"Одежда, обувь и аксессуары",ACC-003,100280958590,Accessorie #3,350,250,40,3.5,5243.428571,-,,0.395161,0.112903,2072,592,2026-01-05T10:00:00+00:00,demo/goods_turnover/2025-10-31/turnover.csv
Москва,"Одежда, обувь и аксессуары",ACC-004,100632545757,Accessorie #4,350,250,40,3.5,5845.714286,-,,0.395161,0.112903,2310,660,2026-01-05T10:00:00+00:00,demo/goods_turnover/2025-10-31/turnover.csv
Санкт-Петербург,"Одежда, обувь и аксессуары",ACC-004,100632545757,Accessorie #4,350,250,40,3.5,5402.857143,-,,0.395161,0.112903,2135,610,2026-01-05T10:00:00+00:00,demo/goods_turnover/2025-10-31/turnover.csv
Москва,"Одежда, обувь и аксессуары",ACC-005,100373922635,Accessorie #5,350,250,40,3.5,42532.0,-,,0.056452,0.016129,2401,686,2026-01-05T10:00:00+00:00,demo/goods_turnover/2025-10-31/turnover.csv
Санкт-Петербург,"Одежда, обувь и аксессуары",ACC-005,100373922635,Accessorie #5,350,250,40,3.5,41726.0,-,,0.056452,0.016129,2356,673,2026-01-05T10:00:00+00:00,demo/goods_turnover/2025-10-31/turnover.csv
Москва,"Одежда, обувь и аксессуары",T-S-001,100994134931,T-Shirt #1,350,250,40,3.5,21120.0,-,,0.116667,0.033333,2464,704,2026-01-05T10:00:00+00:00,demo/goods_turnover/2025-11-30/turnover.csv
Санкт-Петербург,"Одежда, обувь и аксессуары",T-S-001,100994134931,T-Shirt #1,350,250,40,3.5,17040.0,-,,0.116667,0.033333,1988,568,2026-01-05T10:00:00+00:00,demo/goods_turnover/2025-11-30/turnover.csv
Москва,"Одежда, обувь и аксессуары",T-S-002,100023731241,T-Shirt #2,350,250,40,3.5,2912.727273,-,,0.641667,0.183333,1869,534,2026-01-05T10:00:00+00:00,demo/goods_turnover/2025-11-30/turnover.csv
Санкт-Петербург,"Одежда, обувь и аксессуары",T-S-002,100023731241,T-Shirt #2,350,250,40,3.5,2967.272727,-,,0.641667,0.183333,1904,544,2026-01-05T10:00:00+00:00,demo/goods_turnover/2025-11-30/turnover.csv
Москва,"Одежда, обувь и аксессуары",T-S-003,100563929279,T-Shirt #3,350,250,40,3.5,42240.0,-,,0.058333,0.016667,2464,704,2026-01-05T10:00:00+00:00,demo/goods_turnover/2025-11-30/turnover.csv
Санкт-Петербург,"Одежда, обувь и аксессуары",T-S-003,100563929279,T-Shirt #3,350,250,40,3.5,42180.0,-,,0.058333,0.016667,2460,703,2026-01-05T10:00:00+00:00,demo/goods_turnover/2025-11-30/turnover.csv
Москва,"Одежда, обувь и аксессуары",T-S-004,100112648476,T-Shirt #4,350,250,40,3.5,34980.0,-,,0.058333,0.016667,2040,583,2026-01-05T10:00:00+00:00,demo/goods_turnover/2025-11-30/turnover.csv
Санкт-Петербург,"Одежда, обувь и аксессуары",T-S-004,100112648476,T-Shirt #4,350,250,40,3.5,31920.0,-,,0.058333,0.016667,1862,532,2026-01-05T10:00:00+00:00,demo/goods_turnover/2025-11-30/turnover.csv
Москва,"Одежда, обувь и аксессуары",T-S-005,100907478922,T-Shirt #5,350,250,40,3.5,7330.0,-,,0.35,0.1,2566,733,2026-01-05T10:00:00+00:00,demo/goods_turnover/2025-11-30/turnover.csv
Санкт-Петербург,"Одежда, обувь и аксессуары",T-S-005,100907478922,T-Shirt #5,350,250,40,3.5,7000.0,-,,0.35,0.1,2450,700,2026-01-05T10:00:00+00:00,demo/goods_turnover/2025-11-30/turnover.csv
Москва,"Одежда, обувь и аксессуары",T-S-006,100904405552,T-Shirt #6,350,250,40,3.5,18240.0,-,,0.116667,0.033333,2128,608,2026-01-05T10:00:00+00:00,demo/goods_turnover/2025-11-30/turnover.csv
Санкт-Петербург,"Одежда, обувь и аксессуары",T-S-006,100904405552,T-Shirt #6,350,250,40,3.5,18150.0,-,,0.116667,0.033333,2118,605,2026-01-05T10:00:00+00:00,demo/goods_turnover/2025-11-30/turnover.csv
Москва,"Одежда, обувь и аксессуары",T-S-007,100680139942,T-Shirt #7,350,250,40,3.5,4192.5,-,,0.466667,0.133333,1956,559,2026-01-05T10:00:00+00:00,demo/goods_turnover/2025-11-30/turnover.csv
Санкт-Петербург,"Одежда, обувь и аксессуары",T-S-007,100680139942,T-Shirt #7,350,250,40,3.5,4800.0,-,,0.466667,0.133333,2240,640,2026-01-05T10:00:00+00:00,demo/goods_turnover/2025-11-30/turnover.csv
Москва,"Одежда, обувь и аксессуары",T-S-008,100251702583,T-Shirt #8,350,250,40,3.5,2712.857143,-,,0.816667,0.233333,2216,633,2026-01-05T10:00:00+00:00,demo/goods_turnover/2025-11-30/turnover.csv
Санкт-Петербург,"Одежда, обувь и аксессуары",T-S-008,100251702583,T-Shirt #8,350,250,40,3.5,2588.571429,-,,0.816667,0.233333,2114,604,2026-01-05T10:00:00+00:00,demo/goods_turnover/2025-11-30/turnover.csv
Москва,"Одежда, обувь и аксессуары",T-S-009,100013765025,T-Shirt #9,350,250,40,3.5,2601.428571,-,,0.816667,0.233333,2124,607,2026-01-05T10:00:00+00:00,demo/goods_turnover/2025-11-30/turnover.csv
Санкт-Петербург,"Одежда, обувь и аксессуары",T-S-009,100013765025,T-Shirt #9,350,250,40,3.5,2562.857143,-,,0.816667,0.233333,2093,598,2026-01-05T10:00:00+00:00,demo/goods_turnover/2025-11-30/turnover.csv
Москва,"Одежда, обувь и аксессуары",T-S-010,100415241284,T-Shirt #10,350,250,40,3.5,1362.222222,-,,1.575,0.45,2146,613,2026-01-05T10:00:00+00:00,demo/goods_turnover/2025-11-30/turnover.csv
Санкт-Петербург,"Одежда, обувь и аксессуары",T-S-010,100415241284,T-Shirt #10,350,250,40,3.5,1142.222222,-,,1.575,0.45,1799,514,2026-01-05T10:00:00+00:00,demo/goods_turnover/2025-11-30/turnover.csv
Москва,"Одежда, обувь и аксессуары",T-S-011,100875322066,T-Shirt #11,350,250,40,3.5,3540.0,-,,0.7,0.2,2478,708,2026-01-05T10:00:00+00:00,demo/goods_turnover/2025-11-30/turnover.csv
Санкт-Петербург,"Одежда, обувь и аксессуары",T-S-011,100875322066,T-Shirt #11,350,250,40,3.5,3140.0,-,,0.7,0.2,2198,628,2026-01-05T10:00:00+00:00,demo/goods_turnover/2025-11-30/turnover.csv
Москва,"Одежда, обувь и аксессуары",T-S-012,100140725608,T-Shirt #12,350,250,40,3.5,1866.315789,-,,1.108333,0.316667,2068,591,2026-01-05T10:00:00+00:00,demo/goods_turnover/2025-11-30/turnover.csv
Санкт-Петербург,"Одежда, обувь и аксессуары",T-S-012,100140725608,T-Shirt #12,350,250,40,3.5,1768.421053,-,,1.108333,0.316667,1960,560,2026-01-05T10:00:00+00:00,demo/goods_turnover/2025-11-30/turnover.csv
Москва,"Одежда, обувь и аксессуары",HOO-001,100915290107,Hoodie #1,350,250,40,3.5,13300.0,-,,0.175,0.05,2328,665,2026-01-05T10:00:00+00:00,demo/goods_turnover/2025-11-30/turnover.csv
Санкт-Петербург,"Одежда, обувь и аксессуары",HOO-001,100915290107,Hoodie #1,350,250,40,3.5,12240.0,-,,0.175,0.05,2142,612,2026-01-05T10:00:00+00:00,demo/goods_turnover/2025-11-30/turnover.csv
Москва,"Одежда, обувь и аксессуары",HOO-002,100944886337,Hoodie #2,350,250,40,3.5,6640.0,-,,0.35,0.1,2324,664,2026-01-05T10:00:00+00:00,demo/goods_turnover/2025-11-30/turnover.csv
Санкт-Петербург,"Одежда, обувь и аксессуары",HOO-002,100944886337,Hoodie #2,350,250,40,3.5,5670.0,-,,0.35,0.1,1984,567,2026-01-05T10:00:00+00:00,demo/goods_turnover/2025-11-30/turnover.csv
Москва,"Одежда, обувь и аксессуары",HOO-003,100632289495,Hoodie #3,350,250,40,3.5,18810.0,-,,0.116667,0.033333,2194,627,2026-01-05T10:00:00+00:00,demo/goods_turnover/2025-11-30/turnover.csv
Санкт-Петербург,"Одежда, обувь и аксессуары",HOO-003,100632289495,Hoodie #3,350,250,40,3.5,21660.0,-,,0.116667,0.033333,2527,722,2026-01-05T10:00:00+00:00,demo/goods_turnover/2025-11-30/turnover.csv
Москва,"Одежда, обувь и аксессуары",HOO-004,100189397364,Hoodie #4,350,250,40,3.5,6710.0,-,,0.35,0.1,2348,671,2026-01-05T10:00:00+00:00,demo/goods_turnover/2025-11-30/turnover.csv
Санкт-Петербург,"Одежда, обувь и аксессуары",HOO-004,100189397364,Hoodie #4,350,250,40,3.5,6440.0,-,,0.35,0.1,2254,644,2026-01-05T10:00:00+00:00,demo/goods_turnover/2025-11-30/turnover.csv
Москва,"Одежда, обувь и аксессуары",HOO-005,100837022690,Hoodie #5,350,250,40,3.5,3038.181818,-,,0.641667,0.183333,1950,557,2026-01-05T10:00:00+00:00,demo/goods_turnover/2025-11-30/turnover.csv
Санкт-Петербург,"Одежда, обувь и аксессуары",HOO-005,100837022690,Hoodie #5,350,250,40,3.5,3872.727273,-,,0.641667,0.183333,2485,710,2026-01-05T10:00:00+00:00,demo/goods_turnover/2025-11-30/turnover.csv
Москва,"Одежда, обувь и аксессуары",HOO-006,100833949272,Hoodie #6,350,250,40,3.5,21210.0,-,,0.116667,0.033333,2474,707,2026-01-05T10:00:00+00:00,demo/goods_turnover/2025-11-30/turnover.csv
Санкт-Петербург,"Одежда, обувь и аксессуары",HOO-006,100833949272,Hoodie #6,350,250,40,3.5,18990.0,-,,0.116667,0.033333,2216,633,2026-01-05T10:00:00+00:00,demo/goods_turnover/2025-11-30/turnover.csv
Москва,"Одежда, обувь и аксессуары",HOO-007,100756888782,Hoodie #7,350,250,40,3.5,7320.0,-,,0.35,0.1,2562,732,2026-01-05T10:00:00+00:00,demo/goods_turnover/2025-11-30/turnover.csv
Санкт-Петербург,"Одежда, обувь и аксессуары",HOO-007,100756888782,Hoodie #7,350,250,40,3.5,6590.0,-,,0.35,0.1,2306,659,2026-01-05T10:00:00+00:00,demo/goods_turnover/2025-11-30/turnover.csv
Москва,"Одежда, обувь и аксессуары",HOO-008,100330810719,Hoodie #8,350,250,40,3.5,19620.0,-,,0.116667,0.033333,2289,654,2026-01-05T10:00:00+00:00,demo/goods_turnover/2025-11-30/turnover.csv
Санкт-Петербург,"Одежда, обувь и аксессуары",HOO-008,100330810719,Hoodie #8,350,250,40,3.5,20490.0,-,,0.116667,0.033333,2390,683,2026-01-05T10:00:00+00:00,demo/goods_turnover/2025-11-30/turnover.csv
Москва,"Одежда, обувь и аксессуары",CAP-001,100962765858,Cap #1,350,250,40,3.5,15120.0,-,,0.175,0.05,2646,756,2026-01-05T10:00:00+00:00,demo/goods_turnover/2025-11-30/turnover.csv
Санкт-Петербург,"Одежда, обувь и аксессуары",CAP-001,100962765858,Cap #1,350,250,40,3.5,13100.0,-,,0.175,0.05,2292,655,2026-01-05T10:00:00+00:00,demo/goods_turnover/2025-11-30/turnover.csv
Москва,"Одежда, обувь и аксессуары",CAP-002,100966756760,Cap #2,350,250,40,3.5,2110.588235,-,,0.991667,0.283333,2093,598,2026-01-05T10:00:00+00:00,demo/goods_turnover/2025-11-30/turnover.csv
Санкт-Петербург,"Одежда, обувь и аксессуары",CAP-002,100966756760,Cap #2,350,250,40,3.5,2347.058824,-,,0.991667,0.283333,2328,665,2026-01-05T10:00:00+00:00,demo/goods_turnover/2025-11-30/turnover.csv
Москва,"Одежда, обувь и аксессуары",CAP-003,100037577486,Cap #3,350,250,40,3.5,42960.0,-,,0.058333,0.016667,2506,716,2026-01-05T10:00:00+00:00,demo/goods_turnover/2025-11-30/turnover.csv
Санкт-Петербург,"Одежда, обувь и аксессуары",CAP-003,100037577486,Cap #3,350,250,40,3.5,38100.0,-,,0.058333,0.016667,2222,635,2026-01-05T10:00:00+00:00,demo/goods_turnover/2025-11-30/turnover.csv
Москва,"Одежда, обувь и аксессуары",CAP-004,100623141549,Cap #4,350,250,40,3.5,3769.090909,-,,0.641667,0.183333,2418,691,2026-01-05T10:00:00+00:00,demo/goods_turnover/2025-11-30/turnover.csv
Санкт-Петербург,"Одежда, обувь и аксессуары",CAP-004,100623141549,Cap #4,350,250,40,3.5,3190.909091,-,,0.641667,0.183333,2048,585,2026-01-05T10:00:00+00:00,demo/goods_turnover/2025-11-30/turnover.csv
Москва,"Одежда, обувь и аксессуары",CAP-005,100948856891,Cap #5,350,250,40,3.5,8052.0,-,,0.291667,0.083333,2348,671,2026-01-05T10:00:00+00:00,demo/goods_turnover/2025-11-30/turnover.csv
Санкт-Петербург,"Одежда, обувь и аксессуары",CAP-005,100948856891,Cap #5,350,250,40,3.5,8796.0,-,,0.291667,0.083333,2566,733,2026-01-05T10:00:00+00:00,demo/goods_turnover/2025-11-30/turnover.csv
Москва,"Одежда, обувь и аксессуары",ACC-001,100287596370,Accessorie #1,350,250,40,3.5,Нет продаж,-,,0.0,0.0,2065,590,2026-01-05T10:00:00+00:00,demo/goods_turnover/2025-11-30/turnover.csv
Санкт-Петербург,"Одежда, обувь и аксессуары",ACC-001,100287596370,Accessorie #1,350,250,40,3.5,Нет продаж,-,,0.0,0.0,2639,754,2026-01-05T10:00:00+00:00,demo/goods_turnover/2025-11-30/turnover.csv
Москва,"Одежда, обувь и аксессуары",ACC-002,100284654312,Accessorie #2,350,250,40,3.5,7995.0,-,,0.233333,0.066667,1866,533,2026-01-05T10:00:00+00:00,demo/goods_turnover/2025-11-30/turnover.csv
Санкт-Петербург,"Одежда, обувь и аксессуары",ACC-002,100284654312,Accessorie #2,350,250,40,3.5,9075.0,-,,0.233333,0.066667,2118,605,2026-01-05T10:00:00+00:00,demo/goods_turnover/2025-11-30/turnover.csv
Москва,"Одежда, обувь и аксессуары",ACC-003,100280958590,Accessorie #3,350,250,40,3.5,2783.076923,-,,0.758333,0.216667,2110,603,2026-01-05T10:00:00+00:00,demo/goods_turnover/2025-11-30/turnover.csv
Санкт-Петербург,"Одежда, обувь и аксессуары",ACC-003,100280958590,Accessorie #3,350,250,40,3.5,2935.384615,-,,0.758333,0.216667,2226,636,2026-01-05T10:00:00+00:00,demo/goods_turnover/2025-11-30/turnover.csv
Москва,"Одежда, обувь и аксессуары",ACC-004,100632545757,Accessorie #4,350,250,40,3.5,10365.0,-,,0.233333,0.066667,2418,691,2026-01-05T10:00:00+00:00,demo/goods_turnover/2025-11-30/turnover.csv
Санкт-Петербург,"Одежда, обувь и аксессуары",ACC-004,100632545757,Accessorie #4,350,250,40,3.5,9810.0,-,,0.233333,0.066667,2289,654,2026-01-05T10:00:00+00:00,demo/goods_turnover/2025-11-30/turnover.csv
Москва,"Одежда, обувь и аксессуары",ACC-005,100373922635,Accessorie #5,350,250,40,3.5,Нет продаж,-,,0.0,0.0,2618,748,2026-01-05T10:00:00+00:00,demo/goods_turnover/2025-11-30/turnover.csv
Санкт-Петербург,"Одежда, обувь и аксессуары",ACC-005,100373922635,Accessorie #5,350,250,40,3.5,Нет продаж,-,,0.0,0.0,2478,708,2026-01-05T10:00:00+00:00,demo/goods_turnover/2025-11-30/turnover.csv
Москва,"Одежда, обувь и аксессуары",T-S-001,100994134931,T-Shirt #1,350,250,40,3.5,9151.2,-,,0.282258,0.080645,2583,738,2026-01-05T10:00:00+00:00,demo/goods_turnover/2025-12-31/turnover.csv
Санкт-Петербург,"Одежда, обувь и аксессуары",T-S-001,100994134931,T-Shirt #1,350,250,40,3.5,7936.0,-,,0.282258,0.080645,2240,640,2026-01-05T10:00:00+00:00,demo/goods_turnover/2025-12-31/turnover.csv
Москва,"Одежда, обувь и аксессуары",T-S-002,100023731241,T-Shirt #2,350,250,40,3.5,2537.571429,-,,0.790323,0.225806,2006,573,2026-01-05T10:00:00+00:00,demo/goods_turnover/2025-12-31/turnover.csv
Санкт-Петербург,"Одежда, обувь и аксессуары",T-S-002,100023731241,T-Shirt #2,350,250,40,3.5,2573.0,-,,0.790323,0.225806,2034,581,2026-01-05T10:00:00+00:00,demo/goods_turnover/2025-12-31/turnover.csv
Москва,"Одежда, обувь и аксессуары",T-S-003,100563929279,T-Shirt #3,350,250,40,3.5,24056.0,-,,0.112903,0.032258,2716,776,2026-01-05T10:00:00+00:00,demo/goods_turnover/2025-12-31/turnover.csv
Санкт-Петербург,"Одежда, обувь и аксессуары",T-S-003,100563929279,T-Shirt #3,350,250,40,3.5,22971.0,-,,0.112903,0.032258,2594,741,2026-01-05T10:00:00+00:00,demo/goods_turnover/2025-12-31/turnover.csv
Москва,"Одежда, обувь и аксессуары",T-S-004,100112648476,T-Shirt #4,350,250,40,3.5,7700.4,-,,0.282258,0.080645,2174,621,2026-01-05T10:00:00+00:00,demo/goods_turnover/2025-12-31/turnover.csv
Санкт-Петербург,"Одежда, обувь и аксессуары",T-S-004,100112648476,T-Shirt #4,350,250,40,3.5,6968.8,-,,0.282258,0.080645,1967,562,2026-01-05T10:00:00+00:00,demo/goods_turnover/2025-12-31/turnover.csv
Москва,"Одежда, обувь и аксессуары",T-S-005,100907478922,T-Shirt #5,350,250,40,3.5,16264.666667,-,,0.169355,0.048387,2754,787,2026-01-05T10:00:00+00:00,demo/goods_turnover/2025-12-31/turnover.csv
Санкт-Петербург,"Одежда, обувь и аксессуары",T-S-005,100907478922,T-Shirt #5,350,250,40,3.5,15500.0,-,,0.169355,0.048387,2625,750,2026-01-05T10:00:00+00:00,demo/goods_turnover/2025-12-31/turnover.csv
Москва,"Одежда, обувь и аксессуары",T-S-006,100904405552,T-Shirt #6,350,250,40,3.5,10245.5,-,,0.225806,0.064516,2314,661,2026-01-05T10:00:00+00:00,demo/goods_turnover/2025-12-31/turnover.csv
Санкт-Петербург,"Одежда, обувь и аксессуары",T-S-006,100904405552,T-Shirt #6,350,250,40,3.5,10044.0,-,,0.225806,0.064516,2268,648,2026-01-05T10:00:00+00:00,demo/goods_turnover/2025-12-31/turnover.csv
Москва,"Одежда, обувь и аксессуары",T-S-007,100680139942,T-Shirt #7,350,250,40,3.5,4595.75,-,,0.451613,0.129032,2076,593,2026-01-05T10:00:00+00:00,demo/goods_turnover/2025-12-31/turnover.csv
Санкт-Петербург,"Одежда, обувь и аксессуары",T-S-007,100680139942,T-Shirt #7,350,250,40,3.5,5471.5,-,,0.451613,0.129032,2471,706,2026-01-05T10:00:00+00:00,demo/goods_turnover/2025-12-31/turnover.csv
Москва,"Одежда, обувь и аксессуары",T-S-008,100251702583,T-Shirt #8,350,250,40,3.5,3759.454545,-,,0.620968,0.177419,2334,667,2026-01-05T10:00:00+00:00,demo/goods_turnover/2025-12-31/turnover.csv
Санкт-Петербург,"Одежда, обувь и аксессуары",T-S-008,100251702583,T-Shirt #8,350,250,40,3.5,3731.272727,-,,0.620968,0.177419,2317,662,2026-01-05T10:00:00+00:00,demo/goods_turnover/2025-12-31/turnover.csv
Москва,"Одежда, обувь и аксессуары",T-S-009,100013765025,T-Shirt #9,350,250,40,3.5,3114.307692,-,,0.733871,0.209677,2286,653,2026-01-05T10:00:00+00:00,demo/goods_turnover/2025-12-31/turnover.csv
Санкт-Петербург,"Одежда, обувь и аксессуары",T-S-009,100013765025,T-Shirt #9,350,250,40,3.5,3176.307692,-,,0.733871,0.209677,2331,666,2026-01-05T10:00:00+00:00,demo/goods_turnover/2025-12-31/turnover.csv
Москва,"Одежда, обувь и аксессуары",T-S-010,100415241284,T-Shirt #10,350,250,40,3.5,1328.0,-,,1.75,0.5,2324,664,2026-01-05T10:00:00+00:00,demo/goods_turnover/2025-12-31/turnover.csv
Санкт-Петербург,"Одежда, обувь и аксессуары",T-S-010,100415241284,T-Shirt #10,350,250,40,3.5,1062.0,-,,1.75,0.5,1858,531,2026-01-05T10:00:00+00:00,demo/goods_turnover/2025-12-31/turnover.csv
Москва,"Одежда, обувь и аксессуары",T-S-011,100875322066,T-Shirt #11,350,250,40,3.5,6669.428571,-,,0.395161,0.112903,2636,753,2026-01-05T10:00:00+00:00,demo/goods_turnover/2025-12-31/turnover.csv
Санкт-Петербург,"Одежда, обувь и аксессуары",T-S-011,100875322066,T-Shirt #11,350,250,40,3.5,6076.0,-,,0.395161,0.112903,2401,686,2026-01-05T10:00:00+00:00,demo/goods_turnover/2025-12-31/turnover.csv
Москва,"Одежда, обувь и аксессуары",T-S-012,100140725608,T-Shirt #12,350,250,40,3.5,2534.25,-,,0.903226,0.258065,2289,654,2026-01-05T10:00:00+00:00,demo/goods_turnover/2025-12-31/turnover.csv
Санкт-Петербург,"Одежда, обувь и аксессуары",T-S-012,100140725608,T-Shirt #12,350,250,40,3.5,2394.75,-,,0.903226,0.258065,2163,618,2026-01-05T10:00:00+00:00,demo/goods_turnover/2025-12-31/turnover.csv
Москва,"Одежда, обувь и аксессуары",HOO-001,100915290107,Hoodie #1,350,250,40,3.5,11082.5,-,,0.225806,0.064516,2502,715,2026-01-05T10:00:00+00:00,demo/goods_turnover/2025-12-31/turnover.csv
Санкт-Петербург,"Одежда, обувь и аксессуары",HOO-001,100915290107,Hoodie #1,350,250,40,3.5,10199.0,-,,0.225806,0.064516,2303,658,2026-01-05T10:00:00+00:00,demo/goods_turnover/2025-12-31/turnover.csv
Москва,"Одежда, обувь и аксессуары",HOO-002,100944886337,Hoodie #2,350,250,40,3.5,Нет продаж,-,,0.0,0.0,2552,729,2026-01-05T10:00:00+00:00,demo/goods_turnover/2025-12-31/turnover.csv
Санкт-Петербург,"Одежда, обувь и аксессуары",HOO-002,100944886337,Hoodie #2,350,250,40,3.5,Нет продаж,-,,0.0,0.0,2170,620,2026-01-05T10:00:00+00:00,demo/goods_turnover/2025-12-31/turnover.csv
Москва,"Одежда, обувь и аксессуары",HOO-003,100632289495,Hoodie #3,350,250,40,3.5,20460.0,-,,0.112903,0.032258,2310,660,2026-01-05T10:00:00+00:00,demo/goods_turnover/2025-12-31/turnover.csv
Санкт-Петербург,"Одежда, обувь и аксессуары",HOO-003,100632289495,Hoodie #3,350,250,40,3.5,24707.0,-,,0.112903,0.032258,2790,797,2026-01-05T10:00:00+00:00,demo/goods_turnover/2025-12-31/turnover.csv
Москва,"Одежда, обувь и аксессуары",HOO-004,100189397364,Hoodie #4,350,250,40,3.5,8928.0,-,,0.282258,0.080645,2520,720,2026-01-05T10:00:00+00:00,demo/goods_turnover/2025-12-31/turnover.csv
Санкт-Петербург,"Одежда, обувь и аксессуары",HOO-004,100189397364,Hoodie #4,350,250,40,3.5,8543.6,-,,0.282258,0.080645,2412,689,2026-01-05T10:00:00+00:00,demo/goods_turnover/2025-12-31/turnover.csv
Москва,"Одежда, обувь и аксессуары",HOO-005,100837022690,Hoodie #5,350,250,40,3.5,4092.0,-,,0.508065,0.145161,2079,594,2026-01-05T10:00:00+00:00,demo/goods_turnover/2025-12-31/turnover.csv
Санкт-Петербург,"Одежда, обувь и аксессуары",HOO-005,100837022690,Hoodie #5,350,250,40,3.5,5201.111111,-,,0.508065,0.145161,2642,755,2026-01-05T10:00:00+00:00,demo/goods_turnover/2025-12-31/turnover.csv
Москва,"Одежда, обувь и аксессуары",HOO-006,100833949272,Hoodie #6,350,250,40,3.5,23622.0,-,,0.112903,0.032258,2667,762,2026-01-05T10:00:00+00:00,demo/goods_turnover/2025-12-31/turnover.csv
Санкт-Петербург,"Одежда, обувь и аксессуары",HOO-006,100833949272,Hoodie #6,350,250,40,3.5,21483.0,-,,0.112903,0.032258,2426,693,2026-01-05T10:00:00+00:00,demo/goods_turnover/2025-12-31/turnover.csv
Москва,"Одежда, обувь и аксессуары",HOO-007,100756888782,Hoodie #7,350,250,40,3.5,5338.888889,-,,0.508065,0.145161,2712,775,2026-01-05T10:00:00+00:00,demo/goods_turnover/2025-12-31/turnover.csv
Санкт-Петербург,"Одежда, обувь и аксессуары",HOO-007,100756888782,Hoodie #7,350,250,40,3.5,5049.555556,-,,0.508065,0.145161,2566,733,2026-01-05T10:00:00+00:00,demo/goods_turnover/2025-12-31/turnover.csv
Москва,"Одежда, обувь и аксессуары",HOO-008,100330810719,Hoodie #8,350,250,40,3.5,10757.0,-,,0.225806,0.064516,2429,694,2026-01-05T10:00:00+00:00,demo/goods_turnover/2025-12-31/turnover.csv
Санкт-Петербург,"Одежда, обувь и аксессуары",HOO-008,100330810719,Hoodie #8,350,250,40,3.5,11718.0,-,,0.225806,0.064516,2646,756,2026-01-05T10:00:00+00:00,demo/goods_turnover/2025-12-31/turnover.csv
Москва,"Одежда, обувь и аксессуары",CAP-001,100962765858,Cap #1,350,250,40,3.5,7316.0,-,,0.395161,0.112903,2891,826,2026-01-05T10:00:00+00:00,demo/goods_turnover/2025-12-31/turnover.csv
Санкт-Петербург,"Одежда, обувь и аксессуары",CAP-001,100962765858,Cap #1,350,250,40,3.5,6492.285714,-,,0.395161,0.112903,2566,733,2026-01-05T10:00:00+00:00,demo/goods_turnover/2025-12-31/turnover.csv
Москва,"Одежда, обувь и аксессуары",CAP-002,100966756760,Cap #2,350,250,40,3.5,2166.555556,-,,1.016129,0.290323,2202,629,2026-01-05T10:00:00+00:00,demo/goods_turnover/2025-12-31/turnover.csv
Санкт-Петербург,"Одежда, обувь и аксессуары",CAP-002,100966756760,Cap #2,350,250,40,3.5,2383.555556,-,,1.016129,0.290323,2422,692,2026-01-05T10:00:00+00:00,demo/goods_turnover/2025-12-31/turnover.csv
Москва,"Одежда, обувь и аксессуары",CAP-003,100037577486,Cap #3,350,250,40,3.5,6651.714286,-,,0.395161,0.112903,2628,751,2026-01-05T10:00:00+00:00,demo/goods_turnover/2025-12-31/turnover.csv
Санкт-Петербург,"Одежда, обувь и аксессуары",CAP-003,100037577486,Cap #3,350,250,40,3.5,6173.428571,-,,0.395161,0.112903,2440,697,2026-01-05T10:00:00+00:00,demo/goods_turnover/2025-12-31/turnover.csv
Москва,"Одежда, обувь и аксессуары",CAP-004,100623141549,Cap #4,350,250,40,3.5,1722.222222,-,,1.524194,0.435484,2625,750,2026-01-05T10:00:00+00:00,demo/goods_turnover/2025-12-31/turnover.csv
Санкт-Петербург,"Одежда, обувь и аксессуары",CAP-004,100623141549,Cap #4,350,250,40,3.5,1490.296296,-,,1.524194,0.435484,2272,649,2026-01-05T10:00:00+00:00,demo/goods_turnover/2025-12-31/turnover.csv
Москва,"Одежда, обувь и аксессуары",CAP-005,100948856891,Cap #5,350,250,40,3.5,5735.0,-,,0.451613,0.129032,2590,740,2026-01-05T10:00:00+00:00,demo/goods_turnover/2025-12-31/turnover.csv
Санкт-Петербург,"Одежда, обувь и аксессуары",CAP-005,100948856891,Cap #5,350,250,40,3.5,6231.0,-,,0.451613,0.129032,2814,804,2026-01-05T10:00:00+00:00,demo/goods_turnover/2025-12-31/turnover.csv
Москва,"Одежда, обувь и аксессуары",ACC-001,100287596370,Accessorie #1,350,250,40,3.5,19964.0,-,,0.112903,0.032258,2254,644,2026-01-05T10:00:00+00:00,demo/goods_turnover/2025-12-31/turnover.csv
Санкт-Петербург,"Одежда, обувь и аксессуары",ACC-001,100287596370,Accessorie #1,350,250,40,3.5,25792.0,-,,0.112903,0.032258,2912,832,2026-01-05T10:00:00+00:00,demo/goods_turnover/2025-12-31/turnover.csv
Москва,"Одежда, обувь и аксессуары",ACC-002,100284654312,Accessorie #2,350,250,40,3.5,4986.571429,-,,0.395161,0.112903,1970,563,2026-01-05T10:00:00+00:00,demo/goods_turnover/2025-12-31/turnover.csv
Санкт-Петербург,"Одежда, обувь и аксессуары",ACC-002,100284654312,Accessorie #2,350,250,40,3.5,5677.428571,-,,0.395161,0.112903,2244,641,2026-01-05T10:00:00+00:00,demo/goods_turnover/2025-12-31/turnover.csv
Москва,"Одежда, обувь и аксессуары",ACC-003,100280958590,Accessorie #3,350,250,40,3.5,6706.333333,-,,0.33871,0.096774,2272,649,2026-01-05T10:00:00+00:00,demo/goods_turnover/2025-12-31/turnover.csv
Санкт-Петербург,"Одежда, обувь и аксессуары",ACC-003,100280958590,Accessorie #3,350,250,40,3.5,7274.666667,-,,0.33871,0.096774,2464,704,2026-01-05T10:00:00+00:00,demo/goods_turnover/2025-12-31/turnover.csv
Москва,"Одежда, обувь и аксессуары",ACC-004,100632545757,Accessorie #4,350,250,40,3.5,4210.363636,-,,0.620968,0.177419,2614,747,2026-01-05T10:00:00+00:00,demo/goods_turnover/2025-12-31/turnover.csv
Санкт-Петербург,"Одежда, обувь и аксессуары",ACC-004,100632545757,Accessorie #4,350,250,40,3.5,3906.0,-,,0.620968,0.177419,2426,693,2026-01-05T10:00:00+00:00,demo/goods_turnover/2025-12-31/turnover.csv
Москва,"Одежда, обувь и аксессуары",ACC-005,100373922635,Accessorie #5,350,250,40,3.5,25420.0,-,,0.112903,0.032258,2870,820,2026-01-05T10:00:00+00:00,demo/goods_turnover/2025-12-31/turnover.csv
Санкт-Петербург,"Одежда, обувь и аксессуары",ACC-005,100373922635,Accessorie #5,350,250,40,3.5,23002.0,-,,0.112903,0.032258,2597,742,2026-01-05T10:00:00+00:00,demo/goods_turnover/2025-12-31/turnover.csv
