ORDER_ID,ORDER_STATUS,CREATION_DATE,ORDER_TYPE,SUMMARY_COMMISSION,SUM_BILLING_PRICE_OF_ITEMS,INCOME_WITHOUT_SERVICES,BUYER_PAYMENT,BUYER_PAYMENT_STATUS,SALE_COMMISSION,BUYER_DELIVERY,CROSSREGIONAL_DELIVERY,BUYER_PAYMENT_ACCEPT,BUYER_PAYMENT_TRANSFER,LOYALTY_PROGRAM,BOOST,INSTALLMENT,WAREHOUSE_PROCESSING,_LOADED_AT,_SOURCE_FILE
ORD-100001,Delivered,01.01.2025,Sale to individual,260.26,1071.0,810.74,1071.0,Transferred,160.65,53.55,10.71,5.36,8.57,21.42,0.0,0.0,0.0,2026-01-05T10:00:00+00:00,demo
ORD-100002,Delivered,02.01.2025,Sale to individual,493.29,2030.0,1536.71,2030.0,Transferred,304.5,101.5,20.3,10.15,16.24,40.6,0.0,0.0,0.0,2026-01-05T10:00:00+00:00,demo
ORD-100003,Delivered,02.01.2025,Sale to individual,532.17,2190.0,1657.83,2190.0,Transferred,328.5,109.5,21.9,10.95,17.52,43.8,0.0,0.0,0.0,2026-01-05T10:00:00+00:00,demo
ORD-100004,Delivered,02.01.2025,Sale to individual,1226.91,5049.0,3822.09,5049.0,Transferred,757.35,252.45,50.49,25.25,40.39,100.98,0.0,0.0,0.0,2026-01-05T10:00:00+00:00,demo
ORD-100005,Delivered,02.01.2025,Sale to individual,1414.01,5819.0,4404.99,5819.0,Transferred,872.85,290.95,58.19,29.09,46.55,116.38,0.0,0.0,0.0,2026-01-05T10:00:00+00:00,demo
ORD-100006,Delivered,03.01.2025,Sale to individual,2271.8,9349.0,7077.2,9349.0,Transferred,1402.35,467.45,93.49,46.74,74.79,186.98,0.0,0.0,0.0,2026-01-05T10:00:00+00:00,demo
ORD-100007,Delivered,03.01.2025,Sale to individual,260.26,1071.0,810.74,1071.0,Transferred,160.65,53.55,10.71,5.36,8.57,21.42,0.0,0.0,0.0,2026-01-05T10:00:00+00:00,demo
ORD-100008,Delivered,03.01.2025,Sale to individual,1334.32,5491.0,4156.68,5491.0,Transferred,823.65,274.55,54.91,27.46,43.93,109.82,0.0,0.0,0.0,2026-01-05T10:00:00+00:00,demo
ORD-100009,Delivered,03.01.2025,Sale to individual,435.82,1793.5,1357.68,1793.5,Transferred,269.02,89.68,17.93,8.97,14.35,35.87,0.0,0.0,0.0,2026-01-05T10:00:00+00:00,demo
ORD-100010,Delivered,03.01.2025,Sale to individual,1178.55,4850.0,3671.45,4850.0,Transferred,727.5,242.5,48.5,24.25,38.8,97.0,0.0,0.0,0.0,2026-01-05T10:00:00+00:00,demo
ORD-100011,Delivered,03.01.2025,Sale to individual,824.13,3391.5,2567.37,3391.5,Transferred,508.72,169.58,33.91,16.96,27.13,67.83,0.0,0.0,0.0,2026-01-05T10:00:00+00:00,demo
ORD-100012,Delivered,03.01.2025,Sale to individual,487.11,2004.5,1517.39,2004.5,Transferred,300.68,100.23,20.05,10.02,16.04,40.09,0.0,0.0,0.0,2026-01-05T10:00:00+00:00,demo
ORD-100013,Delivered,04.01.2025,Sale to individual,1049.76,4320.0,3270.24,4320.0,Transferred,648.0,216.0,43.2,21.6,34.56,86.4,0.0,0.0,0.0,2026-01-05T10:00:00+00:00,demo
ORD-100014,Delivered,04.01.2025,Sale to individual,228.53,940.5,711.97,940.5,Transferred,141.07,47.03,9.4,4.7,7.52,18.81,0.0,0.0,0.0,2026-01-05T10:00:00+00:00,demo
ORD-100015,Delivered,04.01.2025,Sale to individual,639.58,2632.0,1992.42,2632.0,Transferred,394.8,131.6,26.32,13.16,21.06,52.64,0.0,0.0,0.0,2026-01-05T10:00:00+00:00,demo
ORD-100016,Delivered,04.01.2025,Sale to individual,680.4,2800.0,2119.6,2800.0,Transferred,420.0,140.0,28.0,14.0,22.4,56.0,0.0,0.0,0.0,2026-01-05T10:00:00+00:00,demo
ORD-100017,Delivered,04.01.2025,Sale to individual,1635.39,6730.0,5094.61,6730.0,Transferred,1009.5,336.5,67.3,33.65,53.84,134.6,0.0,0.0,0.0,2026-01-05T10:00:00+00:00,demo
ORD-100018,Delivered,05.01.2025,Sale to individual,1617.05,6654.5,5037.45,6654.5,Transferred,998.17,332.73,66.55,33.27,53.24,133.09,0.0,0.0,0.0,2026-01-05T10:00:00+00:00,demo
ORD-100019,Delivered,05.01.2025,Sale to individual,680.4,2800.0,2119.6,2800.0,Transferred,420.0,140.0,28.0,14.0,22.4,56.0,0.0,0.0,0.0,2026-01-05T10:00:00+00:00,demo
ORD-100021,Delivered,05.01.2025,Sale to individual,1404.54,5780.0,4375.46,5780.0,Transferred,867.0,289.0,57.8,28.9,46.24,115.6,0.0,0.0,0.0,2026-01-05T10:00:00+00:00,demo
ORD-100022,Delivered,06.01.2025,Sale to individual,680.4,2800.0,2119.6,2800.0,Transferred,420.0,140.0,28.0,14.0,22.4,56.0,0.0,0.0,0.0,2026-01-05T10:00:00+00:00,demo
ORD-100023,Delivered,07.01.2025,Sale to individual,3090.71,12719.0,9628.29,12719.0,Transferred,1907.85,635.95,127.19,63.59,101.75,254.38,0.0,0.0,0.0,2026-01-05T10:00:00+00:00,demo
ORD-100024,Delivered,07.01.2025,Sale to individual,4030.77,16587.5,12556.73,16587.5,Transferred,2488.12,829.38,165.88,82.94,132.7,331.75,0.0,0.0,0.0,2026-01-05T10:00:00+00:00,demo
ORD-100025,Delivered,07.01.2025,Sale to individual,575.91,2370.0,1794.09,2370.0,Transferred,355.5,118.5,23.7,11.85,18.96,47.4,0.0,0.0,0.0,2026-01-05T10:00:00+00:00,demo
ORD-100026,Delivered,08.01.2025,Sale to individual,575.91,2370.0,1794.09,2370.0,Transferred,355.5,118.5,23.7,11.85,18.96,47.4,0.0,0.0,0.0,2026-01-05T10:00:00+00:00,demo
ORD-100028,Delivered,08.01.2025,Sale to individual,2826.81,11633.0,8806.19,11633.0,Transferred,1744.95,581.65,116.33,58.16,93.06,232.66,0.0,0.0,0.0,2026-01-05T10:00:00+00:00,demo
ORD-100030,Delivered,08.01.2025,Sale to individual,1325.21,5453.5,4128.29,5453.5,Transferred,818.02,272.68,54.54,27.27,43.63,109.07,0.0,0.0,0.0,2026-01-05T10:00:00+00:00,demo
ORD-100031,Delivered,09.01.2025,Sale to individual,2897.05,11922.0,9024.95,11922.0,Transferred,1788.3,596.1,119.22,59.61,95.38,238.44,0.0,0.0,0.0,2026-01-05T10:00:00+00:00,demo
ORD-100032,Delivered,09.01.2025,Sale to individual,1082.68,4455.5,3372.82,4455.5,Transferred,668.32,222.78,44.55,22.28,35.64,89.11,0.0,0.0,0.0,2026-01-05T10:00:00+00:00,demo
ORD-100033,Delivered,09.01.2025,Sale to individual,680.4,2800.0,2119.6,2800.0,Transferred,420.0,140.0,28.0,14.0,22.4,56.0,0.0,0.0,0.0,2026-01-05T10:00:00+00:00,demo
ORD-100034,Delivered,09.01.2025,Sale to individual,1268.83,5221.5,3952.67,5221.5,Transferred,783.23,261.07,52.22,26.11,41.77,104.43,0.0,0.0,0.0,2026-01-05T10:00:00+00:00,demo
ORD-100035,Delivered,09.01.2025,Sale to individual,1360.31,5598.0,4237.69,5598.0,Transferred,839.7,279.9,55.98,27.99,44.78,111.96,0.0,0.0,0.0,2026-01-05T10:00:00+00:00,demo
ORD-100036,Delivered,10.01.2025,Sale to individual,1840.48,7574.0,5733.52,7574.0,Transferred,1136.1,378.7,75.74,37.87,60.59,151.48,0.0,0.0,0.0,2026-01-05T10:00:00+00:00,demo
ORD-100037,Delivered,10.01.2025,Sale to individual,1228.12,5054.0,3825.88,5054.0,Transferred,758.1,252.7,50.54,25.27,40.43,101.08,0.0,0.0,0.0,2026-01-05T10:00:00+00:00,demo
ORD-100038,Delivered,10.01.2025,Sale to individual,437.4,1800.0,1362.6,1800.0,Transferred,270.0,90.0,18.0,9.0,14.4,36.0,0.0,0.0,0.0,2026-01-05T10:00:00+00:00,demo
ORD-100039,Full return accepted at warehouse,11.01.2025,Sale to individual,1325.32,5454.0,4128.68,5454.0,Transferred,818.1,272.7,54.54,27.27,43.63,109.08,0.0,0.0,0.0,2026-01-05T10:00:00+00:00,demo
ORD-100040,Delivered,11.01.2025,Sale to individual,702.27,2890.0,2187.73,2890.0,Transferred,433.5,144.5,28.9,14.45,23.12,57.8,0.0,0.0,0.0,2026-01-05T10:00:00+00:00,demo
ORD-100041,Delivered,11.01.2025,Sale to individual,1715.58,7060.0,5344.42,7060.0,Transferred,1059.0,353.0,70.6,35.3,56.48,141.2,0.0,0.0,0.0,2026-01-05T10:00:00+00:00,demo
ORD-100043,Delivered,12.01.2025,Sale to individual,2128.08,8757.5,6629.42,8757.5,Transferred,1313.62,437.88,87.58,43.79,70.06,175.15,0.0,0.0,0.0,2026-01-05T10:00:00+00:00,demo
ORD-100044,Delivered,13.01.2025,Sale to individual,4158.7,17114.0,12955.3,17114.0,Transferred,2567.1,855.7,171.14,85.57,136.91,342.28,0.0,0.0,0.0,2026-01-05T10:00:00+00:00,demo
ORD-100045,Delivered,13.01.2025,Sale to individual,848.56,3492.0,2643.44,3492.0,Transferred,523.8,174.6,34.92,17.46,27.94,69.84,0.0,0.0,0.0,2026-01-05T10:00:00+00:00,demo
ORD-100046,Delivered,13.01.2025,Sale to individual,435.82,1793.5,1357.68,1793.5,Transferred,269.02,89.68,17.93,8.97,14.35,35.87,0.0,0.0,0.0,2026-01-05T10:00:00+00:00,demo
ORD-100047,Delivered,13.01.2025,Sale to individual,1805.0,7428.0,5623.0,7428.0,Transferred,1114.2,371.4,74.28,37.14,59.42,148.56,0.0,0.0,0.0,2026-01-05T10:00:00+00:00,demo
ORD-100049,Delivered,14.01.2025,Sale to individual,532.17,2190.0,1657.83,2190.0,Transferred,328.5,109.5,21.9,10.95,17.52,43.8,0.0,0.0,0.0,2026-01-05T10:00:00+00:00,demo
ORD-100050,Delivered,14.01.2025,Sale to individual,1194.1,4914.0,3719.9,4914.0,Transferred,737.1,245.7,49.14,24.57,39.31,98.28,0.0,0.0,0.0,2026-01-05T10:00:00+00:00,demo
ORD-100051,Delivered,15.01.2025,Sale to individual,503.98,2074.0,1570.02,2074.0,Transferred,311.1,103.7,20.74,10.37,16.59,41.48,0.0,0.0,0.0,2026-01-05T10:00:00+00:00,demo
ORD-100052,Delivered,15.01.2025,Sale to individual,1243.19,5116.0,3872.81,5116.0,Transferred,767.4,255.8,51.16,25.58,40.93,102.32,0.0,0.0,0.0,2026-01-05T10:00:00+00:00,demo
ORD-100053,Full return accepted at warehouse,15.01.2025,Sale to individual,1635.39,6730.0,5094.61,6730.0,Transferred,1009.5,336.5,67.3,33.65,53.84,134.6,0.0,0.0,0.0,2026-01-05T10:00:00+00:00,demo
ORD-100054,Delivered,15.01.2025,Sale to individual,1669.05,6868.5,5199.45,6868.5,Transferred,1030.27,343.43,68.69,34.34,54.95,137.37,0.0,0.0,0.0,2026-01-05T10:00:00+00:00,demo
ORD-100055,Delivered,15.01.2025,Sale to individual,986.58,4060.0,3073.42,4060.0,Transferred,609.0,203.0,40.6,20.3,32.48,81.2,0.0,0.0,0.0,2026-01-05T10:00:00+00:00,demo
ORD-100056,Delivered,15.01.2025,Sale to individual,1243.8,5118.5,3874.7,5118.5,Transferred,767.77,255.93,51.19,25.59,40.95,102.37,0.0,0.0,0.0,2026-01-05T10:00:00+00:00,demo
ORD-100057,Delivered,15.01.2025,Sale to individual,2044.6,8414.0,6369.4,8414.0,Transferred,1262.1,420.7,84.14,42.07,67.31,168.28,0.0,0.0,0.0,2026-01-05T10:00:00+00:00,demo
ORD-100058,Delivered,16.01.2025,Sale to individual,614.06,2527.0,1912.94,2527.0,Transferred,379.05,126.35,25.27,12.63,20.22,50.54,0.0,0.0,0.0,2026-01-05T10:00:00+00:00,demo
ORD-100059,Delivered,16.01.2025,Sale to individual,1471.86,6057.0,4585.14,6057.0,Transferred,908.55,302.85,60.57,30.29,48.46,121.14,0.0,0.0,0.0,2026-01-05T10:00:00+00:00,demo
ORD-100060,Delivered,16.01.2025,Sale to individual,1134.32,4668.0,3533.68,4668.0,Transferred,700.2,233.4,46.68,23.34,37.34,93.36,0.0,0.0,0.0,2026-01-05T10:00:00+00:00,demo
ORD-100061,Delivered,16.01.2025,Sale to individual,487.11,2004.5,1517.39,2004.5,Transferred,300.68,100.23,20.05,10.02,16.04,40.09,0.0,0.0,0.0,2026-01-05T10:00:00+00:00,demo
ORD-100063,Delivered,17.01.2025,Sale to individual,738.23,3038.0,2299.77,3038.0,Transferred,455.7,151.9,30.38,15.19,24.3,60.76,0.0,0.0,0.0,2026-01-05T10:00:00+00:00,demo
ORD-100064,Full return accepted at warehouse,18.01.2025,Sale to individual,289.17,1190.0,900.83,1190.0,Transferred,178.5,59.5,11.9,5.95,9.52,23.8,0.0,0.0,0.0,2026-01-05T10:00:00+00:00,demo
ORD-100066,Full return accepted at warehouse,18.01.2025,Sale to individual,874.8,3600.0,2725.2,3600.0,Transferred,540.0,180.0,36.0,18.0,28.8,72.0,0.0,0.0,0.0,2026-01-05T10:00:00+00:00,demo
ORD-100067,Delivered,18.01.2025,Sale to individual,1490.08,6132.0,4641.92,6132.0,Transferred,919.8,306.6,61.32,30.66,49.06,122.64,0.0,0.0,0.0,2026-01-05T10:00:00+00:00,demo
ORD-100068,Delivered,19.01.2025,Sale to individual,646.38,2660.0,2013.62,2660.0,Transferred,399.0,133.0,26.6,13.3,21.28,53.2,0.0,0.0,0.0,2026-01-05T10:00:00+00:00,demo
ORD-100069,Delivered,19.01.2025,Sale to individual,1064.34,4380.0,3315.66,4380.0,Transferred,657.0,219.0,43.8,21.9,35.04,87.6,0.0,0.0,0.0,2026-01-05T10:00:00+00:00,demo
ORD-100070,Delivered,19.01.2025,Sale to individual,646.38,2660.0,2013.62,2660.0,Transferred,399.0,133.0,26.6,13.3,21.28,53.2,0.0,0.0,0.0,2026-01-05T10:00:00+00:00,demo
ORD-100071,Delivered,19.01.2025,Sale to individual,1688.36,6948.0,5259.64,6948.0,Transferred,1042.2,347.4,69.48,34.74,55.58,138.96,0.0,0.0,0.0,2026-01-05T10:00:00+00:00,demo
ORD-100072,Delivered,19.01.2025,Sale to individual,1007.61,4146.5,3138.89,4146.5,Transferred,621.98,207.33,41.47,20.73,33.17,82.93,0.0,0.0,0.0,2026-01-05T10:00:00+00:00,demo
ORD-100073,Delivered,20.01.2025,Sale to individual,2167.68,8920.5,6752.82,8920.5,Transferred,1338.08,446.03,89.2,44.6,71.36,178.41,0.0,0.0,0.0,2026-01-05T10:00:00+00:00,demo
ORD-100074,Delivered,20.01.2025,Sale to individual,1239.3,5100.0,3860.7,5100.0,Transferred,765.0,255.0,51.0,25.5,40.8,102.0,0.0,0.0,0.0,2026-01-05T10:00:00+00:00,demo
ORD-100075,Delivered,20.01.2025,Sale to individual,2519.19,10367.0,7847.81,10367.0,Transferred,1555.05,518.35,103.67,51.84,82.94,207.34,0.0,0.0,0.0,2026-01-05T10:00:00+00:00,demo
ORD-100076,Delivered,20.01.2025,Sale to individual,1075.03,4424.0,3348.97,4424.0,Transferred,663.6,221.2,44.24,22.12,35.39,88.48,0.0,0.0,0.0,2026-01-05T10:00:00+00:00,demo
ORD-100077,Delivered,21.01.2025,Sale to individual,1354.0,5572.0,4218.0,5572.0,Transferred,835.8,278.6,55.72,27.86,44.58,111.44,0.0,0.0,0.0,2026-01-05T10:00:00+00:00,demo
ORD-100078,Delivered,21.01.2025,Sale to individual,1226.91,5049.0,3822.09,5049.0,Transferred,757.35,252.45,50.49,25.25,40.39,100.98,0.0,0.0,0.0,2026-01-05T10:00:00+00:00,demo
ORD-100079,Delivered,21.01.2025,Sale to individual,2172.42,8940.0,6767.58,8940.0,Transferred,1341.0,447.0,89.4,44.7,71.52,178.8,0.0,0.0,0.0,2026-01-05T10:00:00+00:00,demo
ORD-100080,Delivered,21.01.2025,Sale to individual,3985.69,16402.0,12416.31,16402.0,Transferred,2460.3,820.1,164.02,82.01,131.22,328.04,0.0,0.0,0.0,2026-01-05T10:00:00+00:00,demo
ORD-100081,Delivered,21.01.2025,Sale to individual,1581.93,6510.0,4928.07,6510.0,Transferred,976.5,325.5,65.1,32.55,52.08,130.2,0.0,0.0,0.0,2026-01-05T10:00:00+00:00,demo
ORD-100082,Delivered,22.01.2025,Sale to individual,2359.9,9711.5,7351.6,9711.5,Transferred,1456.72,485.58,97.12,48.56,77.69,194.23,0.0,0.0,0.0,2026-01-05T10:00:00+00:00,demo
ORD-100083,Delivered,22.01.2025,Sale to individual,993.03,4086.5,3093.47,4086.5,Transferred,612.98,204.33,40.87,20.43,32.69,81.73,0.0,0.0,0.0,2026-01-05T10:00:00+00:00,demo
ORD-100084,Delivered,22.01.2025,Sale to individual,1125.09,4630.0,3504.91,4630.0,Transferred,694.5,231.5,46.3,23.15,37.04,92.6,0.0,0.0,0.0,2026-01-05T10:00:00+00:00,demo
ORD-100085,Delivered,22.01.2025,Sale to individual,1570.27,6462.0,4891.73,6462.0,Transferred,969.3,323.1,64.62,32.31,51.7,129.24,0.0,0.0,0.0,2026-01-05T10:00:00+00:00,demo
ORD-100087,Delivered,23.01.2025,Sale to individual,1666.74,6859.0,5192.26,6859.0,Transferred,1028.85,342.95,68.59,34.3,54.87,137.18,0.0,0.0,0.0,2026-01-05T10:00:00+00:00,demo
ORD-100088,Delivered,23.01.2025,Sale to individual,975.77,4015.5,3039.73,4015.5,Transferred,602.32,200.78,40.16,20.08,32.12,80.31,0.0,0.0,0.0,2026-01-05T10:00:00+00:00,demo
ORD-100089,Delivered,24.01.2025,Sale to individual,842.24,3466.0,2623.76,3466.0,Transferred,519.9,173.3,34.66,17.33,27.73,69.32,0.0,0.0,0.0,2026-01-05T10:00:00+00:00,demo
ORD-100090,Delivered,24.01.2025,Sale to individual,1892.97,7790.0,5897.03,7790.0,Transferred,1168.5,389.5,77.9,38.95,62.32,155.8,0.0,0.0,0.0,2026-01-05T10:00:00+00:00,demo
ORD-100091,Delivered,24.01.2025,Sale to individual,639.58,2632.0,1992.42,2632.0,Transferred,394.8,131.6,26.32,13.16,21.06,52.64,0.0,0.0,0.0,2026-01-05T10:00:00+00:00,demo
ORD-100093,Full return accepted at warehouse,24.01.2025,Sale to individual,2363.3,9725.5,7362.2,9725.5,Transferred,1458.83,486.28,97.25,48.63,77.8,194.51,0.0,0.0,0.0,2026-01-05T10:00:00+00:00,demo
ORD-100094,Delivered,25.01.2025,Sale to individual,815.76,3357.0,2541.24,3357.0,Transferred,503.55,167.85,33.57,16.79,26.86,67.14,0.0,0.0,0.0,2026-01-05T10:00:00+00:00,demo
ORD-100095,Delivered,25.01.2025,Sale to individual,575.91,2370.0,1794.09,2370.0,Transferred,355.5,118.5,23.7,11.85,18.96,47.4,0.0,0.0,0.0,2026-01-05T10:00:00+00:00,demo
ORD-100096,Delivered,25.01.2025,Sale to individual,612.36,2520.0,1907.64,2520.0,Transferred,378.0,126.0,25.2,12.6,20.16,50.4,0.0,0.0,0.0,2026-01-05T10:00:00+00:00,demo
ORD-100097,Delivered,25.01.2025,Sale to individual,4004.39,16479.0,12474.61,16479.0,Transferred,2471.85,823.95,164.79,82.39,131.83,329.58,0.0,0.0,0.0,2026-01-05T10:00:00+00:00,demo
ORD-100098,Delivered,26.01.2025,Sale to individual,2153.7,8863.0,6709.3,8863.0,Transferred,1329.45,443.15,88.63,44.31,70.9,177.26,0.0,0.0,0.0,2026-01-05T10:00:00+00:00,demo
ORD-100099,Delivered,26.01.2025,Sale to individual,581.74,2394.0,1812.26,2394.0,Transferred,359.1,119.7,23.94,11.97,19.15,47.88,0.0,0.0,0.0,2026-01-05T10:00:00+00:00,demo
ORD-100100,Delivered,26.01.2025,Sale to individual,437.4,1800.0,1362.6,1800.0,Transferred,270.0,90.0,18.0,9.0,14.4,36.0,0.0,0.0,0.0,2026-01-05T10:00:00+00:00,demo
ORD-100101,Delivered,27.01.2025,Sale to individual,437.4,1800.0,1362.6,1800.0,Transferred,270.0,90.0,18.0,9.0,14.4,36.0,0.0,0.0,0.0,2026-01-05T10:00:00+00:00,demo
ORD-100102,Delivered,27.01.2025,Sale to individual,4450.19,18313.5,13863.31,18313.5,Transferred,2747.03,915.68,183.13,91.57,146.51,366.27,0.0,0.0,0.0,2026-01-05T10:00:00+00:00,demo
ORD-100103,Delivered,27.01.2025,Sale to individual,2340.7,9632.5,7291.8,9632.5,Transferred,1444.88,481.62,96.33,48.16,77.06,192.65,0.0,0.0,0.0,2026-01-05T10:00:00+00:00,demo
ORD-100104,Delivered,28.01.2025,Sale to individual,1707.07,7025.0,5317.93,7025.0,Transferred,1053.75,351.25,70.25,35.12,56.2,140.5,0.0,0.0,0.0,2026-01-05T10:00:00+00:00,demo
ORD-100105,Delivered,28.01.2025,Sale to individual,754.76,3106.0,2351.24,3106.0,Transferred,465.9,155.3,31.06,15.53,24.85,62.12,0.0,0.0,0.0,2026-01-05T10:00:00+00:00,demo
ORD-100106,Delivered,28.01.2025,Sale to individual,1224.72,5040.0,3815.28,5040.0,Transferred,756.0,252.0,50.4,25.2,40.32,100.8,0.0,0.0,0.0,2026-01-05T10:00:00+00:00,demo
ORD-100108,Delivered,29.01.2025,Sale to individual,1119.63,4607.5,3487.87,4607.5,Transferred,691.12,230.38,46.08,23.04,36.86,92.15,0.0,0.0,0.0,2026-01-05T10:00:00+00:00,demo
ORD-100109,Delivered,29.01.2025,Sale to individual,1055.48,4343.5,3288.02,4343.5,Transferred,651.52,217.18,43.44,21.72,34.75,86.87,0.0,0.0,0.0,2026-01-05T10:00:00+00:00,demo
ORD-100110,Delivered,29.01.2025,Sale to individual,646.38,2660.0,2013.62,2660.0,Transferred,399.0,133.0,26.6,13.3,21.28,53.2,0.0,0.0,0.0,2026-01-05T10:00:00+00:00,demo
ORD-100111,Delivered,29.01.2025,Sale to individual,646.38,2660.0,2013.62,2660.0,Transferred,399.0,133.0,26.6,13.3,21.28,53.2,0.0,0.0,0.0,2026-01-05T10:00:00+00:00,demo
ORD-100112,Delivered,30.01.2025,Sale to individual,461.46,1899.0,1437.54,1899.0,Transferred,284.85,94.95,18.99,9.5,15.19,37.98,0.0,0.0,0.0,2026-01-05T10:00:00+00:00,demo
ORD-100113,Delivered,30.01.2025,Sale to individual,1645.36,6771.0,5125.64,6771.0,Transferred,1015.65,338.55,67.71,33.86,54.17,135.42,0.0,0.0,0.0,2026-01-05T10:00:00+00:00,demo
ORD-100114,Delivered,31.01.2025,Sale to individual,1813.14,7461.5,5648.36,7461.5,Transferred,1119.22,373.08,74.61,37.31,59.69,149.23,0.0,0.0,0.0,2026-01-05T10:00:00+00:00,demo
ORD-100115,Delivered,01.02.2025,Sale to individual,1373.44,5652.0,4278.56,5652.0,Transferred,847.8,282.6,56.52,28.26,45.22,113.04,0.0,0.0,0.0,2026-01-05T10:00:00+00:00,demo
ORD-100116,Delivered,01.02.2025,Sale to individual,1360.8,5600.0,4239.2,5600.0,Transferred,840.0,280.0,56.0,28.0,44.8,112.0,0.0,0.0,0.0,2026-01-05T10:00:00+00:00,demo
ORD-100117,Delivered,01.02.2025,Sale to individual,1375.62,5661.0,4285.38,5661.0,Transferred,849.15,283.05,56.61,28.3,45.29,113.22,0.0,0.0,0.0,2026-01-05T10:00:00+00:00,demo
ORD-100118,Delivered,01.02.2025,Sale to individual,408.24,1680.0,1271.76,1680.0,Transferred,252.0,84.0,16.8,8.4,13.44,33.6,0.0,0.0,0.0,2026-01-05T10:00:00+00:00,demo
ORD-100119,Delivered,01.02.2025,Sale to individual,402.77,1657.5,1254.73,1657.5,Transferred,248.62,82.88,16.57,8.29,13.26,33.15,0.0,0.0,0.0,2026-01-05T10:00:00+00:00,demo
ORD-100120,Delivered,01.02.2025,Sale to individual,1987.74,8180.0,6192.26,8180.0,Transferred,1227.0,409.0,81.8,40.9,65.44,163.6,0.0,0.0,0.0,2026-01-05T10:00:00+00:00,demo
ORD-100121,Delivered,01.02.2025,Sale to individual,947.7,3900.0,2952.3,3900.0,Transferred,585.0,195.0,39.0,19.5,31.2,78.0,0.0,0.0,0.0,2026-01-05T10:00:00+00:00,demo
ORD-100122,Delivered,01.02.2025,Sale to individual,984.15,4050.0,3065.85,4050.0,Transferred,607.5,202.5,40.5,20.25,32.4,81.0,0.0,0.0,0.0,2026-01-05T10:00:00+00:00,demo
ORD-100123,Delivered,02.02.2025,Sale to individual,680.4,2800.0,2119.6,2800.0,Transferred,420.0,140.0,28.0,14.0,22.4,56.0,0.0,0.0,0.0,2026-01-05T10:00:00+00:00,demo
ORD-100124,Delivered,02.02.2025,Sale to individual,505.55,2080.5,1574.95,2080.5,Transferred,312.07,104.03,20.8,10.4,16.64,41.61,0.0,0.0,0.0,2026-01-05T10:00:00+00:00,demo
ORD-100125,Delivered,03.02.2025,Sale to individual,1163.48,4788.0,3624.52,4788.0,Transferred,718.2,239.4,47.88,23.94,38.3,95.76,0.0,0.0,0.0,2026-01-05T10:00:00+00:00,demo
ORD-100126,Delivered,03.02.2025,Sale to individual,289.17,1190.0,900.83,1190.0,Transferred,178.5,59.5,11.9,5.95,9.52,23.8,0.0,0.0,0.0,2026-01-05T10:00:00+00:00,demo
ORD-100127,Delivered,04.02.2025,Sale to individual,653.92,2691.0,2037.08,2691.0,Transferred,403.65,134.55,26.91,13.46,21.53,53.82,0.0,0.0,0.0,2026-01-05T10:00:00+00:00,demo
ORD-100129,Delivered,04.02.2025,Sale to individual,1455.57,5990.0,4534.43,5990.0,Transferred,898.5,299.5,59.9,29.95,47.92,119.8,0.0,0.0,0.0,2026-01-05T10:00:00+00:00,demo
ORD-100131,Delivered,04.02.2025,Sale to individual,578.34,2380.0,1801.66,2380.0,Transferred,357.0,119.0,23.8,11.9,19.04,47.6,0.0,0.0,0.0,2026-01-05T10:00:00+00:00,demo
ORD-100132,Delivered,04.02.2025,Sale to individual,244.94,1008.0,763.06,1008.0,Transferred,151.2,50.4,10.08,5.04,8.06,20.16,0.0,0.0,0.0,2026-01-05T10:00:00+00:00,demo
ORD-100133,Delivered,04.02.2025,Sale to individual,347.0,1428.0,1081.0,1428.0,Transferred,214.2,71.4,14.28,7.14,11.42,28.56,0.0,0.0,0.0,2026-01-05T10:00:00+00:00,demo
ORD-100135,Delivered,05.02.2025,Sale to individual,2286.63,9410.0,7123.37,9410.0,Transferred,1411.5,470.5,94.1,47.05,75.28,188.2,0.0,0.0,0.0,2026-01-05T10:00:00+00:00,demo
ORD-100136,Delivered,05.02.2025,Sale to individual,2643.35,10878.0,8234.65,10878.0,Transferred,1631.7,543.9,108.78,54.39,87.02,217.56,0.0,0.0,0.0,2026-01-05T10:00:00+00:00,demo
ORD-100137,Delivered,05.02.2025,Sale to individual,489.89,2016.0,1526.11,2016.0,Transferred,302.4,100.8,20.16,10.08,16.13,40.32,0.0,0.0,0.0,2026-01-05T10:00:00+00:00,demo
ORD-100138,Delivered,05.02.2025,Sale to individual,489.53,2014.5,1524.97,2014.5,Transferred,302.18,100.73,20.14,10.07,16.12,40.29,0.0,0.0,0.0,2026-01-05T10:00:00+00:00,demo
ORD-100139,Delivered,05.02.2025,Sale to individual,1790.42,7368.0,5577.58,7368.0,Transferred,1105.2,368.4,73.68,36.84,58.94,147.36,0.0,0.0,0.0,2026-01-05T10:00:00+00:00,demo
ORD-100140,Delivered,06.02.2025,Sale to individual,824.13,3391.5,2567.37,3391.5,Transferred,508.72,169.58,33.91,16.96,27.13,67.83,0.0,0.0,0.0,2026-01-05T10:00:00+00:00,demo
ORD-100141,Delivered,06.02.2025,Sale to individual,4900.82,20168.0,15267.18,20168.0,Transferred,3025.2,1008.4,201.68,100.84,161.34,403.36,0.0,0.0,0.0,2026-01-05T10:00:00+00:00,demo
ORD-100142,Delivered,07.02.2025,Sale to individual,393.66,1620.0,1226.34,1620.0,Transferred,243.0,81.0,16.2,8.1,12.96,32.4,0.0,0.0,0.0,2026-01-05T10:00:00+00:00,demo
ORD-100143,Full return accepted at warehouse,07.02.2025,Sale to individual,443.96,1827.0,1383.04,1827.0,Transferred,274.05,91.35,18.27,9.13,14.62,36.54,0.0,0.0,0.0,2026-01-05T10:00:00+00:00,demo
ORD-100144,Delivered,07.02.2025,Sale to individual,947.7,3900.0,2952.3,3900.0,Transferred,585.0,195.0,39.0,19.5,31.2,78.0,0.0,0.0,0.0,2026-01-05T10:00:00+00:00,demo
ORD-100145,Delivered,08.02.2025,Sale to individual,1700.51,6998.0,5297.49,6998.0,Transferred,1049.7,349.9,69.98,34.99,55.98,139.96,0.0,0.0,0.0,2026-01-05T10:00:00+00:00,demo
ORD-100146,Delivered,08.02.2025,Sale to individual,1094.83,4505.5,3410.67,4505.5,Transferred,675.82,225.28,45.05,22.53,36.04,90.11,0.0,0.0,0.0,2026-01-05T10:00:00+00:00,demo
ORD-100147,Delivered,08.02.2025,Sale to individual,2110.95,8687.0,6576.05,8687.0,Transferred,1303.05,434.35,86.87,43.44,69.5,173.74,0.0,0.0,0.0,2026-01-05T10:00:00+00:00,demo
ORD-100148,Full return accepted at warehouse,08.02.2025,Sale to individual,258.55,1064.0,805.45,1064.0,Transferred,159.6,53.2,10.64,5.32,8.51,21.28,0.0,0.0,0.0,2026-01-05T10:00:00+00:00,demo
ORD-100149,Delivered,08.02.2025,Sale to individual,2554.42,10512.0,7957.58,10512.0,Transferred,1576.8,525.6,105.12,52.56,84.1,210.24,0.0,0.0,0.0,2026-01-05T10:00:00+00:00,demo
ORD-100150,Delivered,08.02.2025,Sale to individual,260.26,1071.0,810.74,1071.0,Transferred,160.65,53.55,10.71,5.36,8.57,21.42,0.0,0.0,0.0,2026-01-05T10:00:00+00:00,demo
ORD-100151,Full return accepted at warehouse,08.02.2025,Sale to individual,1500.89,6176.5,4675.61,6176.5,Transferred,926.47,308.83,61.77,30.88,49.41,123.53,0.0,0.0,0.0,2026-01-05T10:00:00+00:00,demo
ORD-100152,Delivered,09.02.2025,Sale to individual,1190.7,4900.0,3709.3,4900.0,Transferred,735.0,245.0,49.0,24.5,39.2,98.0,0.0,0.0,0.0,2026-01-05T10:00:00+00:00,demo
ORD-100153,Delivered,09.02.2025,Sale to individual,347.0,1428.0,1081.0,1428.0,Transferred,214.2,71.4,14.28,7.14,11.42,28.56,0.0,0.0,0.0,2026-01-05T10:00:00+00:00,demo
ORD-100154,Delivered,09.02.2025,Sale to individual,1741.23,7165.5,5424.27,7165.5,Transferred,1074.83,358.28,71.66,35.83,57.32,143.31,0.0,0.0,0.0,2026-01-05T10:00:00+00:00,demo
ORD-100155,Delivered,09.02.2025,Sale to individual,231.34,952.0,720.66,952.0,Transferred,142.8,47.6,9.52,4.76,7.62,19.04,0.0,0.0,0.0,2026-01-05T10:00:00+00:00,demo
ORD-100158,Delivered,10.02.2025,Sale to individual,2233.17,9190.0,6956.83,9190.0,Transferred,1378.5,459.5,91.9,45.95,73.52,183.8,0.0,0.0,0.0,2026-01-05T10:00:00+00:00,demo
ORD-100159,Delivered,10.02.2025,Sale to individual,1226.91,5049.0,3822.09,5049.0,Transferred,757.35,252.45,50.49,25.25,40.39,100.98,0.0,0.0,0.0,2026-01-05T10:00:00+00:00,demo
ORD-100160,Delivered,10.02.2025,Sale to individual,1925.41,7923.5,5998.09,7923.5,Transferred,1188.52,396.18,79.23,39.62,63.39,158.47,0.0,0.0,0.0,2026-01-05T10:00:00+00:00,demo
ORD-100161,Delivered,11.02.2025,Sale to individual,518.32,2133.0,1614.68,2133.0,Transferred,319.95,106.65,21.33,10.67,17.06,42.66,0.0,0.0,0.0,2026-01-05T10:00:00+00:00,demo
ORD-100162,Delivered,11.02.2025,Sale to individual,620.98,2555.5,1934.52,2555.5,Transferred,383.32,127.78,25.55,12.78,20.44,51.11,0.0,0.0,0.0,2026-01-05T10:00:00+00:00,demo
ORD-100163,Delivered,11.02.2025,Sale to individual,437.4,1800.0,1362.6,1800.0,Transferred,270.0,90.0,18.0,9.0,14.4,36.0,0.0,0.0,0.0,2026-01-05T10:00:00+00:00,demo
ORD-100164,Delivered,11.02.2025,Sale to individual,1853.6,7628.0,5774.4,7628.0,Transferred,1144.2,381.4,76.28,38.14,61.02,152.56,0.0,0.0,0.0,2026-01-05T10:00:00+00:00,demo
ORD-100166,Delivered,11.02.2025,Sale to individual,1635.39,6730.0,5094.61,6730.0,Transferred,1009.5,336.5,67.3,33.65,53.84,134.6,0.0,0.0,0.0,2026-01-05T10:00:00+00:00,demo
ORD-100167,Delivered,11.02.2025,Sale to individual,1815.21,7470.0,5654.79,7470.0,Transferred,1120.5,373.5,74.7,37.35,59.76,149.4,0.0,0.0,0.0,2026-01-05T10:00:00+00:00,demo
ORD-100169,Delivered,12.02.2025,Sale to individual,2886.84,11880.0,8993.16,11880.0,Transferred,1782.0,594.0,118.8,59.4,95.04,237.6,0.0,0.0,0.0,2026-01-05T10:00:00+00:00,demo
ORD-100170,Delivered,12.02.2025,Sale to individual,1237.24,5091.5,3854.26,5091.5,Transferred,763.73,254.58,50.91,25.46,40.73,101.83,0.0,0.0,0.0,2026-01-05T10:00:00+00:00,demo
ORD-100172,Delivered,12.02.2025,Sale to individual,2047.76,8427.0,6379.24,8427.0,Transferred,1264.05,421.35,84.27,42.13,67.42,168.54,0.0,0.0,0.0,2026-01-05T10:00:00+00:00,demo
ORD-100173,Delivered,12.02.2025,Sale to individual,1534.67,6315.5,4780.83,6315.5,Transferred,947.32,315.78,63.16,31.58,50.52,126.31,0.0,0.0,0.0,2026-01-05T10:00:00+00:00,demo
ORD-100174,Delivered,12.02.2025,Sale to individual,443.96,1827.0,1383.04,1827.0,Transferred,274.05,91.35,18.27,9.13,14.62,36.54,0.0,0.0,0.0,2026-01-05T10:00:00+00:00,demo
ORD-100175,Full return accepted at warehouse,12.02.2025,Sale to individual,461.46,1899.0,1437.54,1899.0,Transferred,284.85,94.95,18.99,9.5,15.19,37.98,0.0,0.0,0.0,2026-01-05T10:00:00+00:00,demo
ORD-100177,Delivered,13.02.2025,Sale to individual,1237.24,5091.5,3854.26,5091.5,Transferred,763.73,254.58,50.91,25.46,40.73,101.83,0.0,0.0,0.0,2026-01-05T10:00:00+00:00,demo
ORD-100178,Delivered,13.02.2025,Sale to individual,612.36,2520.0,1907.64,2520.0,Transferred,378.0,126.0,25.2,12.6,20.16,50.4,0.0,0.0,0.0,2026-01-05T10:00:00+00:00,demo
ORD-100179,Delivered,14.02.2025,Sale to individual,5167.89,21267.0,16099.11,21267.0,Transferred,3190.05,1063.35,212.67,106.34,170.14,425.34,0.0,0.0,0.0,2026-01-05T10:00:00+00:00,demo
ORD-100180,Full return accepted at warehouse,14.02.2025,Sale to individual,1360.8,5600.0,4239.2,5600.0,Transferred,840.0,280.0,56.0,28.0,44.8,112.0,0.0,0.0,0.0,2026-01-05T10:00:00+00:00,demo
ORD-100181,Delivered,14.02.2025,Sale to individual,1449.99,5967.0,4517.01,5967.0,Transferred,895.05,298.35,59.67,29.84,47.74,119.34,0.0,0.0,0.0,2026-01-05T10:00:00+00:00,demo
ORD-100182,Delivered,14.02.2025,Sale to individual,461.46,1899.0,1437.54,1899.0,Transferred,284.85,94.95,18.99,9.5,15.19,37.98,0.0,0.0,0.0,2026-01-05T10:00:00+00:00,demo
ORD-100183,Delivered,14.02.2025,Sale to individual,578.34,2380.0,1801.66,2380.0,Transferred,357.0,119.0,23.8,11.9,19.04,47.6,0.0,0.0,0.0,2026-01-05T10:00:00+00:00,demo
ORD-100185,Delivered,15.02.2025,Sale to individual,260.26,1071.0,810.74,1071.0,Transferred,160.65,53.55,10.71,5.36,8.57,21.42,0.0,0.0,0.0,2026-01-05T10:00:00+00:00,demo
ORD-100186,Delivered,15.02.2025,Sale to individual,937.26,3857.0,2919.74,3857.0,Transferred,578.55,192.85,38.57,19.29,30.86,77.14,0.0,0.0,0.0,2026-01-05T10:00:00+00:00,demo
ORD-100187,Delivered,15.02.2025,Sale to individual,1660.18,6832.0,5171.82,6832.0,Transferred,1024.8,341.6,68.32,34.16,54.66,136.64,0.0,0.0,0.0,2026-01-05T10:00:00+00:00,demo
ORD-100188,Delivered,15.02.2025,Sale to individual,245.8,1011.5,765.7,1011.5,Transferred,151.72,50.58,10.12,5.06,8.09,20.23,0.0,0.0,0.0,2026-01-05T10:00:00+00:00,demo
ORD-100189,Delivered,15.02.2025,Sale to individual,575.91,2370.0,1794.09,2370.0,Transferred,355.5,118.5,23.7,11.85,18.96,47.4,0.0,0.0,0.0,2026-01-05T10:00:00+00:00,demo
ORD-100190,Delivered,15.02.2025,Sale to individual,2650.64,10908.0,8257.36,10908.0,Transferred,1636.2,545.4,109.08,54.54,87.26,218.16,0.0,0.0,0.0,2026-01-05T10:00:00+00:00,demo
ORD-100191,Delivered,15.02.2025,Sale to individual,532.17,2190.0,1657.83,2190.0,Transferred,328.5,109.5,21.9,10.95,17.52,43.8,0.0,0.0,0.0,2026-01-05T10:00:00+00:00,demo
ORD-100192,Delivered,16.02.2025,Sale to individual,1692.63,6965.5,5272.87,6965.5,Transferred,1044.83,348.28,69.66,34.83,55.72,139.31,0.0,0.0,0.0,2026-01-05T10:00:00+00:00,demo
ORD-100193,Delivered,16.02.2025,Sale to individual,3352.67,13797.0,10444.33,13797.0,Transferred,2069.55,689.85,137.97,68.98,110.38,275.94,0.0,0.0,0.0,2026-01-05T10:00:00+00:00,demo
ORD-100194,Delivered,16.02.2025,Sale to individual,3183.06,13099.0,9915.94,13099.0,Transferred,1964.85,654.95,130.99,65.5,104.79,261.98,0.0,0.0,0.0,2026-01-05T10:00:00+00:00,demo
ORD-100195,Delivered,16.02.2025,Sale to individual,478.96,1971.0,1492.04,1971.0,Transferred,295.65,98.55,19.71,9.86,15.77,39.42,0.0,0.0,0.0,2026-01-05T10:00:00+00:00,demo
ORD-100196,Delivered,16.02.2025,Sale to individual,945.76,3892.0,2946.24,3892.0,Transferred,583.8,194.6,38.92,19.46,31.14,77.84,0.0,0.0,0.0,2026-01-05T10:00:00+00:00,demo
ORD-100197,Delivered,16.02.2025,Sale to individual,1292.76,5320.0,4027.24,5320.0,Transferred,798.0,266.0,53.2,26.6,42.56,106.4,0.0,0.0,0.0,2026-01-05T10:00:00+00:00,demo
ORD-100198,Delivered,17.02.2025,Sale to individual,3508.92,14440.0,10931.08,14440.0,Transferred,2166.0,722.0,144.4,72.2,115.52,288.8,0.0,0.0,0.0,2026-01-05T10:00:00+00:00,demo
ORD-100199,Delivered,17.02.2025,Sale to individual,443.96,1827.0,1383.04,1827.0,Transferred,274.05,91.35,18.27,9.13,14.62,36.54,0.0,0.0,0.0,2026-01-05T10:00:00+00:00,demo
ORD-100200,Delivered,18.02.2025,Sale to individual,1264.09,5202.0,3937.91,5202.0,Transferred,780.3,260.1,52.02,26.01,41.62,104.04,0.0,0.0,0.0,2026-01-05T10:00:00+00:00,demo
ORD-100201,Delivered,18.02.2025,Sale to individual,404.84,1666.0,1261.16,1666.0,Transferred,249.9,83.3,16.66,8.33,13.33,33.32,0.0,0.0,0.0,2026-01-05T10:00:00+00:00,demo
ORD-100202,Delivered,18.02.2025,Sale to individual,489.53,2014.5,1524.97,2014.5,Transferred,302.18,100.73,20.14,10.07,16.12,40.29,0.0,0.0,0.0,2026-01-05T10:00:00+00:00,demo
ORD-100203,Delivered,18.02.2025,Sale to individual,986.58,4060.0,3073.42,4060.0,Transferred,609.0,203.0,40.6,20.3,32.48,81.2,0.0,0.0,0.0,2026-01-05T10:00:00+00:00,demo
ORD-100204,Delivered,18.02.2025,Sale to individual,614.06,2527.0,1912.94,2527.0,Transferred,379.05,126.35,25.27,12.63,20.22,50.54,0.0,0.0,0.0,2026-01-05T10:00:00+00:00,demo
ORD-100206,Delivered,19.02.2025,Sale to individual,1292.76,5320.0,4027.24,5320.0,Transferred,798.0,266.0,53.2,26.6,42.56,106.4,0.0,0.0,0.0,2026-01-05T10:00:00+00:00,demo
ORD-100207,Delivered,19.02.2025,Sale to individual,1354.0,5572.0,4218.0,5572.0,Transferred,835.8,278.6,55.72,27.86,44.58,111.44,0.0,0.0,0.0,2026-01-05T10:00:00+00:00,demo
ORD-100208,Delivered,19.02.2025,Sale to individual,1643.65,6764.0,5120.35,6764.0,Transferred,1014.6,338.2,67.64,33.82,54.11,135.28,0.0,0.0,0.0,2026-01-05T10:00:00+00:00,demo
ORD-100209,Delivered,19.02.2025,Sale to individual,2002.69,8241.5,6238.81,8241.5,Transferred,1236.22,412.08,82.42,41.21,65.93,164.83,0.0,0.0,0.0,2026-01-05T10:00:00+00:00,demo
ORD-100210,Delivered,19.02.2025,Sale to individual,3957.13,16284.5,12327.37,16284.5,Transferred,2442.67,814.23,162.84,81.42,130.28,325.69,0.0,0.0,0.0,2026-01-05T10:00:00+00:00,demo
ORD-100211,Delivered,20.02.2025,Sale to individual,2744.93,11296.0,8551.07,11296.0,Transferred,1694.4,564.8,112.96,56.48,90.37,225.92,0.0,0.0,0.0,2026-01-05T10:00:00+00:00,demo
ORD-100212,Delivered,20.02.2025,Sale to individual,2593.06,10671.0,8077.94,10671.0,Transferred,1600.65,533.55,106.71,53.36,85.37,213.42,0.0,0.0,0.0,2026-01-05T10:00:00+00:00,demo
ORD-100213,Delivered,21.02.2025,Sale to individual,437.4,1800.0,1362.6,1800.0,Transferred,270.0,90.0,18.0,9.0,14.4,36.0,0.0,0.0,0.0,2026-01-05T10:00:00+00:00,demo
ORD-100214,Delivered,21.02.2025,Sale to individual,1868.67,7690.0,5821.33,7690.0,Transferred,1153.5,384.5,76.9,38.45,61.52,153.8,0.0,0.0,0.0,2026-01-05T10:00:00+00:00,demo
ORD-100215,Delivered,21.02.2025,Sale to individual,1042.72,4291.0,3248.28,4291.0,Transferred,643.65,214.55,42.91,21.46,34.33,85.82,0.0,0.0,0.0,2026-01-05T10:00:00+00:00,demo
ORD-100216,Delivered,21.02.2025,Sale to individual,4657.22,19165.5,14508.28,19165.5,Transferred,2874.82,958.28,191.66,95.83,153.32,383.31,0.0,0.0,0.0,2026-01-05T10:00:00+00:00,demo
ORD-100217,Delivered,22.02.2025,Sale to individual,2404.73,9896.0,7491.27,9896.0,Transferred,1484.4,494.8,98.96,49.48,79.17,197.92,0.0,0.0,0.0,2026-01-05T10:00:00+00:00,demo
ORD-100218,Delivered,22.02.2025,Sale to individual,1278.42,5261.0,3982.58,5261.0,Transferred,789.15,263.05,52.61,26.3,42.09,105.22,0.0,0.0,0.0,2026-01-05T10:00:00+00:00,demo
ORD-100219,Delivered,22.02.2025,Sale to individual,3266.41,13442.0,10175.59,13442.0,Transferred,2016.3,672.1,134.42,67.21,107.54,268.84,0.0,0.0,0.0,2026-01-05T10:00:00+00:00,demo
ORD-100220,Delivered,22.02.2025,Sale to individual,532.17,2190.0,1657.83,2190.0,Transferred,328.5,109.5,21.9,10.95,17.52,43.8,0.0,0.0,0.0,2026-01-05T10:00:00+00:00,demo
ORD-100221,Delivered,22.02.2025,Sale to individual,3348.18,13778.5,10430.32,13778.5,Transferred,2066.78,688.93,137.78,68.89,110.23,275.57,0.0,0.0,0.0,2026-01-05T10:00:00+00:00,demo
ORD-100222,Delivered,22.02.2025,Sale to individual,831.06,3420.0,2588.94,3420.0,Transferred,513.0,171.0,34.2,17.1,27.36,68.4,0.0,0.0,0.0,2026-01-05T10:00:00+00:00,demo
ORD-100223,Delivered,23.02.2025,Sale to individual,435.82,1793.5,1357.68,1793.5,Transferred,269.02,89.68,17.93,8.97,14.35,35.87,0.0,0.0,0.0,2026-01-05T10:00:00+00:00,demo
ORD-100224,Delivered,23.02.2025,Sale to individual,347.0,1428.0,1081.0,1428.0,Transferred,214.2,71.4,14.28,7.14,11.42,28.56,0.0,0.0,0.0,2026-01-05T10:00:00+00:00,demo
ORD-100226,Delivered,24.02.2025,Sale to individual,874.8,3600.0,2725.2,3600.0,Transferred,540.0,180.0,36.0,18.0,28.8,72.0,0.0,0.0,0.0,2026-01-05T10:00:00+00:00,demo
ORD-100227,Delivered,24.02.2025,Sale to individual,2570.7,10579.0,8008.3,10579.0,Transferred,1586.85,528.95,105.79,52.9,84.63,211.58,0.0,0.0,0.0,2026-01-05T10:00:00+00:00,demo
ORD-100228,Delivered,24.02.2025,Sale to individual,2392.46,9845.5,7453.04,9845.5,Transferred,1476.83,492.28,98.45,49.23,78.76,196.91,0.0,0.0,0.0,2026-01-05T10:00:00+00:00,demo
ORD-100229,Delivered,25.02.2025,Sale to individual,349.92,1440.0,1090.08,1440.0,Transferred,216.0,72.0,14.4,7.2,11.52,28.8,0.0,0.0,0.0,2026-01-05T10:00:00+00:00,demo
ORD-100230,Delivered,25.02.2025,Sale to individual,928.01,3819.0,2890.99,3819.0,Transferred,572.85,190.95,38.19,19.09,30.55,76.38,0.0,0.0,0.0,2026-01-05T10:00:00+00:00,demo
ORD-100231,Delivered,25.02.2025,Sale to individual,1299.08,5346.0,4046.92,5346.0,Transferred,801.9,267.3,53.46,26.73,42.77,106.92,0.0,0.0,0.0,2026-01-05T10:00:00+00:00,demo
ORD-100233,Delivered,25.02.2025,Sale to individual,792.18,3260.0,2467.82,3260.0,Transferred,489.0,163.0,32.6,16.3,26.08,65.2,0.0,0.0,0.0,2026-01-05T10:00:00+00:00,demo
ORD-100234,Full return accepted at warehouse,26.02.2025,Sale to individual,612.36,2520.0,1907.64,2520.0,Transferred,378.0,126.0,25.2,12.6,20.16,50.4,0.0,0.0,0.0,2026-01-05T10:00:00+00:00,demo
ORD-100235,Delivered,26.02.2025,Sale to individual,3684.6,15163.0,11478.4,15163.0,Transferred,2274.45,758.15,151.63,75.81,121.3,303.26,0.0,0.0,0.0,2026-01-05T10:00:00+00:00,demo
ORD-100237,Delivered,26.02.2025,Sale to individual,419.29,1725.5,1306.21,1725.5,Transferred,258.82,86.28,17.25,8.63,13.8,34.51,0.0,0.0,0.0,2026-01-05T10:00:00+00:00,demo
ORD-100238,Delivered,26.02.2025,Sale to individual,1762.0,7251.0,5489.0,7251.0,Transferred,1087.65,362.55,72.51,36.26,58.01,145.02,0.0,0.0,0.0,2026-01-05T10:00:00+00:00,demo
ORD-100239,Delivered,26.02.2025,Sale to individual,1591.9,6551.0,4959.1,6551.0,Transferred,982.65,327.55,65.51,32.76,52.41,131.02,0.0,0.0,0.0,2026-01-05T10:00:00+00:00,demo
ORD-100241,Delivered,27.02.2025,Sale to individual,1640.25,6750.0,5109.75,6750.0,Transferred,1012.5,337.5,67.5,33.75,54.0,135.0,0.0,0.0,0.0,2026-01-05T10:00:00+00:00,demo
ORD-100242,Delivered,27.02.2025,Sale to individual,1020.36,4199.0,3178.64,4199.0,Transferred,629.85,209.95,41.99,21.0,33.59,83.98,0.0,0.0,0.0,2026-01-05T10:00:00+00:00,demo
ORD-100243,Full return accepted at warehouse,27.02.2025,Sale to individual,653.92,2691.0,2037.08,2691.0,Transferred,403.65,134.55,26.91,13.46,21.53,53.82,0.0,0.0,0.0,2026-01-05T10:00:00+00:00,demo
ORD-100244,Delivered,27.02.2025,Sale to individual,653.67,2690.0,2036.33,2690.0,Transferred,403.5,134.5,26.9,13.45,21.52,53.8,0.0,0.0,0.0,2026-01-05T10:00:00+00:00,demo
ORD-100245,Delivered,27.02.2025,Sale to individual,680.4,2800.0,2119.6,2800.0,Transferred,420.0,140.0,28.0,14.0,22.4,56.0,0.0,0.0,0.0,2026-01-05T10:00:00+00:00,demo
ORD-100246,Delivered,27.02.2025,Sale to individual,393.66,1620.0,1226.34,1620.0,Transferred,243.0,81.0,16.2,8.1,12.96,32.4,0.0,0.0,0.0,2026-01-05T10:00:00+00:00,demo
ORD-100247,Delivered,28.02.2025,Sale to individual,408.24,1680.0,1271.76,1680.0,Transferred,252.0,84.0,16.8,8.4,13.44,33.6,0.0,0.0,0.0,2026-01-05T10:00:00+00:00,demo
ORD-100248,Delivered,28.02.2025,Sale to individual,1064.34,4380.0,3315.66,4380.0,Transferred,657.0,219.0,43.8,21.9,35.04,87.6,0.0,0.0,0.0,2026-01-05T10:00:00+00:00,demo
ORD-100249,Delivered,28.02.2025,Sale to individual,646.38,2660.0,2013.62,2660.0,Transferred,399.0,133.0,26.6,13.3,21.28,53.2,0.0,0.0,0.0,2026-01-05T10:00:00+00:00,demo
ORD-100250,Delivered,28.02.2025,Sale to individual,461.46,1899.0,1437.54,1899.0,Transferred,284.85,94.95,18.99,9.5,15.19,37.98,0.0,0.0,0.0,2026-01-05T10:00:00+00:00,demo
ORD-100251,Delivered,28.02.2025,Sale to individual,690.24,2840.5,2150.26,2840.5,Transferred,426.07,142.03,28.41,14.2,22.72,56.81,0.0,0.0,0.0,2026-01-05T10:00:00+00:00,demo
ORD-100252,Delivered,01.03.2025,Sale to individual,3076.62,12661.0,9584.38,12661.0,Transferred,1899.15,633.05,126.61,63.3,101.29,253.22,0.0,0.0,0.0,2026-01-05T10:00:00+00:00,demo
ORD-100253,Delivered,01.03.2025,Sale to individual,653.67,2690.0,2036.33,2690.0,Transferred,403.5,134.5,26.9,13.45,21.52,53.8,0.0,0.0,0.0,2026-01-05T10:00:00+00:00,demo
ORD-100254,Delivered,01.03.2025,Sale to individual,272.16,1120.0,847.84,1120.0,Transferred,168.0,56.0,11.2,5.6,8.96,22.4,0.0,0.0,0.0,2026-01-05T10:00:00+00:00,demo
ORD-100255,Delivered,01.03.2025,Sale to individual,1983.85,8164.0,6180.15,8164.0,Transferred,1224.6,408.2,81.64,40.82,65.31,163.28,0.0,0.0,0.0,2026-01-05T10:00:00+00:00,demo
ORD-100256,Delivered,01.03.2025,Sale to individual,1189.97,4897.0,3707.03,4897.0,Transferred,734.55,244.85,48.97,24.48,39.18,97.94,0.0,0.0,0.0,2026-01-05T10:00:00+00:00,demo
ORD-100257,Delivered,02.03.2025,Sale to individual,1798.93,7403.0,5604.07,7403.0,Transferred,1110.45,370.15,74.03,37.02,59.22,148.06,0.0,0.0,0.0,2026-01-05T10:00:00+00:00,demo
ORD-100258,Delivered,02.03.2025,Sale to individual,1262.87,5197.0,3934.13,5197.0,Transferred,779.55,259.85,51.97,25.98,41.58,103.94,0.0,0.0,0.0,2026-01-05T10:00:00+00:00,demo
ORD-100259,Delivered,02.03.2025,Sale to individual,930.69,3830.0,2899.31,3830.0,Transferred,574.5,191.5,38.3,19.15,30.64,76.6,0.0,0.0,0.0,2026-01-05T10:00:00+00:00,demo
ORD-100260,Delivered,02.03.2025,Sale to individual,396.09,1630.0,1233.91,1630.0,Transferred,244.5,81.5,16.3,8.15,13.04,32.6,0.0,0.0,0.0,2026-01-05T10:00:00+00:00,demo
ORD-100261,Delivered,02.03.2025,Sale to individual,476.28,1960.0,1483.72,1960.0,Transferred,294.0,98.0,19.6,9.8,15.68,39.2,0.0,0.0,0.0,2026-01-05T10:00:00+00:00,demo
ORD-100262,Delivered,02.03.2025,Sale to individual,2524.89,10390.5,7865.61,10390.5,Transferred,1558.58,519.52,103.91,51.95,83.12,207.81,0.0,0.0,0.0,2026-01-05T10:00:00+00:00,demo
ORD-100263,Delivered,03.03.2025,Sale to individual,1664.67,6850.5,5185.83,6850.5,Transferred,1027.58,342.53,68.5,34.25,54.8,137.01,0.0,0.0,0.0,2026-01-05T10:00:00+00:00,demo
ORD-100264,Delivered,03.03.2025,Sale to individual,2786.49,11467.0,8680.51,11467.0,Transferred,1720.05,573.35,114.67,57.34,91.74,229.34,0.0,0.0,0.0,2026-01-05T10:00:00+00:00,demo
ORD-100265,Delivered,03.03.2025,Sale to individual,314.93,1296.0,981.07,1296.0,Transferred,194.4,64.8,12.96,6.48,10.37,25.92,0.0,0.0,0.0,2026-01-05T10:00:00+00:00,demo
ORD-100266,Delivered,04.03.2025,Sale to individual,1959.44,8063.5,6104.06,8063.5,Transferred,1209.52,403.18,80.64,40.32,64.51,161.27,0.0,0.0,0.0,2026-01-05T10:00:00+00:00,demo
ORD-100267,Full return accepted at warehouse,04.03.2025,Sale to individual,1887.39,7767.0,5879.61,7767.0,Transferred,1165.05,388.35,77.67,38.84,62.14,155.34,0.0,0.0,0.0,2026-01-05T10:00:00+00:00,demo
ORD-100268,Delivered,04.03.2025,Sale to individual,1292.76,5320.0,4027.24,5320.0,Transferred,798.0,266.0,53.2,26.6,42.56,106.4,0.0,0.0,0.0,2026-01-05T10:00:00+00:00,demo
ORD-100269,Delivered,04.03.2025,Sale to individual,387.83,1596.0,1208.17,1596.0,Transferred,239.4,79.8,15.96,7.98,12.77,31.92,0.0,0.0,0.0,2026-01-05T10:00:00+00:00,demo
ORD-100270,Delivered,05.03.2025,Sale to individual,1264.09,5202.0,3937.91,5202.0,Transferred,780.3,260.1,52.02,26.01,41.62,104.04,0.0,0.0,0.0,2026-01-05T10:00:00+00:00,demo
ORD-100271,Delivered,05.03.2025,Sale to individual,2742.5,11286.0,8543.5,11286.0,Transferred,1692.9,564.3,112.86,56.43,90.29,225.72,0.0,0.0,0.0,2026-01-05T10:00:00+00:00,demo
ORD-100272,Delivered,05.03.2025,Sale to individual,1134.32,4668.0,3533.68,4668.0,Transferred,700.2,233.4,46.68,23.34,37.34,93.36,0.0,0.0,0.0,2026-01-05T10:00:00+00:00,demo
ORD-100273,Delivered,05.03.2025,Sale to individual,258.55,1064.0,805.45,1064.0,Transferred,159.6,53.2,10.64,5.32,8.51,21.28,0.0,0.0,0.0,2026-01-05T10:00:00+00:00,demo
ORD-100274,Delivered,05.03.2025,Sale to individual,2318.46,9541.0,7222.54,9541.0,Transferred,1431.15,477.05,95.41,47.7,76.33,190.82,0.0,0.0,0.0,2026-01-05T10:00:00+00:00,demo
ORD-100275,Delivered,05.03.2025,Sale to individual,3666.87,15090.0,11423.13,15090.0,Transferred,2263.5,754.5,150.9,75.45,120.72,301.8,0.0,0.0,0.0,2026-01-05T10:00:00+00:00,demo
ORD-100276,Delivered,05.03.2025,Sale to individual,297.43,1224.0,926.57,1224.0,Transferred,183.6,61.2,12.24,6.12,9.79,24.48,0.0,0.0,0.0,2026-01-05T10:00:00+00:00,demo
ORD-100277,Delivered,05.03.2025,Sale to individual,2015.2,8293.0,6277.8,8293.0,Transferred,1243.95,414.65,82.93,41.47,66.34,165.86,0.0,0.0,0.0,2026-01-05T10:00:00+00:00,demo
ORD-100278,Delivered,06.03.2025,Sale to individual,1855.8,7637.0,5781.2,7637.0,Transferred,1145.55,381.85,76.37,38.19,61.1,152.74,0.0,0.0,0.0,2026-01-05T10:00:00+00:00,demo
ORD-100279,Delivered,06.03.2025,Sale to individual,461.46,1899.0,1437.54,1899.0,Transferred,284.85,94.95,18.99,9.5,15.19,37.98,0.0,0.0,0.0,2026-01-05T10:00:00+00:00,demo
ORD-100280,Delivered,06.03.2025,Sale to individual,1637.1,6737.0,5099.9,6737.0,Transferred,1010.55,336.85,67.37,33.69,53.9,134.74,0.0,0.0,0.0,2026-01-05T10:00:00+00:00,demo
ORD-100281,Delivered,06.03.2025,Sale to individual,881.12,3626.0,2744.88,3626.0,Transferred,543.9,181.3,36.26,18.13,29.01,72.52,0.0,0.0,0.0,2026-01-05T10:00:00+00:00,demo
ORD-100282,Delivered,06.03.2025,Sale to individual,1517.04,6243.0,4725.96,6243.0,Transferred,936.45,312.15,62.43,31.21,49.94,124.86,0.0,0.0,0.0,2026-01-05T10:00:00+00:00,demo
ORD-100283,Delivered,06.03.2025,Sale to individual,2697.3,11100.0,8402.7,11100.0,Transferred,1665.0,555.0,111.0,55.5,88.8,222.0,0.0,0.0,0.0,2026-01-05T10:00:00+00:00,demo
ORD-100284,Delivered,07.03.2025,Sale to individual,272.16,1120.0,847.84,1120.0,Transferred,168.0,56.0,11.2,5.6,8.96,22.4,0.0,0.0,0.0,2026-01-05T10:00:00+00:00,demo
ORD-100285,Delivered,07.03.2025,Sale to individual,646.38,2660.0,2013.62,2660.0,Transferred,399.0,133.0,26.6,13.3,21.28,53.2,0.0,0.0,0.0,2026-01-05T10:00:00+00:00,demo
ORD-100286,Delivered,07.03.2025,Sale to individual,3212.83,13221.5,10008.67,13221.5,Transferred,1983.22,661.08,132.22,66.11,105.77,264.43,0.0,0.0,0.0,2026-01-05T10:00:00+00:00,demo
ORD-100287,Delivered,07.03.2025,Sale to individual,4118.85,16950.0,12831.15,16950.0,Transferred,2542.5,847.5,169.5,84.75,135.6,339.0,0.0,0.0,0.0,2026-01-05T10:00:00+00:00,demo
ORD-100288,Delivered,07.03.2025,Sale to individual,575.91,2370.0,1794.09,2370.0,Transferred,355.5,118.5,23.7,11.85,18.96,47.4,0.0,0.0,0.0,2026-01-05T10:00:00+00:00,demo
ORD-100289,Delivered,07.03.2025,Sale to individual,387.83,1596.0,1208.17,1596.0,Transferred,239.4,79.8,15.96,7.98,12.77,31.92,0.0,0.0,0.0,2026-01-05T10:00:00+00:00,demo
ORD-100291,Delivered,08.03.2025,Sale to individual,4237.92,17440.0,13202.08,17440.0,Transferred,2616.0,872.0,174.4,87.2,139.52,348.8,0.0,0.0,0.0,2026-01-05T10:00:00+00:00,demo
ORD-100292,Delivered,08.03.2025,Sale to individual,614.06,2527.0,1912.94,2527.0,Transferred,379.05,126.35,25.27,12.63,20.22,50.54,0.0,0.0,0.0,2026-01-05T10:00:00+00:00,demo
ORD-100293,Delivered,08.03.2025,Sale to individual,2729.61,11233.0,8503.39,11233.0,Transferred,1684.95,561.65,112.33,56.16,89.86,224.66,0.0,0.0,0.0,2026-01-05T10:00:00+00:00,demo
ORD-100294,Delivered,08.03.2025,Sale to individual,1279.89,5267.0,3987.11,5267.0,Transferred,790.05,263.35,52.67,26.34,42.14,105.34,0.0,0.0,0.0,2026-01-05T10:00:00+00:00,demo
ORD-100295,Full return accepted at warehouse,08.03.2025,Sale to individual,1903.55,7833.5,5929.95,7833.5,Transferred,1175.02,391.68,78.34,39.17,62.67,156.67,0.0,0.0,0.0,2026-01-05T10:00:00+00:00,demo
ORD-100296,Delivered,09.03.2025,Sale to individual,871.64,3587.0,2715.36,3587.0,Transferred,538.05,179.35,35.87,17.93,28.7,71.74,0.0,0.0,0.0,2026-01-05T10:00:00+00:00,demo
ORD-100297,Delivered,09.03.2025,Sale to individual,2870.8,11814.0,8943.2,11814.0,Transferred,1772.1,590.7,118.14,59.07,94.51,236.28,0.0,0.0,0.0,2026-01-05T10:00:00+00:00,demo
ORD-100298,Delivered,09.03.2025,Sale to individual,596.93,2456.5,1859.57,2456.5,Transferred,368.47,122.83,24.57,12.28,19.65,49.13,0.0,0.0,0.0,2026-01-05T10:00:00+00:00,demo
ORD-100299,Delivered,09.03.2025,Sale to individual,2864.73,11789.0,8924.27,11789.0,Transferred,1768.35,589.45,117.89,58.95,94.31,235.78,0.0,0.0,0.0,2026-01-05T10:00:00+00:00,demo
ORD-100300,Delivered,09.03.2025,Sale to individual,404.84,1666.0,1261.16,1666.0,Transferred,249.9,83.3,16.66,8.33,13.33,33.32,0.0,0.0,0.0,2026-01-05T10:00:00+00:00,demo
ORD-100301,Delivered,10.03.2025,Sale to individual,831.06,3420.0,2588.94,3420.0,Transferred,513.0,171.0,34.2,17.1,27.36,68.4,0.0,0.0,0.0,2026-01-05T10:00:00+00:00,demo
ORD-100302,Delivered,10.03.2025,Sale to individual,581.74,2394.0,1812.26,2394.0,Transferred,359.1,119.7,23.94,11.97,19.15,47.88,0.0,0.0,0.0,2026-01-05T10:00:00+00:00,demo
ORD-100303,Delivered,10.03.2025,Sale to individual,1585.09,6523.0,4937.91,6523.0,Transferred,978.45,326.15,65.23,32.62,52.18,130.46,0.0,0.0,0.0,2026-01-05T10:00:00+00:00,demo
ORD-100304,Delivered,10.03.2025,Sale to individual,646.38,2660.0,2013.62,2660.0,Transferred,399.0,133.0,26.6,13.3,21.28,53.2,0.0,0.0,0.0,2026-01-05T10:00:00+00:00,demo
ORD-100305,Delivered,10.03.2025,Sale to individual,1535.27,6318.0,4782.73,6318.0,Transferred,947.7,315.9,63.18,31.59,50.54,126.36,0.0,0.0,0.0,2026-01-05T10:00:00+00:00,demo
ORD-100306,Delivered,10.03.2025,Sale to individual,1116.23,4593.5,3477.27,4593.5,Transferred,689.02,229.68,45.94,22.97,36.75,91.87,0.0,0.0,0.0,2026-01-05T10:00:00+00:00,demo
ORD-100307,Delivered,10.03.2025,Sale to individual,624.51,2570.0,1945.49,2570.0,Transferred,385.5,128.5,25.7,12.85,20.56,51.4,0.0,0.0,0.0,2026-01-05T10:00:00+00:00,demo
ORD-100308,Delivered,10.03.2025,Sale to individual,2913.33,11989.0,9075.67,11989.0,Transferred,1798.35,599.45,119.89,59.95,95.91,239.78,0.0,0.0,0.0,2026-01-05T10:00:00+00:00,demo
ORD-100309,Full return accepted at warehouse,10.03.2025,Sale to individual,3296.42,13565.5,10269.08,13565.5,Transferred,2034.82,678.28,135.66,67.83,108.52,271.31,0.0,0.0,0.0,2026-01-05T10:00:00+00:00,demo
ORD-100310,Delivered,10.03.2025,Sale to individual,712.96,2934.0,2221.04,2934.0,Transferred,440.1,146.7,29.34,14.67,23.47,58.68,0.0,0.0,0.0,2026-01-05T10:00:00+00:00,demo
ORD-100311,Delivered,11.03.2025,Sale to individual,356.48,1467.0,1110.52,1467.0,Transferred,220.05,73.35,14.67,7.33,11.74,29.34,0.0,0.0,0.0,2026-01-05T10:00:00+00:00,demo
ORD-100312,Delivered,11.03.2025,Sale to individual,816.48,3360.0,2543.52,3360.0,Transferred,504.0,168.0,33.6,16.8,26.88,67.2,0.0,0.0,0.0,2026-01-05T10:00:00+00:00,demo
ORD-100313,Delivered,11.03.2025,Sale to individual,1632.96,6720.0,5087.04,6720.0,Transferred,1008.0,336.0,67.2,33.6,53.76,134.4,0.0,0.0,0.0,2026-01-05T10:00:00+00:00,demo
ORD-100314,Delivered,11.03.2025,Sale to individual,2261.11,9305.0,7043.89,9305.0,Transferred,1395.75,465.25,93.05,46.52,74.44,186.1,0.0,0.0,0.0,2026-01-05T10:00:00+00:00,demo
ORD-100315,Delivered,12.03.2025,Sale to individual,816.48,3360.0,2543.52,3360.0,Transferred,504.0,168.0,33.6,16.8,26.88,67.2,0.0,0.0,0.0,2026-01-05T10:00:00+00:00,demo
ORD-100316,Full return accepted at warehouse,12.03.2025,Sale to individual,1371.24,5643.0,4271.76,5643.0,Transferred,846.45,282.15,56.43,28.21,45.14,112.86,0.0,0.0,0.0,2026-01-05T10:00:00+00:00,demo
ORD-100317,Delivered,12.03.2025,Sale to individual,367.42,1512.0,1144.58,1512.0,Transferred,226.8,75.6,15.12,7.56,12.1,30.24,0.0,0.0,0.0,2026-01-05T10:00:00+00:00,demo
ORD-100318,Delivered,12.03.2025,Sale to individual,3625.81,14921.0,11295.19,14921.0,Transferred,2238.15,746.05,149.21,74.61,119.37,298.42,0.0,0.0,0.0,2026-01-05T10:00:00+00:00,demo
ORD-100319,Delivered,12.03.2025,Sale to individual,3556.06,14634.0,11077.94,14634.0,Transferred,2195.1,731.7,146.34,73.17,117.07,292.68,0.0,0.0,0.0,2026-01-05T10:00:00+00:00,demo
ORD-100320,Delivered,12.03.2025,Sale to individual,415.53,1710.0,1294.47,1710.0,Transferred,256.5,85.5,17.1,8.55,13.68,34.2,0.0,0.0,0.0,2026-01-05T10:00:00+00:00,demo
ORD-100321,Delivered,13.03.2025,Sale to individual,3764.07,15490.0,11725.93,15490.0,Transferred,2323.5,774.5,154.9,77.45,123.92,309.8,0.0,0.0,0.0,2026-01-05T10:00:00+00:00,demo
ORD-100322,Delivered,13.03.2025,Sale to individual,532.17,2190.0,1657.83,2190.0,Transferred,328.5,109.5,21.9,10.95,17.52,43.8,0.0,0.0,0.0,2026-01-05T10:00:00+00:00,demo
ORD-100323,Delivered,13.03.2025,Sale to individual,2623.67,10797.0,8173.33,10797.0,Transferred,1619.55,539.85,107.97,53.98,86.38,215.94,0.0,0.0,0.0,2026-01-05T10:00:00+00:00,demo
ORD-100324,Delivered,13.03.2025,Sale to individual,2558.55,10529.0,7970.45,10529.0,Transferred,1579.35,526.45,105.29,52.65,84.23,210.58,0.0,0.0,0.0,2026-01-05T10:00:00+00:00,demo
ORD-100325,Delivered,13.03.2025,Sale to individual,1701.0,7000.0,5299.0,7000.0,Transferred,1050.0,350.0,70.0,35.0,56.0,140.0,0.0,0.0,0.0,2026-01-05T10:00:00+00:00,demo
ORD-100326,Delivered,13.03.2025,Sale to individual,1948.61,8019.0,6070.39,8019.0,Transferred,1202.85,400.95,80.19,40.09,64.15,160.38,0.0,0.0,0.0,2026-01-05T10:00:00+00:00,demo
ORD-100327,Delivered,13.03.2025,Sale to individual,859.73,3538.0,2678.27,3538.0,Transferred,530.7,176.9,35.38,17.69,28.3,70.76,0.0,0.0,0.0,2026-01-05T10:00:00+00:00,demo
ORD-100328,Delivered,14.03.2025,Sale to individual,1483.03,6103.0,4619.97,6103.0,Transferred,915.45,305.15,61.03,30.52,48.82,122.06,0.0,0.0,0.0,2026-01-05T10:00:00+00:00,demo
ORD-100329,Full return accepted at warehouse,14.03.2025,Sale to individual,4063.33,16721.5,12658.17,16721.5,Transferred,2508.22,836.08,167.22,83.61,133.77,334.43,0.0,0.0,0.0,2026-01-05T10:00:00+00:00,demo
ORD-100330,Delivered,14.03.2025,Sale to individual,489.53,2014.5,1524.97,2014.5,Transferred,302.18,100.73,20.14,10.07,16.12,40.29,0.0,0.0,0.0,2026-01-05T10:00:00+00:00,demo
ORD-100332,Delivered,14.03.2025,Sale to individual,2812.73,11575.0,8762.27,11575.0,Transferred,1736.25,578.75,115.75,57.88,92.6,231.5,0.0,0.0,0.0,2026-01-05T10:00:00+00:00,demo
ORD-100333,Delivered,14.03.2025,Sale to individual,468.63,1928.5,1459.87,1928.5,Transferred,289.27,96.43,19.29,9.64,15.43,38.57,0.0,0.0,0.0,2026-01-05T10:00:00+00:00,demo
ORD-100334,Delivered,15.03.2025,Sale to individual,393.66,1620.0,1226.34,1620.0,Transferred,243.0,81.0,16.2,8.1,12.96,32.4,0.0,0.0,0.0,2026-01-05T10:00:00+00:00,demo
ORD-100335,Delivered,15.03.2025,Sale to individual,4220.19,17367.0,13146.81,17367.0,Transferred,2605.05,868.35,173.67,86.84,138.94,347.34,0.0,0.0,0.0,2026-01-05T10:00:00+00:00,demo
ORD-100336,Delivered,15.03.2025,Sale to individual,349.92,1440.0,1090.08,1440.0,Transferred,216.0,72.0,14.4,7.2,11.52,28.8,0.0,0.0,0.0,2026-01-05T10:00:00+00:00,demo
ORD-100337,Delivered,15.03.2025,Sale to individual,244.94,1008.0,763.06,1008.0,Transferred,151.2,50.4,10.08,5.04,8.06,20.16,0.0,0.0,0.0,2026-01-05T10:00:00+00:00,demo
ORD-100338,Delivered,16.03.2025,Sale to individual,680.4,2800.0,2119.6,2800.0,Transferred,420.0,140.0,28.0,14.0,22.4,56.0,0.0,0.0,0.0,2026-01-05T10:00:00+00:00,demo
ORD-100339,Delivered,16.03.2025,Sale to individual,1402.48,5771.5,4369.02,5771.5,Transferred,865.73,288.57,57.72,28.86,46.17,115.43,0.0,0.0,0.0,2026-01-05T10:00:00+00:00,demo
ORD-100340,Delivered,16.03.2025,Sale to individual,646.38,2660.0,2013.62,2660.0,Transferred,399.0,133.0,26.6,13.3,21.28,53.2,0.0,0.0,0.0,2026-01-05T10:00:00+00:00,demo
ORD-100341,Delivered,16.03.2025,Sale to individual,619.16,2548.0,1928.84,2548.0,Transferred,382.2,127.4,25.48,12.74,20.38,50.96,0.0,0.0,0.0,2026-01-05T10:00:00+00:00,demo
ORD-100342,Delivered,17.03.2025,Sale to individual,491.59,2023.0,1531.41,2023.0,Transferred,303.45,101.15,20.23,10.12,16.18,40.46,0.0,0.0,0.0,2026-01-05T10:00:00+00:00,demo
ORD-100343,Delivered,17.03.2025,Sale to individual,802.27,3301.5,2499.23,3301.5,Transferred,495.22,165.08,33.02,16.51,26.41,66.03,0.0,0.0,0.0,2026-01-05T10:00:00+00:00,demo
ORD-100344,Delivered,17.03.2025,Sale to individual,2886.84,11880.0,8993.16,11880.0,Transferred,1782.0,594.0,118.8,59.4,95.04,237.6,0.0,0.0,0.0,2026-01-05T10:00:00+00:00,demo
ORD-100345,Delivered,17.03.2025,Sale to individual,1684.12,6930.5,5246.38,6930.5,Transferred,1039.58,346.53,69.31,34.65,55.44,138.61,0.0,0.0,0.0,2026-01-05T10:00:00+00:00,demo
ORD-100346,Delivered,17.03.2025,Sale to individual,1036.64,4266.0,3229.36,4266.0,Transferred,639.9,213.3,42.66,21.33,34.13,85.32,0.0,0.0,0.0,2026-01-05T10:00:00+00:00,demo
ORD-100347,Delivered,17.03.2025,Sale to individual,1069.2,4400.0,3330.8,4400.0,Transferred,660.0,220.0,44.0,22.0,35.2,88.0,0.0,0.0,0.0,2026-01-05T10:00:00+00:00,demo
ORD-100348,Delivered,17.03.2025,Sale to individual,1961.38,8071.5,6110.12,8071.5,Transferred,1210.72,403.58,80.72,40.36,64.57,161.43,0.0,0.0,0.0,2026-01-05T10:00:00+00:00,demo
ORD-100349,Delivered,18.03.2025,Sale to individual,1241.73,5110.0,3868.27,5110.0,Transferred,766.5,255.5,51.1,25.55,40.88,102.2,0.0,0.0,0.0,2026-01-05T10:00:00+00:00,demo
ORD-100350,Delivered,18.03.2025,Sale to individual,1800.63,7410.0,5609.37,7410.0,Transferred,1111.5,370.5,74.1,37.05,59.28,148.2,0.0,0.0,0.0,2026-01-05T10:00:00+00:00,demo
ORD-100351,Delivered,18.03.2025,Sale to individual,402.77,1657.5,1254.73,1657.5,Transferred,248.62,82.88,16.57,8.29,13.26,33.15,0.0,0.0,0.0,2026-01-05T10:00:00+00:00,demo
ORD-100352,Delivered,18.03.2025,Sale to individual,1419.24,5840.5,4421.26,5840.5,Transferred,876.07,292.03,58.41,29.2,46.72,116.81,0.0,0.0,0.0,2026-01-05T10:00:00+00:00,demo
ORD-100353,Delivered,18.03.2025,Sale to individual,4891.59,20130.0,15238.41,20130.0,Transferred,3019.5,1006.5,201.3,100.65,161.04,402.6,0.0,0.0,0.0,2026-01-05T10:00:00+00:00,demo
ORD-100354,Delivered,19.03.2025,Sale to individual,1677.19,6902.0,5224.81,6902.0,Transferred,1035.3,345.1,69.02,34.51,55.22,138.04,0.0,0.0,0.0,2026-01-05T10:00:00+00:00,demo
ORD-100355,Delivered,19.03.2025,Sale to individual,884.52,3640.0,2755.48,3640.0,Transferred,546.0,182.0,36.4,18.2,29.12,72.8,0.0,0.0,0.0,2026-01-05T10:00:00+00:00,demo
ORD-100356,Delivered,19.03.2025,Sale to individual,2483.46,10220.0,7736.54,10220.0,Transferred,1533.0,511.0,102.2,51.1,81.76,204.4,0.0,0.0,0.0,2026-01-05T10:00:00+00:00,demo
ORD-100357,Delivered,19.03.2025,Sale to individual,581.74,2394.0,1812.26,2394.0,Transferred,359.1,119.7,23.94,11.97,19.15,47.88,0.0,0.0,0.0,2026-01-05T10:00:00+00:00,demo
ORD-100358,Delivered,19.03.2025,Sale to individual,3280.5,13500.0,10219.5,13500.0,Transferred,2025.0,675.0,135.0,67.5,108.0,270.0,0.0,0.0,0.0,2026-01-05T10:00:00+00:00,demo
ORD-100359,Delivered,19.03.2025,Sale to individual,532.17,2190.0,1657.83,2190.0,Transferred,328.5,109.5,21.9,10.95,17.52,43.8,0.0,0.0,0.0,2026-01-05T10:00:00+00:00,demo
ORD-100360,Delivered,19.03.2025,Sale to individual,1228.12,5054.0,3825.88,5054.0,Transferred,758.1,252.7,50.54,25.27,40.43,101.08,0.0,0.0,0.0,2026-01-05T10:00:00+00:00,demo
ORD-100361,Delivered,19.03.2025,Sale to individual,3481.47,14327.0,10845.53,14327.0,Transferred,2149.05,716.35,143.27,71.64,114.62,286.54,0.0,0.0,0.0,2026-01-05T10:00:00+00:00,demo
ORD-100362,Delivered,19.03.2025,Sale to individual,1392.5,5730.5,4338.0,5730.5,Transferred,859.57,286.53,57.3,28.65,45.84,114.61,0.0,0.0,0.0,2026-01-05T10:00:00+00:00,demo
ORD-100363,Delivered,20.03.2025,Sale to individual,2516.26,10355.0,7838.74,10355.0,Transferred,1553.25,517.75,103.55,51.77,82.84,207.1,0.0,0.0,0.0,2026-01-05T10:00:00+00:00,demo
ORD-100364,Delivered,20.03.2025,Sale to individual,1193.86,4913.0,3719.14,4913.0,Transferred,736.95,245.65,49.13,24.57,39.3,98.26,0.0,0.0,0.0,2026-01-05T10:00:00+00:00,demo
ORD-100365,Delivered,20.03.2025,Sale to individual,922.91,3798.0,2875.09,3798.0,Transferred,569.7,189.9,37.98,18.99,30.38,75.96,0.0,0.0,0.0,2026-01-05T10:00:00+00:00,demo
ORD-100366,Delivered,20.03.2025,Sale to individual,1279.89,5267.0,3987.11,5267.0,Transferred,790.05,263.35,52.67,26.34,42.14,105.34,0.0,0.0,0.0,2026-01-05T10:00:00+00:00,demo
ORD-100367,Delivered,20.03.2025,Sale to individual,947.7,3900.0,2952.3,3900.0,Transferred,585.0,195.0,39.0,19.5,31.2,78.0,0.0,0.0,0.0,2026-01-05T10:00:00+00:00,demo
ORD-100368,Delivered,20.03.2025,Sale to individual,1799.3,7404.5,5605.2,7404.5,Transferred,1110.67,370.23,74.05,37.02,59.24,148.09,0.0,0.0,0.0,2026-01-05T10:00:00+00:00,demo
ORD-100369,Delivered,21.03.2025,Sale to individual,1825.53,7512.5,5686.97,7512.5,Transferred,1126.88,375.62,75.12,37.56,60.1,150.25,0.0,0.0,0.0,2026-01-05T10:00:00+00:00,demo
ORD-100370,Delivered,21.03.2025,Sale to individual,435.82,1793.5,1357.68,1793.5,Transferred,269.02,89.68,17.93,8.97,14.35,35.87,0.0,0.0,0.0,2026-01-05T10:00:00+00:00,demo
ORD-100371,Delivered,21.03.2025,Sale to individual,1840.24,7573.0,5732.76,7573.0,Transferred,1135.95,378.65,75.73,37.87,60.58,151.46,0.0,0.0,0.0,2026-01-05T10:00:00+00:00,demo
ORD-100372,Delivered,21.03.2025,Sale to individual,1151.82,4740.0,3588.18,4740.0,Transferred,711.0,237.0,47.4,23.7,37.92,94.8,0.0,0.0,0.0,2026-01-05T10:00:00+00:00,demo
ORD-100373,Delivered,21.03.2025,Sale to individual,1178.55,4850.0,3671.45,4850.0,Transferred,727.5,242.5,48.5,24.25,38.8,97.0,0.0,0.0,0.0,2026-01-05T10:00:00+00:00,demo
ORD-100374,Delivered,22.03.2025,Sale to individual,408.24,1680.0,1271.76,1680.0,Transferred,252.0,84.0,16.8,8.4,13.44,33.6,0.0,0.0,0.0,2026-01-05T10:00:00+00:00,demo
ORD-100375,Delivered,22.03.2025,Sale to individual,1292.76,5320.0,4027.24,5320.0,Transferred,798.0,266.0,53.2,26.6,42.56,106.4,0.0,0.0,0.0,2026-01-05T10:00:00+00:00,demo
ORD-100376,Delivered,22.03.2025,Sale to individual,1064.71,4381.5,3316.79,4381.5,Transferred,657.23,219.08,43.81,21.91,35.05,87.63,0.0,0.0,0.0,2026-01-05T10:00:00+00:00,demo
ORD-100377,Delivered,23.03.2025,Sale to individual,452.35,1861.5,1409.15,1861.5,Transferred,279.22,93.08,18.62,9.31,14.89,37.23,0.0,0.0,0.0,2026-01-05T10:00:00+00:00,demo
ORD-100379,Delivered,23.03.2025,Sale to individual,231.34,952.0,720.66,952.0,Transferred,142.8,47.6,9.52,4.76,7.62,19.04,0.0,0.0,0.0,2026-01-05T10:00:00+00:00,demo
ORD-100380,Delivered,23.03.2025,Sale to individual,435.82,1793.5,1357.68,1793.5,Transferred,269.02,89.68,17.93,8.97,14.35,35.87,0.0,0.0,0.0,2026-01-05T10:00:00+00:00,demo
ORD-100381,Delivered,23.03.2025,Sale to individual,1119.74,4608.0,3488.26,4608.0,Transferred,691.2,230.4,46.08,23.04,36.86,92.16,0.0,0.0,0.0,2026-01-05T10:00:00+00:00,demo
ORD-100382,Full return accepted at warehouse,23.03.2025,Sale to individual,1007.72,4147.0,3139.28,4147.0,Transferred,622.05,207.35,41.47,20.73,33.18,82.94,0.0,0.0,0.0,2026-01-05T10:00:00+00:00,demo
ORD-100383,Delivered,23.03.2025,Sale to individual,1689.1,6951.0,5261.9,6951.0,Transferred,1042.65,347.55,69.51,34.76,55.61,139.02,0.0,0.0,0.0,2026-01-05T10:00:00+00:00,demo
ORD-100384,Delivered,24.03.2025,Sale to individual,437.4,1800.0,1362.6,1800.0,Transferred,270.0,90.0,18.0,9.0,14.4,36.0,0.0,0.0,0.0,2026-01-05T10:00:00+00:00,demo
ORD-100385,Delivered,24.03.2025,Sale to individual,367.42,1512.0,1144.58,1512.0,Transferred,226.8,75.6,15.12,7.56,12.1,30.24,0.0,0.0,0.0,2026-01-05T10:00:00+00:00,demo
ORD-100386,Delivered,24.03.2025,Sale to individual,1224.72,5040.0,3815.28,5040.0,Transferred,756.0,252.0,50.4,25.2,40.32,100.8,0.0,0.0,0.0,2026-01-05T10:00:00+00:00,demo
ORD-100387,Full return accepted at warehouse,24.03.2025,Sale to individual,1639.76,6748.0,5108.24,6748.0,Transferred,1012.2,337.4,67.48,33.74,53.98,134.96,0.0,0.0,0.0,2026-01-05T10:00:00+00:00,demo
ORD-100388,Delivered,24.03.2025,Sale to individual,356.48,1467.0,1110.52,1467.0,Transferred,220.05,73.35,14.67,7.33,11.74,29.34,0.0,0.0,0.0,2026-01-05T10:00:00+00:00,demo
ORD-100389,Delivered,24.03.2025,Sale to individual,966.65,3978.0,3011.35,3978.0,Transferred,596.7,198.9,39.78,19.89,31.82,79.56,0.0,0.0,0.0,2026-01-05T10:00:00+00:00,demo
ORD-100390,Delivered,24.03.2025,Sale to individual,1253.64,5159.0,3905.36,5159.0,Transferred,773.85,257.95,51.59,25.8,41.27,103.18,0.0,0.0,0.0,2026-01-05T10:00:00+00:00,demo
ORD-100391,Delivered,24.03.2025,Sale to individual,787.32,3240.0,2452.68,3240.0,Transferred,486.0,162.0,32.4,16.2,25.92,64.8,0.0,0.0,0.0,2026-01-05T10:00:00+00:00,demo
ORD-100392,Delivered,25.03.2025,Sale to individual,808.47,3327.0,2518.53,3327.0,Transferred,499.05,166.35,33.27,16.64,26.62,66.54,0.0,0.0,0.0,2026-01-05T10:00:00+00:00,demo
ORD-100393,Delivered,25.03.2025,Sale to individual,1762.96,7255.0,5492.04,7255.0,Transferred,1088.25,362.75,72.55,36.27,58.04,145.1,0.0,0.0,0.0,2026-01-05T10:00:00+00:00,demo
ORD-100394,Delivered,25.03.2025,Sale to individual,452.35,1861.5,1409.15,1861.5,Transferred,279.22,93.08,18.62,9.31,14.89,37.23,0.0,0.0,0.0,2026-01-05T10:00:00+00:00,demo
ORD-100395,Delivered,25.03.2025,Sale to individual,1224.72,5040.0,3815.28,5040.0,Transferred,756.0,252.0,50.4,25.2,40.32,100.8,0.0,0.0,0.0,2026-01-05T10:00:00+00:00,demo
ORD-100396,Delivered,25.03.2025,Sale to individual,2891.1,11897.5,9006.4,11897.5,Transferred,1784.62,594.88,118.98,59.49,95.18,237.95,0.0,0.0,0.0,2026-01-05T10:00:00+00:00,demo
ORD-100397,Delivered,25.03.2025,Sale to individual,3856.29,15869.5,12013.21,15869.5,Transferred,2380.42,793.48,158.69,79.35,126.96,317.39,0.0,0.0,0.0,2026-01-05T10:00:00+00:00,demo
ORD-100398,Full return accepted at warehouse,25.03.2025,Sale to individual,1824.93,7510.0,5685.07,7510.0,Transferred,1126.5,375.5,75.1,37.55,60.08,150.2,0.0,0.0,0.0,2026-01-05T10:00:00+00:00,demo
ORD-100399,Delivered,25.03.2025,Sale to individual,986.58,4060.0,3073.42,4060.0,Transferred,609.0,203.0,40.6,20.3,32.48,81.2,0.0,0.0,0.0,2026-01-05T10:00:00+00:00,demo
ORD-100400,Delivered,25.03.2025,Sale to individual,2598.16,10692.0,8093.84,10692.0,Transferred,1603.8,534.6,106.92,53.46,85.54,213.84,0.0,0.0,0.0,2026-01-05T10:00:00+00:00,demo
ORD-100401,Delivered,26.03.2025,Sale to individual,3557.16,14638.5,11081.34,14638.5,Transferred,2195.78,731.93,146.38,73.19,117.11,292.77,0.0,0.0,0.0,2026-01-05T10:00:00+00:00,demo
ORD-100402,Delivered,26.03.2025,Sale to individual,1227.53,5051.5,3823.97,5051.5,Transferred,757.73,252.58,50.52,25.26,40.41,101.03,0.0,0.0,0.0,2026-01-05T10:00:00+00:00,demo
ORD-100403,Delivered,26.03.2025,Sale to individual,1088.64,4480.0,3391.36,4480.0,Transferred,672.0,224.0,44.8,22.4,35.84,89.6,0.0,0.0,0.0,2026-01-05T10:00:00+00:00,demo
ORD-100404,Delivered,26.03.2025,Sale to individual,874.8,3600.0,2725.2,3600.0,Transferred,540.0,180.0,36.0,18.0,28.8,72.0,0.0,0.0,0.0,2026-01-05T10:00:00+00:00,demo
ORD-100405,Delivered,26.03.2025,Sale to individual,1071.63,4410.0,3338.37,4410.0,Transferred,661.5,220.5,44.1,22.05,35.28,88.2,0.0,0.0,0.0,2026-01-05T10:00:00+00:00,demo
ORD-100406,Delivered,26.03.2025,Sale to individual,1656.54,6817.0,5160.46,6817.0,Transferred,1022.55,340.85,68.17,34.09,54.54,136.34,0.0,0.0,0.0,2026-01-05T10:00:00+00:00,demo
ORD-100407,Delivered,26.03.2025,Sale to individual,1998.8,8225.5,6226.7,8225.5,Transferred,1233.83,411.28,82.25,41.13,65.8,164.51,0.0,0.0,0.0,2026-01-05T10:00:00+00:00,demo
ORD-100408,Full return accepted at warehouse,26.03.2025,Sale to individual,1125.34,4631.0,3505.66,4631.0,Transferred,694.65,231.55,46.31,23.16,37.05,92.62,0.0,0.0,0.0,2026-01-05T10:00:00+00:00,demo
ORD-100409,Full return accepted at warehouse,26.03.2025,Sale to individual,581.74,2394.0,1812.26,2394.0,Transferred,359.1,119.7,23.94,11.97,19.15,47.88,0.0,0.0,0.0,2026-01-05T10:00:00+00:00,demo
ORD-100411,Delivered,27.03.2025,Sale to individual,437.4,1800.0,1362.6,1800.0,Transferred,270.0,90.0,18.0,9.0,14.4,36.0,0.0,0.0,0.0,2026-01-05T10:00:00+00:00,demo
ORD-100412,Delivered,27.03.2025,Sale to individual,918.65,3780.5,2861.85,3780.5,Transferred,567.07,189.03,37.8,18.9,30.24,75.61,0.0,0.0,0.0,2026-01-05T10:00:00+00:00,demo
ORD-100413,Delivered,27.03.2025,Sale to individual,1969.76,8106.0,6136.24,8106.0,Transferred,1215.9,405.3,81.06,40.53,64.85,162.12,0.0,0.0,0.0,2026-01-05T10:00:00+00:00,demo
ORD-100414,Delivered,27.03.2025,Sale to individual,2546.89,10481.0,7934.11,10481.0,Transferred,1572.15,524.05,104.81,52.41,83.85,209.62,0.0,0.0,0.0,2026-01-05T10:00:00+00:00,demo
ORD-100415,Full return accepted at warehouse,28.03.2025,Sale to individual,1133.48,4664.5,3531.02,4664.5,Transferred,699.67,233.23,46.65,23.32,37.32,93.29,0.0,0.0,0.0,2026-01-05T10:00:00+00:00,demo
ORD-100416,Delivered,28.03.2025,Sale to individual,2295.02,9444.5,7149.48,9444.5,Transferred,1416.67,472.23,94.45,47.22,75.56,188.89,0.0,0.0,0.0,2026-01-05T10:00:00+00:00,demo
ORD-100417,Delivered,28.03.2025,Sale to individual,2792.07,11490.0,8697.93,11490.0,Transferred,1723.5,574.5,114.9,57.45,91.92,229.8,0.0,0.0,0.0,2026-01-05T10:00:00+00:00,demo
ORD-100418,Delivered,28.03.2025,Sale to individual,4638.87,19090.0,14451.13,19090.0,Transferred,2863.5,954.5,190.9,95.45,152.72,381.8,0.0,0.0,0.0,2026-01-05T10:00:00+00:00,demo
ORD-100419,Delivered,28.03.2025,Sale to individual,347.0,1428.0,1081.0,1428.0,Transferred,214.2,71.4,14.28,7.14,11.42,28.56,0.0,0.0,0.0,2026-01-05T10:00:00+00:00,demo
ORD-100420,Full return accepted at warehouse,28.03.2025,Sale to individual,289.17,1190.0,900.83,1190.0,Transferred,178.5,59.5,11.9,5.95,9.52,23.8,0.0,0.0,0.0,2026-01-05T10:00:00+00:00,demo
ORD-100421,Delivered,28.03.2025,Sale to individual,4388.34,18059.0,13670.66,18059.0,Transferred,2708.85,902.95,180.59,90.3,144.47,361.18,0.0,0.0,0.0,2026-01-05T10:00:00+00:00,demo
ORD-100422,Delivered,29.03.2025,Sale to individual,1740.6,7163.0,5422.4,7163.0,Transferred,1074.45,358.15,71.63,35.81,57.3,143.26,0.0,0.0,0.0,2026-01-05T10:00:00+00:00,demo
ORD-100423,Full return accepted at warehouse,29.03.2025,Sale to individual,2401.93,9884.5,7482.57,9884.5,Transferred,1482.67,494.23,98.84,49.42,79.08,197.69,0.0,0.0,0.0,2026-01-05T10:00:00+00:00,demo
ORD-100425,Delivered,29.03.2025,Sale to individual,532.17,2190.0,1657.83,2190.0,Transferred,328.5,109.5,21.9,10.95,17.52,43.8,0.0,0.0,0.0,2026-01-05T10:00:00+00:00,demo
ORD-100426,Delivered,29.03.2025,Sale to individual,419.29,1725.5,1306.21,1725.5,Transferred,258.82,86.28,17.25,8.63,13.8,34.51,0.0,0.0,0.0,2026-01-05T10:00:00+00:00,demo
ORD-100427,Delivered,29.03.2025,Sale to individual,1774.15,7301.0,5526.85,7301.0,Transferred,1095.15,365.05,73.01,36.51,58.41,146.02,0.0,0.0,0.0,2026-01-05T10:00:00+00:00,demo
ORD-100428,Delivered,29.03.2025,Sale to individual,791.08,3255.5,2464.42,3255.5,Transferred,488.32,162.78,32.55,16.28,26.04,65.11,0.0,0.0,0.0,2026-01-05T10:00:00+00:00,demo
ORD-100429,Delivered,29.03.2025,Sale to individual,1455.57,5990.0,4534.43,5990.0,Transferred,898.5,299.5,59.9,29.95,47.92,119.8,0.0,0.0,0.0,2026-01-05T10:00:00+00:00,demo
ORD-100430,Delivered,30.03.2025,Sale to individual,1169.93,4814.5,3644.57,4814.5,Transferred,722.17,240.73,48.15,24.07,38.52,96.29,0.0,0.0,0.0,2026-01-05T10:00:00+00:00,demo
ORD-100431,Delivered,30.03.2025,Sale to individual,2881.49,11858.0,8976.51,11858.0,Transferred,1778.7,592.9,118.58,59.29,94.86,237.16,0.0,0.0,0.0,2026-01-05T10:00:00+00:00,demo
ORD-100433,Delivered,30.03.2025,Sale to individual,1193.86,4913.0,3719.14,4913.0,Transferred,736.95,245.65,49.13,24.57,39.3,98.26,0.0,0.0,0.0,2026-01-05T10:00:00+00:00,demo
ORD-100434,Delivered,30.03.2025,Sale to individual,396.09,1630.0,1233.91,1630.0,Transferred,244.5,81.5,16.3,8.15,13.04,32.6,0.0,0.0,0.0,2026-01-05T10:00:00+00:00,demo
ORD-100435,Delivered,30.03.2025,Sale to individual,588.31,2421.0,1832.69,2421.0,Transferred,363.15,121.05,24.21,12.11,19.37,48.42,0.0,0.0,0.0,2026-01-05T10:00:00+00:00,demo
ORD-100436,Delivered,30.03.2025,Sale to individual,1825.9,7514.0,5688.1,7514.0,Transferred,1127.1,375.7,75.14,37.57,60.11,150.28,0.0,0.0,0.0,2026-01-05T10:00:00+00:00,demo
ORD-100438,Delivered,30.03.2025,Sale to individual,680.4,2800.0,2119.6,2800.0,Transferred,420.0,140.0,28.0,14.0,22.4,56.0,0.0,0.0,0.0,2026-01-05T10:00:00+00:00,demo
ORD-100439,Delivered,30.03.2025,Sale to individual,258.55,1064.0,805.45,1064.0,Transferred,159.6,53.2,10.64,5.32,8.51,21.28,0.0,0.0,0.0,2026-01-05T10:00:00+00:00,demo
ORD-100440,Delivered,31.03.2025,Sale to individual,646.38,2660.0,2013.62,2660.0,Transferred,399.0,133.0,26.6,13.3,21.28,53.2,0.0,0.0,0.0,2026-01-05T10:00:00+00:00,demo
ORD-100441,Delivered,31.03.2025,Sale to individual,947.7,3900.0,2952.3,3900.0,Transferred,585.0,195.0,39.0,19.5,31.2,78.0,0.0,0.0,0.0,2026-01-05T10:00:00+00:00,demo
ORD-100442,Delivered,31.03.2025,Sale to individual,1449.99,5967.0,4517.01,5967.0,Transferred,895.05,298.35,59.67,29.84,47.74,119.34,0.0,0.0,0.0,2026-01-05T10:00:00+00:00,demo
ORD-100443,Delivered,31.03.2025,Sale to individual,1055.48,4343.5,3288.02,4343.5,Transferred,651.52,217.18,43.44,21.72,34.75,86.87,0.0,0.0,0.0,2026-01-05T10:00:00+00:00,demo
ORD-100444,Delivered,31.03.2025,Sale to individual,3132.88,12892.5,9759.62,12892.5,Transferred,1933.88,644.62,128.93,64.46,103.14,257.85,0.0,0.0,0.0,2026-01-05T10:00:00+00:00,demo
ORD-100445,Delivered,31.03.2025,Sale to individual,646.38,2660.0,2013.62,2660.0,Transferred,399.0,133.0,26.6,13.3,21.28,53.2,0.0,0.0,0.0,2026-01-05T10:00:00+00:00,demo
ORD-100446,Full return accepted at warehouse,01.04.2025,Sale to individual,408.24,1680.0,1271.76,1680.0,Transferred,252.0,84.0,16.8,8.4,13.44,33.6,0.0,0.0,0.0,2026-01-05T10:00:00+00:00,demo
ORD-100447,Full return accepted at warehouse,01.04.2025,Sale to individual,1685.7,6937.0,5251.3,6937.0,Transferred,1040.55,346.85,69.37,34.69,55.5,138.74,0.0,0.0,0.0,2026-01-05T10:00:00+00:00,demo
ORD-100448,Delivered,01.04.2025,Sale to individual,2794.5,11500.0,8705.5,11500.0,Transferred,1725.0,575.0,115.0,57.5,92.0,230.0,0.0,0.0,0.0,2026-01-05T10:00:00+00:00,demo
ORD-100449,Delivered,01.04.2025,Sale to individual,1011.12,4161.0,3149.88,4161.0,Transferred,624.15,208.05,41.61,20.8,33.29,83.22,0.0,0.0,0.0,2026-01-05T10:00:00+00:00,demo
ORD-100450,Delivered,01.04.2025,Sale to individual,1321.92,5440.0,4118.08,5440.0,Transferred,816.0,272.0,54.4,27.2,43.52,108.8,0.0,0.0,0.0,2026-01-05T10:00:00+00:00,demo
ORD-100451,Delivered,01.04.2025,Sale to individual,1014.16,4173.5,3159.34,4173.5,Transferred,626.02,208.68,41.73,20.87,33.39,83.47,0.0,0.0,0.0,2026-01-05T10:00:00+00:00,demo
ORD-100452,Delivered,01.04.2025,Sale to individual,646.38,2660.0,2013.62,2660.0,Transferred,399.0,133.0,26.6,13.3,21.28,53.2,0.0,0.0,0.0,2026-01-05T10:00:00+00:00,demo
ORD-100453,Delivered,01.04.2025,Sale to individual,2201.58,9060.0,6858.42,9060.0,Transferred,1359.0,453.0,90.6,45.3,72.48,181.2,0.0,0.0,0.0,2026-01-05T10:00:00+00:00,demo
ORD-100454,Delivered,02.04.2025,Sale to individual,2794.5,11500.0,8705.5,11500.0,Transferred,1725.0,575.0,115.0,57.5,92.0,230.0,0.0,0.0,0.0,2026-01-05T10:00:00+00:00,demo
ORD-100455,Delivered,02.04.2025,Sale to individual,3576.96,14720.0,11143.04,14720.0,Transferred,2208.0,736.0,147.2,73.6,117.76,294.4,0.0,0.0,0.0,2026-01-05T10:00:00+00:00,demo
ORD-100456,Delivered,02.04.2025,Sale to individual,1649.97,6790.0,5140.03,6790.0,Transferred,1018.5,339.5,67.9,33.95,54.32,135.8,0.0,0.0,0.0,2026-01-05T10:00:00+00:00,demo
ORD-100457,Delivered,02.04.2025,Sale to individual,1419.61,5842.0,4422.39,5842.0,Transferred,876.3,292.1,58.42,29.21,46.74,116.84,0.0,0.0,0.0,2026-01-05T10:00:00+00:00,demo
ORD-100458,Delivered,02.04.2025,Sale to individual,2023.22,8326.0,6302.78,8326.0,Transferred,1248.9,416.3,83.26,41.63,66.61,166.52,0.0,0.0,0.0,2026-01-05T10:00:00+00:00,demo
ORD-100459,Delivered,02.04.2025,Sale to individual,260.26,1071.0,810.74,1071.0,Transferred,160.65,53.55,10.71,5.36,8.57,21.42,0.0,0.0,0.0,2026-01-05T10:00:00+00:00,demo
ORD-100460,Delivered,03.04.2025,Sale to individual,1027.89,4230.0,3202.11,4230.0,Transferred,634.5,211.5,42.3,21.15,33.84,84.6,0.0,0.0,0.0,2026-01-05T10:00:00+00:00,demo
ORD-100461,Full return accepted at warehouse,03.04.2025,Sale to individual,614.06,2527.0,1912.94,2527.0,Transferred,379.05,126.35,25.27,12.63,20.22,50.54,0.0,0.0,0.0,2026-01-05T10:00:00+00:00,demo
ORD-100462,Delivered,03.04.2025,Sale to individual,1596.51,6570.0,4973.49,6570.0,Transferred,985.5,328.5,65.7,32.85,52.56,131.4,0.0,0.0,0.0,2026-01-05T10:00:00+00:00,demo
ORD-100463,Delivered,03.04.2025,Sale to individual,2650.64,10908.0,8257.36,10908.0,Transferred,1636.2,545.4,109.08,54.54,87.26,218.16,0.0,0.0,0.0,2026-01-05T10:00:00+00:00,demo
ORD-100464,Delivered,03.04.2025,Sale to individual,1307.34,5380.0,4072.66,5380.0,Transferred,807.0,269.0,53.8,26.9,43.04,107.6,0.0,0.0,0.0,2026-01-05T10:00:00+00:00,demo
ORD-100465,Delivered,03.04.2025,Sale to individual,680.4,2800.0,2119.6,2800.0,Transferred,420.0,140.0,28.0,14.0,22.4,56.0,0.0,0.0,0.0,2026-01-05T10:00:00+00:00,demo
ORD-100466,Delivered,03.04.2025,Sale to individual,1455.57,5990.0,4534.43,5990.0,Transferred,898.5,299.5,59.9,29.95,47.92,119.8,0.0,0.0,0.0,2026-01-05T10:00:00+00:00,demo
ORD-100467,Delivered,04.04.2025,Sale to individual,922.91,3798.0,2875.09,3798.0,Transferred,569.7,189.9,37.98,18.99,30.38,75.96,0.0,0.0,0.0,2026-01-05T10:00:00+00:00,demo
ORD-100468,Delivered,04.04.2025,Sale to individual,2014.47,8290.0,6275.53,8290.0,Transferred,1243.5,414.5,82.9,41.45,66.32,165.8,0.0,0.0,0.0,2026-01-05T10:00:00+00:00,demo
ORD-100470,Delivered,04.04.2025,Sale to individual,1581.07,6506.5,4925.43,6506.5,Transferred,975.97,325.33,65.06,32.53,52.05,130.13,0.0,0.0,0.0,2026-01-05T10:00:00+00:00,demo
ORD-100471,Delivered,04.04.2025,Sale to individual,1088.64,4480.0,3391.36,4480.0,Transferred,672.0,224.0,44.8,22.4,35.84,89.6,0.0,0.0,0.0,2026-01-05T10:00:00+00:00,demo
ORD-100472,Delivered,04.04.2025,Sale to individual,1297.13,5338.0,4040.87,5338.0,Transferred,800.7,266.9,53.38,26.69,42.7,106.76,0.0,0.0,0.0,2026-01-05T10:00:00+00:00,demo
ORD-100473,Delivered,04.04.2025,Sale to individual,1589.34,6540.5,4951.16,6540.5,Transferred,981.07,327.03,65.41,32.7,52.32,130.81,0.0,0.0,0.0,2026-01-05T10:00:00+00:00,demo
ORD-100474,Full return accepted at warehouse,04.04.2025,Sale to individual,1119.63,4607.5,3487.87,4607.5,Transferred,691.12,230.38,46.08,23.04,36.86,92.15,0.0,0.0,0.0,2026-01-05T10:00:00+00:00,demo
ORD-100475,Delivered,05.04.2025,Sale to individual,702.27,2890.0,2187.73,2890.0,Transferred,433.5,144.5,28.9,14.45,23.12,57.8,0.0,0.0,0.0,2026-01-05T10:00:00+00:00,demo
ORD-100476,Delivered,05.04.2025,Sale to individual,1258.74,5180.0,3921.26,5180.0,Transferred,777.0,259.0,51.8,25.9,41.44,103.6,0.0,0.0,0.0,2026-01-05T10:00:00+00:00,demo
ORD-100477,Delivered,05.04.2025,Sale to individual,624.51,2570.0,1945.49,2570.0,Transferred,385.5,128.5,25.7,12.85,20.56,51.4,0.0,0.0,0.0,2026-01-05T10:00:00+00:00,demo
ORD-100478,Delivered,05.04.2025,Sale to individual,743.58,3060.0,2316.42,3060.0,Transferred,459.0,153.0,30.6,15.3,24.48,61.2,0.0,0.0,0.0,2026-01-05T10:00:00+00:00,demo
ORD-100479,Delivered,05.04.2025,Sale to individual,2112.64,8694.0,6581.36,8694.0,Transferred,1304.1,434.7,86.94,43.47,69.55,173.88,0.0,0.0,0.0,2026-01-05T10:00:00+00:00,demo
ORD-100480,Delivered,05.04.2025,Sale to individual,612.36,2520.0,1907.64,2520.0,Transferred,378.0,126.0,25.2,12.6,20.16,50.4,0.0,0.0,0.0,2026-01-05T10:00:00+00:00,demo
ORD-100481,Delivered,05.04.2025,Sale to individual,614.06,2527.0,1912.94,2527.0,Transferred,379.05,126.35,25.27,12.63,20.22,50.54,0.0,0.0,0.0,2026-01-05T10:00:00+00:00,demo
ORD-100482,Delivered,06.04.2025,Sale to individual,1122.66,4620.0,3497.34,4620.0,Transferred,693.0,231.0,46.2,23.1,36.96,92.4,0.0,0.0,0.0,2026-01-05T10:00:00+00:00,demo
ORD-100483,Delivered,06.04.2025,Sale to individual,1865.75,7678.0,5812.25,7678.0,Transferred,1151.7,383.9,76.78,38.39,61.42,153.56,0.0,0.0,0.0,2026-01-05T10:00:00+00:00,demo
ORD-100484,Delivered,06.04.2025,Sale to individual,3270.78,13460.0,10189.22,13460.0,Transferred,2019.0,673.0,134.6,67.3,107.68,269.2,0.0,0.0,0.0,2026-01-05T10:00:00+00:00,demo
ORD-100485,Delivered,06.04.2025,Sale to individual,696.07,2864.5,2168.43,2864.5,Transferred,429.68,143.22,28.64,14.32,22.92,57.29,0.0,0.0,0.0,2026-01-05T10:00:00+00:00,demo
ORD-100486,Delivered,06.04.2025,Sale to individual,1821.77,7497.0,5675.23,7497.0,Transferred,1124.55,374.85,74.97,37.48,59.98,149.94,0.0,0.0,0.0,2026-01-05T10:00:00+00:00,demo
ORD-100487,Delivered,06.04.2025,Sale to individual,1851.91,7621.0,5769.09,7621.0,Transferred,1143.15,381.05,76.21,38.11,60.97,152.42,0.0,0.0,0.0,2026-01-05T10:00:00+00:00,demo
ORD-100488,Delivered,06.04.2025,Sale to individual,415.53,1710.0,1294.47,1710.0,Transferred,256.5,85.5,17.1,8.55,13.68,34.2,0.0,0.0,0.0,2026-01-05T10:00:00+00:00,demo
ORD-100489,Delivered,06.04.2025,Sale to individual,2653.56,10920.0,8266.44,10920.0,Transferred,1638.0,546.0,109.2,54.6,87.36,218.4,0.0,0.0,0.0,2026-01-05T10:00:00+00:00,demo
ORD-100491,Delivered,07.04.2025,Sale to individual,988.29,4067.0,3078.71,4067.0,Transferred,610.05,203.35,40.67,20.34,32.54,81.34,0.0,0.0,0.0,2026-01-05T10:00:00+00:00,demo
ORD-100492,Delivered,07.04.2025,Sale to individual,2239.25,9215.0,6975.75,9215.0,Transferred,1382.25,460.75,92.15,46.08,73.72,184.3,0.0,0.0,0.0,2026-01-05T10:00:00+00:00,demo
ORD-100493,Delivered,07.04.2025,Sale to individual,1001.77,4122.5,3120.73,4122.5,Transferred,618.38,206.12,41.23,20.61,32.98,82.45,0.0,0.0,0.0,2026-01-05T10:00:00+00:00,demo
ORD-100494,Delivered,07.04.2025,Sale to individual,549.42,2261.0,1711.58,2261.0,Transferred,339.15,113.05,22.61,11.3,18.09,45.22,0.0,0.0,0.0,2026-01-05T10:00:00+00:00,demo
ORD-100495,Delivered,07.04.2025,Sale to individual,914.17,3762.0,2847.83,3762.0,Transferred,564.3,188.1,37.62,18.81,30.1,75.24,0.0,0.0,0.0,2026-01-05T10:00:00+00:00,demo
ORD-100496,Delivered,07.04.2025,Sale to individual,2238.16,9210.5,6972.34,9210.5,Transferred,1381.58,460.53,92.11,46.05,73.68,184.21,0.0,0.0,0.0,2026-01-05T10:00:00+00:00,demo
ORD-100497,Delivered,07.04.2025,Sale to individual,667.16,2745.5,2078.34,2745.5,Transferred,411.82,137.28,27.46,13.73,21.96,54.91,0.0,0.0,0.0,2026-01-05T10:00:00+00:00,demo
ORD-100498,Full return accepted at warehouse,07.04.2025,Sale to individual,3686.31,15170.0,11483.69,15170.0,Transferred,2275.5,758.5,151.7,75.85,121.36,303.4,0.0,0.0,0.0,2026-01-05T10:00:00+00:00,demo
ORD-100499,Delivered,07.04.2025,Sale to individual,1925.05,7922.0,5996.95,7922.0,Transferred,1188.3,396.1,79.22,39.61,63.38,158.44,0.0,0.0,0.0,2026-01-05T10:00:00+00:00,demo
ORD-100500,Delivered,07.04.2025,Sale to individual,1635.39,6730.0,5094.61,6730.0,Transferred,1009.5,336.5,67.3,33.65,53.84,134.6,0.0,0.0,0.0,2026-01-05T10:00:00+00:00,demo
ORD-100501,Delivered,08.04.2025,Sale to individual,2015.69,8295.0,6279.31,8295.0,Transferred,1244.25,414.75,82.95,41.48,66.36,165.9,0.0,0.0,0.0,2026-01-05T10:00:00+00:00,demo
ORD-100502,Delivered,08.04.2025,Sale to individual,1825.79,7513.5,5687.71,7513.5,Transferred,1127.02,375.68,75.14,37.57,60.11,150.27,0.0,0.0,0.0,2026-01-05T10:00:00+00:00,demo
ORD-100503,Delivered,08.04.2025,Sale to individual,1935.5,7965.0,6029.5,7965.0,Transferred,1194.75,398.25,79.65,39.83,63.72,159.3,0.0,0.0,0.0,2026-01-05T10:00:00+00:00,demo
ORD-100504,Delivered,08.04.2025,Sale to individual,512.73,2110.0,1597.27,2110.0,Transferred,316.5,105.5,21.1,10.55,16.88,42.2,0.0,0.0,0.0,2026-01-05T10:00:00+00:00,demo
ORD-100505,Delivered,08.04.2025,Sale to individual,2002.81,8242.0,6239.19,8242.0,Transferred,1236.3,412.1,82.42,41.21,65.94,164.84,0.0,0.0,0.0,2026-01-05T10:00:00+00:00,demo
ORD-100506,Delivered,08.04.2025,Sale to individual,1292.76,5320.0,4027.24,5320.0,Transferred,798.0,266.0,53.2,26.6,42.56,106.4,0.0,0.0,0.0,2026-01-05T10:00:00+00:00,demo
ORD-100508,Delivered,08.04.2025,Sale to individual,1025.46,4220.0,3194.54,4220.0,Transferred,633.0,211.0,42.2,21.1,33.76,84.4,0.0,0.0,0.0,2026-01-05T10:00:00+00:00,demo
ORD-100509,Delivered,08.04.2025,Sale to individual,596.93,2456.5,1859.57,2456.5,Transferred,368.47,122.83,24.57,12.28,19.65,49.13,0.0,0.0,0.0,2026-01-05T10:00:00+00:00,demo
ORD-100510,Delivered,08.04.2025,Sale to individual,478.96,1971.0,1492.04,1971.0,Transferred,295.65,98.55,19.71,9.86,15.77,39.42,0.0,0.0,0.0,2026-01-05T10:00:00+00:00,demo
ORD-100511,Delivered,08.04.2025,Sale to individual,1371.24,5643.0,4271.76,5643.0,Transferred,846.45,282.15,56.43,28.21,45.14,112.86,0.0,0.0,0.0,2026-01-05T10:00:00+00:00,demo
ORD-100512,Delivered,08.04.2025,Sale to individual,1462.86,6020.0,4557.14,6020.0,Transferred,903.0,301.0,60.2,30.1,48.16,120.4,0.0,0.0,0.0,2026-01-05T10:00:00+00:00,demo
ORD-100513,Delivered,09.04.2025,Sale to individual,1390.07,5720.5,4330.43,5720.5,Transferred,858.07,286.03,57.2,28.6,45.76,114.41,0.0,0.0,0.0,2026-01-05T10:00:00+00:00,demo
ORD-100514,Delivered,10.04.2025,Sale to individual,2123.33,8738.0,6614.67,8738.0,Transferred,1310.7,436.9,87.38,43.69,69.9,174.76,0.0,0.0,0.0,2026-01-05T10:00:00+00:00,demo
ORD-100515,Delivered,10.04.2025,Sale to individual,1564.92,6440.0,4875.08,6440.0,Transferred,966.0,322.0,64.4,32.2,51.52,128.8,0.0,0.0,0.0,2026-01-05T10:00:00+00:00,demo
ORD-100516,Delivered,10.04.2025,Sale to individual,1469.91,6049.0,4579.09,6049.0,Transferred,907.35,302.45,60.49,30.25,48.39,120.98,0.0,0.0,0.0,2026-01-05T10:00:00+00:00,demo
ORD-100517,Full return accepted at warehouse,10.04.2025,Sale to individual,1748.87,7197.0,5448.13,7197.0,Transferred,1079.55,359.85,71.97,35.98,57.58,143.94,0.0,0.0,0.0,2026-01-05T10:00:00+00:00,demo
ORD-100518,Delivered,10.04.2025,Sale to individual,473.85,1950.0,1476.15,1950.0,Transferred,292.5,97.5,19.5,9.75,15.6,39.0,0.0,0.0,0.0,2026-01-05T10:00:00+00:00,demo
ORD-100519,Full return accepted at warehouse,11.04.2025,Sale to individual,258.55,1064.0,805.45,1064.0,Transferred,159.6,53.2,10.64,5.32,8.51,21.28,0.0,0.0,0.0,2026-01-05T10:00:00+00:00,demo
ORD-100520,Full return accepted at warehouse,11.04.2025,Sale to individual,478.96,1971.0,1492.04,1971.0,Transferred,295.65,98.55,19.71,9.86,15.77,39.42,0.0,0.0,0.0,2026-01-05T10:00:00+00:00,demo
ORD-100522,Delivered,11.04.2025,Sale to individual,393.66,1620.0,1226.34,1620.0,Transferred,243.0,81.0,16.2,8.1,12.96,32.4,0.0,0.0,0.0,2026-01-05T10:00:00+00:00,demo
ORD-100524,Delivered,12.04.2025,Sale to individual,231.34,952.0,720.66,952.0,Transferred,142.8,47.6,9.52,4.76,7.62,19.04,0.0,0.0,0.0,2026-01-05T10:00:00+00:00,demo
ORD-100525,Delivered,12.04.2025,Sale to individual,478.96,1971.0,1492.04,1971.0,Transferred,295.65,98.55,19.71,9.86,15.77,39.42,0.0,0.0,0.0,2026-01-05T10:00:00+00:00,demo
ORD-100526,Delivered,12.04.2025,Sale to individual,1471.86,6057.0,4585.14,6057.0,Transferred,908.55,302.85,60.57,30.29,48.46,121.14,0.0,0.0,0.0,2026-01-05T10:00:00+00:00,demo
ORD-100527,Delivered,12.04.2025,Sale to individual,476.28,1960.0,1483.72,1960.0,Transferred,294.0,98.0,19.6,9.8,15.68,39.2,0.0,0.0,0.0,2026-01-05T10:00:00+00:00,demo
ORD-100528,Delivered,12.04.2025,Sale to individual,393.66,1620.0,1226.34,1620.0,Transferred,243.0,81.0,16.2,8.1,12.96,32.4,0.0,0.0,0.0,2026-01-05T10:00:00+00:00,demo
ORD-100529,Full return accepted at warehouse,12.04.2025,Sale to individual,408.24,1680.0,1271.76,1680.0,Transferred,252.0,84.0,16.8,8.4,13.44,33.6,0.0,0.0,0.0,2026-01-05T10:00:00+00:00,demo
ORD-100530,Full return accepted at warehouse,12.04.2025,Sale to individual,1232.01,5070.0,3837.99,5070.0,Transferred,760.5,253.5,50.7,25.35,40.56,101.4,0.0,0.0,0.0,2026-01-05T10:00:00+00:00,demo
ORD-100531,Delivered,12.04.2025,Sale to individual,614.06,2527.0,1912.94,2527.0,Transferred,379.05,126.35,25.27,12.63,20.22,50.54,0.0,0.0,0.0,2026-01-05T10:00:00+00:00,demo
ORD-100532,Delivered,13.04.2025,Sale to individual,874.8,3600.0,2725.2,3600.0,Transferred,540.0,180.0,36.0,18.0,28.8,72.0,0.0,0.0,0.0,2026-01-05T10:00:00+00:00,demo
ORD-100533,Delivered,13.04.2025,Sale to individual,3110.4,12800.0,9689.6,12800.0,Transferred,1920.0,640.0,128.0,64.0,102.4,256.0,0.0,0.0,0.0,2026-01-05T10:00:00+00:00,demo
ORD-100534,Delivered,13.04.2025,Sale to individual,578.34,2380.0,1801.66,2380.0,Transferred,357.0,119.0,23.8,11.9,19.04,47.6,0.0,0.0,0.0,2026-01-05T10:00:00+00:00,demo
ORD-100535,Delivered,13.04.2025,Sale to individual,478.96,1971.0,1492.04,1971.0,Transferred,295.65,98.55,19.71,9.86,15.77,39.42,0.0,0.0,0.0,2026-01-05T10:00:00+00:00,demo
ORD-100536,Delivered,13.04.2025,Sale to individual,1983.01,8160.5,6177.49,8160.5,Transferred,1224.08,408.03,81.61,40.8,65.28,163.21,0.0,0.0,0.0,2026-01-05T10:00:00+00:00,demo
ORD-100537,Delivered,13.04.2025,Sale to individual,1399.68,5760.0,4360.32,5760.0,Transferred,864.0,288.0,57.6,28.8,46.08,115.2,0.0,0.0,0.0,2026-01-05T10:00:00+00:00,demo
ORD-100538,Delivered,13.04.2025,Sale to individual,1108.08,4560.0,3451.92,4560.0,Transferred,684.0,228.0,45.6,22.8,36.48,91.2,0.0,0.0,0.0,2026-01-05T10:00:00+00:00,demo
ORD-100540,Delivered,14.04.2025,Sale to individual,1243.44,5117.0,3873.56,5117.0,Transferred,767.55,255.85,51.17,25.59,40.94,102.34,0.0,0.0,0.0,2026-01-05T10:00:00+00:00,demo
ORD-100541,Full return accepted at warehouse,14.04.2025,Sale to individual,1292.76,5320.0,4027.24,5320.0,Transferred,798.0,266.0,53.2,26.6,42.56,106.4,0.0,0.0,0.0,2026-01-05T10:00:00+00:00,demo
ORD-100542,Delivered,14.04.2025,Sale to individual,989.98,4074.0,3084.02,4074.0,Transferred,611.1,203.7,40.74,20.37,32.59,81.48,0.0,0.0,0.0,2026-01-05T10:00:00+00:00,demo
ORD-100543,Delivered,14.04.2025,Sale to individual,680.4,2800.0,2119.6,2800.0,Transferred,420.0,140.0,28.0,14.0,22.4,56.0,0.0,0.0,0.0,2026-01-05T10:00:00+00:00,demo
ORD-100544,Delivered,14.04.2025,Sale to individual,415.53,1710.0,1294.47,1710.0,Transferred,256.5,85.5,17.1,8.55,13.68,34.2,0.0,0.0,0.0,2026-01-05T10:00:00+00:00,demo
ORD-100546,Delivered,15.04.2025,Sale to individual,2497.67,10278.5,7780.83,10278.5,Transferred,1541.77,513.93,102.78,51.39,82.23,205.57,0.0,0.0,0.0,2026-01-05T10:00:00+00:00,demo
ORD-100547,Delivered,15.04.2025,Sale to individual,387.83,1596.0,1208.17,1596.0,Transferred,239.4,79.8,15.96,7.98,12.77,31.92,0.0,0.0,0.0,2026-01-05T10:00:00+00:00,demo
ORD-100548,Delivered,15.04.2025,Sale to individual,2022.61,8323.5,6300.89,8323.5,Transferred,1248.52,416.18,83.23,41.62,66.59,166.47,0.0,0.0,0.0,2026-01-05T10:00:00+00:00,demo
ORD-100549,Delivered,15.04.2025,Sale to individual,2619.54,10780.0,8160.46,10780.0,Transferred,1617.0,539.0,107.8,53.9,86.24,215.6,0.0,0.0,0.0,2026-01-05T10:00:00+00:00,demo
ORD-100550,Delivered,15.04.2025,Sale to individual,1698.57,6990.0,5291.43,6990.0,Transferred,1048.5,349.5,69.9,34.95,55.92,139.8,0.0,0.0,0.0,2026-01-05T10:00:00+00:00,demo
ORD-100551,Delivered,15.04.2025,Sale to individual,957.67,3941.0,2983.33,3941.0,Transferred,591.15,197.05,39.41,19.71,31.53,78.82,0.0,0.0,0.0,2026-01-05T10:00:00+00:00,demo
ORD-100552,Delivered,16.04.2025,Sale to individual,1064.34,4380.0,3315.66,4380.0,Transferred,657.0,219.0,43.8,21.9,35.04,87.6,0.0,0.0,0.0,2026-01-05T10:00:00+00:00,demo
ORD-100553,Delivered,16.04.2025,Sale to individual,2617.36,10771.0,8153.64,10771.0,Transferred,1615.65,538.55,107.71,53.86,86.17,215.42,0.0,0.0,0.0,2026-01-05T10:00:00+00:00,demo
ORD-100554,Delivered,16.04.2025,Sale to individual,272.16,1120.0,847.84,1120.0,Transferred,168.0,56.0,11.2,5.6,8.96,22.4,0.0,0.0,0.0,2026-01-05T10:00:00+00:00,demo
ORD-100555,Full return accepted at warehouse,16.04.2025,Sale to individual,1404.54,5780.0,4375.46,5780.0,Transferred,867.0,289.0,57.8,28.9,46.24,115.6,0.0,0.0,0.0,2026-01-05T10:00:00+00:00,demo
ORD-100556,Delivered,16.04.2025,Sale to individual,646.38,2660.0,2013.62,2660.0,Transferred,399.0,133.0,26.6,13.3,21.28,53.2,0.0,0.0,0.0,2026-01-05T10:00:00+00:00,demo
ORD-100557,Delivered,17.04.2025,Sale to individual,1740.85,7164.0,5423.15,7164.0,Transferred,1074.6,358.2,71.64,35.82,57.31,143.28,0.0,0.0,0.0,2026-01-05T10:00:00+00:00,demo
ORD-100558,Delivered,17.04.2025,Sale to individual,1860.05,7654.5,5794.45,7654.5,Transferred,1148.17,382.73,76.55,38.27,61.24,153.09,0.0,0.0,0.0,2026-01-05T10:00:00+00:00,demo
ORD-100559,Delivered,17.04.2025,Sale to individual,3270.78,13460.0,10189.22,13460.0,Transferred,2019.0,673.0,134.6,67.3,107.68,269.2,0.0,0.0,0.0,2026-01-05T10:00:00+00:00,demo
ORD-100561,Delivered,17.04.2025,Sale to individual,1553.63,6393.5,4839.87,6393.5,Transferred,959.02,319.68,63.94,31.97,51.15,127.87,0.0,0.0,0.0,2026-01-05T10:00:00+00:00,demo
ORD-100562,Full return accepted at warehouse,17.04.2025,Sale to individual,1060.69,4365.0,3304.31,4365.0,Transferred,654.75,218.25,43.65,21.82,34.92,87.3,0.0,0.0,0.0,2026-01-05T10:00:00+00:00,demo
ORD-100563,Delivered,17.04.2025,Sale to individual,547.12,2251.5,1704.38,2251.5,Transferred,337.72,112.58,22.52,11.26,18.01,45.03,0.0,0.0,0.0,2026-01-05T10:00:00+00:00,demo
ORD-100564,Delivered,18.04.2025,Sale to individual,1989.45,8187.0,6197.55,8187.0,Transferred,1228.05,409.35,81.87,40.94,65.5,163.74,0.0,0.0,0.0,2026-01-05T10:00:00+00:00,demo
ORD-100566,Delivered,18.04.2025,Sale to individual,1030.32,4240.0,3209.68,4240.0,Transferred,636.0,212.0,42.4,21.2,33.92,84.8,0.0,0.0,0.0,2026-01-05T10:00:00+00:00,demo
ORD-100567,Delivered,18.04.2025,Sale to individual,1271.98,5234.5,3962.52,5234.5,Transferred,785.17,261.73,52.34,26.17,41.88,104.69,0.0,0.0,0.0,2026-01-05T10:00:00+00:00,demo
ORD-100568,Delivered,18.04.2025,Sale to individual,437.4,1800.0,1362.6,1800.0,Transferred,270.0,90.0,18.0,9.0,14.4,36.0,0.0,0.0,0.0,2026-01-05T10:00:00+00:00,demo
ORD-100570,Full return accepted at warehouse,19.04.2025,Sale to individual,478.96,1971.0,1492.04,1971.0,Transferred,295.65,98.55,19.71,9.86,15.77,39.42,0.0,0.0,0.0,2026-01-05T10:00:00+00:00,demo
ORD-100571,Delivered,19.04.2025,Sale to individual,1632.6,6718.5,5085.9,6718.5,Transferred,1007.77,335.93,67.19,33.59,53.75,134.37,0.0,0.0,0.0,2026-01-05T10:00:00+00:00,demo
ORD-100572,Delivered,19.04.2025,Sale to individual,1659.94,6831.0,5171.06,6831.0,Transferred,1024.65,341.55,68.31,34.16,54.65,136.62,0.0,0.0,0.0,2026-01-05T10:00:00+00:00,demo
ORD-100574,Delivered,19.04.2025,Sale to individual,948.56,3903.5,2954.94,3903.5,Transferred,585.52,195.18,39.04,19.52,31.23,78.07,0.0,0.0,0.0,2026-01-05T10:00:00+00:00,demo
ORD-100575,Delivered,19.04.2025,Sale to individual,1628.83,6703.0,5074.17,6703.0,Transferred,1005.45,335.15,67.03,33.52,53.62,134.06,0.0,0.0,0.0,2026-01-05T10:00:00+00:00,demo
ORD-100578,Full return accepted at warehouse,19.04.2025,Sale to individual,680.4,2800.0,2119.6,2800.0,Transferred,420.0,140.0,28.0,14.0,22.4,56.0,0.0,0.0,0.0,2026-01-05T10:00:00+00:00,demo
ORD-100579,Delivered,19.04.2025,Sale to individual,1969.76,8106.0,6136.24,8106.0,Transferred,1215.9,405.3,81.06,40.53,64.85,162.12,0.0,0.0,0.0,2026-01-05T10:00:00+00:00,demo
ORD-100580,Delivered,20.04.2025,Sale to individual,493.29,2030.0,1536.71,2030.0,Transferred,304.5,101.5,20.3,10.15,16.24,40.6,0.0,0.0,0.0,2026-01-05T10:00:00+00:00,demo
ORD-100581,Delivered,20.04.2025,Sale to individual,1715.58,7060.0,5344.42,7060.0,Transferred,1059.0,353.0,70.6,35.3,56.48,141.2,0.0,0.0,0.0,2026-01-05T10:00:00+00:00,demo
ORD-100582,Full return accepted at warehouse,20.04.2025,Sale to individual,1156.68,4760.0,3603.32,4760.0,Transferred,714.0,238.0,47.6,23.8,38.08,95.2,0.0,0.0,0.0,2026-01-05T10:00:00+00:00,demo
ORD-100583,Delivered,20.04.2025,Sale to individual,533.63,2196.0,1662.37,2196.0,Transferred,329.4,109.8,21.96,10.98,17.57,43.92,0.0,0.0,0.0,2026-01-05T10:00:00+00:00,demo
ORD-100584,Delivered,20.04.2025,Sale to individual,461.46,1899.0,1437.54,1899.0,Transferred,284.85,94.95,18.99,9.5,15.19,37.98,0.0,0.0,0.0,2026-01-05T10:00:00+00:00,demo
ORD-100585,Delivered,20.04.2025,Sale to individual,1842.8,7583.5,5740.7,7583.5,Transferred,1137.52,379.18,75.84,37.92,60.67,151.67,0.0,0.0,0.0,2026-01-05T10:00:00+00:00,demo
ORD-100586,Delivered,20.04.2025,Sale to individual,1851.66,7620.0,5768.34,7620.0,Transferred,1143.0,381.0,76.2,38.1,60.96,152.4,0.0,0.0,0.0,2026-01-05T10:00:00+00:00,demo
ORD-100587,Delivered,20.04.2025,Sale to individual,2347.38,9660.0,7312.62,9660.0,Transferred,1449.0,483.0,96.6,48.3,77.28,193.2,0.0,0.0,0.0,2026-01-05T10:00:00+00:00,demo
ORD-100589,Delivered,21.04.2025,Sale to individual,376.29,1548.5,1172.21,1548.5,Transferred,232.27,77.43,15.49,7.74,12.39,30.97,0.0,0.0,0.0,2026-01-05T10:00:00+00:00,demo
ORD-100590,Delivered,21.04.2025,Sale to individual,2036.59,8381.0,6344.41,8381.0,Transferred,1257.15,419.05,83.81,41.91,67.05,167.62,0.0,0.0,0.0,2026-01-05T10:00:00+00:00,demo
ORD-100591,Delivered,21.04.2025,Sale to individual,1592.14,6552.0,4959.86,6552.0,Transferred,982.8,327.6,65.52,32.76,52.42,131.04,0.0,0.0,0.0,2026-01-05T10:00:00+00:00,demo
ORD-100592,Full return accepted at warehouse,21.04.2025,Sale to individual,1756.89,7230.0,5473.11,7230.0,Transferred,1084.5,361.5,72.3,36.15,57.84,144.6,0.0,0.0,0.0,2026-01-05T10:00:00+00:00,demo
ORD-100593,Delivered,21.04.2025,Sale to individual,3413.54,14047.5,10633.96,14047.5,Transferred,2107.12,702.38,140.47,70.24,112.38,280.95,0.0,0.0,0.0,2026-01-05T10:00:00+00:00,demo
ORD-100594,Delivered,21.04.2025,Sale to individual,925.83,3810.0,2884.17,3810.0,Transferred,571.5,190.5,38.1,19.05,30.48,76.2,0.0,0.0,0.0,2026-01-05T10:00:00+00:00,demo
ORD-100595,Delivered,22.04.2025,Sale to individual,1995.89,8213.5,6217.61,8213.5,Transferred,1232.02,410.68,82.14,41.07,65.71,164.27,0.0,0.0,0.0,2026-01-05T10:00:00+00:00,demo
ORD-100596,Delivered,22.04.2025,Sale to individual,942.84,3880.0,2937.16,3880.0,Transferred,582.0,194.0,38.8,19.4,31.04,77.6,0.0,0.0,0.0,2026-01-05T10:00:00+00:00,demo
ORD-100597,Delivered,22.04.2025,Sale to individual,3110.77,12801.5,9690.73,12801.5,Transferred,1920.22,640.08,128.02,64.01,102.41,256.03,0.0,0.0,0.0,2026-01-05T10:00:00+00:00,demo
ORD-100599,Full return accepted at warehouse,22.04.2025,Sale to individual,1215.12,5000.5,3785.38,5000.5,Transferred,750.07,250.03,50.01,25.0,40.0,100.01,0.0,0.0,0.0,2026-01-05T10:00:00+00:00,demo
ORD-100600,Delivered,23.04.2025,Sale to individual,743.58,3060.0,2316.42,3060.0,Transferred,459.0,153.0,30.6,15.3,24.48,61.2,0.0,0.0,0.0,2026-01-05T10:00:00+00:00,demo
ORD-100602,Delivered,23.04.2025,Sale to individual,2017.75,8303.5,6285.75,8303.5,Transferred,1245.52,415.18,83.03,41.52,66.43,166.07,0.0,0.0,0.0,2026-01-05T10:00:00+00:00,demo
ORD-100603,Delivered,23.04.2025,Sale to individual,974.19,4009.0,3034.81,4009.0,Transferred,601.35,200.45,40.09,20.05,32.07,80.18,0.0,0.0,0.0,2026-01-05T10:00:00+00:00,demo
ORD-100604,Delivered,23.04.2025,Sale to individual,1782.28,7334.5,5552.22,7334.5,Transferred,1100.17,366.73,73.34,36.67,58.68,146.69,0.0,0.0,0.0,2026-01-05T10:00:00+00:00,demo
ORD-100605,Delivered,23.04.2025,Sale to individual,1666.98,6860.0,5193.02,6860.0,Transferred,1029.0,343.0,68.6,34.3,54.88,137.2,0.0,0.0,0.0,2026-01-05T10:00:00+00:00,demo
ORD-100606,Delivered,23.04.2025,Sale to individual,937.26,3857.0,2919.74,3857.0,Transferred,578.55,192.85,38.57,19.29,30.86,77.14,0.0,0.0,0.0,2026-01-05T10:00:00+00:00,demo
ORD-100607,Delivered,24.04.2025,Sale to individual,487.11,2004.5,1517.39,2004.5,Transferred,300.68,100.23,20.05,10.02,16.04,40.09,0.0,0.0,0.0,2026-01-05T10:00:00+00:00,demo
ORD-100608,Delivered,24.04.2025,Sale to individual,726.57,2990.0,2263.43,2990.0,Transferred,448.5,149.5,29.9,14.95,23.92,59.8,0.0,0.0,0.0,2026-01-05T10:00:00+00:00,demo
ORD-100609,Delivered,24.04.2025,Sale to individual,575.91,2370.0,1794.09,2370.0,Transferred,355.5,118.5,23.7,11.85,18.96,47.4,0.0,0.0,0.0,2026-01-05T10:00:00+00:00,demo
ORD-100610,Delivered,24.04.2025,Sale to individual,787.32,3240.0,2452.68,3240.0,Transferred,486.0,162.0,32.4,16.2,25.92,64.8,0.0,0.0,0.0,2026-01-05T10:00:00+00:00,demo
ORD-100611,Delivered,24.04.2025,Sale to individual,1360.8,5600.0,4239.2,5600.0,Transferred,840.0,280.0,56.0,28.0,44.8,112.0,0.0,0.0,0.0,2026-01-05T10:00:00+00:00,demo
ORD-100612,Delivered,24.04.2025,Sale to individual,2407.89,9909.0,7501.11,9909.0,Transferred,1486.35,495.45,99.09,49.55,79.27,198.18,0.0,0.0,0.0,2026-01-05T10:00:00+00:00,demo
ORD-100615,Delivered,25.04.2025,Sale to individual,937.26,3857.0,2919.74,3857.0,Transferred,578.55,192.85,38.57,19.29,30.86,77.14,0.0,0.0,0.0,2026-01-05T10:00:00+00:00,demo
ORD-100617,Delivered,25.04.2025,Sale to individual,1011.12,4161.0,3149.88,4161.0,Transferred,624.15,208.05,41.61,20.8,33.29,83.22,0.0,0.0,0.0,2026-01-05T10:00:00+00:00,demo
ORD-100618,Delivered,25.04.2025,Sale to individual,627.67,2583.0,1955.33,2583.0,Transferred,387.45,129.15,25.83,12.92,20.66,51.66,0.0,0.0,0.0,2026-01-05T10:00:00+00:00,demo
ORD-100619,Delivered,25.04.2025,Sale to individual,512.73,2110.0,1597.27,2110.0,Transferred,316.5,105.5,21.1,10.55,16.88,42.2,0.0,0.0,0.0,2026-01-05T10:00:00+00:00,demo
ORD-100620,Delivered,26.04.2025,Sale to individual,1056.32,4347.0,3290.68,4347.0,Transferred,652.05,217.35,43.47,21.73,34.78,86.94,0.0,0.0,0.0,2026-01-05T10:00:00+00:00,demo
ORD-100621,Delivered,26.04.2025,Sale to individual,680.4,2800.0,2119.6,2800.0,Transferred,420.0,140.0,28.0,14.0,22.4,56.0,0.0,0.0,0.0,2026-01-05T10:00:00+00:00,demo
ORD-100622,Full return accepted at warehouse,26.04.2025,Sale to individual,1358.13,5589.0,4230.87,5589.0,Transferred,838.35,279.45,55.89,27.95,44.71,111.78,0.0,0.0,0.0,2026-01-05T10:00:00+00:00,demo
ORD-100623,Delivered,26.04.2025,Sale to individual,1011.12,4161.0,3149.88,4161.0,Transferred,624.15,208.05,41.61,20.8,33.29,83.22,0.0,0.0,0.0,2026-01-05T10:00:00+00:00,demo
ORD-100624,Delivered,26.04.2025,Sale to individual,1380.49,5681.0,4300.51,5681.0,Transferred,852.15,284.05,56.81,28.41,45.45,113.62,0.0,0.0,0.0,2026-01-05T10:00:00+00:00,demo
ORD-100625,Delivered,26.04.2025,Sale to individual,2332.43,9598.5,7266.07,9598.5,Transferred,1439.77,479.93,95.98,47.99,76.79,191.97,0.0,0.0,0.0,2026-01-05T10:00:00+00:00,demo
ORD-100626,Delivered,26.04.2025,Sale to individual,493.29,2030.0,1536.71,2030.0,Transferred,304.5,101.5,20.3,10.15,16.24,40.6,0.0,0.0,0.0,2026-01-05T10:00:00+00:00,demo
ORD-100627,Delivered,26.04.2025,Sale to individual,1553.63,6393.5,4839.87,6393.5,Transferred,959.02,319.68,63.94,31.97,51.15,127.87,0.0,0.0,0.0,2026-01-05T10:00:00+00:00,demo
ORD-100628,Delivered,27.04.2025,Sale to individual,1299.08,5346.0,4046.92,5346.0,Transferred,801.9,267.3,53.46,26.73,42.77,106.92,0.0,0.0,0.0,2026-01-05T10:00:00+00:00,demo
ORD-100629,Delivered,27.04.2025,Sale to individual,393.66,1620.0,1226.34,1620.0,Transferred,243.0,81.0,16.2,8.1,12.96,32.4,0.0,0.0,0.0,2026-01-05T10:00:00+00:00,demo
ORD-100630,Delivered,27.04.2025,Sale to individual,4007.43,16491.5,12484.07,16491.5,Transferred,2473.72,824.58,164.91,82.46,131.93,329.83,0.0,0.0,0.0,2026-01-05T10:00:00+00:00,demo
ORD-100631,Delivered,27.04.2025,Sale to individual,702.27,2890.0,2187.73,2890.0,Transferred,433.5,144.5,28.9,14.45,23.12,57.8,0.0,0.0,0.0,2026-01-05T10:00:00+00:00,demo
ORD-100632,Delivered,27.04.2025,Sale to individual,2212.51,9105.0,6892.49,9105.0,Transferred,1365.75,455.25,91.05,45.52,72.84,182.1,0.0,0.0,0.0,2026-01-05T10:00:00+00:00,demo
ORD-100633,Delivered,27.04.2025,Sale to individual,969.57,3990.0,3020.43,3990.0,Transferred,598.5,199.5,39.9,19.95,31.92,79.8,0.0,0.0,0.0,2026-01-05T10:00:00+00:00,demo
ORD-100635,Delivered,27.04.2025,Sale to individual,1146.24,4717.0,3570.76,4717.0,Transferred,707.55,235.85,47.17,23.59,37.74,94.34,0.0,0.0,0.0,2026-01-05T10:00:00+00:00,demo
ORD-100636,Delivered,28.04.2025,Sale to individual,473.85,1950.0,1476.15,1950.0,Transferred,292.5,97.5,19.5,9.75,15.6,39.0,0.0,0.0,0.0,2026-01-05T10:00:00+00:00,demo
ORD-100637,Delivered,28.04.2025,Sale to individual,1283.04,5280.0,3996.96,5280.0,Transferred,792.0,264.0,52.8,26.4,42.24,105.6,0.0,0.0,0.0,2026-01-05T10:00:00+00:00,demo
ORD-100638,Delivered,28.04.2025,Sale to individual,787.32,3240.0,2452.68,3240.0,Transferred,486.0,162.0,32.4,16.2,25.92,64.8,0.0,0.0,0.0,2026-01-05T10:00:00+00:00,demo
ORD-100639,Delivered,28.04.2025,Sale to individual,1179.65,4854.5,3674.85,4854.5,Transferred,728.17,242.73,48.55,24.27,38.84,97.09,0.0,0.0,0.0,2026-01-05T10:00:00+00:00,demo
ORD-100640,Delivered,29.04.2025,Sale to individual,3263.0,13428.0,10165.0,13428.0,Transferred,2014.2,671.4,134.28,67.14,107.42,268.56,0.0,0.0,0.0,2026-01-05T10:00:00+00:00,demo
ORD-100641,Delivered,29.04.2025,Sale to individual,2878.82,11847.0,8968.18,11847.0,Transferred,1777.05,592.35,118.47,59.23,94.78,236.94,0.0,0.0,0.0,2026-01-05T10:00:00+00:00,demo
ORD-100642,Delivered,29.04.2025,Sale to individual,1246.59,5130.0,3883.41,5130.0,Transferred,769.5,256.5,51.3,25.65,41.04,102.6,0.0,0.0,0.0,2026-01-05T10:00:00+00:00,demo
ORD-100643,Delivered,29.04.2025,Sale to individual,2295.38,9446.0,7150.62,9446.0,Transferred,1416.9,472.3,94.46,47.23,75.57,188.92,0.0,0.0,0.0,2026-01-05T10:00:00+00:00,demo
ORD-100644,Delivered,29.04.2025,Sale to individual,578.34,2380.0,1801.66,2380.0,Transferred,357.0,119.0,23.8,11.9,19.04,47.6,0.0,0.0,0.0,2026-01-05T10:00:00+00:00,demo
ORD-100645,Delivered,29.04.2025,Sale to individual,1542.56,6348.0,4805.44,6348.0,Transferred,952.2,317.4,63.48,31.74,50.78,126.96,0.0,0.0,0.0,2026-01-05T10:00:00+00:00,demo
ORD-100646,Delivered,29.04.2025,Sale to individual,1106.38,4553.0,3446.62,4553.0,Transferred,682.95,227.65,45.53,22.77,36.42,91.06,0.0,0.0,0.0,2026-01-05T10:00:00+00:00,demo
ORD-100647,Delivered,29.04.2025,Sale to individual,3912.79,16102.0,12189.21,16102.0,Transferred,2415.3,805.1,161.02,80.51,128.82,322.04,0.0,0.0,0.0,2026-01-05T10:00:00+00:00,demo
ORD-100648,Delivered,29.04.2025,Sale to individual,646.38,2660.0,2013.62,2660.0,Transferred,399.0,133.0,26.6,13.3,21.28,53.2,0.0,0.0,0.0,2026-01-05T10:00:00+00:00,demo
ORD-100650,Delivered,30.04.2025,Sale to individual,612.36,2520.0,1907.64,2520.0,Transferred,378.0,126.0,25.2,12.6,20.16,50.4,0.0,0.0,0.0,2026-01-05T10:00:00+00:00,demo
ORD-100651,Delivered,30.04.2025,Sale to individual,2032.57,8364.5,6331.93,8364.5,Transferred,1254.67,418.23,83.64,41.82,66.92,167.29,0.0,0.0,0.0,2026-01-05T10:00:00+00:00,demo
ORD-100652,Delivered,30.04.2025,Sale to individual,2945.27,12120.5,9175.23,12120.5,Transferred,1818.08,606.02,121.2,60.6,96.96,242.41,0.0,0.0,0.0,2026-01-05T10:00:00+00:00,demo
ORD-100653,Delivered,30.04.2025,Sale to individual,932.39,3837.0,2904.61,3837.0,Transferred,575.55,191.85,38.37,19.18,30.7,76.74,0.0,0.0,0.0,2026-01-05T10:00:00+00:00,demo
ORD-100654,Delivered,30.04.2025,Sale to individual,437.4,1800.0,1362.6,1800.0,Transferred,270.0,90.0,18.0,9.0,14.4,36.0,0.0,0.0,0.0,2026-01-05T10:00:00+00:00,demo
ORD-100655,Delivered,30.04.2025,Sale to individual,1011.12,4161.0,3149.88,4161.0,Transferred,624.15,208.05,41.61,20.8,33.29,83.22,0.0,0.0,0.0,2026-01-05T10:00:00+00:00,demo
ORD-100656,Full return accepted at warehouse,30.04.2025,Sale to individual,387.83,1596.0,1208.17,1596.0,Transferred,239.4,79.8,15.96,7.98,12.77,31.92,0.0,0.0,0.0,2026-01-05T10:00:00+00:00,demo
ORD-100657,Delivered,30.04.2025,Sale to individual,2036.34,8380.0,6343.66,8380.0,Transferred,1257.0,419.0,83.8,41.9,67.04,167.6,0.0,0.0,0.0,2026-01-05T10:00:00+00:00,demo
ORD-100658,Delivered,30.04.2025,Sale to individual,2252.12,9268.0,7015.88,9268.0,Transferred,1390.2,463.4,92.68,46.34,74.14,185.36,0.0,0.0,0.0,2026-01-05T10:00:00+00:00,demo
ORD-100659,Delivered,30.04.2025,Sale to individual,1681.45,6919.5,5238.05,6919.5,Transferred,1037.92,345.98,69.2,34.6,55.36,138.39,0.0,0.0,0.0,2026-01-05T10:00:00+00:00,demo
ORD-100660,Delivered,01.05.2025,Sale to individual,911.25,3750.0,2838.75,3750.0,Transferred,562.5,187.5,37.5,18.75,30.0,75.0,0.0,0.0,0.0,2026-01-05T10:00:00+00:00,demo
ORD-100661,Delivered,01.05.2025,Sale to individual,1766.61,7270.0,5503.39,7270.0,Transferred,1090.5,363.5,72.7,36.35,58.16,145.4,0.0,0.0,0.0,2026-01-05T10:00:00+00:00,demo
ORD-100662,Full return accepted at warehouse,01.05.2025,Sale to individual,1987.74,8180.0,6192.26,8180.0,Transferred,1227.0,409.0,81.8,40.9,65.44,163.6,0.0,0.0,0.0,2026-01-05T10:00:00+00:00,demo
ORD-100663,Delivered,01.05.2025,Sale to individual,2620.03,10782.0,8161.97,10782.0,Transferred,1617.3,539.1,107.82,53.91,86.26,215.64,0.0,0.0,0.0,2026-01-05T10:00:00+00:00,demo
ORD-100664,Full return accepted at warehouse,02.05.2025,Sale to individual,1019.87,4197.0,3177.13,4197.0,Transferred,629.55,209.85,41.97,20.98,33.58,83.94,0.0,0.0,0.0,2026-01-05T10:00:00+00:00,demo
ORD-100665,Delivered,02.05.2025,Sale to individual,2780.16,11441.0,8660.84,11441.0,Transferred,1716.15,572.05,114.41,57.2,91.53,228.82,0.0,0.0,0.0,2026-01-05T10:00:00+00:00,demo
ORD-100666,Delivered,02.05.2025,Sale to individual,1635.39,6730.0,5094.61,6730.0,Transferred,1009.5,336.5,67.3,33.65,53.84,134.6,0.0,0.0,0.0,2026-01-05T10:00:00+00:00,demo
ORD-100667,Delivered,02.05.2025,Sale to individual,367.42,1512.0,1144.58,1512.0,Transferred,226.8,75.6,15.12,7.56,12.1,30.24,0.0,0.0,0.0,2026-01-05T10:00:00+00:00,demo
ORD-100668,Delivered,02.05.2025,Sale to individual,549.42,2261.0,1711.58,2261.0,Transferred,339.15,113.05,22.61,11.3,18.09,45.22,0.0,0.0,0.0,2026-01-05T10:00:00+00:00,demo
ORD-100669,Delivered,02.05.2025,Sale to individual,1074.06,4420.0,3345.94,4420.0,Transferred,663.0,221.0,44.2,22.1,35.36,88.4,0.0,0.0,0.0,2026-01-05T10:00:00+00:00,demo
ORD-100670,Full return accepted at warehouse,02.05.2025,Sale to individual,1922.37,7911.0,5988.63,7911.0,Transferred,1186.65,395.55,79.11,39.55,63.29,158.22,0.0,0.0,0.0,2026-01-05T10:00:00+00:00,demo
ORD-100671,Delivered,02.05.2025,Sale to individual,680.4,2800.0,2119.6,2800.0,Transferred,420.0,140.0,28.0,14.0,22.4,56.0,0.0,0.0,0.0,2026-01-05T10:00:00+00:00,demo
ORD-100672,Delivered,03.05.2025,Sale to individual,838.59,3451.0,2612.41,3451.0,Transferred,517.65,172.55,34.51,17.25,27.61,69.02,0.0,0.0,0.0,2026-01-05T10:00:00+00:00,demo
ORD-100673,Delivered,03.05.2025,Sale to individual,1609.76,6624.5,5014.74,6624.5,Transferred,993.67,331.23,66.25,33.12,53.0,132.49,0.0,0.0,0.0,2026-01-05T10:00:00+00:00,demo
ORD-100674,Delivered,03.05.2025,Sale to individual,912.96,3757.0,2844.04,3757.0,Transferred,563.55,187.85,37.57,18.79,30.06,75.14,0.0,0.0,0.0,2026-01-05T10:00:00+00:00,demo
ORD-100675,Delivered,03.05.2025,Sale to individual,1523.86,6271.0,4747.14,6271.0,Transferred,940.65,313.55,62.71,31.36,50.17,125.42,0.0,0.0,0.0,2026-01-05T10:00:00+00:00,demo
ORD-100678,Delivered,03.05.2025,Sale to individual,512.73,2110.0,1597.27,2110.0,Transferred,316.5,105.5,21.1,10.55,16.88,42.2,0.0,0.0,0.0,2026-01-05T10:00:00+00:00,demo
ORD-100679,Delivered,04.05.2025,Sale to individual,594.86,2448.0,1853.14,2448.0,Transferred,367.2,122.4,24.48,12.24,19.58,48.96,0.0,0.0,0.0,2026-01-05T10:00:00+00:00,demo
ORD-100680,Full return accepted at warehouse,04.05.2025,Sale to individual,2870.2,11811.5,8941.3,11811.5,Transferred,1771.72,590.58,118.12,59.06,94.49,236.23,0.0,0.0,0.0,2026-01-05T10:00:00+00:00,demo
ORD-100681,Delivered,04.05.2025,Sale to individual,487.11,2004.5,1517.39,2004.5,Transferred,300.68,100.23,20.05,10.02,16.04,40.09,0.0,0.0,0.0,2026-01-05T10:00:00+00:00,demo
ORD-100682,Delivered,04.05.2025,Sale to individual,1277.94,5259.0,3981.06,5259.0,Transferred,788.85,262.95,52.59,26.3,42.07,105.18,0.0,0.0,0.0,2026-01-05T10:00:00+00:00,demo
ORD-100683,Delivered,04.05.2025,Sale to individual,950.13,3910.0,2959.87,3910.0,Transferred,586.5,195.5,39.1,19.55,31.28,78.2,0.0,0.0,0.0,2026-01-05T10:00:00+00:00,demo
ORD-100684,Delivered,05.05.2025,Sale to individual,347.0,1428.0,1081.0,1428.0,Transferred,214.2,71.4,14.28,7.14,11.42,28.56,0.0,0.0,0.0,2026-01-05T10:00:00+00:00,demo
ORD-100685,Delivered,05.05.2025,Sale to individual,575.91,2370.0,1794.09,2370.0,Transferred,355.5,118.5,23.7,11.85,18.96,47.4,0.0,0.0,0.0,2026-01-05T10:00:00+00:00,demo
ORD-100686,Delivered,05.05.2025,Sale to individual,1557.27,6408.5,4851.23,6408.5,Transferred,961.27,320.43,64.09,32.04,51.27,128.17,0.0,0.0,0.0,2026-01-05T10:00:00+00:00,demo
ORD-100687,Delivered,05.05.2025,Sale to individual,680.4,2800.0,2119.6,2800.0,Transferred,420.0,140.0,28.0,14.0,22.4,56.0,0.0,0.0,0.0,2026-01-05T10:00:00+00:00,demo
ORD-100688,Delivered,05.05.2025,Sale to individual,468.63,1928.5,1459.87,1928.5,Transferred,289.27,96.43,19.29,9.64,15.43,38.57,0.0,0.0,0.0,2026-01-05T10:00:00+00:00,demo
ORD-100689,Delivered,05.05.2025,Sale to individual,816.48,3360.0,2543.52,3360.0,Transferred,504.0,168.0,33.6,16.8,26.88,67.2,0.0,0.0,0.0,2026-01-05T10:00:00+00:00,demo
ORD-100690,Delivered,05.05.2025,Sale to individual,680.4,2800.0,2119.6,2800.0,Transferred,420.0,140.0,28.0,14.0,22.4,56.0,0.0,0.0,0.0,2026-01-05T10:00:00+00:00,demo
ORD-100691,Delivered,06.05.2025,Sale to individual,452.47,1862.0,1409.53,1862.0,Transferred,279.3,93.1,18.62,9.31,14.9,37.24,0.0,0.0,0.0,2026-01-05T10:00:00+00:00,demo
ORD-100692,Delivered,06.05.2025,Sale to individual,393.66,1620.0,1226.34,1620.0,Transferred,243.0,81.0,16.2,8.1,12.96,32.4,0.0,0.0,0.0,2026-01-05T10:00:00+00:00,demo
ORD-100693,Delivered,06.05.2025,Sale to individual,2780.16,11441.0,8660.84,11441.0,Transferred,1716.15,572.05,114.41,57.2,91.53,228.82,0.0,0.0,0.0,2026-01-05T10:00:00+00:00,demo
ORD-100694,Delivered,06.05.2025,Sale to individual,1001.77,4122.5,3120.73,4122.5,Transferred,618.38,206.12,41.23,20.61,32.98,82.45,0.0,0.0,0.0,2026-01-05T10:00:00+00:00,demo
ORD-100695,Delivered,06.05.2025,Sale to individual,2118.96,8720.0,6601.04,8720.0,Transferred,1308.0,436.0,87.2,43.6,69.76,174.4,0.0,0.0,0.0,2026-01-05T10:00:00+00:00,demo
ORD-100696,Delivered,06.05.2025,Sale to individual,1178.55,4850.0,3671.45,4850.0,Transferred,727.5,242.5,48.5,24.25,38.8,97.0,0.0,0.0,0.0,2026-01-05T10:00:00+00:00,demo
ORD-100697,Delivered,06.05.2025,Sale to individual,272.16,1120.0,847.84,1120.0,Transferred,168.0,56.0,11.2,5.6,8.96,22.4,0.0,0.0,0.0,2026-01-05T10:00:00+00:00,demo
ORD-100698,Delivered,06.05.2025,Sale to individual,1136.27,4676.0,3539.73,4676.0,Transferred,701.4,233.8,46.76,23.38,37.41,93.52,0.0,0.0,0.0,2026-01-05T10:00:00+00:00,demo
ORD-100701,Delivered,07.05.2025,Sale to individual,1117.56,4599.0,3481.44,4599.0,Transferred,689.85,229.95,45.99,23.0,36.79,91.98,0.0,0.0,0.0,2026-01-05T10:00:00+00:00,demo
ORD-100702,Delivered,07.05.2025,Sale to individual,258.55,1064.0,805.45,1064.0,Transferred,159.6,53.2,10.64,5.32,8.51,21.28,0.0,0.0,0.0,2026-01-05T10:00:00+00:00,demo
ORD-100703,Delivered,07.05.2025,Sale to individual,408.24,1680.0,1271.76,1680.0,Transferred,252.0,84.0,16.8,8.4,13.44,33.6,0.0,0.0,0.0,2026-01-05T10:00:00+00:00,demo
ORD-100704,Delivered,07.05.2025,Sale to individual,816.48,3360.0,2543.52,3360.0,Transferred,504.0,168.0,33.6,16.8,26.88,67.2,0.0,0.0,0.0,2026-01-05T10:00:00+00:00,demo
ORD-100705,Delivered,07.05.2025,Sale to individual,816.48,3360.0,2543.52,3360.0,Transferred,504.0,168.0,33.6,16.8,26.88,67.2,0.0,0.0,0.0,2026-01-05T10:00:00+00:00,demo
ORD-100706,Delivered,07.05.2025,Sale to individual,487.11,2004.5,1517.39,2004.5,Transferred,300.68,100.23,20.05,10.02,16.04,40.09,0.0,0.0,0.0,2026-01-05T10:00:00+00:00,demo
ORD-100707,Delivered,07.05.2025,Sale to individual,1535.16,6317.5,4782.34,6317.5,Transferred,947.62,315.88,63.18,31.59,50.54,126.35,0.0,0.0,0.0,2026-01-05T10:00:00+00:00,demo
ORD-100708,Delivered,07.05.2025,Sale to individual,437.4,1800.0,1362.6,1800.0,Transferred,270.0,90.0,18.0,9.0,14.4,36.0,0.0,0.0,0.0,2026-01-05T10:00:00+00:00,demo
ORD-100709,Delivered,07.05.2025,Sale to individual,2583.45,10631.5,8048.05,10631.5,Transferred,1594.72,531.58,106.31,53.16,85.05,212.63,0.0,0.0,0.0,2026-01-05T10:00:00+00:00,demo
ORD-100710,Delivered,07.05.2025,Sale to individual,1025.46,4220.0,3194.54,4220.0,Transferred,633.0,211.0,42.2,21.1,33.76,84.4,0.0,0.0,0.0,2026-01-05T10:00:00+00:00,demo
ORD-100711,Delivered,08.05.2025,Sale to individual,1069.69,4402.0,3332.31,4402.0,Transferred,660.3,220.1,44.02,22.01,35.22,88.04,0.0,0.0,0.0,2026-01-05T10:00:00+00:00,demo
ORD-100712,Delivered,08.05.2025,Sale to individual,3232.39,13302.0,10069.61,13302.0,Transferred,1995.3,665.1,133.02,66.51,106.42,266.04,0.0,0.0,0.0,2026-01-05T10:00:00+00:00,demo
ORD-100713,Delivered,08.05.2025,Sale to individual,2022.25,8322.0,6299.75,8322.0,Transferred,1248.3,416.1,83.22,41.61,66.58,166.44,0.0,0.0,0.0,2026-01-05T10:00:00+00:00,demo
ORD-100714,Delivered,08.05.2025,Sale to individual,1020.36,4199.0,3178.64,4199.0,Transferred,629.85,209.95,41.99,21.0,33.59,83.98,0.0,0.0,0.0,2026-01-05T10:00:00+00:00,demo
ORD-100715,Delivered,08.05.2025,Sale to individual,437.4,1800.0,1362.6,1800.0,Transferred,270.0,90.0,18.0,9.0,14.4,36.0,0.0,0.0,0.0,2026-01-05T10:00:00+00:00,demo
ORD-100716,Delivered,08.05.2025,Sale to individual,1568.81,6456.0,4887.19,6456.0,Transferred,968.4,322.8,64.56,32.28,51.65,129.12,0.0,0.0,0.0,2026-01-05T10:00:00+00:00,demo
ORD-100718,Delivered,08.05.2025,Sale to individual,1111.12,4572.5,3461.38,4572.5,Transferred,685.88,228.62,45.73,22.86,36.58,91.45,0.0,0.0,0.0,2026-01-05T10:00:00+00:00,demo
ORD-100719,Delivered,08.05.2025,Sale to individual,1629.31,6705.0,5075.69,6705.0,Transferred,1005.75,335.25,67.05,33.52,53.64,134.1,0.0,0.0,0.0,2026-01-05T10:00:00+00:00,demo
ORD-100720,Delivered,08.05.2025,Sale to individual,489.89,2016.0,1526.11,2016.0,Transferred,302.4,100.8,20.16,10.08,16.13,40.32,0.0,0.0,0.0,2026-01-05T10:00:00+00:00,demo
ORD-100721,Delivered,08.05.2025,Sale to individual,1228.12,5054.0,3825.88,5054.0,Transferred,758.1,252.7,50.54,25.27,40.43,101.08,0.0,0.0,0.0,2026-01-05T10:00:00+00:00,demo
ORD-100722,Delivered,08.05.2025,Sale to individual,816.48,3360.0,2543.52,3360.0,Transferred,504.0,168.0,33.6,16.8,26.88,67.2,0.0,0.0,0.0,2026-01-05T10:00:00+00:00,demo
ORD-100723,Delivered,08.05.2025,Sale to individual,461.46,1899.0,1437.54,1899.0,Transferred,284.85,94.95,18.99,9.5,15.19,37.98,0.0,0.0,0.0,2026-01-05T10:00:00+00:00,demo
ORD-100724,Delivered,09.05.2025,Sale to individual,2211.79,9102.0,6890.21,9102.0,Transferred,1365.3,455.1,91.02,45.51,72.82,182.04,0.0,0.0,0.0,2026-01-05T10:00:00+00:00,demo
ORD-100725,Delivered,09.05.2025,Sale to individual,1001.77,4122.5,3120.73,4122.5,Transferred,618.38,206.12,41.23,20.61,32.98,82.45,0.0,0.0,0.0,2026-01-05T10:00:00+00:00,demo
ORD-100726,Delivered,09.05.2025,Sale to individual,1488.98,6127.5,4638.52,6127.5,Transferred,919.12,306.38,61.27,30.64,49.02,122.55,0.0,0.0,0.0,2026-01-05T10:00:00+00:00,demo
ORD-100727,Delivered,09.05.2025,Sale to individual,2414.7,9937.0,7522.3,9937.0,Transferred,1490.55,496.85,99.37,49.69,79.5,198.74,0.0,0.0,0.0,2026-01-05T10:00:00+00:00,demo
ORD-100728,Delivered,09.05.2025,Sale to individual,868.85,3575.5,2706.65,3575.5,Transferred,536.32,178.78,35.76,17.88,28.6,71.51,0.0,0.0,0.0,2026-01-05T10:00:00+00:00,demo
ORD-100729,Delivered,09.05.2025,Sale to individual,653.92,2691.0,2037.08,2691.0,Transferred,403.65,134.55,26.91,13.46,21.53,53.82,0.0,0.0,0.0,2026-01-05T10:00:00+00:00,demo
ORD-100730,Delivered,09.05.2025,Sale to individual,2482.97,10218.0,7735.03,10218.0,Transferred,1532.7,510.9,102.18,51.09,81.74,204.36,0.0,0.0,0.0,2026-01-05T10:00:00+00:00,demo
ORD-100731,Delivered,10.05.2025,Sale to individual,2598.16,10692.0,8093.84,10692.0,Transferred,1603.8,534.6,106.92,53.46,85.54,213.84,0.0,0.0,0.0,2026-01-05T10:00:00+00:00,demo
ORD-100732,Delivered,10.05.2025,Sale to individual,1338.44,5508.0,4169.56,5508.0,Transferred,826.2,275.4,55.08,27.54,44.06,110.16,0.0,0.0,0.0,2026-01-05T10:00:00+00:00,demo
ORD-100733,Delivered,10.05.2025,Sale to individual,2051.16,8441.0,6389.84,8441.0,Transferred,1266.15,422.05,84.41,42.2,67.53,168.82,0.0,0.0,0.0,2026-01-05T10:00:00+00:00,demo
ORD-100734,Delivered,10.05.2025,Sale to individual,289.17,1190.0,900.83,1190.0,Transferred,178.5,59.5,11.9,5.95,9.52,23.8,0.0,0.0,0.0,2026-01-05T10:00:00+00:00,demo
ORD-100735,Delivered,10.05.2025,Sale to individual,408.24,1680.0,1271.76,1680.0,Transferred,252.0,84.0,16.8,8.4,13.44,33.6,0.0,0.0,0.0,2026-01-05T10:00:00+00:00,demo
ORD-100737,Delivered,10.05.2025,Sale to individual,512.73,2110.0,1597.27,2110.0,Transferred,316.5,105.5,21.1,10.55,16.88,42.2,0.0,0.0,0.0,2026-01-05T10:00:00+00:00,demo
ORD-100738,Delivered,10.05.2025,Sale to individual,4284.58,17632.0,13347.42,17632.0,Transferred,2644.8,881.6,176.32,88.16,141.06,352.64,0.0,0.0,0.0,2026-01-05T10:00:00+00:00,demo
ORD-100740,Delivered,11.05.2025,Sale to individual,1871.1,7700.0,5828.9,7700.0,Transferred,1155.0,385.0,77.0,38.5,61.6,154.0,0.0,0.0,0.0,2026-01-05T10:00:00+00:00,demo
ORD-100741,Full return accepted at warehouse,11.05.2025,Sale to individual,2131.11,8770.0,6638.89,8770.0,Transferred,1315.5,438.5,87.7,43.85,70.16,175.4,0.0,0.0,0.0,2026-01-05T10:00:00+00:00,demo
ORD-100742,Delivered,12.05.2025,Sale to individual,1804.64,7426.5,5621.86,7426.5,Transferred,1113.97,371.33,74.27,37.13,59.41,148.53,0.0,0.0,0.0,2026-01-05T10:00:00+00:00,demo
ORD-100743,Delivered,12.05.2025,Sale to individual,1346.22,5540.0,4193.78,5540.0,Transferred,831.0,277.0,55.4,27.7,44.32,110.8,0.0,0.0,0.0,2026-01-05T10:00:00+00:00,demo
ORD-100744,Delivered,12.05.2025,Sale to individual,512.73,2110.0,1597.27,2110.0,Transferred,316.5,105.5,21.1,10.55,16.88,42.2,0.0,0.0,0.0,2026-01-05T10:00:00+00:00,demo
ORD-100745,Delivered,12.05.2025,Sale to individual,632.05,2601.0,1968.95,2601.0,Transferred,390.15,130.05,26.01,13.01,20.81,52.02,0.0,0.0,0.0,2026-01-05T10:00:00+00:00,demo
ORD-100746,Delivered,13.05.2025,Sale to individual,415.53,1710.0,1294.47,1710.0,Transferred,256.5,85.5,17.1,8.55,13.68,34.2,0.0,0.0,0.0,2026-01-05T10:00:00+00:00,demo
ORD-100747,Delivered,13.05.2025,Sale to individual,3785.94,15580.0,11794.06,15580.0,Transferred,2337.0,779.0,155.8,77.9,124.64,311.6,0.0,0.0,0.0,2026-01-05T10:00:00+00:00,demo
ORD-100748,Delivered,13.05.2025,Sale to individual,1292.76,5320.0,4027.24,5320.0,Transferred,798.0,266.0,53.2,26.6,42.56,106.4,0.0,0.0,0.0,2026-01-05T10:00:00+00:00,demo
ORD-100749,Delivered,13.05.2025,Sale to individual,702.27,2890.0,2187.73,2890.0,Transferred,433.5,144.5,28.9,14.45,23.12,57.8,0.0,0.0,0.0,2026-01-05T10:00:00+00:00,demo
ORD-100750,Delivered,13.05.2025,Sale to individual,1007.85,4147.5,3139.65,4147.5,Transferred,622.12,207.38,41.48,20.74,33.18,82.95,0.0,0.0,0.0,2026-01-05T10:00:00+00:00,demo
ORD-100751,Delivered,13.05.2025,Sale to individual,1609.03,6621.5,5012.47,6621.5,Transferred,993.22,331.08,66.22,33.11,52.97,132.43,0.0,0.0,0.0,2026-01-05T10:00:00+00:00,demo
ORD-100752,Delivered,14.05.2025,Sale to individual,2031.84,8361.5,6329.66,8361.5,Transferred,1254.22,418.08,83.61,41.81,66.89,167.23,0.0,0.0,0.0,2026-01-05T10:00:00+00:00,demo
ORD-100753,Delivered,14.05.2025,Sale to individual,694.01,2856.0,2161.99,2856.0,Transferred,428.4,142.8,28.56,14.28,22.85,57.12,0.0,0.0,0.0,2026-01-05T10:00:00+00:00,demo
ORD-100754,Delivered,14.05.2025,Sale to individual,347.0,1428.0,1081.0,1428.0,Transferred,214.2,71.4,14.28,7.14,11.42,28.56,0.0,0.0,0.0,2026-01-05T10:00:00+00:00,demo
ORD-100755,Delivered,14.05.2025,Sale to individual,1736.12,7144.5,5408.38,7144.5,Transferred,1071.67,357.23,71.45,35.72,57.16,142.89,0.0,0.0,0.0,2026-01-05T10:00:00+00:00,demo
ORD-100756,Delivered,14.05.2025,Sale to individual,1011.12,4161.0,3149.88,4161.0,Transferred,624.15,208.05,41.61,20.8,33.29,83.22,0.0,0.0,0.0,2026-01-05T10:00:00+00:00,demo
ORD-100757,Delivered,14.05.2025,Sale to individual,3295.8,13563.0,10267.2,13563.0,Transferred,2034.45,678.15,135.63,67.81,108.5,271.26,0.0,0.0,0.0,2026-01-05T10:00:00+00:00,demo
ORD-100758,Delivered,15.05.2025,Sale to individual,1959.93,8065.5,6105.57,8065.5,Transferred,1209.83,403.28,80.66,40.33,64.52,161.31,0.0,0.0,0.0,2026-01-05T10:00:00+00:00,demo
ORD-100759,Delivered,15.05.2025,Sale to individual,871.64,3587.0,2715.36,3587.0,Transferred,538.05,179.35,35.87,17.93,28.7,71.74,0.0,0.0,0.0,2026-01-05T10:00:00+00:00,demo
ORD-100760,Full return accepted at warehouse,15.05.2025,Sale to individual,1535.16,6317.5,4782.34,6317.5,Transferred,947.62,315.88,63.18,31.59,50.54,126.35,0.0,0.0,0.0,2026-01-05T10:00:00+00:00,demo
ORD-100761,Delivered,15.05.2025,Sale to individual,734.83,3024.0,2289.17,3024.0,Transferred,453.6,151.2,30.24,15.12,24.19,60.48,0.0,0.0,0.0,2026-01-05T10:00:00+00:00,demo
ORD-100762,Delivered,15.05.2025,Sale to individual,1982.16,8157.0,6174.84,8157.0,Transferred,1223.55,407.85,81.57,40.79,65.26,163.14,0.0,0.0,0.0,2026-01-05T10:00:00+00:00,demo
ORD-100763,Delivered,15.05.2025,Sale to individual,2627.8,10814.0,8186.2,10814.0,Transferred,1622.1,540.7,108.14,54.07,86.51,216.28,0.0,0.0,0.0,2026-01-05T10:00:00+00:00,demo
ORD-100764,Delivered,15.05.2025,Sale to individual,594.86,2448.0,1853.14,2448.0,Transferred,367.2,122.4,24.48,12.24,19.58,48.96,0.0,0.0,0.0,2026-01-05T10:00:00+00:00,demo
ORD-100765,Delivered,15.05.2025,Sale to individual,614.06,2527.0,1912.94,2527.0,Transferred,379.05,126.35,25.27,12.63,20.22,50.54,0.0,0.0,0.0,2026-01-05T10:00:00+00:00,demo
ORD-100766,Full return accepted at warehouse,15.05.2025,Sale to individual,2183.49,8985.5,6802.01,8985.5,Transferred,1347.83,449.28,89.86,44.93,71.88,179.71,0.0,0.0,0.0,2026-01-05T10:00:00+00:00,demo
ORD-100768,Delivered,15.05.2025,Sale to individual,415.53,1710.0,1294.47,1710.0,Transferred,256.5,85.5,17.1,8.55,13.68,34.2,0.0,0.0,0.0,2026-01-05T10:00:00+00:00,demo
ORD-100769,Delivered,15.05.2025,Sale to individual,1258.74,5180.0,3921.26,5180.0,Transferred,777.0,259.0,51.8,25.9,41.44,103.6,0.0,0.0,0.0,2026-01-05T10:00:00+00:00,demo
ORD-100770,Delivered,16.05.2025,Sale to individual,549.42,2261.0,1711.58,2261.0,Transferred,339.15,113.05,22.61,11.3,18.09,45.22,0.0,0.0,0.0,2026-01-05T10:00:00+00:00,demo
ORD-100771,Delivered,16.05.2025,Sale to individual,1888.36,7771.0,5882.64,7771.0,Transferred,1165.65,388.55,77.71,38.86,62.17,155.42,0.0,0.0,0.0,2026-01-05T10:00:00+00:00,demo
ORD-100773,Delivered,16.05.2025,Sale to individual,1399.32,5758.5,4359.18,5758.5,Transferred,863.77,287.93,57.59,28.79,46.07,115.17,0.0,0.0,0.0,2026-01-05T10:00:00+00:00,demo
ORD-100774,Delivered,16.05.2025,Sale to individual,2029.17,8350.5,6321.33,8350.5,Transferred,1252.58,417.53,83.5,41.75,66.8,167.01,0.0,0.0,0.0,2026-01-05T10:00:00+00:00,demo
ORD-100775,Delivered,16.05.2025,Sale to individual,2545.91,10477.0,7931.09,10477.0,Transferred,1571.55,523.85,104.77,52.38,83.82,209.54,0.0,0.0,0.0,2026-01-05T10:00:00+00:00,demo
ORD-100776,Delivered,16.05.2025,Sale to individual,1278.42,5261.0,3982.58,5261.0,Transferred,789.15,263.05,52.61,26.3,42.09,105.22,0.0,0.0,0.0,2026-01-05T10:00:00+00:00,demo
ORD-100777,Delivered,17.05.2025,Sale to individual,2482.97,10218.0,7735.03,10218.0,Transferred,1532.7,510.9,102.18,51.09,81.74,204.36,0.0,0.0,0.0,2026-01-05T10:00:00+00:00,demo
ORD-100778,Delivered,17.05.2025,Sale to individual,2239.25,9215.0,6975.75,9215.0,Transferred,1382.25,460.75,92.15,46.08,73.72,184.3,0.0,0.0,0.0,2026-01-05T10:00:00+00:00,demo
ORD-100779,Delivered,17.05.2025,Sale to individual,2981.61,12270.0,9288.39,12270.0,Transferred,1840.5,613.5,122.7,61.35,98.16,245.4,0.0,0.0,0.0,2026-01-05T10:00:00+00:00,demo
ORD-100780,Delivered,17.05.2025,Sale to individual,231.34,952.0,720.66,952.0,Transferred,142.8,47.6,9.52,4.76,7.62,19.04,0.0,0.0,0.0,2026-01-05T10:00:00+00:00,demo
ORD-100781,Delivered,17.05.2025,Sale to individual,532.17,2190.0,1657.83,2190.0,Transferred,328.5,109.5,21.9,10.95,17.52,43.8,0.0,0.0,0.0,2026-01-05T10:00:00+00:00,demo
ORD-100782,Delivered,17.05.2025,Sale to individual,258.55,1064.0,805.45,1064.0,Transferred,159.6,53.2,10.64,5.32,8.51,21.28,0.0,0.0,0.0,2026-01-05T10:00:00+00:00,demo
ORD-100783,Delivered,17.05.2025,Sale to individual,578.34,2380.0,1801.66,2380.0,Transferred,357.0,119.0,23.8,11.9,19.04,47.6,0.0,0.0,0.0,2026-01-05T10:00:00+00:00,demo
ORD-100784,Delivered,18.05.2025,Sale to individual,646.38,2660.0,2013.62,2660.0,Transferred,399.0,133.0,26.6,13.3,21.28,53.2,0.0,0.0,0.0,2026-01-05T10:00:00+00:00,demo
ORD-100785,Delivered,18.05.2025,Sale to individual,1119.63,4607.5,3487.87,4607.5,Transferred,691.12,230.38,46.08,23.04,36.86,92.15,0.0,0.0,0.0,2026-01-05T10:00:00+00:00,demo
ORD-100786,Full return accepted at warehouse,18.05.2025,Sale to individual,1500.28,6174.0,4673.72,6174.0,Transferred,926.1,308.7,61.74,30.87,49.39,123.48,0.0,0.0,0.0,2026-01-05T10:00:00+00:00,demo
ORD-100787,Delivered,18.05.2025,Sale to individual,1396.28,5746.0,4349.72,5746.0,Transferred,861.9,287.3,57.46,28.73,45.97,114.92,0.0,0.0,0.0,2026-01-05T10:00:00+00:00,demo
ORD-100788,Delivered,18.05.2025,Sale to individual,2997.77,12336.5,9338.73,12336.5,Transferred,1850.47,616.83,123.37,61.68,98.69,246.73,0.0,0.0,0.0,2026-01-05T10:00:00+00:00,demo
ORD-100789,Delivered,18.05.2025,Sale to individual,2386.26,9820.0,7433.74,9820.0,Transferred,1473.0,491.0,98.2,49.1,78.56,196.4,0.0,0.0,0.0,2026-01-05T10:00:00+00:00,demo
ORD-100790,Delivered,18.05.2025,Sale to individual,921.09,3790.5,2869.41,3790.5,Transferred,568.57,189.53,37.91,18.95,30.32,75.81,0.0,0.0,0.0,2026-01-05T10:00:00+00:00,demo
ORD-100791,Delivered,18.05.2025,Sale to individual,2017.15,8301.0,6283.85,8301.0,Transferred,1245.15,415.05,83.01,41.51,66.41,166.02,0.0,0.0,0.0,2026-01-05T10:00:00+00:00,demo
ORD-100792,Delivered,18.05.2025,Sale to individual,3339.55,13743.0,10403.45,13743.0,Transferred,2061.45,687.15,137.43,68.72,109.94,274.86,0.0,0.0,0.0,2026-01-05T10:00:00+00:00,demo
ORD-100794,Delivered,19.05.2025,Sale to individual,1001.77,4122.5,3120.73,4122.5,Transferred,618.38,206.12,41.23,20.61,32.98,82.45,0.0,0.0,0.0,2026-01-05T10:00:00+00:00,demo
ORD-100795,Delivered,19.05.2025,Sale to individual,977.83,4024.0,3046.17,4024.0,Transferred,603.6,201.2,40.24,20.12,32.19,80.48,0.0,0.0,0.0,2026-01-05T10:00:00+00:00,demo
ORD-100797,Delivered,19.05.2025,Sale to individual,532.17,2190.0,1657.83,2190.0,Transferred,328.5,109.5,21.9,10.95,17.52,43.8,0.0,0.0,0.0,2026-01-05T10:00:00+00:00,demo
ORD-100798,Delivered,19.05.2025,Sale to individual,646.38,2660.0,2013.62,2660.0,Transferred,399.0,133.0,26.6,13.3,21.28,53.2,0.0,0.0,0.0,2026-01-05T10:00:00+00:00,demo
ORD-100799,Delivered,19.05.2025,Sale to individual,874.8,3600.0,2725.2,3600.0,Transferred,540.0,180.0,36.0,18.0,28.8,72.0,0.0,0.0,0.0,2026-01-05T10:00:00+00:00,demo
ORD-100800,Delivered,19.05.2025,Sale to individual,1180.98,4860.0,3679.02,4860.0,Transferred,729.0,243.0,48.6,24.3,38.88,97.2,0.0,0.0,0.0,2026-01-05T10:00:00+00:00,demo
ORD-100801,Delivered,19.05.2025,Sale to individual,2077.65,8550.0,6472.35,8550.0,Transferred,1282.5,427.5,85.5,42.75,68.4,171.0,0.0,0.0,0.0,2026-01-05T10:00:00+00:00,demo
ORD-100802,Full return accepted at warehouse,19.05.2025,Sale to individual,1101.88,4534.5,3432.62,4534.5,Transferred,680.17,226.73,45.34,22.67,36.28,90.69,0.0,0.0,0.0,2026-01-05T10:00:00+00:00,demo
ORD-100803,Delivered,20.05.2025,Sale to individual,680.4,2800.0,2119.6,2800.0,Transferred,420.0,140.0,28.0,14.0,22.4,56.0,0.0,0.0,0.0,2026-01-05T10:00:00+00:00,demo
ORD-100804,Delivered,20.05.2025,Sale to individual,2956.34,12166.0,9209.66,12166.0,Transferred,1824.9,608.3,121.66,60.83,97.33,243.32,0.0,0.0,0.0,2026-01-05T10:00:00+00:00,demo
ORD-100805,Delivered,20.05.2025,Sale to individual,473.85,1950.0,1476.15,1950.0,Transferred,292.5,97.5,19.5,9.75,15.6,39.0,0.0,0.0,0.0,2026-01-05T10:00:00+00:00,demo
ORD-100806,Delivered,20.05.2025,Sale to individual,2453.81,10098.0,7644.19,10098.0,Transferred,1514.7,504.9,100.98,50.49,80.78,201.96,0.0,0.0,0.0,2026-01-05T10:00:00+00:00,demo
ORD-100807,Delivered,20.05.2025,Sale to individual,1164.69,4793.0,3628.31,4793.0,Transferred,718.95,239.65,47.93,23.96,38.34,95.86,0.0,0.0,0.0,2026-01-05T10:00:00+00:00,demo
ORD-100808,Delivered,21.05.2025,Sale to individual,646.38,2660.0,2013.62,2660.0,Transferred,399.0,133.0,26.6,13.3,21.28,53.2,0.0,0.0,0.0,2026-01-05T10:00:00+00:00,demo
ORD-100809,Delivered,21.05.2025,Sale to individual,702.27,2890.0,2187.73,2890.0,Transferred,433.5,144.5,28.9,14.45,23.12,57.8,0.0,0.0,0.0,2026-01-05T10:00:00+00:00,demo
ORD-100810,Delivered,21.05.2025,Sale to individual,743.58,3060.0,2316.42,3060.0,Transferred,459.0,153.0,30.6,15.3,24.48,61.2,0.0,0.0,0.0,2026-01-05T10:00:00+00:00,demo
ORD-100812,Delivered,21.05.2025,Sale to individual,437.4,1800.0,1362.6,1800.0,Transferred,270.0,90.0,18.0,9.0,14.4,36.0,0.0,0.0,0.0,2026-01-05T10:00:00+00:00,demo
ORD-100813,Delivered,21.05.2025,Sale to individual,612.36,2520.0,1907.64,2520.0,Transferred,378.0,126.0,25.2,12.6,20.16,50.4,0.0,0.0,0.0,2026-01-05T10:00:00+00:00,demo
ORD-100814,Delivered,21.05.2025,Sale to individual,450.16,1852.5,1402.34,1852.5,Transferred,277.88,92.62,18.53,9.26,14.82,37.05,0.0,0.0,0.0,2026-01-05T10:00:00+00:00,demo
ORD-100815,Full return accepted at warehouse,21.05.2025,Sale to individual,3270.78,13460.0,10189.22,13460.0,Transferred,2019.0,673.0,134.6,67.3,107.68,269.2,0.0,0.0,0.0,2026-01-05T10:00:00+00:00,demo
ORD-100816,Delivered,21.05.2025,Sale to individual,1060.69,4365.0,3304.31,4365.0,Transferred,654.75,218.25,43.65,21.82,34.92,87.3,0.0,0.0,0.0,2026-01-05T10:00:00+00:00,demo
ORD-100817,Delivered,21.05.2025,Sale to individual,437.4,1800.0,1362.6,1800.0,Transferred,270.0,90.0,18.0,9.0,14.4,36.0,0.0,0.0,0.0,2026-01-05T10:00:00+00:00,demo
ORD-100818,Delivered,21.05.2025,Sale to individual,874.8,3600.0,2725.2,3600.0,Transferred,540.0,180.0,36.0,18.0,28.8,72.0,0.0,0.0,0.0,2026-01-05T10:00:00+00:00,demo
ORD-100819,Delivered,21.05.2025,Sale to individual,664.25,2733.5,2069.25,2733.5,Transferred,410.02,136.68,27.34,13.67,21.87,54.67,0.0,0.0,0.0,2026-01-05T10:00:00+00:00,demo
ORD-100821,Delivered,22.05.2025,Sale to individual,555.62,2286.5,1730.88,2286.5,Transferred,342.97,114.33,22.87,11.43,18.29,45.73,0.0,0.0,0.0,2026-01-05T10:00:00+00:00,demo
ORD-100822,Delivered,22.05.2025,Sale to individual,371.79,1530.0,1158.21,1530.0,Transferred,229.5,76.5,15.3,7.65,12.24,30.6,0.0,0.0,0.0,2026-01-05T10:00:00+00:00,demo
ORD-100823,Delivered,23.05.2025,Sale to individual,289.17,1190.0,900.83,1190.0,Transferred,178.5,59.5,11.9,5.95,9.52,23.8,0.0,0.0,0.0,2026-01-05T10:00:00+00:00,demo
ORD-100824,Delivered,23.05.2025,Sale to individual,2515.16,10350.5,7835.34,10350.5,Transferred,1552.58,517.52,103.5,51.75,82.8,207.01,0.0,0.0,0.0,2026-01-05T10:00:00+00:00,demo
ORD-100825,Full return accepted at warehouse,23.05.2025,Sale to individual,966.65,3978.0,3011.35,3978.0,Transferred,596.7,198.9,39.78,19.89,31.82,79.56,0.0,0.0,0.0,2026-01-05T10:00:00+00:00,demo
ORD-100826,Delivered,23.05.2025,Sale to individual,1469.42,6047.0,4577.58,6047.0,Transferred,907.05,302.35,60.47,30.23,48.38,120.94,0.0,0.0,0.0,2026-01-05T10:00:00+00:00,demo
ORD-100827,Delivered,23.05.2025,Sale to individual,922.91,3798.0,2875.09,3798.0,Transferred,569.7,189.9,37.98,18.99,30.38,75.96,0.0,0.0,0.0,2026-01-05T10:00:00+00:00,demo
ORD-100828,Delivered,23.05.2025,Sale to individual,1279.39,5265.0,3985.61,5265.0,Transferred,789.75,263.25,52.65,26.32,42.12,105.3,0.0,0.0,0.0,2026-01-05T10:00:00+00:00,demo
ORD-100830,Delivered,23.05.2025,Sale to individual,272.16,1120.0,847.84,1120.0,Transferred,168.0,56.0,11.2,5.6,8.96,22.4,0.0,0.0,0.0,2026-01-05T10:00:00+00:00,demo
ORD-100831,Delivered,24.05.2025,Sale to individual,680.4,2800.0,2119.6,2800.0,Transferred,420.0,140.0,28.0,14.0,22.4,56.0,0.0,0.0,0.0,2026-01-05T10:00:00+00:00,demo
ORD-100832,Delivered,24.05.2025,Sale to individual,408.24,1680.0,1271.76,1680.0,Transferred,252.0,84.0,16.8,8.4,13.44,33.6,0.0,0.0,0.0,2026-01-05T10:00:00+00:00,demo
ORD-100833,Delivered,24.05.2025,Sale to individual,487.11,2004.5,1517.39,2004.5,Transferred,300.68,100.23,20.05,10.02,16.04,40.09,0.0,0.0,0.0,2026-01-05T10:00:00+00:00,demo
ORD-100834,Delivered,24.05.2025,Sale to individual,1102.25,4536.0,3433.75,4536.0,Transferred,680.4,226.8,45.36,22.68,36.29,90.72,0.0,0.0,0.0,2026-01-05T10:00:00+00:00,demo
ORD-100835,Delivered,24.05.2025,Sale to individual,518.32,2133.0,1614.68,2133.0,Transferred,319.95,106.65,21.33,10.67,17.06,42.66,0.0,0.0,0.0,2026-01-05T10:00:00+00:00,demo
ORD-100838,Delivered,24.05.2025,Sale to individual,473.85,1950.0,1476.15,1950.0,Transferred,292.5,97.5,19.5,9.75,15.6,39.0,0.0,0.0,0.0,2026-01-05T10:00:00+00:00,demo
ORD-100839,Full return accepted at warehouse,25.05.2025,Sale to individual,1288.87,5304.0,4015.13,5304.0,Transferred,795.6,265.2,53.04,26.52,42.43,106.08,0.0,0.0,0.0,2026-01-05T10:00:00+00:00,demo
ORD-100840,Delivered,25.05.2025,Sale to individual,2319.19,9544.0,7224.81,9544.0,Transferred,1431.6,477.2,95.44,47.72,76.35,190.88,0.0,0.0,0.0,2026-01-05T10:00:00+00:00,demo
ORD-100841,Delivered,25.05.2025,Sale to individual,1241.73,5110.0,3868.27,5110.0,Transferred,766.5,255.5,51.1,25.55,40.88,102.2,0.0,0.0,0.0,2026-01-05T10:00:00+00:00,demo
ORD-100842,Delivered,25.05.2025,Sale to individual,1292.76,5320.0,4027.24,5320.0,Transferred,798.0,266.0,53.2,26.6,42.56,106.4,0.0,0.0,0.0,2026-01-05T10:00:00+00:00,demo
ORD-100843,Delivered,25.05.2025,Sale to individual,544.32,2240.0,1695.68,2240.0,Transferred,336.0,112.0,22.4,11.2,17.92,44.8,0.0,0.0,0.0,2026-01-05T10:00:00+00:00,demo
ORD-100844,Delivered,25.05.2025,Sale to individual,3003.48,12360.0,9356.52,12360.0,Transferred,1854.0,618.0,123.6,61.8,98.88,247.2,0.0,0.0,0.0,2026-01-05T10:00:00+00:00,demo
ORD-100845,Delivered,25.05.2025,Sale to individual,1662.12,6840.0,5177.88,6840.0,Transferred,1026.0,342.0,68.4,34.2,54.72,136.8,0.0,0.0,0.0,2026-01-05T10:00:00+00:00,demo
ORD-100846,Delivered,26.05.2025,Sale to individual,2024.55,8331.5,6306.95,8331.5,Transferred,1249.72,416.58,83.31,41.66,66.65,166.63,0.0,0.0,0.0,2026-01-05T10:00:00+00:00,demo
ORD-100847,Delivered,26.05.2025,Sale to individual,986.58,4060.0,3073.42,4060.0,Transferred,609.0,203.0,40.6,20.3,32.48,81.2,0.0,0.0,0.0,2026-01-05T10:00:00+00:00,demo
ORD-100848,Delivered,26.05.2025,Sale to individual,855.11,3519.0,2663.89,3519.0,Transferred,527.85,175.95,35.19,17.59,28.15,70.38,0.0,0.0,0.0,2026-01-05T10:00:00+00:00,demo
ORD-100849,Delivered,26.05.2025,Sale to individual,1545.48,6360.0,4814.52,6360.0,Transferred,954.0,318.0,63.6,31.8,50.88,127.2,0.0,0.0,0.0,2026-01-05T10:00:00+00:00,demo
ORD-100850,Delivered,26.05.2025,Sale to individual,1179.65,4854.5,3674.85,4854.5,Transferred,728.17,242.73,48.55,24.27,38.84,97.09,0.0,0.0,0.0,2026-01-05T10:00:00+00:00,demo
ORD-100851,Delivered,26.05.2025,Sale to individual,532.17,2190.0,1657.83,2190.0,Transferred,328.5,109.5,21.9,10.95,17.52,43.8,0.0,0.0,0.0,2026-01-05T10:00:00+00:00,demo
ORD-100852,Full return accepted at warehouse,26.05.2025,Sale to individual,437.4,1800.0,1362.6,1800.0,Transferred,270.0,90.0,18.0,9.0,14.4,36.0,0.0,0.0,0.0,2026-01-05T10:00:00+00:00,demo
ORD-100853,Delivered,26.05.2025,Sale to individual,1402.0,5769.5,4367.5,5769.5,Transferred,865.42,288.48,57.7,28.85,46.16,115.39,0.0,0.0,0.0,2026-01-05T10:00:00+00:00,demo
ORD-100854,Delivered,26.05.2025,Sale to individual,1027.05,4226.5,3199.45,4226.5,Transferred,633.98,211.33,42.27,21.13,33.81,84.53,0.0,0.0,0.0,2026-01-05T10:00:00+00:00,demo
ORD-100855,Delivered,27.05.2025,Sale to individual,512.73,2110.0,1597.27,2110.0,Transferred,316.5,105.5,21.1,10.55,16.88,42.2,0.0,0.0,0.0,2026-01-05T10:00:00+00:00,demo
ORD-100856,Delivered,27.05.2025,Sale to individual,367.42,1512.0,1144.58,1512.0,Transferred,226.8,75.6,15.12,7.56,12.1,30.24,0.0,0.0,0.0,2026-01-05T10:00:00+00:00,demo
ORD-100857,Delivered,27.05.2025,Sale to individual,505.55,2080.5,1574.95,2080.5,Transferred,312.07,104.03,20.8,10.4,16.64,41.61,0.0,0.0,0.0,2026-01-05T10:00:00+00:00,demo
ORD-100858,Delivered,27.05.2025,Sale to individual,544.32,2240.0,1695.68,2240.0,Transferred,336.0,112.0,22.4,11.2,17.92,44.8,0.0,0.0,0.0,2026-01-05T10:00:00+00:00,demo
ORD-100859,Delivered,28.05.2025,Sale to individual,518.32,2133.0,1614.68,2133.0,Transferred,319.95,106.65,21.33,10.67,17.06,42.66,0.0,0.0,0.0,2026-01-05T10:00:00+00:00,demo
ORD-100860,Delivered,28.05.2025,Sale to individual,1380.49,5681.0,4300.51,5681.0,Transferred,852.15,284.05,56.81,28.41,45.45,113.62,0.0,0.0,0.0,2026-01-05T10:00:00+00:00,demo
ORD-100861,Delivered,28.05.2025,Sale to individual,2911.14,11980.0,9068.86,11980.0,Transferred,1797.0,599.0,119.8,59.9,95.84,239.6,0.0,0.0,0.0,2026-01-05T10:00:00+00:00,demo
ORD-100862,Delivered,28.05.2025,Sale to individual,1307.83,5382.0,4074.17,5382.0,Transferred,807.3,269.1,53.82,26.91,43.06,107.64,0.0,0.0,0.0,2026-01-05T10:00:00+00:00,demo
ORD-100863,Delivered,29.05.2025,Sale to individual,1393.25,5733.5,4340.25,5733.5,Transferred,860.02,286.68,57.34,28.67,45.87,114.67,0.0,0.0,0.0,2026-01-05T10:00:00+00:00,demo
ORD-100864,Delivered,29.05.2025,Sale to individual,757.67,3118.0,2360.33,3118.0,Transferred,467.7,155.9,31.18,15.59,24.94,62.36,0.0,0.0,0.0,2026-01-05T10:00:00+00:00,demo
ORD-100865,Delivered,29.05.2025,Sale to individual,1156.68,4760.0,3603.32,4760.0,Transferred,714.0,238.0,47.6,23.8,38.08,95.2,0.0,0.0,0.0,2026-01-05T10:00:00+00:00,demo
ORD-100867,Delivered,29.05.2025,Sale to individual,1259.96,5185.0,3925.04,5185.0,Transferred,777.75,259.25,51.85,25.93,41.48,103.7,0.0,0.0,0.0,2026-01-05T10:00:00+00:00,demo
ORD-100868,Delivered,29.05.2025,Sale to individual,1443.42,5940.0,4496.58,5940.0,Transferred,891.0,297.0,59.4,29.7,47.52,118.8,0.0,0.0,0.0,2026-01-05T10:00:00+00:00,demo
ORD-100869,Delivered,29.05.2025,Sale to individual,347.0,1428.0,1081.0,1428.0,Transferred,214.2,71.4,14.28,7.14,11.42,28.56,0.0,0.0,0.0,2026-01-05T10:00:00+00:00,demo
ORD-100870,Delivered,30.05.2025,Sale to individual,1265.54,5208.0,3942.46,5208.0,Transferred,781.2,260.4,52.08,26.04,41.66,104.16,0.0,0.0,0.0,2026-01-05T10:00:00+00:00,demo
ORD-100871,Delivered,30.05.2025,Sale to individual,387.83,1596.0,1208.17,1596.0,Transferred,239.4,79.8,15.96,7.98,12.77,31.92,0.0,0.0,0.0,2026-01-05T10:00:00+00:00,demo
ORD-100872,Delivered,30.05.2025,Sale to individual,1659.45,6829.0,5169.55,6829.0,Transferred,1024.35,341.45,68.29,34.15,54.63,136.58,0.0,0.0,0.0,2026-01-05T10:00:00+00:00,demo
ORD-100873,Delivered,30.05.2025,Sale to individual,1229.82,5061.0,3831.18,5061.0,Transferred,759.15,253.05,50.61,25.3,40.49,101.22,0.0,0.0,0.0,2026-01-05T10:00:00+00:00,demo
ORD-100874,Delivered,30.05.2025,Sale to individual,581.74,2394.0,1812.26,2394.0,Transferred,359.1,119.7,23.94,11.97,19.15,47.88,0.0,0.0,0.0,2026-01-05T10:00:00+00:00,demo
ORD-100875,Delivered,30.05.2025,Sale to individual,1841.94,7580.0,5738.06,7580.0,Transferred,1137.0,379.0,75.8,37.9,60.64,151.6,0.0,0.0,0.0,2026-01-05T10:00:00+00:00,demo
ORD-100876,Delivered,30.05.2025,Sale to individual,274.7,1130.5,855.8,1130.5,Transferred,169.57,56.53,11.3,5.65,9.04,22.61,0.0,0.0,0.0,2026-01-05T10:00:00+00:00,demo
ORD-100877,Delivered,30.05.2025,Sale to individual,1977.53,8138.0,6160.47,8138.0,Transferred,1220.7,406.9,81.38,40.69,65.1,162.76,0.0,0.0,0.0,2026-01-05T10:00:00+00:00,demo
ORD-100878,Delivered,31.05.2025,Sale to individual,778.57,3204.0,2425.43,3204.0,Transferred,480.6,160.2,32.04,16.02,25.63,64.08,0.0,0.0,0.0,2026-01-05T10:00:00+00:00,demo
ORD-100879,Delivered,31.05.2025,Sale to individual,1709.38,7034.5,5325.12,7034.5,Transferred,1055.17,351.73,70.34,35.17,56.28,140.69,0.0,0.0,0.0,2026-01-05T10:00:00+00:00,demo
ORD-100880,Delivered,31.05.2025,Sale to individual,2521.85,10378.0,7856.15,10378.0,Transferred,1556.7,518.9,103.78,51.89,83.02,207.56,0.0,0.0,0.0,2026-01-05T10:00:00+00:00,demo
ORD-100881,Delivered,31.05.2025,Sale to individual,2040.71,8398.0,6357.29,8398.0,Transferred,1259.7,419.9,83.98,41.99,67.18,167.96,0.0,0.0,0.0,2026-01-05T10:00:00+00:00,demo
ORD-100882,Delivered,31.05.2025,Sale to individual,1614.25,6643.0,5028.75,6643.0,Transferred,996.45,332.15,66.43,33.22,53.14,132.86,0.0,0.0,0.0,2026-01-05T10:00:00+00:00,demo
ORD-100883,Delivered,31.05.2025,Sale to individual,612.36,2520.0,1907.64,2520.0,Transferred,378.0,126.0,25.2,12.6,20.16,50.4,0.0,0.0,0.0,2026-01-05T10:00:00+00:00,demo
ORD-100884,Delivered,31.05.2025,Sale to individual,2561.22,10540.0,7978.78,10540.0,Transferred,1581.0,527.0,105.4,52.7,84.32,210.8,0.0,0.0,0.0,2026-01-05T10:00:00+00:00,demo
ORD-100885,Delivered,31.05.2025,Sale to individual,1193.13,4910.0,3716.87,4910.0,Transferred,736.5,245.5,49.1,24.55,39.28,98.2,0.0,0.0,0.0,2026-01-05T10:00:00+00:00,demo
ORD-100886,Delivered,31.05.2025,Sale to individual,437.4,1800.0,1362.6,1800.0,Transferred,270.0,90.0,18.0,9.0,14.4,36.0,0.0,0.0,0.0,2026-01-05T10:00:00+00:00,demo
ORD-100887,Delivered,01.06.2025,Sale to individual,468.63,1928.5,1459.87,1928.5,Transferred,289.27,96.43,19.29,9.64,15.43,38.57,0.0,0.0,0.0,2026-01-05T10:00:00+00:00,demo
ORD-100888,Delivered,01.06.2025,Sale to individual,1973.89,8123.0,6149.11,8123.0,Transferred,1218.45,406.15,81.23,40.62,64.98,162.46,0.0,0.0,0.0,2026-01-05T10:00:00+00:00,demo
ORD-100889,Delivered,01.06.2025,Sale to individual,734.83,3024.0,2289.17,3024.0,Transferred,453.6,151.2,30.24,15.12,24.19,60.48,0.0,0.0,0.0,2026-01-05T10:00:00+00:00,demo
ORD-100890,Delivered,01.06.2025,Sale to individual,1810.96,7452.5,5641.54,7452.5,Transferred,1117.88,372.62,74.53,37.26,59.62,149.05,0.0,0.0,0.0,2026-01-05T10:00:00+00:00,demo
ORD-100891,Delivered,01.06.2025,Sale to individual,1060.69,4365.0,3304.31,4365.0,Transferred,654.75,218.25,43.65,21.82,34.92,87.3,0.0,0.0,0.0,2026-01-05T10:00:00+00:00,demo
ORD-100892,Delivered,01.06.2025,Sale to individual,1034.21,4256.0,3221.79,4256.0,Transferred,638.4,212.8,42.56,21.28,34.05,85.12,0.0,0.0,0.0,2026-01-05T10:00:00+00:00,demo
ORD-100893,Delivered,01.06.2025,Sale to individual,1508.79,6209.0,4700.21,6209.0,Transferred,931.35,310.45,62.09,31.05,49.67,124.18,0.0,0.0,0.0,2026-01-05T10:00:00+00:00,demo
ORD-100895,Delivered,02.06.2025,Sale to individual,1001.77,4122.5,3120.73,4122.5,Transferred,618.38,206.12,41.23,20.61,32.98,82.45,0.0,0.0,0.0,2026-01-05T10:00:00+00:00,demo
ORD-100896,Delivered,02.06.2025,Sale to individual,332.42,1368.0,1035.58,1368.0,Transferred,205.2,68.4,13.68,6.84,10.94,27.36,0.0,0.0,0.0,2026-01-05T10:00:00+00:00,demo
ORD-100897,Delivered,02.06.2025,Sale to individual,2449.44,10080.0,7630.56,10080.0,Transferred,1512.0,504.0,100.8,50.4,80.64,201.6,0.0,0.0,0.0,2026-01-05T10:00:00+00:00,demo
ORD-100898,Delivered,02.06.2025,Sale to individual,532.17,2190.0,1657.83,2190.0,Transferred,328.5,109.5,21.9,10.95,17.52,43.8,0.0,0.0,0.0,2026-01-05T10:00:00+00:00,demo
ORD-100900,Delivered,02.06.2025,Sale to individual,937.26,3857.0,2919.74,3857.0,Transferred,578.55,192.85,38.57,19.29,30.86,77.14,0.0,0.0,0.0,2026-01-05T10:00:00+00:00,demo
ORD-100901,Delivered,03.06.2025,Sale to individual,1224.72,5040.0,3815.28,5040.0,Transferred,756.0,252.0,50.4,25.2,40.32,100.8,0.0,0.0,0.0,2026-01-05T10:00:00+00:00,demo
ORD-100902,Delivered,03.06.2025,Sale to individual,1735.02,7140.0,5404.98,7140.0,Transferred,1071.0,357.0,71.4,35.7,57.12,142.8,0.0,0.0,0.0,2026-01-05T10:00:00+00:00,demo
ORD-100903,Delivered,03.06.2025,Sale to individual,2886.84,11880.0,8993.16,11880.0,Transferred,1782.0,594.0,118.8,59.4,95.04,237.6,0.0,0.0,0.0,2026-01-05T10:00:00+00:00,demo
ORD-100904,Delivered,04.06.2025,Sale to individual,437.4,1800.0,1362.6,1800.0,Transferred,270.0,90.0,18.0,9.0,14.4,36.0,0.0,0.0,0.0,2026-01-05T10:00:00+00:00,demo
ORD-100905,Delivered,04.06.2025,Sale to individual,879.77,3620.5,2740.73,3620.5,Transferred,543.07,181.03,36.2,18.1,28.96,72.41,0.0,0.0,0.0,2026-01-05T10:00:00+00:00,demo
ORD-100906,Full return accepted at warehouse,04.06.2025,Sale to individual,1426.52,5870.5,4443.98,5870.5,Transferred,880.57,293.53,58.7,29.35,46.96,117.41,0.0,0.0,0.0,2026-01-05T10:00:00+00:00,demo
ORD-100907,Delivered,04.06.2025,Sale to individual,2683.69,11044.0,8360.31,11044.0,Transferred,1656.6,552.2,110.44,55.22,88.35,220.88,0.0,0.0,0.0,2026-01-05T10:00:00+00:00,demo
ORD-100908,Full return accepted at warehouse,04.06.2025,Sale to individual,435.82,1793.5,1357.68,1793.5,Transferred,269.02,89.68,17.93,8.97,14.35,35.87,0.0,0.0,0.0,2026-01-05T10:00:00+00:00,demo
ORD-100909,Delivered,04.06.2025,Sale to individual,1475.62,6072.5,4596.88,6072.5,Transferred,910.88,303.62,60.73,30.36,48.58,121.45,0.0,0.0,0.0,2026-01-05T10:00:00+00:00,demo
ORD-100910,Delivered,04.06.2025,Sale to individual,1847.9,7604.5,5756.6,7604.5,Transferred,1140.67,380.23,76.05,38.02,60.84,152.09,0.0,0.0,0.0,2026-01-05T10:00:00+00:00,demo
ORD-100912,Delivered,04.06.2025,Sale to individual,512.73,2110.0,1597.27,2110.0,Transferred,316.5,105.5,21.1,10.55,16.88,42.2,0.0,0.0,0.0,2026-01-05T10:00:00+00:00,demo
ORD-100913,Delivered,05.06.2025,Sale to individual,204.49,841.5,637.01,841.5,Transferred,126.22,42.08,8.42,4.21,6.73,16.83,0.0,0.0,0.0,2026-01-05T10:00:00+00:00,demo
ORD-100914,Delivered,05.06.2025,Sale to individual,549.42,2261.0,1711.58,2261.0,Transferred,339.15,113.05,22.61,11.3,18.09,45.22,0.0,0.0,0.0,2026-01-05T10:00:00+00:00,demo
ORD-100915,Delivered,05.06.2025,Sale to individual,387.83,1596.0,1208.17,1596.0,Transferred,239.4,79.8,15.96,7.98,12.77,31.92,0.0,0.0,0.0,2026-01-05T10:00:00+00:00,demo
ORD-100916,Delivered,05.06.2025,Sale to individual,2628.54,10817.0,8188.46,10817.0,Transferred,1622.55,540.85,108.17,54.09,86.54,216.34,0.0,0.0,0.0,2026-01-05T10:00:00+00:00,demo
ORD-100917,Delivered,05.06.2025,Sale to individual,1592.86,6555.0,4962.14,6555.0,Transferred,983.25,327.75,65.55,32.77,52.44,131.1,0.0,0.0,0.0,2026-01-05T10:00:00+00:00,demo
ORD-100918,Delivered,05.06.2025,Sale to individual,1126.31,4635.0,3508.69,4635.0,Transferred,695.25,231.75,46.35,23.18,37.08,92.7,0.0,0.0,0.0,2026-01-05T10:00:00+00:00,demo
ORD-100919,Delivered,05.06.2025,Sale to individual,960.71,3953.5,2992.79,3953.5,Transferred,593.02,197.68,39.54,19.77,31.63,79.07,0.0,0.0,0.0,2026-01-05T10:00:00+00:00,demo
ORD-100920,Delivered,05.06.2025,Sale to individual,1873.77,7711.0,5837.23,7711.0,Transferred,1156.65,385.55,77.11,38.55,61.69,154.22,0.0,0.0,0.0,2026-01-05T10:00:00+00:00,demo
ORD-100921,Delivered,06.06.2025,Sale to individual,547.12,2251.5,1704.38,2251.5,Transferred,337.72,112.58,22.52,11.26,18.01,45.03,0.0,0.0,0.0,2026-01-05T10:00:00+00:00,demo
ORD-100922,Delivered,06.06.2025,Sale to individual,393.66,1620.0,1226.34,1620.0,Transferred,243.0,81.0,16.2,8.1,12.96,32.4,0.0,0.0,0.0,2026-01-05T10:00:00+00:00,demo
ORD-100923,Delivered,06.06.2025,Sale to individual,989.12,4070.5,3081.38,4070.5,Transferred,610.57,203.53,40.7,20.35,32.56,81.41,0.0,0.0,0.0,2026-01-05T10:00:00+00:00,demo
ORD-100924,Delivered,06.06.2025,Sale to individual,1492.38,6141.5,4649.12,6141.5,Transferred,921.23,307.07,61.41,30.71,49.13,122.83,0.0,0.0,0.0,2026-01-05T10:00:00+00:00,demo
ORD-100925,Delivered,06.06.2025,Sale to individual,694.01,2856.0,2161.99,2856.0,Transferred,428.4,142.8,28.56,14.28,22.85,57.12,0.0,0.0,0.0,2026-01-05T10:00:00+00:00,demo
ORD-100926,Delivered,06.06.2025,Sale to individual,794.36,3269.0,2474.64,3269.0,Transferred,490.35,163.45,32.69,16.34,26.15,65.38,0.0,0.0,0.0,2026-01-05T10:00:00+00:00,demo
ORD-100927,Delivered,06.06.2025,Sale to individual,1472.58,6060.0,4587.42,6060.0,Transferred,909.0,303.0,60.6,30.3,48.48,121.2,0.0,0.0,0.0,2026-01-05T10:00:00+00:00,demo
ORD-100928,Delivered,06.06.2025,Sale to individual,845.64,3480.0,2634.36,3480.0,Transferred,522.0,174.0,34.8,17.4,27.84,69.6,0.0,0.0,0.0,2026-01-05T10:00:00+00:00,demo
ORD-100929,Delivered,07.06.2025,Sale to individual,1229.82,5061.0,3831.18,5061.0,Transferred,759.15,253.05,50.61,25.3,40.49,101.22,0.0,0.0,0.0,2026-01-05T10:00:00+00:00,demo
ORD-100930,Delivered,07.06.2025,Sale to individual,487.11,2004.5,1517.39,2004.5,Transferred,300.68,100.23,20.05,10.02,16.04,40.09,0.0,0.0,0.0,2026-01-05T10:00:00+00:00,demo
ORD-100931,Delivered,07.06.2025,Sale to individual,452.35,1861.5,1409.15,1861.5,Transferred,279.22,93.08,18.62,9.31,14.89,37.23,0.0,0.0,0.0,2026-01-05T10:00:00+00:00,demo
ORD-100932,Delivered,07.06.2025,Sale to individual,816.48,3360.0,2543.52,3360.0,Transferred,504.0,168.0,33.6,16.8,26.88,67.2,0.0,0.0,0.0,2026-01-05T10:00:00+00:00,demo
ORD-100933,Delivered,07.06.2025,Sale to individual,347.0,1428.0,1081.0,1428.0,Transferred,214.2,71.4,14.28,7.14,11.42,28.56,0.0,0.0,0.0,2026-01-05T10:00:00+00:00,demo
ORD-100934,Delivered,07.06.2025,Sale to individual,1635.39,6730.0,5094.61,6730.0,Transferred,1009.5,336.5,67.3,33.65,53.84,134.6,0.0,0.0,0.0,2026-01-05T10:00:00+00:00,demo
ORD-100935,Delivered,07.06.2025,Sale to individual,2452.84,10094.0,7641.16,10094.0,Transferred,1514.1,504.7,100.94,50.47,80.75,201.88,0.0,0.0,0.0,2026-01-05T10:00:00+00:00,demo
ORD-100936,Delivered,07.06.2025,Sale to individual,452.35,1861.5,1409.15,1861.5,Transferred,279.22,93.08,18.62,9.31,14.89,37.23,0.0,0.0,0.0,2026-01-05T10:00:00+00:00,demo
ORD-100937,Delivered,07.06.2025,Sale to individual,3656.66,15048.0,11391.34,15048.0,Transferred,2257.2,752.4,150.48,75.24,120.38,300.96,0.0,0.0,0.0,2026-01-05T10:00:00+00:00,demo
ORD-100938,Delivered,07.06.2025,Sale to individual,2032.57,8364.5,6331.93,8364.5,Transferred,1254.67,418.23,83.64,41.82,66.92,167.29,0.0,0.0,0.0,2026-01-05T10:00:00+00:00,demo
ORD-100939,Delivered,07.06.2025,Sale to individual,1273.93,5242.5,3968.57,5242.5,Transferred,786.38,262.12,52.43,26.21,41.94,104.85,0.0,0.0,0.0,2026-01-05T10:00:00+00:00,demo
ORD-100940,Delivered,08.06.2025,Sale to individual,857.3,3528.0,2670.7,3528.0,Transferred,529.2,176.4,35.28,17.64,28.22,70.56,0.0,0.0,0.0,2026-01-05T10:00:00+00:00,demo
ORD-100941,Full return accepted at warehouse,08.06.2025,Sale to individual,629.86,2592.0,1962.14,2592.0,Transferred,388.8,129.6,25.92,12.96,20.74,51.84,0.0,0.0,0.0,2026-01-05T10:00:00+00:00,demo
ORD-100942,Delivered,08.06.2025,Sale to individual,775.66,3192.0,2416.34,3192.0,Transferred,478.8,159.6,31.92,15.96,25.54,63.84,0.0,0.0,0.0,2026-01-05T10:00:00+00:00,demo
ORD-100943,Delivered,08.06.2025,Sale to individual,947.7,3900.0,2952.3,3900.0,Transferred,585.0,195.0,39.0,19.5,31.2,78.0,0.0,0.0,0.0,2026-01-05T10:00:00+00:00,demo
ORD-100944,Delivered,08.06.2025,Sale to individual,1262.14,5194.0,3931.86,5194.0,Transferred,779.1,259.7,51.94,25.97,41.55,103.88,0.0,0.0,0.0,2026-01-05T10:00:00+00:00,demo
ORD-100945,Delivered,08.06.2025,Sale to individual,505.55,2080.5,1574.95,2080.5,Transferred,312.07,104.03,20.8,10.4,16.64,41.61,0.0,0.0,0.0,2026-01-05T10:00:00+00:00,demo
ORD-100946,Delivered,08.06.2025,Sale to individual,1025.46,4220.0,3194.54,4220.0,Transferred,633.0,211.0,42.2,21.1,33.76,84.4,0.0,0.0,0.0,2026-01-05T10:00:00+00:00,demo
ORD-100947,Delivered,08.06.2025,Sale to individual,1472.58,6060.0,4587.42,6060.0,Transferred,909.0,303.0,60.6,30.3,48.48,121.2,0.0,0.0,0.0,2026-01-05T10:00:00+00:00,demo
ORD-100948,Delivered,09.06.2025,Sale to individual,1134.81,4670.0,3535.19,4670.0,Transferred,700.5,233.5,46.7,23.35,37.36,93.4,0.0,0.0,0.0,2026-01-05T10:00:00+00:00,demo
ORD-100949,Delivered,09.06.2025,Sale to individual,549.42,2261.0,1711.58,2261.0,Transferred,339.15,113.05,22.61,11.3,18.09,45.22,0.0,0.0,0.0,2026-01-05T10:00:00+00:00,demo
ORD-100950,Delivered,09.06.2025,Sale to individual,1473.92,6065.5,4591.58,6065.5,Transferred,909.82,303.28,60.66,30.33,48.52,121.31,0.0,0.0,0.0,2026-01-05T10:00:00+00:00,demo
ORD-100951,Delivered,09.06.2025,Sale to individual,680.4,2800.0,2119.6,2800.0,Transferred,420.0,140.0,28.0,14.0,22.4,56.0,0.0,0.0,0.0,2026-01-05T10:00:00+00:00,demo
ORD-100952,Full return accepted at warehouse,09.06.2025,Sale to individual,614.06,2527.0,1912.94,2527.0,Transferred,379.05,126.35,25.27,12.63,20.22,50.54,0.0,0.0,0.0,2026-01-05T10:00:00+00:00,demo
ORD-100953,Delivered,09.06.2025,Sale to individual,1239.68,5101.5,3861.82,5101.5,Transferred,765.23,255.08,51.02,25.51,40.81,102.03,0.0,0.0,0.0,2026-01-05T10:00:00+00:00,demo
ORD-100954,Delivered,09.06.2025,Sale to individual,245.8,1011.5,765.7,1011.5,Transferred,151.72,50.58,10.12,5.06,8.09,20.23,0.0,0.0,0.0,2026-01-05T10:00:00+00:00,demo
ORD-100955,Full return accepted at warehouse,10.06.2025,Sale to individual,612.36,2520.0,1907.64,2520.0,Transferred,378.0,126.0,25.2,12.6,20.16,50.4,0.0,0.0,0.0,2026-01-05T10:00:00+00:00,demo
ORD-100956,Delivered,10.06.2025,Sale to individual,349.92,1440.0,1090.08,1440.0,Transferred,216.0,72.0,14.4,7.2,11.52,28.8,0.0,0.0,0.0,2026-01-05T10:00:00+00:00,demo
ORD-100957,Delivered,10.06.2025,Sale to individual,428.65,1764.0,1335.35,1764.0,Transferred,264.6,88.2,17.64,8.82,14.11,35.28,0.0,0.0,0.0,2026-01-05T10:00:00+00:00,demo
ORD-100958,Delivered,10.06.2025,Sale to individual,1479.76,6089.5,4609.74,6089.5,Transferred,913.42,304.48,60.9,30.45,48.72,121.79,0.0,0.0,0.0,2026-01-05T10:00:00+00:00,demo
ORD-100959,Delivered,10.06.2025,Sale to individual,2269.26,9338.5,7069.24,9338.5,Transferred,1400.77,466.93,93.39,46.69,74.71,186.77,0.0,0.0,0.0,2026-01-05T10:00:00+00:00,demo
ORD-100960,Delivered,10.06.2025,Sale to individual,1292.76,5320.0,4027.24,5320.0,Transferred,798.0,266.0,53.2,26.6,42.56,106.4,0.0,0.0,0.0,2026-01-05T10:00:00+00:00,demo
ORD-100961,Delivered,10.06.2025,Sale to individual,415.53,1710.0,1294.47,1710.0,Transferred,256.5,85.5,17.1,8.55,13.68,34.2,0.0,0.0,0.0,2026-01-05T10:00:00+00:00,demo
ORD-100962,Delivered,10.06.2025,Sale to individual,1470.52,6051.5,4580.98,6051.5,Transferred,907.73,302.57,60.52,30.26,48.41,121.03,0.0,0.0,0.0,2026-01-05T10:00:00+00:00,demo
ORD-100963,Delivered,10.06.2025,Sale to individual,1068.83,4398.5,3329.67,4398.5,Transferred,659.77,219.93,43.98,21.99,35.19,87.97,0.0,0.0,0.0,2026-01-05T10:00:00+00:00,demo
ORD-100964,Delivered,10.06.2025,Sale to individual,1662.12,6840.0,5177.88,6840.0,Transferred,1026.0,342.0,68.4,34.2,54.72,136.8,0.0,0.0,0.0,2026-01-05T10:00:00+00:00,demo
ORD-100965,Delivered,11.06.2025,Sale to individual,3129.84,12880.0,9750.16,12880.0,Transferred,1932.0,644.0,128.8,64.4,103.04,257.6,0.0,0.0,0.0,2026-01-05T10:00:00+00:00,demo
ORD-100966,Delivered,11.06.2025,Sale to individual,281.63,1159.0,877.37,1159.0,Transferred,173.85,57.95,11.59,5.79,9.27,23.18,0.0,0.0,0.0,2026-01-05T10:00:00+00:00,demo
ORD-100967,Delivered,11.06.2025,Sale to individual,493.29,2030.0,1536.71,2030.0,Transferred,304.5,101.5,20.3,10.15,16.24,40.6,0.0,0.0,0.0,2026-01-05T10:00:00+00:00,demo
ORD-100968,Delivered,11.06.2025,Sale to individual,1292.76,5320.0,4027.24,5320.0,Transferred,798.0,266.0,53.2,26.6,42.56,106.4,0.0,0.0,0.0,2026-01-05T10:00:00+00:00,demo
ORD-100969,Delivered,11.06.2025,Sale to individual,806.87,3320.5,2513.63,3320.5,Transferred,498.07,166.03,33.2,16.6,26.56,66.41,0.0,0.0,0.0,2026-01-05T10:00:00+00:00,demo
ORD-100970,Delivered,12.06.2025,Sale to individual,1883.37,7750.5,5867.13,7750.5,Transferred,1162.58,387.53,77.5,38.75,62.0,155.01,0.0,0.0,0.0,2026-01-05T10:00:00+00:00,demo
ORD-100972,Delivered,12.06.2025,Sale to individual,1382.79,5690.5,4307.71,5690.5,Transferred,853.57,284.53,56.91,28.45,45.52,113.81,0.0,0.0,0.0,2026-01-05T10:00:00+00:00,demo
ORD-100973,Delivered,12.06.2025,Sale to individual,1635.39,6730.0,5094.61,6730.0,Transferred,1009.5,336.5,67.3,33.65,53.84,134.6,0.0,0.0,0.0,2026-01-05T10:00:00+00:00,demo
ORD-100974,Delivered,12.06.2025,Sale to individual,996.3,4100.0,3103.7,4100.0,Transferred,615.0,205.0,41.0,20.5,32.8,82.0,0.0,0.0,0.0,2026-01-05T10:00:00+00:00,demo
ORD-100975,Delivered,12.06.2025,Sale to individual,1455.57,5990.0,4534.43,5990.0,Transferred,898.5,299.5,59.9,29.95,47.92,119.8,0.0,0.0,0.0,2026-01-05T10:00:00+00:00,demo
ORD-100976,Delivered,12.06.2025,Sale to individual,3151.96,12971.0,9819.04,12971.0,Transferred,1945.65,648.55,129.71,64.86,103.77,259.42,0.0,0.0,0.0,2026-01-05T10:00:00+00:00,demo
ORD-100977,Delivered,13.06.2025,Sale to individual,2744.44,11294.0,8549.56,11294.0,Transferred,1694.1,564.7,112.94,56.47,90.35,225.88,0.0,0.0,0.0,2026-01-05T10:00:00+00:00,demo
ORD-100979,Delivered,13.06.2025,Sale to individual,1117.56,4599.0,3481.44,4599.0,Transferred,689.85,229.95,45.99,23.0,36.79,91.98,0.0,0.0,0.0,2026-01-05T10:00:00+00:00,demo
ORD-100981,Delivered,13.06.2025,Sale to individual,2240.21,9219.0,6978.79,9219.0,Transferred,1382.85,460.95,92.19,46.09,73.75,184.38,0.0,0.0,0.0,2026-01-05T10:00:00+00:00,demo
ORD-100982,Delivered,13.06.2025,Sale to individual,3125.83,12863.5,9737.67,12863.5,Transferred,1929.52,643.18,128.63,64.32,102.91,257.27,0.0,0.0,0.0,2026-01-05T10:00:00+00:00,demo
ORD-100983,Delivered,13.06.2025,Sale to individual,2251.89,9267.0,7015.11,9267.0,Transferred,1390.05,463.35,92.67,46.34,74.14,185.34,0.0,0.0,0.0,2026-01-05T10:00:00+00:00,demo
ORD-100984,Delivered,13.06.2025,Sale to individual,1140.39,4693.0,3552.61,4693.0,Transferred,703.95,234.65,46.93,23.46,37.54,93.86,0.0,0.0,0.0,2026-01-05T10:00:00+00:00,demo
ORD-100985,Delivered,13.06.2025,Sale to individual,493.29,2030.0,1536.71,2030.0,Transferred,304.5,101.5,20.3,10.15,16.24,40.6,0.0,0.0,0.0,2026-01-05T10:00:00+00:00,demo
ORD-100986,Delivered,13.06.2025,Sale to individual,680.4,2800.0,2119.6,2800.0,Transferred,420.0,140.0,28.0,14.0,22.4,56.0,0.0,0.0,0.0,2026-01-05T10:00:00+00:00,demo
ORD-100987,Full return accepted at warehouse,14.06.2025,Sale to individual,886.95,3650.0,2763.05,3650.0,Transferred,547.5,182.5,36.5,18.25,29.2,73.0,0.0,0.0,0.0,2026-01-05T10:00:00+00:00,demo
ORD-100988,Delivered,14.06.2025,Sale to individual,289.17,1190.0,900.83,1190.0,Transferred,178.5,59.5,11.9,5.95,9.52,23.8,0.0,0.0,0.0,2026-01-05T10:00:00+00:00,demo
ORD-100989,Delivered,14.06.2025,Sale to individual,1178.55,4850.0,3671.45,4850.0,Transferred,727.5,242.5,48.5,24.25,38.8,97.0,0.0,0.0,0.0,2026-01-05T10:00:00+00:00,demo
ORD-100990,Delivered,14.06.2025,Sale to individual,1675.97,6897.0,5221.03,6897.0,Transferred,1034.55,344.85,68.97,34.48,55.18,137.94,0.0,0.0,0.0,2026-01-05T10:00:00+00:00,demo
ORD-100991,Delivered,14.06.2025,Sale to individual,437.4,1800.0,1362.6,1800.0,Transferred,270.0,90.0,18.0,9.0,14.4,36.0,0.0,0.0,0.0,2026-01-05T10:00:00+00:00,demo
ORD-100992,Full return accepted at warehouse,14.06.2025,Sale to individual,1939.14,7980.0,6040.86,7980.0,Transferred,1197.0,399.0,79.8,39.9,63.84,159.6,0.0,0.0,0.0,2026-01-05T10:00:00+00:00,demo
ORD-100993,Delivered,14.06.2025,Sale to individual,4236.82,17435.5,13198.68,17435.5,Transferred,2615.32,871.78,174.35,87.18,139.48,348.71,0.0,0.0,0.0,2026-01-05T10:00:00+00:00,demo
ORD-100994,Delivered,14.06.2025,Sale to individual,1312.2,5400.0,4087.8,5400.0,Transferred,810.0,270.0,54.0,27.0,43.2,108.0,0.0,0.0,0.0,2026-01-05T10:00:00+00:00,demo
ORD-100995,Delivered,14.06.2025,Sale to individual,4671.67,19225.0,14553.33,19225.0,Transferred,2883.75,961.25,192.25,96.12,153.8,384.5,0.0,0.0,0.0,2026-01-05T10:00:00+00:00,demo
ORD-100996,Delivered,15.06.2025,Sale to individual,575.91,2370.0,1794.09,2370.0,Transferred,355.5,118.5,23.7,11.85,18.96,47.4,0.0,0.0,0.0,2026-01-05T10:00:00+00:00,demo
ORD-100997,Delivered,15.06.2025,Sale to individual,1573.43,6475.0,4901.57,6475.0,Transferred,971.25,323.75,64.75,32.38,51.8,129.5,0.0,0.0,0.0,2026-01-05T10:00:00+00:00,demo
ORD-100998,Delivered,15.06.2025,Sale to individual,2598.16,10692.0,8093.84,10692.0,Transferred,1603.8,534.6,106.92,53.46,85.54,213.84,0.0,0.0,0.0,2026-01-05T10:00:00+00:00,demo
ORD-100999,Delivered,15.06.2025,Sale to individual,646.38,2660.0,2013.62,2660.0,Transferred,399.0,133.0,26.6,13.3,21.28,53.2,0.0,0.0,0.0,2026-01-05T10:00:00+00:00,demo
ORD-101000,Delivered,15.06.2025,Sale to individual,2148.12,8840.0,6691.88,8840.0,Transferred,1326.0,442.0,88.4,44.2,70.72,176.8,0.0,0.0,0.0,2026-01-05T10:00:00+00:00,demo
ORD-101001,Delivered,16.06.2025,Sale to individual,3699.56,15224.5,11524.94,15224.5,Transferred,2283.67,761.23,152.25,76.12,121.8,304.49,0.0,0.0,0.0,2026-01-05T10:00:00+00:00,demo
ORD-101002,Full return accepted at warehouse,16.06.2025,Sale to individual,371.79,1530.0,1158.21,1530.0,Transferred,229.5,76.5,15.3,7.65,12.24,30.6,0.0,0.0,0.0,2026-01-05T10:00:00+00:00,demo
ORD-101003,Delivered,16.06.2025,Sale to individual,505.55,2080.5,1574.95,2080.5,Transferred,312.07,104.03,20.8,10.4,16.64,41.61,0.0,0.0,0.0,2026-01-05T10:00:00+00:00,demo
ORD-101004,Delivered,16.06.2025,Sale to individual,2765.34,11380.0,8614.66,11380.0,Transferred,1707.0,569.0,113.8,56.9,91.04,227.6,0.0,0.0,0.0,2026-01-05T10:00:00+00:00,demo
ORD-101005,Delivered,16.06.2025,Sale to individual,1662.12,6840.0,5177.88,6840.0,Transferred,1026.0,342.0,68.4,34.2,54.72,136.8,0.0,0.0,0.0,2026-01-05T10:00:00+00:00,demo
ORD-101006,Delivered,16.06.2025,Sale to individual,1668.69,6867.0,5198.31,6867.0,Transferred,1030.05,343.35,68.67,34.34,54.94,137.34,0.0,0.0,0.0,2026-01-05T10:00:00+00:00,demo
ORD-101007,Full return accepted at warehouse,16.06.2025,Sale to individual,924.13,3803.0,2878.87,3803.0,Transferred,570.45,190.15,38.03,19.02,30.42,76.06,0.0,0.0,0.0,2026-01-05T10:00:00+00:00,demo
ORD-101008,Delivered,16.06.2025,Sale to individual,1784.11,7342.0,5557.89,7342.0,Transferred,1101.3,367.1,73.42,36.71,58.74,146.84,0.0,0.0,0.0,2026-01-05T10:00:00+00:00,demo
ORD-101009,Delivered,16.06.2025,Sale to individual,1064.34,4380.0,3315.66,4380.0,Transferred,657.0,219.0,43.8,21.9,35.04,87.6,0.0,0.0,0.0,2026-01-05T10:00:00+00:00,demo
ORD-101012,Delivered,17.06.2025,Sale to individual,1252.31,5153.5,3901.19,5153.5,Transferred,773.02,257.68,51.54,25.77,41.23,103.07,0.0,0.0,0.0,2026-01-05T10:00:00+00:00,demo
ORD-101013,Delivered,17.06.2025,Sale to individual,977.83,4024.0,3046.17,4024.0,Transferred,603.6,201.2,40.24,20.12,32.19,80.48,0.0,0.0,0.0,2026-01-05T10:00:00+00:00,demo
ORD-101014,Delivered,17.06.2025,Sale to individual,1082.21,4453.5,3371.29,4453.5,Transferred,668.02,222.68,44.54,22.27,35.63,89.07,0.0,0.0,0.0,2026-01-05T10:00:00+00:00,demo
ORD-101015,Delivered,17.06.2025,Sale to individual,680.4,2800.0,2119.6,2800.0,Transferred,420.0,140.0,28.0,14.0,22.4,56.0,0.0,0.0,0.0,2026-01-05T10:00:00+00:00,demo
ORD-101016,Delivered,17.06.2025,Sale to individual,1281.22,5272.5,3991.28,5272.5,Transferred,790.88,263.62,52.73,26.36,42.18,105.45,0.0,0.0,0.0,2026-01-05T10:00:00+00:00,demo
ORD-101017,Delivered,17.06.2025,Sale to individual,1390.07,5720.5,4330.43,5720.5,Transferred,858.07,286.03,57.2,28.6,45.76,114.41,0.0,0.0,0.0,2026-01-05T10:00:00+00:00,demo
ORD-101018,Delivered,17.06.2025,Sale to individual,1104.55,4545.5,3440.95,4545.5,Transferred,681.82,227.28,45.45,22.73,36.36,90.91,0.0,0.0,0.0,2026-01-05T10:00:00+00:00,demo
ORD-101019,Delivered,17.06.2025,Sale to individual,1001.77,4122.5,3120.73,4122.5,Transferred,618.38,206.12,41.23,20.61,32.98,82.45,0.0,0.0,0.0,2026-01-05T10:00:00+00:00,demo
ORD-101020,Delivered,18.06.2025,Sale to individual,702.27,2890.0,2187.73,2890.0,Transferred,433.5,144.5,28.9,14.45,23.12,57.8,0.0,0.0,0.0,2026-01-05T10:00:00+00:00,demo
ORD-101021,Delivered,18.06.2025,Sale to individual,2668.14,10980.0,8311.86,10980.0,Transferred,1647.0,549.0,109.8,54.9,87.84,219.6,0.0,0.0,0.0,2026-01-05T10:00:00+00:00,demo
ORD-101023,Delivered,18.06.2025,Sale to individual,2380.07,9794.5,7414.43,9794.5,Transferred,1469.17,489.73,97.95,48.97,78.36,195.89,0.0,0.0,0.0,2026-01-05T10:00:00+00:00,demo
ORD-101024,Delivered,18.06.2025,Sale to individual,646.38,2660.0,2013.62,2660.0,Transferred,399.0,133.0,26.6,13.3,21.28,53.2,0.0,0.0,0.0,2026-01-05T10:00:00+00:00,demo
ORD-101025,Delivered,18.06.2025,Sale to individual,1455.57,5990.0,4534.43,5990.0,Transferred,898.5,299.5,59.9,29.95,47.92,119.8,0.0,0.0,0.0,2026-01-05T10:00:00+00:00,demo
ORD-101026,Delivered,18.06.2025,Sale to individual,2186.27,8997.0,6810.73,8997.0,Transferred,1349.55,449.85,89.97,44.98,71.98,179.94,0.0,0.0,0.0,2026-01-05T10:00:00+00:00,demo
ORD-101027,Delivered,18.06.2025,Sale to individual,1555.2,6400.0,4844.8,6400.0,Transferred,960.0,320.0,64.0,32.0,51.2,128.0,0.0,0.0,0.0,2026-01-05T10:00:00+00:00,demo
ORD-101028,Full return accepted at warehouse,19.06.2025,Sale to individual,1319.74,5431.0,4111.26,5431.0,Transferred,814.65,271.55,54.31,27.16,43.45,108.62,0.0,0.0,0.0,2026-01-05T10:00:00+00:00,demo
ORD-101029,Delivered,19.06.2025,Sale to individual,1942.67,7994.5,6051.83,7994.5,Transferred,1199.17,399.73,79.95,39.97,63.96,159.89,0.0,0.0,0.0,2026-01-05T10:00:00+00:00,demo
ORD-101030,Delivered,19.06.2025,Sale to individual,906.76,3731.5,2824.74,3731.5,Transferred,559.73,186.58,37.31,18.66,29.85,74.63,0.0,0.0,0.0,2026-01-05T10:00:00+00:00,demo
ORD-101031,Full return accepted at warehouse,19.06.2025,Sale to individual,1635.39,6730.0,5094.61,6730.0,Transferred,1009.5,336.5,67.3,33.65,53.84,134.6,0.0,0.0,0.0,2026-01-05T10:00:00+00:00,demo
ORD-101033,Delivered,19.06.2025,Sale to individual,452.47,1862.0,1409.53,1862.0,Transferred,279.3,93.1,18.62,9.31,14.9,37.24,0.0,0.0,0.0,2026-01-05T10:00:00+00:00,demo
ORD-101034,Delivered,19.06.2025,Sale to individual,578.34,2380.0,1801.66,2380.0,Transferred,357.0,119.0,23.8,11.9,19.04,47.6,0.0,0.0,0.0,2026-01-05T10:00:00+00:00,demo
ORD-101035,Delivered,19.06.2025,Sale to individual,1553.63,6393.5,4839.87,6393.5,Transferred,959.02,319.68,63.94,31.97,51.15,127.87,0.0,0.0,0.0,2026-01-05T10:00:00+00:00,demo
ORD-101036,Delivered,20.06.2025,Sale to individual,512.73,2110.0,1597.27,2110.0,Transferred,316.5,105.5,21.1,10.55,16.88,42.2,0.0,0.0,0.0,2026-01-05T10:00:00+00:00,demo
ORD-101037,Delivered,20.06.2025,Sale to individual,549.42,2261.0,1711.58,2261.0,Transferred,339.15,113.05,22.61,11.3,18.09,45.22,0.0,0.0,0.0,2026-01-05T10:00:00+00:00,demo
ORD-101038,Delivered,20.06.2025,Sale to individual,396.09,1630.0,1233.91,1630.0,Transferred,244.5,81.5,16.3,8.15,13.04,32.6,0.0,0.0,0.0,2026-01-05T10:00:00+00:00,demo
ORD-101039,Delivered,20.06.2025,Sale to individual,260.26,1071.0,810.74,1071.0,Transferred,160.65,53.55,10.71,5.36,8.57,21.42,0.0,0.0,0.0,2026-01-05T10:00:00+00:00,demo
ORD-101040,Delivered,21.06.2025,Sale to individual,2283.11,9395.5,7112.39,9395.5,Transferred,1409.33,469.78,93.95,46.98,75.16,187.91,0.0,0.0,0.0,2026-01-05T10:00:00+00:00,demo
ORD-101041,Delivered,21.06.2025,Sale to individual,478.96,1971.0,1492.04,1971.0,Transferred,295.65,98.55,19.71,9.86,15.77,39.42,0.0,0.0,0.0,2026-01-05T10:00:00+00:00,demo
ORD-101042,Full return accepted at warehouse,21.06.2025,Sale to individual,1835.14,7552.0,5716.86,7552.0,Transferred,1132.8,377.6,75.52,37.76,60.42,151.04,0.0,0.0,0.0,2026-01-05T10:00:00+00:00,demo
ORD-101043,Delivered,21.06.2025,Sale to individual,1292.76,5320.0,4027.24,5320.0,Transferred,798.0,266.0,53.2,26.6,42.56,106.4,0.0,0.0,0.0,2026-01-05T10:00:00+00:00,demo
ORD-101044,Delivered,21.06.2025,Sale to individual,653.92,2691.0,2037.08,2691.0,Transferred,403.65,134.55,26.91,13.46,21.53,53.82,0.0,0.0,0.0,2026-01-05T10:00:00+00:00,demo
ORD-101046,Delivered,22.06.2025,Sale to individual,1860.89,7658.0,5797.11,7658.0,Transferred,1148.7,382.9,76.58,38.29,61.26,153.16,0.0,0.0,0.0,2026-01-05T10:00:00+00:00,demo
ORD-101047,Delivered,22.06.2025,Sale to individual,228.53,940.5,711.97,940.5,Transferred,141.07,47.03,9.4,4.7,7.52,18.81,0.0,0.0,0.0,2026-01-05T10:00:00+00:00,demo
ORD-101048,Delivered,22.06.2025,Sale to individual,1754.46,7220.0,5465.54,7220.0,Transferred,1083.0,361.0,72.2,36.1,57.76,144.4,0.0,0.0,0.0,2026-01-05T10:00:00+00:00,demo
ORD-101049,Delivered,22.06.2025,Sale to individual,2018.97,8308.5,6289.53,8308.5,Transferred,1246.27,415.43,83.09,41.54,66.47,166.17,0.0,0.0,0.0,2026-01-05T10:00:00+00:00,demo
ORD-101050,Delivered,22.06.2025,Sale to individual,1496.88,6160.0,4663.12,6160.0,Transferred,924.0,308.0,61.6,30.8,49.28,123.2,0.0,0.0,0.0,2026-01-05T10:00:00+00:00,demo
ORD-101051,Delivered,22.06.2025,Sale to individual,1292.76,5320.0,4027.24,5320.0,Transferred,798.0,266.0,53.2,26.6,42.56,106.4,0.0,0.0,0.0,2026-01-05T10:00:00+00:00,demo
ORD-101052,Delivered,23.06.2025,Sale to individual,717.34,2952.0,2234.66,2952.0,Transferred,442.8,147.6,29.52,14.76,23.62,59.04,0.0,0.0,0.0,2026-01-05T10:00:00+00:00,demo
ORD-101053,Delivered,23.06.2025,Sale to individual,2452.6,10093.0,7640.4,10093.0,Transferred,1513.95,504.65,100.93,50.47,80.74,201.86,0.0,0.0,0.0,2026-01-05T10:00:00+00:00,demo
ORD-101054,Delivered,23.06.2025,Sale to individual,505.55,2080.5,1574.95,2080.5,Transferred,312.07,104.03,20.8,10.4,16.64,41.61,0.0,0.0,0.0,2026-01-05T10:00:00+00:00,demo
ORD-101055,Delivered,23.06.2025,Sale to individual,1124.37,4627.0,3502.63,4627.0,Transferred,694.05,231.35,46.27,23.14,37.02,92.54,0.0,0.0,0.0,2026-01-05T10:00:00+00:00,demo
ORD-101056,Delivered,23.06.2025,Sale to individual,1325.32,5454.0,4128.68,5454.0,Transferred,818.1,272.7,54.54,27.27,43.63,109.08,0.0,0.0,0.0,2026-01-05T10:00:00+00:00,demo
ORD-101057,Delivered,24.06.2025,Sale to individual,726.57,2990.0,2263.43,2990.0,Transferred,448.5,149.5,29.9,14.95,23.92,59.8,0.0,0.0,0.0,2026-01-05T10:00:00+00:00,demo
ORD-101060,Delivered,24.06.2025,Sale to individual,371.79,1530.0,1158.21,1530.0,Transferred,229.5,76.5,15.3,7.65,12.24,30.6,0.0,0.0,0.0,2026-01-05T10:00:00+00:00,demo
ORD-101061,Delivered,24.06.2025,Sale to individual,2270.35,9343.0,7072.65,9343.0,Transferred,1401.45,467.15,93.43,46.72,74.74,186.86,0.0,0.0,0.0,2026-01-05T10:00:00+00:00,demo
ORD-101062,Delivered,24.06.2025,Sale to individual,2503.39,10302.0,7798.61,10302.0,Transferred,1545.3,515.1,103.02,51.51,82.42,206.04,0.0,0.0,0.0,2026-01-05T10:00:00+00:00,demo
ORD-101063,Delivered,25.06.2025,Sale to individual,863.03,3551.5,2688.47,3551.5,Transferred,532.73,177.58,35.52,17.76,28.41,71.03,0.0,0.0,0.0,2026-01-05T10:00:00+00:00,demo
ORD-101064,Delivered,25.06.2025,Sale to individual,2741.9,11283.5,8541.6,11283.5,Transferred,1692.52,564.18,112.84,56.42,90.27,225.67,0.0,0.0,0.0,2026-01-05T10:00:00+00:00,demo
ORD-101065,Full return accepted at warehouse,25.06.2025,Sale to individual,596.93,2456.5,1859.57,2456.5,Transferred,368.47,122.83,24.57,12.28,19.65,49.13,0.0,0.0,0.0,2026-01-05T10:00:00+00:00,demo
ORD-101066,Delivered,25.06.2025,Sale to individual,1117.56,4599.0,3481.44,4599.0,Transferred,689.85,229.95,45.99,23.0,36.79,91.98,0.0,0.0,0.0,2026-01-05T10:00:00+00:00,demo
ORD-101067,Delivered,25.06.2025,Sale to individual,489.53,2014.5,1524.97,2014.5,Transferred,302.18,100.73,20.14,10.07,16.12,40.29,0.0,0.0,0.0,2026-01-05T10:00:00+00:00,demo
ORD-101068,Delivered,25.06.2025,Sale to individual,962.66,3961.5,2998.84,3961.5,Transferred,594.23,198.08,39.62,19.81,31.69,79.23,0.0,0.0,0.0,2026-01-05T10:00:00+00:00,demo
ORD-101069,Delivered,25.06.2025,Sale to individual,1292.76,5320.0,4027.24,5320.0,Transferred,798.0,266.0,53.2,26.6,42.56,106.4,0.0,0.0,0.0,2026-01-05T10:00:00+00:00,demo
ORD-101070,Delivered,25.06.2025,Sale to individual,2770.31,11400.5,8630.19,11400.5,Transferred,1710.08,570.02,114.0,57.0,91.2,228.01,0.0,0.0,0.0,2026-01-05T10:00:00+00:00,demo
ORD-101071,Full return accepted at warehouse,25.06.2025,Sale to individual,2579.57,10615.5,8035.93,10615.5,Transferred,1592.33,530.77,106.16,53.08,84.92,212.31,0.0,0.0,0.0,2026-01-05T10:00:00+00:00,demo
ORD-101072,Delivered,26.06.2025,Sale to individual,646.38,2660.0,2013.62,2660.0,Transferred,399.0,133.0,26.6,13.3,21.28,53.2,0.0,0.0,0.0,2026-01-05T10:00:00+00:00,demo
ORD-101073,Delivered,26.06.2025,Sale to individual,2131.36,8771.0,6639.64,8771.0,Transferred,1315.65,438.55,87.71,43.86,70.17,175.42,0.0,0.0,0.0,2026-01-05T10:00:00+00:00,demo
ORD-101074,Delivered,26.06.2025,Sale to individual,646.38,2660.0,2013.62,2660.0,Transferred,399.0,133.0,26.6,13.3,21.28,53.2,0.0,0.0,0.0,2026-01-05T10:00:00+00:00,demo
ORD-101075,Delivered,26.06.2025,Sale to individual,347.0,1428.0,1081.0,1428.0,Transferred,214.2,71.4,14.28,7.14,11.42,28.56,0.0,0.0,0.0,2026-01-05T10:00:00+00:00,demo
ORD-101077,Full return accepted at warehouse,26.06.2025,Sale to individual,3176.38,13071.5,9895.12,13071.5,Transferred,1960.72,653.58,130.72,65.36,104.57,261.43,0.0,0.0,0.0,2026-01-05T10:00:00+00:00,demo
ORD-101078,Full return accepted at warehouse,26.06.2025,Sale to individual,1353.76,5571.0,4217.24,5571.0,Transferred,835.65,278.55,55.71,27.86,44.57,111.42,0.0,0.0,0.0,2026-01-05T10:00:00+00:00,demo
ORD-101079,Delivered,26.06.2025,Sale to individual,260.26,1071.0,810.74,1071.0,Transferred,160.65,53.55,10.71,5.36,8.57,21.42,0.0,0.0,0.0,2026-01-05T10:00:00+00:00,demo
ORD-101081,Delivered,26.06.2025,Sale to individual,1822.99,7502.0,5679.01,7502.0,Transferred,1125.3,375.1,75.02,37.51,60.02,150.04,0.0,0.0,0.0,2026-01-05T10:00:00+00:00,demo
ORD-101082,Delivered,27.06.2025,Sale to individual,972.0,4000.0,3028.0,4000.0,Transferred,600.0,200.0,40.0,20.0,32.0,80.0,0.0,0.0,0.0,2026-01-05T10:00:00+00:00,demo
ORD-101083,Delivered,27.06.2025,Sale to individual,646.38,2660.0,2013.62,2660.0,Transferred,399.0,133.0,26.6,13.3,21.28,53.2,0.0,0.0,0.0,2026-01-05T10:00:00+00:00,demo
ORD-101084,Full return accepted at warehouse,27.06.2025,Sale to individual,2149.95,8847.5,6697.55,8847.5,Transferred,1327.12,442.38,88.48,44.24,70.78,176.95,0.0,0.0,0.0,2026-01-05T10:00:00+00:00,demo
ORD-101085,Delivered,27.06.2025,Sale to individual,646.38,2660.0,2013.62,2660.0,Transferred,399.0,133.0,26.6,13.3,21.28,53.2,0.0,0.0,0.0,2026-01-05T10:00:00+00:00,demo
ORD-101086,Delivered,28.06.2025,Sale to individual,1222.29,5030.0,3807.71,5030.0,Transferred,754.5,251.5,50.3,25.15,40.24,100.6,0.0,0.0,0.0,2026-01-05T10:00:00+00:00,demo
ORD-101087,Delivered,28.06.2025,Sale to individual,957.42,3940.0,2982.58,3940.0,Transferred,591.0,197.0,39.4,19.7,31.52,78.8,0.0,0.0,0.0,2026-01-05T10:00:00+00:00,demo
ORD-101088,Delivered,28.06.2025,Sale to individual,2062.47,8487.5,6425.03,8487.5,Transferred,1273.12,424.38,84.88,42.44,67.9,169.75,0.0,0.0,0.0,2026-01-05T10:00:00+00:00,demo
ORD-101089,Delivered,28.06.2025,Sale to individual,443.96,1827.0,1383.04,1827.0,Transferred,274.05,91.35,18.27,9.13,14.62,36.54,0.0,0.0,0.0,2026-01-05T10:00:00+00:00,demo
ORD-101090,Delivered,28.06.2025,Sale to individual,1425.32,5865.5,4440.18,5865.5,Transferred,879.82,293.28,58.66,29.33,46.92,117.31,0.0,0.0,0.0,2026-01-05T10:00:00+00:00,demo
ORD-101091,Delivered,28.06.2025,Sale to individual,1703.19,7009.0,5305.81,7009.0,Transferred,1051.35,350.45,70.09,35.05,56.07,140.18,0.0,0.0,0.0,2026-01-05T10:00:00+00:00,demo
ORD-101092,Delivered,28.06.2025,Sale to individual,387.83,1596.0,1208.17,1596.0,Transferred,239.4,79.8,15.96,7.98,12.77,31.92,0.0,0.0,0.0,2026-01-05T10:00:00+00:00,demo
ORD-101093,Delivered,28.06.2025,Sale to individual,702.27,2890.0,2187.73,2890.0,Transferred,433.5,144.5,28.9,14.45,23.12,57.8,0.0,0.0,0.0,2026-01-05T10:00:00+00:00,demo
ORD-101094,Delivered,29.06.2025,Sale to individual,2052.14,8445.0,6392.86,8445.0,Transferred,1266.75,422.25,84.45,42.23,67.56,168.9,0.0,0.0,0.0,2026-01-05T10:00:00+00:00,demo
ORD-101095,Delivered,29.06.2025,Sale to individual,1791.4,7372.0,5580.6,7372.0,Transferred,1105.8,368.6,73.72,36.86,58.98,147.44,0.0,0.0,0.0,2026-01-05T10:00:00+00:00,demo
ORD-101097,Delivered,29.06.2025,Sale to individual,1472.58,6060.0,4587.42,6060.0,Transferred,909.0,303.0,60.6,30.3,48.48,121.2,0.0,0.0,0.0,2026-01-05T10:00:00+00:00,demo
ORD-101098,Delivered,29.06.2025,Sale to individual,3210.14,13210.5,10000.36,13210.5,Transferred,1981.57,660.53,132.1,66.05,105.68,264.21,0.0,0.0,0.0,2026-01-05T10:00:00+00:00,demo
ORD-101099,Delivered,29.06.2025,Sale to individual,581.74,2394.0,1812.26,2394.0,Transferred,359.1,119.7,23.94,11.97,19.15,47.88,0.0,0.0,0.0,2026-01-05T10:00:00+00:00,demo
ORD-101100,Delivered,30.06.2025,Sale to individual,1672.93,6884.5,5211.57,6884.5,Transferred,1032.67,344.23,68.84,34.42,55.08,137.69,0.0,0.0,0.0,2026-01-05T10:00:00+00:00,demo
ORD-101101,Full return accepted at warehouse,30.06.2025,Sale to individual,1292.76,5320.0,4027.24,5320.0,Transferred,798.0,266.0,53.2,26.6,42.56,106.4,0.0,0.0,0.0,2026-01-05T10:00:00+00:00,demo
ORD-101102,Delivered,30.06.2025,Sale to individual,1178.55,4850.0,3671.45,4850.0,Transferred,727.5,242.5,48.5,24.25,38.8,97.0,0.0,0.0,0.0,2026-01-05T10:00:00+00:00,demo
ORD-101103,Delivered,30.06.2025,Sale to individual,408.24,1680.0,1271.76,1680.0,Transferred,252.0,84.0,16.8,8.4,13.44,33.6,0.0,0.0,0.0,2026-01-05T10:00:00+00:00,demo
ORD-101104,Delivered,30.06.2025,Sale to individual,1551.2,6383.5,4832.3,6383.5,Transferred,957.52,319.18,63.84,31.92,51.07,127.67,0.0,0.0,0.0,2026-01-05T10:00:00+00:00,demo
ORD-101105,Delivered,30.06.2025,Sale to individual,2910.9,11979.0,9068.1,11979.0,Transferred,1796.85,598.95,119.79,59.9,95.83,239.58,0.0,0.0,0.0,2026-01-05T10:00:00+00:00,demo
ORD-101106,Delivered,30.06.2025,Sale to individual,2523.56,10385.0,7861.44,10385.0,Transferred,1557.75,519.25,103.85,51.93,83.08,207.7,0.0,0.0,0.0,2026-01-05T10:00:00+00:00,demo
ORD-101107,Delivered,30.06.2025,Sale to individual,371.79,1530.0,1158.21,1530.0,Transferred,229.5,76.5,15.3,7.65,12.24,30.6,0.0,0.0,0.0,2026-01-05T10:00:00+00:00,demo
ORD-101108,Delivered,30.06.2025,Sale to individual,1442.57,5936.5,4493.93,5936.5,Transferred,890.48,296.82,59.37,29.68,47.49,118.73,0.0,0.0,0.0,2026-01-05T10:00:00+00:00,demo
ORD-101109,Delivered,01.07.2025,Sale to individual,1635.39,6730.0,5094.61,6730.0,Transferred,1009.5,336.5,67.3,33.65,53.84,134.6,0.0,0.0,0.0,2026-01-05T10:00:00+00:00,demo
ORD-101110,Delivered,01.07.2025,Sale to individual,478.96,1971.0,1492.04,1971.0,Transferred,295.65,98.55,19.71,9.86,15.77,39.42,0.0,0.0,0.0,2026-01-05T10:00:00+00:00,demo
ORD-101111,Delivered,01.07.2025,Sale to individual,1125.34,4631.0,3505.66,4631.0,Transferred,694.65,231.55,46.31,23.16,37.05,92.62,0.0,0.0,0.0,2026-01-05T10:00:00+00:00,demo
ORD-101112,Delivered,01.07.2025,Sale to individual,743.58,3060.0,2316.42,3060.0,Transferred,459.0,153.0,30.6,15.3,24.48,61.2,0.0,0.0,0.0,2026-01-05T10:00:00+00:00,demo
ORD-101113,Full return accepted at warehouse,01.07.2025,Sale to individual,244.94,1008.0,763.06,1008.0,Transferred,151.2,50.4,10.08,5.04,8.06,20.16,0.0,0.0,0.0,2026-01-05T10:00:00+00:00,demo
ORD-101114,Delivered,02.07.2025,Sale to individual,748.44,3080.0,2331.56,3080.0,Transferred,462.0,154.0,30.8,15.4,24.64,61.6,0.0,0.0,0.0,2026-01-05T10:00:00+00:00,demo
ORD-101115,Delivered,02.07.2025,Sale to individual,763.51,3142.0,2378.49,3142.0,Transferred,471.3,157.1,31.42,15.71,25.14,62.84,0.0,0.0,0.0,2026-01-05T10:00:00+00:00,demo
ORD-101116,Delivered,03.07.2025,Sale to individual,2856.96,11757.0,8900.04,11757.0,Transferred,1763.55,587.85,117.57,58.79,94.06,235.14,0.0,0.0,0.0,2026-01-05T10:00:00+00:00,demo
ORD-101117,Delivered,03.07.2025,Sale to individual,240.57,990.0,749.43,990.0,Transferred,148.5,49.5,9.9,4.95,7.92,19.8,0.0,0.0,0.0,2026-01-05T10:00:00+00:00,demo
ORD-101118,Delivered,03.07.2025,Sale to individual,1398.96,5757.0,4358.04,5757.0,Transferred,863.55,287.85,57.57,28.79,46.06,115.14,0.0,0.0,0.0,2026-01-05T10:00:00+00:00,demo
ORD-101119,Delivered,03.07.2025,Sale to individual,1178.55,4850.0,3671.45,4850.0,Transferred,727.5,242.5,48.5,24.25,38.8,97.0,0.0,0.0,0.0,2026-01-05T10:00:00+00:00,demo
ORD-101120,Delivered,03.07.2025,Sale to individual,1839.88,7571.5,5731.62,7571.5,Transferred,1135.72,378.58,75.72,37.86,60.57,151.43,0.0,0.0,0.0,2026-01-05T10:00:00+00:00,demo
ORD-101121,Delivered,03.07.2025,Sale to individual,578.34,2380.0,1801.66,2380.0,Transferred,357.0,119.0,23.8,11.9,19.04,47.6,0.0,0.0,0.0,2026-01-05T10:00:00+00:00,demo
ORD-101122,Delivered,03.07.2025,Sale to individual,512.73,2110.0,1597.27,2110.0,Transferred,316.5,105.5,21.1,10.55,16.88,42.2,0.0,0.0,0.0,2026-01-05T10:00:00+00:00,demo
ORD-101123,Delivered,04.07.2025,Sale to individual,487.11,2004.5,1517.39,2004.5,Transferred,300.68,100.23,20.05,10.02,16.04,40.09,0.0,0.0,0.0,2026-01-05T10:00:00+00:00,demo
ORD-101125,Full return accepted at warehouse,04.07.2025,Sale to individual,2429.27,9997.0,7567.73,9997.0,Transferred,1499.55,499.85,99.97,49.98,79.98,199.94,0.0,0.0,0.0,2026-01-05T10:00:00+00:00,demo
ORD-101126,Delivered,04.07.2025,Sale to individual,1206.99,4967.0,3760.01,4967.0,Transferred,745.05,248.35,49.67,24.84,39.74,99.34,0.0,0.0,0.0,2026-01-05T10:00:00+00:00,demo
ORD-101127,Delivered,04.07.2025,Sale to individual,1598.94,6580.0,4981.06,6580.0,Transferred,987.0,329.0,65.8,32.9,52.64,131.6,0.0,0.0,0.0,2026-01-05T10:00:00+00:00,demo
ORD-101128,Delivered,04.07.2025,Sale to individual,593.28,2441.5,1848.22,2441.5,Transferred,366.22,122.08,24.41,12.21,19.53,48.83,0.0,0.0,0.0,2026-01-05T10:00:00+00:00,demo
ORD-101129,Delivered,04.07.2025,Sale to individual,920.97,3790.0,2869.03,3790.0,Transferred,568.5,189.5,37.9,18.95,30.32,75.8,0.0,0.0,0.0,2026-01-05T10:00:00+00:00,demo
ORD-101130,Delivered,05.07.2025,Sale to individual,1505.27,6194.5,4689.23,6194.5,Transferred,929.17,309.73,61.95,30.97,49.56,123.89,0.0,0.0,0.0,2026-01-05T10:00:00+00:00,demo
ORD-101131,Delivered,05.07.2025,Sale to individual,3613.16,14869.0,11255.84,14869.0,Transferred,2230.35,743.45,148.69,74.34,118.95,297.38,0.0,0.0,0.0,2026-01-05T10:00:00+00:00,demo
ORD-101132,Delivered,05.07.2025,Sale to individual,532.17,2190.0,1657.83,2190.0,Transferred,328.5,109.5,21.9,10.95,17.52,43.8,0.0,0.0,0.0,2026-01-05T10:00:00+00:00,demo
ORD-101133,Delivered,05.07.2025,Sale to individual,632.05,2601.0,1968.95,2601.0,Transferred,390.15,130.05,26.01,13.01,20.81,52.02,0.0,0.0,0.0,2026-01-05T10:00:00+00:00,demo
ORD-101134,Delivered,06.07.2025,Sale to individual,461.46,1899.0,1437.54,1899.0,Transferred,284.85,94.95,18.99,9.5,15.19,37.98,0.0,0.0,0.0,2026-01-05T10:00:00+00:00,demo
ORD-101136,Delivered,06.07.2025,Sale to individual,4053.85,16682.5,12628.65,16682.5,Transferred,2502.38,834.12,166.83,83.41,133.46,333.65,0.0,0.0,0.0,2026-01-05T10:00:00+00:00,demo
ORD-101137,Delivered,06.07.2025,Sale to individual,1591.65,6550.0,4958.35,6550.0,Transferred,982.5,327.5,65.5,32.75,52.4,131.0,0.0,0.0,0.0,2026-01-05T10:00:00+00:00,demo
ORD-101138,Delivered,06.07.2025,Sale to individual,4451.76,18320.0,13868.24,18320.0,Transferred,2748.0,916.0,183.2,91.6,146.56,366.4,0.0,0.0,0.0,2026-01-05T10:00:00+00:00,demo
ORD-101139,Delivered,06.07.2025,Sale to individual,1778.51,7319.0,5540.49,7319.0,Transferred,1097.85,365.95,73.19,36.59,58.55,146.38,0.0,0.0,0.0,2026-01-05T10:00:00+00:00,demo
ORD-101140,Delivered,07.07.2025,Sale to individual,2121.39,8730.0,6608.61,8730.0,Transferred,1309.5,436.5,87.3,43.65,69.84,174.6,0.0,0.0,0.0,2026-01-05T10:00:00+00:00,demo
ORD-101141,Delivered,07.07.2025,Sale to individual,3676.59,15130.0,11453.41,15130.0,Transferred,2269.5,756.5,151.3,75.65,121.04,302.6,0.0,0.0,0.0,2026-01-05T10:00:00+00:00,demo
ORD-101142,Delivered,07.07.2025,Sale to individual,415.53,1710.0,1294.47,1710.0,Transferred,256.5,85.5,17.1,8.55,13.68,34.2,0.0,0.0,0.0,2026-01-05T10:00:00+00:00,demo
ORD-101143,Delivered,07.07.2025,Sale to individual,646.38,2660.0,2013.62,2660.0,Transferred,399.0,133.0,26.6,13.3,21.28,53.2,0.0,0.0,0.0,2026-01-05T10:00:00+00:00,demo
ORD-101144,Full return accepted at warehouse,07.07.2025,Sale to individual,1601.74,6591.5,4989.76,6591.5,Transferred,988.72,329.58,65.92,32.96,52.73,131.83,0.0,0.0,0.0,2026-01-05T10:00:00+00:00,demo
ORD-101145,Delivered,07.07.2025,Sale to individual,924.5,3804.5,2880.0,3804.5,Transferred,570.67,190.23,38.05,19.02,30.44,76.09,0.0,0.0,0.0,2026-01-05T10:00:00+00:00,demo
ORD-101146,Delivered,08.07.2025,Sale to individual,2168.29,8923.0,6754.71,8923.0,Transferred,1338.45,446.15,89.23,44.62,71.38,178.46,0.0,0.0,0.0,2026-01-05T10:00:00+00:00,demo
ORD-101148,Delivered,08.07.2025,Sale to individual,646.38,2660.0,2013.62,2660.0,Transferred,399.0,133.0,26.6,13.3,21.28,53.2,0.0,0.0,0.0,2026-01-05T10:00:00+00:00,demo
ORD-101149,Delivered,08.07.2025,Sale to individual,1224.72,5040.0,3815.28,5040.0,Transferred,756.0,252.0,50.4,25.2,40.32,100.8,0.0,0.0,0.0,2026-01-05T10:00:00+00:00,demo
ORD-101150,Delivered,08.07.2025,Sale to individual,2048.0,8428.0,6380.0,8428.0,Transferred,1264.2,421.4,84.28,42.14,67.42,168.56,0.0,0.0,0.0,2026-01-05T10:00:00+00:00,demo
ORD-101151,Delivered,08.07.2025,Sale to individual,1020.36,4199.0,3178.64,4199.0,Transferred,629.85,209.95,41.99,21.0,33.59,83.98,0.0,0.0,0.0,2026-01-05T10:00:00+00:00,demo
ORD-101152,Delivered,08.07.2025,Sale to individual,1382.18,5688.0,4305.82,5688.0,Transferred,853.2,284.4,56.88,28.44,45.5,113.76,0.0,0.0,0.0,2026-01-05T10:00:00+00:00,demo
ORD-101153,Delivered,09.07.2025,Sale to individual,2649.91,10905.0,8255.09,10905.0,Transferred,1635.75,545.25,109.05,54.52,87.24,218.1,0.0,0.0,0.0,2026-01-05T10:00:00+00:00,demo
ORD-101154,Delivered,09.07.2025,Sale to individual,1226.91,5049.0,3822.09,5049.0,Transferred,757.35,252.45,50.49,25.25,40.39,100.98,0.0,0.0,0.0,2026-01-05T10:00:00+00:00,demo
ORD-101155,Full return accepted at warehouse,09.07.2025,Sale to individual,668.36,2750.5,2082.14,2750.5,Transferred,412.57,137.53,27.5,13.75,22.0,55.01,0.0,0.0,0.0,2026-01-05T10:00:00+00:00,demo
ORD-101156,Delivered,09.07.2025,Sale to individual,408.24,1680.0,1271.76,1680.0,Transferred,252.0,84.0,16.8,8.4,13.44,33.6,0.0,0.0,0.0,2026-01-05T10:00:00+00:00,demo
ORD-101157,Delivered,09.07.2025,Sale to individual,803.0,3304.5,2501.5,3304.5,Transferred,495.67,165.23,33.05,16.52,26.44,66.09,0.0,0.0,0.0,2026-01-05T10:00:00+00:00,demo
ORD-101158,Delivered,09.07.2025,Sale to individual,505.55,2080.5,1574.95,2080.5,Transferred,312.07,104.03,20.8,10.4,16.64,41.61,0.0,0.0,0.0,2026-01-05T10:00:00+00:00,demo
ORD-101159,Delivered,09.07.2025,Sale to individual,1326.78,5460.0,4133.22,5460.0,Transferred,819.0,273.0,54.6,27.3,43.68,109.2,0.0,0.0,0.0,2026-01-05T10:00:00+00:00,demo
ORD-101160,Delivered,09.07.2025,Sale to individual,575.91,2370.0,1794.09,2370.0,Transferred,355.5,118.5,23.7,11.85,18.96,47.4,0.0,0.0,0.0,2026-01-05T10:00:00+00:00,demo
ORD-101161,Delivered,10.07.2025,Sale to individual,1098.74,4521.5,3422.76,4521.5,Transferred,678.23,226.08,45.22,22.61,36.17,90.43,0.0,0.0,0.0,2026-01-05T10:00:00+00:00,demo
ORD-101162,Delivered,10.07.2025,Sale to individual,578.34,2380.0,1801.66,2380.0,Transferred,357.0,119.0,23.8,11.9,19.04,47.6,0.0,0.0,0.0,2026-01-05T10:00:00+00:00,demo
ORD-101163,Delivered,10.07.2025,Sale to individual,1603.8,6600.0,4996.2,6600.0,Transferred,990.0,330.0,66.0,33.0,52.8,132.0,0.0,0.0,0.0,2026-01-05T10:00:00+00:00,demo
ORD-101164,Delivered,10.07.2025,Sale to individual,289.17,1190.0,900.83,1190.0,Transferred,178.5,59.5,11.9,5.95,9.52,23.8,0.0,0.0,0.0,2026-01-05T10:00:00+00:00,demo
ORD-101165,Delivered,10.07.2025,Sale to individual,1725.55,7101.0,5375.45,7101.0,Transferred,1065.15,355.05,71.01,35.51,56.81,142.02,0.0,0.0,0.0,2026-01-05T10:00:00+00:00,demo
ORD-101167,Delivered,11.07.2025,Sale to individual,1562.0,6428.0,4866.0,6428.0,Transferred,964.2,321.4,64.28,32.14,51.42,128.56,0.0,0.0,0.0,2026-01-05T10:00:00+00:00,demo
ORD-101168,Delivered,11.07.2025,Sale to individual,2904.58,11953.0,9048.42,11953.0,Transferred,1792.95,597.65,119.53,59.77,95.62,239.06,0.0,0.0,0.0,2026-01-05T10:00:00+00:00,demo
ORD-101169,Full return accepted at warehouse,11.07.2025,Sale to individual,834.1,3432.5,2598.4,3432.5,Transferred,514.88,171.62,34.33,17.16,27.46,68.65,0.0,0.0,0.0,2026-01-05T10:00:00+00:00,demo
ORD-101170,Delivered,11.07.2025,Sale to individual,1102.98,4539.0,3436.02,4539.0,Transferred,680.85,226.95,45.39,22.7,36.31,90.78,0.0,0.0,0.0,2026-01-05T10:00:00+00:00,demo
ORD-101173,Delivered,11.07.2025,Sale to individual,289.17,1190.0,900.83,1190.0,Transferred,178.5,59.5,11.9,5.95,9.52,23.8,0.0,0.0,0.0,2026-01-05T10:00:00+00:00,demo
ORD-101174,Delivered,12.07.2025,Sale to individual,3540.26,14569.0,11028.74,14569.0,Transferred,2185.35,728.45,145.69,72.84,116.55,291.38,0.0,0.0,0.0,2026-01-05T10:00:00+00:00,demo
ORD-101175,Delivered,12.07.2025,Sale to individual,396.09,1630.0,1233.91,1630.0,Transferred,244.5,81.5,16.3,8.15,13.04,32.6,0.0,0.0,0.0,2026-01-05T10:00:00+00:00,demo
ORD-101176,Delivered,12.07.2025,Sale to individual,1499.31,6170.0,4670.69,6170.0,Transferred,925.5,308.5,61.7,30.85,49.36,123.4,0.0,0.0,0.0,2026-01-05T10:00:00+00:00,demo
ORD-101177,Delivered,12.07.2025,Sale to individual,1032.99,4251.0,3218.01,4251.0,Transferred,637.65,212.55,42.51,21.25,34.01,85.02,0.0,0.0,0.0,2026-01-05T10:00:00+00:00,demo
ORD-101178,Delivered,12.07.2025,Sale to individual,855.11,3519.0,2663.89,3519.0,Transferred,527.85,175.95,35.19,17.59,28.15,70.38,0.0,0.0,0.0,2026-01-05T10:00:00+00:00,demo
ORD-101179,Delivered,13.07.2025,Sale to individual,1210.14,4980.0,3769.86,4980.0,Transferred,747.0,249.0,49.8,24.9,39.84,99.6,0.0,0.0,0.0,2026-01-05T10:00:00+00:00,demo
ORD-101180,Delivered,13.07.2025,Sale to individual,955.1,3930.5,2975.4,3930.5,Transferred,589.57,196.53,39.3,19.65,31.44,78.61,0.0,0.0,0.0,2026-01-05T10:00:00+00:00,demo
ORD-101181,Delivered,13.07.2025,Sale to individual,1178.55,4850.0,3671.45,4850.0,Transferred,727.5,242.5,48.5,24.25,38.8,97.0,0.0,0.0,0.0,2026-01-05T10:00:00+00:00,demo
ORD-101182,Delivered,13.07.2025,Sale to individual,1665.65,6854.5,5188.85,6854.5,Transferred,1028.17,342.73,68.55,34.27,54.84,137.09,0.0,0.0,0.0,2026-01-05T10:00:00+00:00,demo
ORD-101183,Delivered,13.07.2025,Sale to individual,971.51,3998.0,3026.49,3998.0,Transferred,599.7,199.9,39.98,19.99,31.98,79.96,0.0,0.0,0.0,2026-01-05T10:00:00+00:00,demo
ORD-101184,Delivered,14.07.2025,Sale to individual,1319.0,5428.0,4109.0,5428.0,Transferred,814.2,271.4,54.28,27.14,43.42,108.56,0.0,0.0,0.0,2026-01-05T10:00:00+00:00,demo
ORD-101185,Delivered,14.07.2025,Sale to individual,1292.76,5320.0,4027.24,5320.0,Transferred,798.0,266.0,53.2,26.6,42.56,106.4,0.0,0.0,0.0,2026-01-05T10:00:00+00:00,demo
ORD-101186,Delivered,14.07.2025,Sale to individual,1193.86,4913.0,3719.14,4913.0,Transferred,736.95,245.65,49.13,24.57,39.3,98.26,0.0,0.0,0.0,2026-01-05T10:00:00+00:00,demo
ORD-101187,Delivered,14.07.2025,Sale to individual,520.51,2142.0,1621.49,2142.0,Transferred,321.3,107.1,21.42,10.71,17.14,42.84,0.0,0.0,0.0,2026-01-05T10:00:00+00:00,demo
ORD-101188,Delivered,14.07.2025,Sale to individual,578.34,2380.0,1801.66,2380.0,Transferred,357.0,119.0,23.8,11.9,19.04,47.6,0.0,0.0,0.0,2026-01-05T10:00:00+00:00,demo
ORD-101189,Delivered,14.07.2025,Sale to individual,1292.51,5319.0,4026.49,5319.0,Transferred,797.85,265.95,53.19,26.59,42.55,106.38,0.0,0.0,0.0,2026-01-05T10:00:00+00:00,demo
ORD-101190,Delivered,14.07.2025,Sale to individual,912.96,3757.0,2844.04,3757.0,Transferred,563.55,187.85,37.57,18.79,30.06,75.14,0.0,0.0,0.0,2026-01-05T10:00:00+00:00,demo
ORD-101191,Delivered,14.07.2025,Sale to individual,2335.23,9610.0,7274.77,9610.0,Transferred,1441.5,480.5,96.1,48.05,76.88,192.2,0.0,0.0,0.0,2026-01-05T10:00:00+00:00,demo
ORD-101192,Delivered,14.07.2025,Sale to individual,3282.69,13509.0,10226.31,13509.0,Transferred,2026.35,675.45,135.09,67.55,108.07,270.18,0.0,0.0,0.0,2026-01-05T10:00:00+00:00,demo
ORD-101193,Delivered,14.07.2025,Sale to individual,1514.0,6230.5,4716.5,6230.5,Transferred,934.57,311.53,62.3,31.15,49.84,124.61,0.0,0.0,0.0,2026-01-05T10:00:00+00:00,demo
ORD-101194,Delivered,15.07.2025,Sale to individual,881.84,3629.0,2747.16,3629.0,Transferred,544.35,181.45,36.29,18.14,29.03,72.58,0.0,0.0,0.0,2026-01-05T10:00:00+00:00,demo
ORD-101195,Delivered,15.07.2025,Sale to individual,1240.76,5106.0,3865.24,5106.0,Transferred,765.9,255.3,51.06,25.53,40.85,102.12,0.0,0.0,0.0,2026-01-05T10:00:00+00:00,demo
ORD-101196,Delivered,15.07.2025,Sale to individual,1163.48,4788.0,3624.52,4788.0,Transferred,718.2,239.4,47.88,23.94,38.3,95.76,0.0,0.0,0.0,2026-01-05T10:00:00+00:00,demo
ORD-101197,Delivered,15.07.2025,Sale to individual,272.16,1120.0,847.84,1120.0,Transferred,168.0,56.0,11.2,5.6,8.96,22.4,0.0,0.0,0.0,2026-01-05T10:00:00+00:00,demo
ORD-101198,Delivered,15.07.2025,Sale to individual,450.16,1852.5,1402.34,1852.5,Transferred,277.88,92.62,18.53,9.26,14.82,37.05,0.0,0.0,0.0,2026-01-05T10:00:00+00:00,demo
ORD-101199,Delivered,15.07.2025,Sale to individual,2945.16,12120.0,9174.84,12120.0,Transferred,1818.0,606.0,121.2,60.6,96.96,242.4,0.0,0.0,0.0,2026-01-05T10:00:00+00:00,demo
ORD-101200,Delivered,16.07.2025,Sale to individual,1980.7,8151.0,6170.3,8151.0,Transferred,1222.65,407.55,81.51,40.76,65.21,163.02,0.0,0.0,0.0,2026-01-05T10:00:00+00:00,demo
ORD-101201,Delivered,16.07.2025,Sale to individual,2859.26,11766.5,8907.24,11766.5,Transferred,1764.97,588.33,117.67,58.83,94.13,235.33,0.0,0.0,0.0,2026-01-05T10:00:00+00:00,demo
ORD-101202,Delivered,16.07.2025,Sale to individual,3249.16,13371.0,10121.84,13371.0,Transferred,2005.65,668.55,133.71,66.86,106.97,267.42,0.0,0.0,0.0,2026-01-05T10:00:00+00:00,demo
ORD-101203,Delivered,16.07.2025,Sale to individual,2816.37,11590.0,8773.63,11590.0,Transferred,1738.5,579.5,115.9,57.95,92.72,231.8,0.0,0.0,0.0,2026-01-05T10:00:00+00:00,demo
ORD-101204,Delivered,16.07.2025,Sale to individual,415.53,1710.0,1294.47,1710.0,Transferred,256.5,85.5,17.1,8.55,13.68,34.2,0.0,0.0,0.0,2026-01-05T10:00:00+00:00,demo
ORD-101205,Delivered,16.07.2025,Sale to individual,1319.49,5430.0,4110.51,5430.0,Transferred,814.5,271.5,54.3,27.15,43.44,108.6,0.0,0.0,0.0,2026-01-05T10:00:00+00:00,demo
ORD-101207,Delivered,16.07.2025,Sale to individual,493.29,2030.0,1536.71,2030.0,Transferred,304.5,101.5,20.3,10.15,16.24,40.6,0.0,0.0,0.0,2026-01-05T10:00:00+00:00,demo
ORD-101208,Delivered,17.07.2025,Sale to individual,596.93,2456.5,1859.57,2456.5,Transferred,368.47,122.83,24.57,12.28,19.65,49.13,0.0,0.0,0.0,2026-01-05T10:00:00+00:00,demo
ORD-101209,Delivered,17.07.2025,Sale to individual,1149.03,4728.5,3579.47,4728.5,Transferred,709.27,236.43,47.29,23.64,37.83,94.57,0.0,0.0,0.0,2026-01-05T10:00:00+00:00,demo
ORD-101210,Delivered,17.07.2025,Sale to individual,926.93,3814.5,2887.57,3814.5,Transferred,572.17,190.73,38.15,19.07,30.52,76.29,0.0,0.0,0.0,2026-01-05T10:00:00+00:00,demo
ORD-101211,Delivered,17.07.2025,Sale to individual,1639.76,6748.0,5108.24,6748.0,Transferred,1012.2,337.4,67.48,33.74,53.98,134.96,0.0,0.0,0.0,2026-01-05T10:00:00+00:00,demo
ORD-101212,Delivered,17.07.2025,Sale to individual,3163.86,13020.0,9856.14,13020.0,Transferred,1953.0,651.0,130.2,65.1,104.16,260.4,0.0,0.0,0.0,2026-01-05T10:00:00+00:00,demo
ORD-101213,Delivered,17.07.2025,Sale to individual,1224.72,5040.0,3815.28,5040.0,Transferred,756.0,252.0,50.4,25.2,40.32,100.8,0.0,0.0,0.0,2026-01-05T10:00:00+00:00,demo
ORD-101214,Delivered,18.07.2025,Sale to individual,1396.28,5746.0,4349.72,5746.0,Transferred,861.9,287.3,57.46,28.73,45.97,114.92,0.0,0.0,0.0,2026-01-05T10:00:00+00:00,demo
ORD-101215,Delivered,18.07.2025,Sale to individual,790.72,3254.0,2463.28,3254.0,Transferred,488.1,162.7,32.54,16.27,26.03,65.08,0.0,0.0,0.0,2026-01-05T10:00:00+00:00,demo
ORD-101216,Delivered,18.07.2025,Sale to individual,1076.74,4431.0,3354.26,4431.0,Transferred,664.65,221.55,44.31,22.16,35.45,88.62,0.0,0.0,0.0,2026-01-05T10:00:00+00:00,demo
ORD-101217,Delivered,18.07.2025,Sale to individual,371.79,1530.0,1158.21,1530.0,Transferred,229.5,76.5,15.3,7.65,12.24,30.6,0.0,0.0,0.0,2026-01-05T10:00:00+00:00,demo
ORD-101218,Delivered,18.07.2025,Sale to individual,689.76,2838.5,2148.74,2838.5,Transferred,425.77,141.93,28.39,14.19,22.71,56.77,0.0,0.0,0.0,2026-01-05T10:00:00+00:00,demo
ORD-101220,Delivered,19.07.2025,Sale to individual,1467.48,6039.0,4571.52,6039.0,Transferred,905.85,301.95,60.39,30.2,48.31,120.78,0.0,0.0,0.0,2026-01-05T10:00:00+00:00,demo
ORD-101221,Delivered,19.07.2025,Sale to individual,646.38,2660.0,2013.62,2660.0,Transferred,399.0,133.0,26.6,13.3,21.28,53.2,0.0,0.0,0.0,2026-01-05T10:00:00+00:00,demo
ORD-101222,Full return accepted at warehouse,19.07.2025,Sale to individual,1390.07,5720.5,4330.43,5720.5,Transferred,858.07,286.03,57.2,28.6,45.76,114.41,0.0,0.0,0.0,2026-01-05T10:00:00+00:00,demo
ORD-101223,Delivered,19.07.2025,Sale to individual,646.38,2660.0,2013.62,2660.0,Transferred,399.0,133.0,26.6,13.3,21.28,53.2,0.0,0.0,0.0,2026-01-05T10:00:00+00:00,demo
ORD-101224,Delivered,19.07.2025,Sale to individual,2949.3,12137.0,9187.7,12137.0,Transferred,1820.55,606.85,121.37,60.69,97.1,242.74,0.0,0.0,0.0,2026-01-05T10:00:00+00:00,demo
ORD-101225,Delivered,19.07.2025,Sale to individual,1224.72,5040.0,3815.28,5040.0,Transferred,756.0,252.0,50.4,25.2,40.32,100.8,0.0,0.0,0.0,2026-01-05T10:00:00+00:00,demo
ORD-101226,Delivered,19.07.2025,Sale to individual,289.17,1190.0,900.83,1190.0,Transferred,178.5,59.5,11.9,5.95,9.52,23.8,0.0,0.0,0.0,2026-01-05T10:00:00+00:00,demo
ORD-101227,Delivered,19.07.2025,Sale to individual,258.55,1064.0,805.45,1064.0,Transferred,159.6,53.2,10.64,5.32,8.51,21.28,0.0,0.0,0.0,2026-01-05T10:00:00+00:00,demo
ORD-101229,Delivered,20.07.2025,Sale to individual,1060.82,4365.5,3304.68,4365.5,Transferred,654.82,218.28,43.66,21.83,34.92,87.31,0.0,0.0,0.0,2026-01-05T10:00:00+00:00,demo
ORD-101230,Full return accepted at warehouse,20.07.2025,Sale to individual,970.67,3994.5,3023.83,3994.5,Transferred,599.17,199.73,39.95,19.97,31.96,79.89,0.0,0.0,0.0,2026-01-05T10:00:00+00:00,demo
ORD-101231,Delivered,20.07.2025,Sale to individual,493.29,2030.0,1536.71,2030.0,Transferred,304.5,101.5,20.3,10.15,16.24,40.6,0.0,0.0,0.0,2026-01-05T10:00:00+00:00,demo
ORD-101232,Delivered,20.07.2025,Sale to individual,274.7,1130.5,855.8,1130.5,Transferred,169.57,56.53,11.3,5.65,9.04,22.61,0.0,0.0,0.0,2026-01-05T10:00:00+00:00,demo
ORD-101233,Full return accepted at warehouse,20.07.2025,Sale to individual,2911.14,11980.0,9068.86,11980.0,Transferred,1797.0,599.0,119.8,59.9,95.84,239.6,0.0,0.0,0.0,2026-01-05T10:00:00+00:00,demo
ORD-101234,Delivered,21.07.2025,Sale to individual,924.86,3806.0,2881.14,3806.0,Transferred,570.9,190.3,38.06,19.03,30.45,76.12,0.0,0.0,0.0,2026-01-05T10:00:00+00:00,demo
ORD-101235,Delivered,21.07.2025,Sale to individual,2700.82,11114.5,8413.68,11114.5,Transferred,1667.17,555.73,111.14,55.57,88.92,222.29,0.0,0.0,0.0,2026-01-05T10:00:00+00:00,demo
ORD-101236,Delivered,21.07.2025,Sale to individual,1292.76,5320.0,4027.24,5320.0,Transferred,798.0,266.0,53.2,26.6,42.56,106.4,0.0,0.0,0.0,2026-01-05T10:00:00+00:00,demo
ORD-101237,Delivered,21.07.2025,Sale to individual,1079.04,4440.5,3361.46,4440.5,Transferred,666.07,222.03,44.41,22.2,35.52,88.81,0.0,0.0,0.0,2026-01-05T10:00:00+00:00,demo
ORD-101238,Delivered,21.07.2025,Sale to individual,512.73,2110.0,1597.27,2110.0,Transferred,316.5,105.5,21.1,10.55,16.88,42.2,0.0,0.0,0.0,2026-01-05T10:00:00+00:00,demo
ORD-101240,Delivered,21.07.2025,Sale to individual,1472.58,6060.0,4587.42,6060.0,Transferred,909.0,303.0,60.6,30.3,48.48,121.2,0.0,0.0,0.0,2026-01-05T10:00:00+00:00,demo
ORD-101241,Delivered,22.07.2025,Sale to individual,1635.39,6730.0,5094.61,6730.0,Transferred,1009.5,336.5,67.3,33.65,53.84,134.6,0.0,0.0,0.0,2026-01-05T10:00:00+00:00,demo
ORD-101242,Delivered,22.07.2025,Sale to individual,332.42,1368.0,1035.58,1368.0,Transferred,205.2,68.4,13.68,6.84,10.94,27.36,0.0,0.0,0.0,2026-01-05T10:00:00+00:00,demo
ORD-101243,Delivered,22.07.2025,Sale to individual,1321.81,5439.5,4117.69,5439.5,Transferred,815.92,271.98,54.4,27.2,43.52,108.79,0.0,0.0,0.0,2026-01-05T10:00:00+00:00,demo
ORD-101245,Delivered,23.07.2025,Sale to individual,2667.17,10976.0,8308.83,10976.0,Transferred,1646.4,548.8,109.76,54.88,87.81,219.52,0.0,0.0,0.0,2026-01-05T10:00:00+00:00,demo
ORD-101246,Delivered,23.07.2025,Sale to individual,612.36,2520.0,1907.64,2520.0,Transferred,378.0,126.0,25.2,12.6,20.16,50.4,0.0,0.0,0.0,2026-01-05T10:00:00+00:00,demo
ORD-101247,Delivered,23.07.2025,Sale to individual,4233.31,17421.0,13187.69,17421.0,Transferred,2613.15,871.05,174.21,87.11,139.37,348.42,0.0,0.0,0.0,2026-01-05T10:00:00+00:00,demo
ORD-101249,Delivered,23.07.2025,Sale to individual,2152.26,8857.0,6704.74,8857.0,Transferred,1328.55,442.85,88.57,44.29,70.86,177.14,0.0,0.0,0.0,2026-01-05T10:00:00+00:00,demo
ORD-101250,Delivered,23.07.2025,Sale to individual,895.7,3686.0,2790.3,3686.0,Transferred,552.9,184.3,36.86,18.43,29.49,73.72,0.0,0.0,0.0,2026-01-05T10:00:00+00:00,demo
ORD-101251,Delivered,23.07.2025,Sale to individual,1178.55,4850.0,3671.45,4850.0,Transferred,727.5,242.5,48.5,24.25,38.8,97.0,0.0,0.0,0.0,2026-01-05T10:00:00+00:00,demo
ORD-101252,Delivered,23.07.2025,Sale to individual,3171.15,13050.0,9878.85,13050.0,Transferred,1957.5,652.5,130.5,65.25,104.4,261.0,0.0,0.0,0.0,2026-01-05T10:00:00+00:00,demo
ORD-101253,Delivered,24.07.2025,Sale to individual,624.51,2570.0,1945.49,2570.0,Transferred,385.5,128.5,25.7,12.85,20.56,51.4,0.0,0.0,0.0,2026-01-05T10:00:00+00:00,demo
ORD-101254,Delivered,24.07.2025,Sale to individual,2405.95,9901.0,7495.05,9901.0,Transferred,1485.15,495.05,99.01,49.51,79.21,198.02,0.0,0.0,0.0,2026-01-05T10:00:00+00:00,demo
ORD-101255,Delivered,24.07.2025,Sale to individual,2061.36,8483.0,6421.64,8483.0,Transferred,1272.45,424.15,84.83,42.41,67.86,169.66,0.0,0.0,0.0,2026-01-05T10:00:00+00:00,demo
ORD-101256,Delivered,24.07.2025,Sale to individual,1657.51,6821.0,5163.49,6821.0,Transferred,1023.15,341.05,68.21,34.11,54.57,136.42,0.0,0.0,0.0,2026-01-05T10:00:00+00:00,demo
ORD-101258,Delivered,25.07.2025,Sale to individual,1226.91,5049.0,3822.09,5049.0,Transferred,757.35,252.45,50.49,25.25,40.39,100.98,0.0,0.0,0.0,2026-01-05T10:00:00+00:00,demo
ORD-101259,Delivered,25.07.2025,Sale to individual,376.29,1548.5,1172.21,1548.5,Transferred,232.27,77.43,15.49,7.74,12.39,30.97,0.0,0.0,0.0,2026-01-05T10:00:00+00:00,demo
ORD-101260,Delivered,26.07.2025,Sale to individual,478.96,1971.0,1492.04,1971.0,Transferred,295.65,98.55,19.71,9.86,15.77,39.42,0.0,0.0,0.0,2026-01-05T10:00:00+00:00,demo
ORD-101262,Full return accepted at warehouse,26.07.2025,Sale to individual,1025.46,4220.0,3194.54,4220.0,Transferred,633.0,211.0,42.2,21.1,33.76,84.4,0.0,0.0,0.0,2026-01-05T10:00:00+00:00,demo
ORD-101264,Delivered,26.07.2025,Sale to individual,393.66,1620.0,1226.34,1620.0,Transferred,243.0,81.0,16.2,8.1,12.96,32.4,0.0,0.0,0.0,2026-01-05T10:00:00+00:00,demo
ORD-101265,Delivered,26.07.2025,Sale to individual,478.96,1971.0,1492.04,1971.0,Transferred,295.65,98.55,19.71,9.86,15.77,39.42,0.0,0.0,0.0,2026-01-05T10:00:00+00:00,demo
ORD-101266,Delivered,26.07.2025,Sale to individual,532.17,2190.0,1657.83,2190.0,Transferred,328.5,109.5,21.9,10.95,17.52,43.8,0.0,0.0,0.0,2026-01-05T10:00:00+00:00,demo
ORD-101267,Delivered,26.07.2025,Sale to individual,1472.58,6060.0,4587.42,6060.0,Transferred,909.0,303.0,60.6,30.3,48.48,121.2,0.0,0.0,0.0,2026-01-05T10:00:00+00:00,demo
ORD-101268,Delivered,27.07.2025,Sale to individual,680.4,2800.0,2119.6,2800.0,Transferred,420.0,140.0,28.0,14.0,22.4,56.0,0.0,0.0,0.0,2026-01-05T10:00:00+00:00,demo
ORD-101270,Delivered,27.07.2025,Sale to individual,1122.66,4620.0,3497.34,4620.0,Transferred,693.0,231.0,46.2,23.1,36.96,92.4,0.0,0.0,0.0,2026-01-05T10:00:00+00:00,demo
ORD-101271,Delivered,27.07.2025,Sale to individual,1635.39,6730.0,5094.61,6730.0,Transferred,1009.5,336.5,67.3,33.65,53.84,134.6,0.0,0.0,0.0,2026-01-05T10:00:00+00:00,demo
ORD-101272,Delivered,27.07.2025,Sale to individual,437.4,1800.0,1362.6,1800.0,Transferred,270.0,90.0,18.0,9.0,14.4,36.0,0.0,0.0,0.0,2026-01-05T10:00:00+00:00,demo
ORD-101273,Delivered,27.07.2025,Sale to individual,1773.17,7297.0,5523.83,7297.0,Transferred,1094.55,364.85,72.97,36.48,58.38,145.94,0.0,0.0,0.0,2026-01-05T10:00:00+00:00,demo
ORD-101274,Delivered,27.07.2025,Sale to individual,3202.86,13180.5,9977.64,13180.5,Transferred,1977.07,659.03,131.81,65.9,105.44,263.61,0.0,0.0,0.0,2026-01-05T10:00:00+00:00,demo
ORD-101275,Delivered,27.07.2025,Sale to individual,1022.67,4208.5,3185.83,4208.5,Transferred,631.27,210.43,42.09,21.04,33.67,84.17,0.0,0.0,0.0,2026-01-05T10:00:00+00:00,demo
ORD-101276,Delivered,28.07.2025,Sale to individual,231.34,952.0,720.66,952.0,Transferred,142.8,47.6,9.52,4.76,7.62,19.04,0.0,0.0,0.0,2026-01-05T10:00:00+00:00,demo
ORD-101277,Delivered,28.07.2025,Sale to individual,2393.55,9850.0,7456.45,9850.0,Transferred,1477.5,492.5,98.5,49.25,78.8,197.0,0.0,0.0,0.0,2026-01-05T10:00:00+00:00,demo
ORD-101278,Delivered,28.07.2025,Sale to individual,349.92,1440.0,1090.08,1440.0,Transferred,216.0,72.0,14.4,7.2,11.52,28.8,0.0,0.0,0.0,2026-01-05T10:00:00+00:00,demo
ORD-101279,Delivered,28.07.2025,Sale to individual,1666.98,6860.0,5193.02,6860.0,Transferred,1029.0,343.0,68.6,34.3,54.88,137.2,0.0,0.0,0.0,2026-01-05T10:00:00+00:00,demo
ORD-101280,Delivered,28.07.2025,Sale to individual,1142.34,4701.0,3558.66,4701.0,Transferred,705.15,235.05,47.01,23.5,37.61,94.02,0.0,0.0,0.0,2026-01-05T10:00:00+00:00,demo
ORD-101281,Delivered,29.07.2025,Sale to individual,1087.92,4477.0,3389.08,4477.0,Transferred,671.55,223.85,44.77,22.39,35.82,89.54,0.0,0.0,0.0,2026-01-05T10:00:00+00:00,demo
ORD-101282,Delivered,29.07.2025,Sale to individual,1074.06,4420.0,3345.94,4420.0,Transferred,663.0,221.0,44.2,22.1,35.36,88.4,0.0,0.0,0.0,2026-01-05T10:00:00+00:00,demo
ORD-101283,Delivered,29.07.2025,Sale to individual,450.16,1852.5,1402.34,1852.5,Transferred,277.88,92.62,18.53,9.26,14.82,37.05,0.0,0.0,0.0,2026-01-05T10:00:00+00:00,demo
ORD-101284,Delivered,29.07.2025,Sale to individual,1666.98,6860.0,5193.02,6860.0,Transferred,1029.0,343.0,68.6,34.3,54.88,137.2,0.0,0.0,0.0,2026-01-05T10:00:00+00:00,demo
ORD-101285,Delivered,29.07.2025,Sale to individual,1119.74,4608.0,3488.26,4608.0,Transferred,691.2,230.4,46.08,23.04,36.86,92.16,0.0,0.0,0.0,2026-01-05T10:00:00+00:00,demo
ORD-101286,Delivered,29.07.2025,Sale to individual,289.17,1190.0,900.83,1190.0,Transferred,178.5,59.5,11.9,5.95,9.52,23.8,0.0,0.0,0.0,2026-01-05T10:00:00+00:00,demo
ORD-101287,Delivered,30.07.2025,Sale to individual,887.92,3654.0,2766.08,3654.0,Transferred,548.1,182.7,36.54,18.27,29.23,73.08,0.0,0.0,0.0,2026-01-05T10:00:00+00:00,demo
ORD-101288,Delivered,30.07.2025,Sale to individual,899.22,3700.5,2801.28,3700.5,Transferred,555.07,185.03,37.01,18.5,29.6,74.01,0.0,0.0,0.0,2026-01-05T10:00:00+00:00,demo
ORD-101289,Delivered,30.07.2025,Sale to individual,3037.5,12500.0,9462.5,12500.0,Transferred,1875.0,625.0,125.0,62.5,100.0,250.0,0.0,0.0,0.0,2026-01-05T10:00:00+00:00,demo
ORD-101290,Delivered,30.07.2025,Sale to individual,3025.84,12452.0,9426.16,12452.0,Transferred,1867.8,622.6,124.52,62.26,99.62,249.04,0.0,0.0,0.0,2026-01-05T10:00:00+00:00,demo
ORD-101291,Delivered,30.07.2025,Sale to individual,1163.48,4788.0,3624.52,4788.0,Transferred,718.2,239.4,47.88,23.94,38.3,95.76,0.0,0.0,0.0,2026-01-05T10:00:00+00:00,demo
ORD-101292,Delivered,30.07.2025,Sale to individual,437.4,1800.0,1362.6,1800.0,Transferred,270.0,90.0,18.0,9.0,14.4,36.0,0.0,0.0,0.0,2026-01-05T10:00:00+00:00,demo
ORD-101293,Delivered,31.07.2025,Sale to individual,371.79,1530.0,1158.21,1530.0,Transferred,229.5,76.5,15.3,7.65,12.24,30.6,0.0,0.0,0.0,2026-01-05T10:00:00+00:00,demo
ORD-101294,Delivered,31.07.2025,Sale to individual,2036.59,8381.0,6344.41,8381.0,Transferred,1257.15,419.05,83.81,41.91,67.05,167.62,0.0,0.0,0.0,2026-01-05T10:00:00+00:00,demo
ORD-101295,Delivered,31.07.2025,Sale to individual,3723.13,15321.5,11598.37,15321.5,Transferred,2298.22,766.08,153.22,76.61,122.57,306.43,0.0,0.0,0.0,2026-01-05T10:00:00+00:00,demo
ORD-101296,Delivered,31.07.2025,Sale to individual,347.0,1428.0,1081.0,1428.0,Transferred,214.2,71.4,14.28,7.14,11.42,28.56,0.0,0.0,0.0,2026-01-05T10:00:00+00:00,demo
ORD-101297,Full return accepted at warehouse,31.07.2025,Sale to individual,1988.35,8182.5,6194.15,8182.5,Transferred,1227.38,409.12,81.83,40.91,65.46,163.65,0.0,0.0,0.0,2026-01-05T10:00:00+00:00,demo
ORD-101298,Delivered,01.08.2025,Sale to individual,957.67,3941.0,2983.33,3941.0,Transferred,591.15,197.05,39.41,19.71,31.53,78.82,0.0,0.0,0.0,2026-01-05T10:00:00+00:00,demo
ORD-101299,Delivered,01.08.2025,Sale to individual,1098.85,4522.0,3423.15,4522.0,Transferred,678.3,226.1,45.22,22.61,36.18,90.44,0.0,0.0,0.0,2026-01-05T10:00:00+00:00,demo
ORD-101301,Delivered,01.08.2025,Sale to individual,2121.39,8730.0,6608.61,8730.0,Transferred,1309.5,436.5,87.3,43.65,69.84,174.6,0.0,0.0,0.0,2026-01-05T10:00:00+00:00,demo
ORD-101302,Delivered,01.08.2025,Sale to individual,874.8,3600.0,2725.2,3600.0,Transferred,540.0,180.0,36.0,18.0,28.8,72.0,0.0,0.0,0.0,2026-01-05T10:00:00+00:00,demo
ORD-101303,Delivered,01.08.2025,Sale to individual,2514.56,10348.0,7833.44,10348.0,Transferred,1552.2,517.4,103.48,51.74,82.78,206.96,0.0,0.0,0.0,2026-01-05T10:00:00+00:00,demo
ORD-101304,Delivered,01.08.2025,Sale to individual,332.42,1368.0,1035.58,1368.0,Transferred,205.2,68.4,13.68,6.84,10.94,27.36,0.0,0.0,0.0,2026-01-05T10:00:00+00:00,demo
ORD-101305,Delivered,01.08.2025,Sale to individual,2211.42,9100.5,6889.08,9100.5,Transferred,1365.08,455.03,91.0,45.5,72.8,182.01,0.0,0.0,0.0,2026-01-05T10:00:00+00:00,demo
ORD-101306,Delivered,02.08.2025,Sale to individual,2385.77,9818.0,7432.23,9818.0,Transferred,1472.7,490.9,98.18,49.09,78.54,196.36,0.0,0.0,0.0,2026-01-05T10:00:00+00:00,demo
ORD-101307,Delivered,02.08.2025,Sale to individual,2244.11,9235.0,6990.89,9235.0,Transferred,1385.25,461.75,92.35,46.18,73.88,184.7,0.0,0.0,0.0,2026-01-05T10:00:00+00:00,demo
ORD-101308,Delivered,02.08.2025,Sale to individual,1518.02,6247.0,4728.98,6247.0,Transferred,937.05,312.35,62.47,31.23,49.98,124.94,0.0,0.0,0.0,2026-01-05T10:00:00+00:00,demo
ORD-101309,Delivered,02.08.2025,Sale to individual,1279.89,5267.0,3987.11,5267.0,Transferred,790.05,263.35,52.67,26.34,42.14,105.34,0.0,0.0,0.0,2026-01-05T10:00:00+00:00,demo
ORD-101310,Delivered,02.08.2025,Sale to individual,393.66,1620.0,1226.34,1620.0,Transferred,243.0,81.0,16.2,8.1,12.96,32.4,0.0,0.0,0.0,2026-01-05T10:00:00+00:00,demo
ORD-101313,Delivered,02.08.2025,Sale to individual,289.17,1190.0,900.83,1190.0,Transferred,178.5,59.5,11.9,5.95,9.52,23.8,0.0,0.0,0.0,2026-01-05T10:00:00+00:00,demo
ORD-101314,Delivered,03.08.2025,Sale to individual,260.26,1071.0,810.74,1071.0,Transferred,160.65,53.55,10.71,5.36,8.57,21.42,0.0,0.0,0.0,2026-01-05T10:00:00+00:00,demo
ORD-101315,Delivered,03.08.2025,Sale to individual,986.58,4060.0,3073.42,4060.0,Transferred,609.0,203.0,40.6,20.3,32.48,81.2,0.0,0.0,0.0,2026-01-05T10:00:00+00:00,demo
ORD-101316,Delivered,03.08.2025,Sale to individual,547.12,2251.5,1704.38,2251.5,Transferred,337.72,112.58,22.52,11.26,18.01,45.03,0.0,0.0,0.0,2026-01-05T10:00:00+00:00,demo
ORD-101317,Delivered,04.08.2025,Sale to individual,1725.67,7101.5,5375.83,7101.5,Transferred,1065.22,355.08,71.02,35.51,56.81,142.03,0.0,0.0,0.0,2026-01-05T10:00:00+00:00,demo
ORD-101318,Delivered,04.08.2025,Sale to individual,476.28,1960.0,1483.72,1960.0,Transferred,294.0,98.0,19.6,9.8,15.68,39.2,0.0,0.0,0.0,2026-01-05T10:00:00+00:00,demo
ORD-101319,Delivered,04.08.2025,Sale to individual,2570.7,10579.0,8008.3,10579.0,Transferred,1586.85,528.95,105.79,52.9,84.63,211.58,0.0,0.0,0.0,2026-01-05T10:00:00+00:00,demo
ORD-101320,Delivered,04.08.2025,Sale to individual,1790.91,7370.0,5579.09,7370.0,Transferred,1105.5,368.5,73.7,36.85,58.96,147.4,0.0,0.0,0.0,2026-01-05T10:00:00+00:00,demo
ORD-101321,Delivered,04.08.2025,Sale to individual,1159.36,4771.0,3611.64,4771.0,Transferred,715.65,238.55,47.71,23.86,38.17,95.42,0.0,0.0,0.0,2026-01-05T10:00:00+00:00,demo
ORD-101322,Delivered,05.08.2025,Sale to individual,1484.97,6111.0,4626.03,6111.0,Transferred,916.65,305.55,61.11,30.55,48.89,122.22,0.0,0.0,0.0,2026-01-05T10:00:00+00:00,demo
ORD-101323,Delivered,05.08.2025,Sale to individual,532.17,2190.0,1657.83,2190.0,Transferred,328.5,109.5,21.9,10.95,17.52,43.8,0.0,0.0,0.0,2026-01-05T10:00:00+00:00,demo
ORD-101324,Delivered,05.08.2025,Sale to individual,367.42,1512.0,1144.58,1512.0,Transferred,226.8,75.6,15.12,7.56,12.1,30.24,0.0,0.0,0.0,2026-01-05T10:00:00+00:00,demo
ORD-101325,Delivered,05.08.2025,Sale to individual,2150.8,8851.0,6700.2,8851.0,Transferred,1327.65,442.55,88.51,44.26,70.81,177.02,0.0,0.0,0.0,2026-01-05T10:00:00+00:00,demo
ORD-101326,Delivered,05.08.2025,Sale to individual,1834.65,7550.0,5715.35,7550.0,Transferred,1132.5,377.5,75.5,37.75,60.4,151.0,0.0,0.0,0.0,2026-01-05T10:00:00+00:00,demo
ORD-101327,Delivered,05.08.2025,Sale to individual,1455.57,5990.0,4534.43,5990.0,Transferred,898.5,299.5,59.9,29.95,47.92,119.8,0.0,0.0,0.0,2026-01-05T10:00:00+00:00,demo
ORD-101328,Delivered,05.08.2025,Sale to individual,2612.5,10751.0,8138.5,10751.0,Transferred,1612.65,537.55,107.51,53.76,86.01,215.02,0.0,0.0,0.0,2026-01-05T10:00:00+00:00,demo
ORD-101329,Delivered,06.08.2025,Sale to individual,1065.8,4386.0,3320.2,4386.0,Transferred,657.9,219.3,43.86,21.93,35.09,87.72,0.0,0.0,0.0,2026-01-05T10:00:00+00:00,demo
ORD-101330,Delivered,06.08.2025,Sale to individual,2379.94,9794.0,7414.06,9794.0,Transferred,1469.1,489.7,97.94,48.97,78.35,195.88,0.0,0.0,0.0,2026-01-05T10:00:00+00:00,demo
ORD-101331,Delivered,06.08.2025,Sale to individual,2184.08,8988.0,6803.92,8988.0,Transferred,1348.2,449.4,89.88,44.94,71.9,179.76,0.0,0.0,0.0,2026-01-05T10:00:00+00:00,demo
ORD-101332,Delivered,06.08.2025,Sale to individual,544.32,2240.0,1695.68,2240.0,Transferred,336.0,112.0,22.4,11.2,17.92,44.8,0.0,0.0,0.0,2026-01-05T10:00:00+00:00,demo
ORD-101333,Full return accepted at warehouse,06.08.2025,Sale to individual,1873.29,7709.0,5835.71,7709.0,Transferred,1156.35,385.45,77.09,38.55,61.67,154.18,0.0,0.0,0.0,2026-01-05T10:00:00+00:00,demo
ORD-101334,Delivered,06.08.2025,Sale to individual,966.65,3978.0,3011.35,3978.0,Transferred,596.7,198.9,39.78,19.89,31.82,79.56,0.0,0.0,0.0,2026-01-05T10:00:00+00:00,demo
ORD-101335,Delivered,06.08.2025,Sale to individual,452.47,1862.0,1409.53,1862.0,Transferred,279.3,93.1,18.62,9.31,14.9,37.24,0.0,0.0,0.0,2026-01-05T10:00:00+00:00,demo
ORD-101336,Delivered,06.08.2025,Sale to individual,415.53,1710.0,1294.47,1710.0,Transferred,256.5,85.5,17.1,8.55,13.68,34.2,0.0,0.0,0.0,2026-01-05T10:00:00+00:00,demo
ORD-101337,Delivered,07.08.2025,Sale to individual,437.4,1800.0,1362.6,1800.0,Transferred,270.0,90.0,18.0,9.0,14.4,36.0,0.0,0.0,0.0,2026-01-05T10:00:00+00:00,demo
ORD-101338,Delivered,07.08.2025,Sale to individual,1061.66,4369.0,3307.34,4369.0,Transferred,655.35,218.45,43.69,21.84,34.95,87.38,0.0,0.0,0.0,2026-01-05T10:00:00+00:00,demo
ORD-101339,Delivered,07.08.2025,Sale to individual,680.4,2800.0,2119.6,2800.0,Transferred,420.0,140.0,28.0,14.0,22.4,56.0,0.0,0.0,0.0,2026-01-05T10:00:00+00:00,demo
ORD-101340,Delivered,07.08.2025,Sale to individual,816.48,3360.0,2543.52,3360.0,Transferred,504.0,168.0,33.6,16.8,26.88,67.2,0.0,0.0,0.0,2026-01-05T10:00:00+00:00,demo
ORD-101342,Full return accepted at warehouse,07.08.2025,Sale to individual,1769.04,7280.0,5510.96,7280.0,Transferred,1092.0,364.0,72.8,36.4,58.24,145.6,0.0,0.0,0.0,2026-01-05T10:00:00+00:00,demo
ORD-101343,Delivered,07.08.2025,Sale to individual,2288.21,9416.5,7128.29,9416.5,Transferred,1412.47,470.83,94.17,47.08,75.33,188.33,0.0,0.0,0.0,2026-01-05T10:00:00+00:00,demo
ORD-101344,Delivered,07.08.2025,Sale to individual,1635.39,6730.0,5094.61,6730.0,Transferred,1009.5,336.5,67.3,33.65,53.84,134.6,0.0,0.0,0.0,2026-01-05T10:00:00+00:00,demo
ORD-101345,Delivered,07.08.2025,Sale to individual,437.4,1800.0,1362.6,1800.0,Transferred,270.0,90.0,18.0,9.0,14.4,36.0,0.0,0.0,0.0,2026-01-05T10:00:00+00:00,demo
ORD-101346,Delivered,08.08.2025,Sale to individual,489.89,2016.0,1526.11,2016.0,Transferred,302.4,100.8,20.16,10.08,16.13,40.32,0.0,0.0,0.0,2026-01-05T10:00:00+00:00,demo
ORD-101347,Delivered,08.08.2025,Sale to individual,2312.75,9517.5,7204.75,9517.5,Transferred,1427.62,475.88,95.17,47.59,76.14,190.35,0.0,0.0,0.0,2026-01-05T10:00:00+00:00,demo
ORD-101348,Delivered,08.08.2025,Sale to individual,452.35,1861.5,1409.15,1861.5,Transferred,279.22,93.08,18.62,9.31,14.89,37.23,0.0,0.0,0.0,2026-01-05T10:00:00+00:00,demo
ORD-101350,Delivered,08.08.2025,Sale to individual,532.17,2190.0,1657.83,2190.0,Transferred,328.5,109.5,21.9,10.95,17.52,43.8,0.0,0.0,0.0,2026-01-05T10:00:00+00:00,demo
ORD-101351,Delivered,08.08.2025,Sale to individual,1567.35,6450.0,4882.65,6450.0,Transferred,967.5,322.5,64.5,32.25,51.6,129.0,0.0,0.0,0.0,2026-01-05T10:00:00+00:00,demo
ORD-101352,Delivered,09.08.2025,Sale to individual,393.66,1620.0,1226.34,1620.0,Transferred,243.0,81.0,16.2,8.1,12.96,32.4,0.0,0.0,0.0,2026-01-05T10:00:00+00:00,demo
ORD-101354,Delivered,09.08.2025,Sale to individual,1858.95,7650.0,5791.05,7650.0,Transferred,1147.5,382.5,76.5,38.25,61.2,153.0,0.0,0.0,0.0,2026-01-05T10:00:00+00:00,demo
ORD-101355,Delivered,09.08.2025,Sale to individual,2149.09,8844.0,6694.91,8844.0,Transferred,1326.6,442.2,88.44,44.22,70.75,176.88,0.0,0.0,0.0,2026-01-05T10:00:00+00:00,demo
ORD-101356,Delivered,09.08.2025,Sale to individual,1572.58,6471.5,4898.92,6471.5,Transferred,970.72,323.58,64.72,32.36,51.77,129.43,0.0,0.0,0.0,2026-01-05T10:00:00+00:00,demo
ORD-101357,Delivered,09.08.2025,Sale to individual,4641.54,19101.0,14459.46,19101.0,Transferred,2865.15,955.05,191.01,95.5,152.81,382.02,0.0,0.0,0.0,2026-01-05T10:00:00+00:00,demo
ORD-101358,Delivered,10.08.2025,Sale to individual,1632.96,6720.0,5087.04,6720.0,Transferred,1008.0,336.0,67.2,33.6,53.76,134.4,0.0,0.0,0.0,2026-01-05T10:00:00+00:00,demo
ORD-101359,Delivered,10.08.2025,Sale to individual,547.12,2251.5,1704.38,2251.5,Transferred,337.72,112.58,22.52,11.26,18.01,45.03,0.0,0.0,0.0,2026-01-05T10:00:00+00:00,demo
ORD-101360,Delivered,10.08.2025,Sale to individual,1849.47,7611.0,5761.53,7611.0,Transferred,1141.65,380.55,76.11,38.05,60.89,152.22,0.0,0.0,0.0,2026-01-05T10:00:00+00:00,demo
ORD-101362,Delivered,10.08.2025,Sale to individual,493.29,2030.0,1536.71,2030.0,Transferred,304.5,101.5,20.3,10.15,16.24,40.6,0.0,0.0,0.0,2026-01-05T10:00:00+00:00,demo
ORD-101363,Delivered,11.08.2025,Sale to individual,1179.65,4854.5,3674.85,4854.5,Transferred,728.17,242.73,48.55,24.27,38.84,97.09,0.0,0.0,0.0,2026-01-05T10:00:00+00:00,demo
ORD-101364,Delivered,11.08.2025,Sale to individual,2444.82,10061.0,7616.18,10061.0,Transferred,1509.15,503.05,100.61,50.3,80.49,201.22,0.0,0.0,0.0,2026-01-05T10:00:00+00:00,demo
ORD-101365,Full return accepted at warehouse,11.08.2025,Sale to individual,356.48,1467.0,1110.52,1467.0,Transferred,220.05,73.35,14.67,7.33,11.74,29.34,0.0,0.0,0.0,2026-01-05T10:00:00+00:00,demo
ORD-101366,Delivered,11.08.2025,Sale to individual,1107.84,4559.0,3451.16,4559.0,Transferred,683.85,227.95,45.59,22.8,36.47,91.18,0.0,0.0,0.0,2026-01-05T10:00:00+00:00,demo
ORD-101367,Delivered,11.08.2025,Sale to individual,710.29,2923.0,2212.71,2923.0,Transferred,438.45,146.15,29.23,14.62,23.38,58.46,0.0,0.0,0.0,2026-01-05T10:00:00+00:00,demo
ORD-101368,Delivered,11.08.2025,Sale to individual,2886.84,11880.0,8993.16,11880.0,Transferred,1782.0,594.0,118.8,59.4,95.04,237.6,0.0,0.0,0.0,2026-01-05T10:00:00+00:00,demo
ORD-101369,Full return accepted at warehouse,11.08.2025,Sale to individual,1064.34,4380.0,3315.66,4380.0,Transferred,657.0,219.0,43.8,21.9,35.04,87.6,0.0,0.0,0.0,2026-01-05T10:00:00+00:00,demo
ORD-101370,Delivered,11.08.2025,Sale to individual,476.28,1960.0,1483.72,1960.0,Transferred,294.0,98.0,19.6,9.8,15.68,39.2,0.0,0.0,0.0,2026-01-05T10:00:00+00:00,demo
ORD-101371,Delivered,12.08.2025,Sale to individual,646.38,2660.0,2013.62,2660.0,Transferred,399.0,133.0,26.6,13.3,21.28,53.2,0.0,0.0,0.0,2026-01-05T10:00:00+00:00,demo
ORD-101372,Delivered,12.08.2025,Sale to individual,617.58,2541.5,1923.92,2541.5,Transferred,381.22,127.08,25.41,12.71,20.33,50.83,0.0,0.0,0.0,2026-01-05T10:00:00+00:00,demo
ORD-101373,Delivered,12.08.2025,Sale to individual,437.4,1800.0,1362.6,1800.0,Transferred,270.0,90.0,18.0,9.0,14.4,36.0,0.0,0.0,0.0,2026-01-05T10:00:00+00:00,demo
ORD-101374,Delivered,12.08.2025,Sale to individual,512.73,2110.0,1597.27,2110.0,Transferred,316.5,105.5,21.1,10.55,16.88,42.2,0.0,0.0,0.0,2026-01-05T10:00:00+00:00,demo
ORD-101375,Delivered,13.08.2025,Sale to individual,3044.55,12529.0,9484.45,12529.0,Transferred,1879.35,626.45,125.29,62.65,100.23,250.58,0.0,0.0,0.0,2026-01-05T10:00:00+00:00,demo
ORD-101376,Delivered,13.08.2025,Sale to individual,2286.63,9410.0,7123.37,9410.0,Transferred,1411.5,470.5,94.1,47.05,75.28,188.2,0.0,0.0,0.0,2026-01-05T10:00:00+00:00,demo
ORD-101378,Delivered,13.08.2025,Sale to individual,1553.74,6394.0,4840.26,6394.0,Transferred,959.1,319.7,63.94,31.97,51.15,127.88,0.0,0.0,0.0,2026-01-05T10:00:00+00:00,demo
ORD-101379,Full return accepted at warehouse,13.08.2025,Sale to individual,943.81,3884.0,2940.19,3884.0,Transferred,582.6,194.2,38.84,19.42,31.07,77.68,0.0,0.0,0.0,2026-01-05T10:00:00+00:00,demo
ORD-101380,Delivered,13.08.2025,Sale to individual,1392.14,5729.0,4336.86,5729.0,Transferred,859.35,286.45,57.29,28.64,45.83,114.58,0.0,0.0,0.0,2026-01-05T10:00:00+00:00,demo
ORD-101381,Delivered,13.08.2025,Sale to individual,966.65,3978.0,3011.35,3978.0,Transferred,596.7,198.9,39.78,19.89,31.82,79.56,0.0,0.0,0.0,2026-01-05T10:00:00+00:00,demo
ORD-101382,Delivered,14.08.2025,Sale to individual,5407.6,22253.5,16845.9,22253.5,Transferred,3338.03,1112.67,222.53,111.27,178.03,445.07,0.0,0.0,0.0,2026-01-05T10:00:00+00:00,demo
ORD-101383,Delivered,14.08.2025,Sale to individual,1708.29,7030.0,5321.71,7030.0,Transferred,1054.5,351.5,70.3,35.15,56.24,140.6,0.0,0.0,0.0,2026-01-05T10:00:00+00:00,demo
ORD-101384,Delivered,14.08.2025,Sale to individual,1950.69,8027.5,6076.81,8027.5,Transferred,1204.12,401.38,80.28,40.14,64.22,160.55,0.0,0.0,0.0,2026-01-05T10:00:00+00:00,demo
ORD-101385,Delivered,14.08.2025,Sale to individual,646.38,2660.0,2013.62,2660.0,Transferred,399.0,133.0,26.6,13.3,21.28,53.2,0.0,0.0,0.0,2026-01-05T10:00:00+00:00,demo
ORD-101386,Delivered,14.08.2025,Sale to individual,1224.72,5040.0,3815.28,5040.0,Transferred,756.0,252.0,50.4,25.2,40.32,100.8,0.0,0.0,0.0,2026-01-05T10:00:00+00:00,demo
ORD-101387,Delivered,14.08.2025,Sale to individual,2112.64,8694.0,6581.36,8694.0,Transferred,1304.1,434.7,86.94,43.47,69.55,173.88,0.0,0.0,0.0,2026-01-05T10:00:00+00:00,demo
ORD-101388,Delivered,14.08.2025,Sale to individual,1455.57,5990.0,4534.43,5990.0,Transferred,898.5,299.5,59.9,29.95,47.92,119.8,0.0,0.0,0.0,2026-01-05T10:00:00+00:00,demo
ORD-101389,Delivered,15.08.2025,Sale to individual,3654.96,15041.0,11386.04,15041.0,Transferred,2256.15,752.05,150.41,75.2,120.33,300.82,0.0,0.0,0.0,2026-01-05T10:00:00+00:00,demo
ORD-101390,Delivered,15.08.2025,Sale to individual,408.24,1680.0,1271.76,1680.0,Transferred,252.0,84.0,16.8,8.4,13.44,33.6,0.0,0.0,0.0,2026-01-05T10:00:00+00:00,demo
ORD-101391,Delivered,15.08.2025,Sale to individual,371.79,1530.0,1158.21,1530.0,Transferred,229.5,76.5,15.3,7.65,12.24,30.6,0.0,0.0,0.0,2026-01-05T10:00:00+00:00,demo
ORD-101392,Full return accepted at warehouse,15.08.2025,Sale to individual,1368.09,5630.0,4261.91,5630.0,Transferred,844.5,281.5,56.3,28.15,45.04,112.6,0.0,0.0,0.0,2026-01-05T10:00:00+00:00,demo
ORD-101393,Delivered,15.08.2025,Sale to individual,3587.17,14762.0,11174.83,14762.0,Transferred,2214.3,738.1,147.62,73.81,118.1,295.24,0.0,0.0,0.0,2026-01-05T10:00:00+00:00,demo
ORD-101394,Delivered,15.08.2025,Sale to individual,1380.49,5681.0,4300.51,5681.0,Transferred,852.15,284.05,56.81,28.41,45.45,113.62,0.0,0.0,0.0,2026-01-05T10:00:00+00:00,demo
ORD-101395,Delivered,16.08.2025,Sale to individual,393.66,1620.0,1226.34,1620.0,Transferred,243.0,81.0,16.2,8.1,12.96,32.4,0.0,0.0,0.0,2026-01-05T10:00:00+00:00,demo
ORD-101397,Delivered,16.08.2025,Sale to individual,371.79,1530.0,1158.21,1530.0,Transferred,229.5,76.5,15.3,7.65,12.24,30.6,0.0,0.0,0.0,2026-01-05T10:00:00+00:00,demo
ORD-101398,Delivered,16.08.2025,Sale to individual,743.58,3060.0,2316.42,3060.0,Transferred,459.0,153.0,30.6,15.3,24.48,61.2,0.0,0.0,0.0,2026-01-05T10:00:00+00:00,demo
ORD-101400,Delivered,16.08.2025,Sale to individual,408.24,1680.0,1271.76,1680.0,Transferred,252.0,84.0,16.8,8.4,13.44,33.6,0.0,0.0,0.0,2026-01-05T10:00:00+00:00,demo
ORD-101401,Full return accepted at warehouse,16.08.2025,Sale to individual,809.68,3332.0,2522.32,3332.0,Transferred,499.8,166.6,33.32,16.66,26.66,66.64,0.0,0.0,0.0,2026-01-05T10:00:00+00:00,demo
ORD-101402,Delivered,17.08.2025,Sale to individual,2357.1,9700.0,7342.9,9700.0,Transferred,1455.0,485.0,97.0,48.5,77.6,194.0,0.0,0.0,0.0,2026-01-05T10:00:00+00:00,demo
ORD-101403,Delivered,17.08.2025,Sale to individual,240.57,990.0,749.43,990.0,Transferred,148.5,49.5,9.9,4.95,7.92,19.8,0.0,0.0,0.0,2026-01-05T10:00:00+00:00,demo
ORD-101404,Full return accepted at warehouse,17.08.2025,Sale to individual,748.44,3080.0,2331.56,3080.0,Transferred,462.0,154.0,30.8,15.4,24.64,61.6,0.0,0.0,0.0,2026-01-05T10:00:00+00:00,demo
ORD-101405,Delivered,17.08.2025,Sale to individual,1241.73,5110.0,3868.27,5110.0,Transferred,766.5,255.5,51.1,25.55,40.88,102.2,0.0,0.0,0.0,2026-01-05T10:00:00+00:00,demo
ORD-101406,Delivered,17.08.2025,Sale to individual,393.66,1620.0,1226.34,1620.0,Transferred,243.0,81.0,16.2,8.1,12.96,32.4,0.0,0.0,0.0,2026-01-05T10:00:00+00:00,demo
ORD-101407,Delivered,18.08.2025,Sale to individual,1472.58,6060.0,4587.42,6060.0,Transferred,909.0,303.0,60.6,30.3,48.48,121.2,0.0,0.0,0.0,2026-01-05T10:00:00+00:00,demo
ORD-101408,Delivered,18.08.2025,Sale to individual,3638.93,14975.0,11336.07,14975.0,Transferred,2246.25,748.75,149.75,74.88,119.8,299.5,0.0,0.0,0.0,2026-01-05T10:00:00+00:00,demo
ORD-101409,Delivered,19.08.2025,Sale to individual,347.0,1428.0,1081.0,1428.0,Transferred,214.2,71.4,14.28,7.14,11.42,28.56,0.0,0.0,0.0,2026-01-05T10:00:00+00:00,demo
ORD-101410,Delivered,19.08.2025,Sale to individual,1149.03,4728.5,3579.47,4728.5,Transferred,709.27,236.43,47.29,23.64,37.83,94.57,0.0,0.0,0.0,2026-01-05T10:00:00+00:00,demo
ORD-101411,Delivered,19.08.2025,Sale to individual,1471.86,6057.0,4585.14,6057.0,Transferred,908.55,302.85,60.57,30.29,48.46,121.14,0.0,0.0,0.0,2026-01-05T10:00:00+00:00,demo
ORD-101412,Delivered,19.08.2025,Sale to individual,1266.03,5210.0,3943.97,5210.0,Transferred,781.5,260.5,52.1,26.05,41.68,104.2,0.0,0.0,0.0,2026-01-05T10:00:00+00:00,demo
ORD-101413,Delivered,19.08.2025,Sale to individual,1868.67,7690.0,5821.33,7690.0,Transferred,1153.5,384.5,76.9,38.45,61.52,153.8,0.0,0.0,0.0,2026-01-05T10:00:00+00:00,demo
ORD-101414,Delivered,19.08.2025,Sale to individual,314.93,1296.0,981.07,1296.0,Transferred,194.4,64.8,12.96,6.48,10.37,25.92,0.0,0.0,0.0,2026-01-05T10:00:00+00:00,demo
ORD-101415,Delivered,20.08.2025,Sale to individual,2004.15,8247.5,6243.35,8247.5,Transferred,1237.12,412.38,82.48,41.24,65.98,164.95,0.0,0.0,0.0,2026-01-05T10:00:00+00:00,demo
ORD-101416,Delivered,20.08.2025,Sale to individual,639.58,2632.0,1992.42,2632.0,Transferred,394.8,131.6,26.32,13.16,21.06,52.64,0.0,0.0,0.0,2026-01-05T10:00:00+00:00,demo
ORD-101417,Delivered,20.08.2025,Sale to individual,1327.15,5461.5,4134.35,5461.5,Transferred,819.23,273.07,54.62,27.31,43.69,109.23,0.0,0.0,0.0,2026-01-05T10:00:00+00:00,demo
ORD-101418,Delivered,20.08.2025,Sale to individual,612.36,2520.0,1907.64,2520.0,Transferred,378.0,126.0,25.2,12.6,20.16,50.4,0.0,0.0,0.0,2026-01-05T10:00:00+00:00,demo
ORD-101419,Delivered,20.08.2025,Sale to individual,4101.84,16880.0,12778.16,16880.0,Transferred,2532.0,844.0,168.8,84.4,135.04,337.6,0.0,0.0,0.0,2026-01-05T10:00:00+00:00,demo
ORD-101420,Delivered,20.08.2025,Sale to individual,921.09,3790.5,2869.41,3790.5,Transferred,568.57,189.53,37.91,18.95,30.32,75.81,0.0,0.0,0.0,2026-01-05T10:00:00+00:00,demo
ORD-101421,Delivered,21.08.2025,Sale to individual,349.92,1440.0,1090.08,1440.0,Transferred,216.0,72.0,14.4,7.2,11.52,28.8,0.0,0.0,0.0,2026-01-05T10:00:00+00:00,demo
ORD-101422,Full return accepted at warehouse,21.08.2025,Sale to individual,2655.26,10927.0,8271.74,10927.0,Transferred,1639.05,546.35,109.27,54.63,87.42,218.54,0.0,0.0,0.0,2026-01-05T10:00:00+00:00,demo
ORD-101423,Delivered,21.08.2025,Sale to individual,1553.63,6393.5,4839.87,6393.5,Transferred,959.02,319.68,63.94,31.97,51.15,127.87,0.0,0.0,0.0,2026-01-05T10:00:00+00:00,demo
ORD-101425,Delivered,21.08.2025,Sale to individual,816.48,3360.0,2543.52,3360.0,Transferred,504.0,168.0,33.6,16.8,26.88,67.2,0.0,0.0,0.0,2026-01-05T10:00:00+00:00,demo
ORD-101427,Delivered,22.08.2025,Sale to individual,2076.92,8547.0,6470.08,8547.0,Transferred,1282.05,427.35,85.47,42.73,68.38,170.94,0.0,0.0,0.0,2026-01-05T10:00:00+00:00,demo
ORD-101429,Delivered,23.08.2025,Sale to individual,1020.6,4200.0,3179.4,4200.0,Transferred,630.0,210.0,42.0,21.0,33.6,84.0,0.0,0.0,0.0,2026-01-05T10:00:00+00:00,demo
ORD-101430,Delivered,23.08.2025,Sale to individual,920.97,3790.0,2869.03,3790.0,Transferred,568.5,189.5,37.9,18.95,30.32,75.8,0.0,0.0,0.0,2026-01-05T10:00:00+00:00,demo
ORD-101432,Delivered,23.08.2025,Sale to individual,1635.39,6730.0,5094.61,6730.0,Transferred,1009.5,336.5,67.3,33.65,53.84,134.6,0.0,0.0,0.0,2026-01-05T10:00:00+00:00,demo
ORD-101433,Delivered,23.08.2025,Sale to individual,1828.33,7524.0,5695.67,7524.0,Transferred,1128.6,376.2,75.24,37.62,60.19,150.48,0.0,0.0,0.0,2026-01-05T10:00:00+00:00,demo
ORD-101434,Delivered,23.08.2025,Sale to individual,1003.84,4131.0,3127.16,4131.0,Transferred,619.65,206.55,41.31,20.66,33.05,82.62,0.0,0.0,0.0,2026-01-05T10:00:00+00:00,demo
ORD-101435,Delivered,23.08.2025,Sale to individual,1546.94,6366.0,4819.06,6366.0,Transferred,954.9,318.3,63.66,31.83,50.93,127.32,0.0,0.0,0.0,2026-01-05T10:00:00+00:00,demo
ORD-101436,Delivered,23.08.2025,Sale to individual,614.06,2527.0,1912.94,2527.0,Transferred,379.05,126.35,25.27,12.63,20.22,50.54,0.0,0.0,0.0,2026-01-05T10:00:00+00:00,demo
ORD-101438,Delivered,24.08.2025,Sale to individual,1443.42,5940.0,4496.58,5940.0,Transferred,891.0,297.0,59.4,29.7,47.52,118.8,0.0,0.0,0.0,2026-01-05T10:00:00+00:00,demo
ORD-101439,Delivered,24.08.2025,Sale to individual,367.42,1512.0,1144.58,1512.0,Transferred,226.8,75.6,15.12,7.56,12.1,30.24,0.0,0.0,0.0,2026-01-05T10:00:00+00:00,demo
ORD-101440,Delivered,26.08.2025,Sale to individual,1948.98,8020.5,6071.52,8020.5,Transferred,1203.08,401.03,80.2,40.1,64.16,160.41,0.0,0.0,0.0,2026-01-05T10:00:00+00:00,demo
ORD-101441,Delivered,26.08.2025,Sale to individual,2765.59,11381.0,8615.41,11381.0,Transferred,1707.15,569.05,113.81,56.91,91.05,227.62,0.0,0.0,0.0,2026-01-05T10:00:00+00:00,demo
ORD-101442,Delivered,26.08.2025,Sale to individual,1566.62,6447.0,4880.38,6447.0,Transferred,967.05,322.35,64.47,32.23,51.58,128.94,0.0,0.0,0.0,2026-01-05T10:00:00+00:00,demo
ORD-101443,Delivered,26.08.2025,Sale to individual,3270.78,13460.0,10189.22,13460.0,Transferred,2019.0,673.0,134.6,67.3,107.68,269.2,0.0,0.0,0.0,2026-01-05T10:00:00+00:00,demo
ORD-101444,Delivered,27.08.2025,Sale to individual,437.4,1800.0,1362.6,1800.0,Transferred,270.0,90.0,18.0,9.0,14.4,36.0,0.0,0.0,0.0,2026-01-05T10:00:00+00:00,demo
ORD-101445,Delivered,27.08.2025,Sale to individual,1366.87,5625.0,4258.13,5625.0,Transferred,843.75,281.25,56.25,28.12,45.0,112.5,0.0,0.0,0.0,2026-01-05T10:00:00+00:00,demo
ORD-101446,Delivered,27.08.2025,Sale to individual,1019.14,4194.0,3174.86,4194.0,Transferred,629.1,209.7,41.94,20.97,33.55,83.88,0.0,0.0,0.0,2026-01-05T10:00:00+00:00,demo
ORD-101447,Delivered,28.08.2025,Sale to individual,512.73,2110.0,1597.27,2110.0,Transferred,316.5,105.5,21.1,10.55,16.88,42.2,0.0,0.0,0.0,2026-01-05T10:00:00+00:00,demo
ORD-101448,Delivered,28.08.2025,Sale to individual,816.48,3360.0,2543.52,3360.0,Transferred,504.0,168.0,33.6,16.8,26.88,67.2,0.0,0.0,0.0,2026-01-05T10:00:00+00:00,demo
ORD-101449,Delivered,28.08.2025,Sale to individual,2074.14,8535.5,6461.36,8535.5,Transferred,1280.33,426.78,85.36,42.68,68.28,170.71,0.0,0.0,0.0,2026-01-05T10:00:00+00:00,demo
ORD-101450,Delivered,28.08.2025,Sale to individual,489.53,2014.5,1524.97,2014.5,Transferred,302.18,100.73,20.14,10.07,16.12,40.29,0.0,0.0,0.0,2026-01-05T10:00:00+00:00,demo
ORD-101451,Delivered,28.08.2025,Sale to individual,347.0,1428.0,1081.0,1428.0,Transferred,214.2,71.4,14.28,7.14,11.42,28.56,0.0,0.0,0.0,2026-01-05T10:00:00+00:00,demo
ORD-101453,Delivered,29.08.2025,Sale to individual,629.86,2592.0,1962.14,2592.0,Transferred,388.8,129.6,25.92,12.96,20.74,51.84,0.0,0.0,0.0,2026-01-05T10:00:00+00:00,demo
ORD-101454,Delivered,29.08.2025,Sale to individual,260.26,1071.0,810.74,1071.0,Transferred,160.65,53.55,10.71,5.36,8.57,21.42,0.0,0.0,0.0,2026-01-05T10:00:00+00:00,demo
ORD-101455,Delivered,29.08.2025,Sale to individual,2350.54,9673.0,7322.46,9673.0,Transferred,1450.95,483.65,96.73,48.37,77.38,193.46,0.0,0.0,0.0,2026-01-05T10:00:00+00:00,demo
ORD-101457,Delivered,29.08.2025,Sale to individual,3006.64,12373.0,9366.36,12373.0,Transferred,1855.95,618.65,123.73,61.87,98.98,247.46,0.0,0.0,0.0,2026-01-05T10:00:00+00:00,demo
ORD-101458,Delivered,29.08.2025,Sale to individual,2498.4,10281.5,7783.1,10281.5,Transferred,1542.22,514.08,102.81,51.41,82.25,205.63,0.0,0.0,0.0,2026-01-05T10:00:00+00:00,demo
ORD-101459,Delivered,29.08.2025,Sale to individual,702.27,2890.0,2187.73,2890.0,Transferred,433.5,144.5,28.9,14.45,23.12,57.8,0.0,0.0,0.0,2026-01-05T10:00:00+00:00,demo
ORD-101460,Delivered,30.08.2025,Sale to individual,874.92,3600.5,2725.58,3600.5,Transferred,540.07,180.03,36.01,18.0,28.8,72.01,0.0,0.0,0.0,2026-01-05T10:00:00+00:00,demo
ORD-101462,Delivered,30.08.2025,Sale to individual,758.52,3121.5,2362.98,3121.5,Transferred,468.22,156.08,31.21,15.61,24.97,62.43,0.0,0.0,0.0,2026-01-05T10:00:00+00:00,demo
ORD-101463,Delivered,30.08.2025,Sale to individual,612.36,2520.0,1907.64,2520.0,Transferred,378.0,126.0,25.2,12.6,20.16,50.4,0.0,0.0,0.0,2026-01-05T10:00:00+00:00,demo
ORD-101464,Delivered,30.08.2025,Sale to individual,986.58,4060.0,3073.42,4060.0,Transferred,609.0,203.0,40.6,20.3,32.48,81.2,0.0,0.0,0.0,2026-01-05T10:00:00+00:00,demo
ORD-101465,Delivered,31.08.2025,Sale to individual,1704.03,7012.5,5308.47,7012.5,Transferred,1051.88,350.62,70.12,35.06,56.1,140.25,0.0,0.0,0.0,2026-01-05T10:00:00+00:00,demo
ORD-101466,Delivered,31.08.2025,Sale to individual,646.38,2660.0,2013.62,2660.0,Transferred,399.0,133.0,26.6,13.3,21.28,53.2,0.0,0.0,0.0,2026-01-05T10:00:00+00:00,demo
ORD-101467,Delivered,31.08.2025,Sale to individual,2650.64,10908.0,8257.36,10908.0,Transferred,1636.2,545.4,109.08,54.54,87.26,218.16,0.0,0.0,0.0,2026-01-05T10:00:00+00:00,demo
ORD-101468,Delivered,31.08.2025,Sale to individual,969.57,3990.0,3020.43,3990.0,Transferred,598.5,199.5,39.9,19.95,31.92,79.8,0.0,0.0,0.0,2026-01-05T10:00:00+00:00,demo
ORD-101469,Full return accepted at warehouse,31.08.2025,Sale to individual,2763.64,11373.0,8609.36,11373.0,Transferred,1705.95,568.65,113.73,56.87,90.98,227.46,0.0,0.0,0.0,2026-01-05T10:00:00+00:00,demo
ORD-101470,Delivered,31.08.2025,Sale to individual,2758.05,11350.0,8591.95,11350.0,Transferred,1702.5,567.5,113.5,56.75,90.8,227.0,0.0,0.0,0.0,2026-01-05T10:00:00+00:00,demo
ORD-101471,Delivered,31.08.2025,Sale to individual,1613.03,6638.0,5024.97,6638.0,Transferred,995.7,331.9,66.38,33.19,53.1,132.76,0.0,0.0,0.0,2026-01-05T10:00:00+00:00,demo
ORD-101472,Delivered,31.08.2025,Sale to individual,408.24,1680.0,1271.76,1680.0,Transferred,252.0,84.0,16.8,8.4,13.44,33.6,0.0,0.0,0.0,2026-01-05T10:00:00+00:00,demo
ORD-101473,Delivered,31.08.2025,Sale to individual,408.24,1680.0,1271.76,1680.0,Transferred,252.0,84.0,16.8,8.4,13.44,33.6,0.0,0.0,0.0,2026-01-05T10:00:00+00:00,demo
ORD-101474,Delivered,01.09.2025,Sale to individual,347.0,1428.0,1081.0,1428.0,Transferred,214.2,71.4,14.28,7.14,11.42,28.56,0.0,0.0,0.0,2026-01-05T10:00:00+00:00,demo
ORD-101475,Delivered,01.09.2025,Sale to individual,437.4,1800.0,1362.6,1800.0,Transferred,270.0,90.0,18.0,9.0,14.4,36.0,0.0,0.0,0.0,2026-01-05T10:00:00+00:00,demo
ORD-101476,Delivered,01.09.2025,Sale to individual,4814.2,19811.5,14997.3,19811.5,Transferred,2971.72,990.58,198.12,99.06,158.49,396.23,0.0,0.0,0.0,2026-01-05T10:00:00+00:00,demo
ORD-101477,Delivered,02.09.2025,Sale to individual,2530.6,10414.0,7883.4,10414.0,Transferred,1562.1,520.7,104.14,52.07,83.31,208.28,0.0,0.0,0.0,2026-01-05T10:00:00+00:00,demo
ORD-101478,Delivered,02.09.2025,Sale to individual,1919.7,7900.0,5980.3,7900.0,Transferred,1185.0,395.0,79.0,39.5,63.2,158.0,0.0,0.0,0.0,2026-01-05T10:00:00+00:00,demo
ORD-101479,Full return accepted at warehouse,02.09.2025,Sale to individual,912.58,3755.5,2842.92,3755.5,Transferred,563.32,187.78,37.55,18.78,30.04,75.11,0.0,0.0,0.0,2026-01-05T10:00:00+00:00,demo
ORD-101480,Delivered,02.09.2025,Sale to individual,3158.03,12996.0,9837.97,12996.0,Transferred,1949.4,649.8,129.96,64.98,103.97,259.92,0.0,0.0,0.0,2026-01-05T10:00:00+00:00,demo
ORD-101481,Full return accepted at warehouse,02.09.2025,Sale to individual,1264.09,5202.0,3937.91,5202.0,Transferred,780.3,260.1,52.02,26.01,41.62,104.04,0.0,0.0,0.0,2026-01-05T10:00:00+00:00,demo
ORD-101482,Delivered,02.09.2025,Sale to individual,1301.27,5355.0,4053.73,5355.0,Transferred,803.25,267.75,53.55,26.78,42.84,107.1,0.0,0.0,0.0,2026-01-05T10:00:00+00:00,demo
ORD-101483,Delivered,02.09.2025,Sale to individual,578.34,2380.0,1801.66,2380.0,Transferred,357.0,119.0,23.8,11.9,19.04,47.6,0.0,0.0,0.0,2026-01-05T10:00:00+00:00,demo
ORD-101484,Delivered,02.09.2025,Sale to individual,245.8,1011.5,765.7,1011.5,Transferred,151.72,50.58,10.12,5.06,8.09,20.23,0.0,0.0,0.0,2026-01-05T10:00:00+00:00,demo
ORD-101485,Delivered,03.09.2025,Sale to individual,349.92,1440.0,1090.08,1440.0,Transferred,216.0,72.0,14.4,7.2,11.52,28.8,0.0,0.0,0.0,2026-01-05T10:00:00+00:00,demo
ORD-101486,Delivered,03.09.2025,Sale to individual,1036.64,4266.0,3229.36,4266.0,Transferred,639.9,213.3,42.66,21.33,34.13,85.32,0.0,0.0,0.0,2026-01-05T10:00:00+00:00,demo
ORD-101487,Delivered,03.09.2025,Sale to individual,274.7,1130.5,855.8,1130.5,Transferred,169.57,56.53,11.3,5.65,9.04,22.61,0.0,0.0,0.0,2026-01-05T10:00:00+00:00,demo
ORD-101488,Delivered,03.09.2025,Sale to individual,1301.27,5355.0,4053.73,5355.0,Transferred,803.25,267.75,53.55,26.78,42.84,107.1,0.0,0.0,0.0,2026-01-05T10:00:00+00:00,demo
ORD-101489,Delivered,03.09.2025,Sale to individual,2189.43,9010.0,6820.57,9010.0,Transferred,1351.5,450.5,90.1,45.05,72.08,180.2,0.0,0.0,0.0,2026-01-05T10:00:00+00:00,demo
ORD-101490,Delivered,04.09.2025,Sale to individual,852.93,3510.0,2657.07,3510.0,Transferred,526.5,175.5,35.1,17.55,28.08,70.2,0.0,0.0,0.0,2026-01-05T10:00:00+00:00,demo
ORD-101491,Delivered,04.09.2025,Sale to individual,1892.97,7790.0,5897.03,7790.0,Transferred,1168.5,389.5,77.9,38.95,62.32,155.8,0.0,0.0,0.0,2026-01-05T10:00:00+00:00,demo
ORD-101492,Delivered,04.09.2025,Sale to individual,512.73,2110.0,1597.27,2110.0,Transferred,316.5,105.5,21.1,10.55,16.88,42.2,0.0,0.0,0.0,2026-01-05T10:00:00+00:00,demo
ORD-101493,Delivered,04.09.2025,Sale to individual,646.38,2660.0,2013.62,2660.0,Transferred,399.0,133.0,26.6,13.3,21.28,53.2,0.0,0.0,0.0,2026-01-05T10:00:00+00:00,demo
ORD-101494,Delivered,04.09.2025,Sale to individual,1958.58,8060.0,6101.42,8060.0,Transferred,1209.0,403.0,80.6,40.3,64.48,161.2,0.0,0.0,0.0,2026-01-05T10:00:00+00:00,demo
ORD-101495,Delivered,04.09.2025,Sale to individual,1178.55,4850.0,3671.45,4850.0,Transferred,727.5,242.5,48.5,24.25,38.8,97.0,0.0,0.0,0.0,2026-01-05T10:00:00+00:00,demo
ORD-101496,Delivered,04.09.2025,Sale to individual,575.91,2370.0,1794.09,2370.0,Transferred,355.5,118.5,23.7,11.85,18.96,47.4,0.0,0.0,0.0,2026-01-05T10:00:00+00:00,demo
ORD-101497,Delivered,04.09.2025,Sale to individual,2184.81,8991.0,6806.19,8991.0,Transferred,1348.65,449.55,89.91,44.95,71.93,179.82,0.0,0.0,0.0,2026-01-05T10:00:00+00:00,demo
ORD-101498,Delivered,05.09.2025,Sale to individual,1249.02,5140.0,3890.98,5140.0,Transferred,771.0,257.0,51.4,25.7,41.12,102.8,0.0,0.0,0.0,2026-01-05T10:00:00+00:00,demo
ORD-101499,Delivered,05.09.2025,Sale to individual,512.73,2110.0,1597.27,2110.0,Transferred,316.5,105.5,21.1,10.55,16.88,42.2,0.0,0.0,0.0,2026-01-05T10:00:00+00:00,demo
ORD-101500,Delivered,05.09.2025,Sale to individual,461.46,1899.0,1437.54,1899.0,Transferred,284.85,94.95,18.99,9.5,15.19,37.98,0.0,0.0,0.0,2026-01-05T10:00:00+00:00,demo
ORD-101501,Full return accepted at warehouse,05.09.2025,Sale to individual,512.73,2110.0,1597.27,2110.0,Transferred,316.5,105.5,21.1,10.55,16.88,42.2,0.0,0.0,0.0,2026-01-05T10:00:00+00:00,demo
ORD-101503,Delivered,05.09.2025,Sale to individual,387.83,1596.0,1208.17,1596.0,Transferred,239.4,79.8,15.96,7.98,12.77,31.92,0.0,0.0,0.0,2026-01-05T10:00:00+00:00,demo
ORD-101504,Delivered,06.09.2025,Sale to individual,437.4,1800.0,1362.6,1800.0,Transferred,270.0,90.0,18.0,9.0,14.4,36.0,0.0,0.0,0.0,2026-01-05T10:00:00+00:00,demo
ORD-101505,Delivered,06.09.2025,Sale to individual,258.55,1064.0,805.45,1064.0,Transferred,159.6,53.2,10.64,5.32,8.51,21.28,0.0,0.0,0.0,2026-01-05T10:00:00+00:00,demo
ORD-101506,Delivered,06.09.2025,Sale to individual,1360.8,5600.0,4239.2,5600.0,Transferred,840.0,280.0,56.0,28.0,44.8,112.0,0.0,0.0,0.0,2026-01-05T10:00:00+00:00,demo
ORD-101507,Delivered,06.09.2025,Sale to individual,2003.42,8244.5,6241.08,8244.5,Transferred,1236.67,412.23,82.45,41.22,65.96,164.89,0.0,0.0,0.0,2026-01-05T10:00:00+00:00,demo
ORD-101508,Delivered,06.09.2025,Sale to individual,1667.34,6861.5,5194.16,6861.5,Transferred,1029.22,343.08,68.61,34.31,54.89,137.23,0.0,0.0,0.0,2026-01-05T10:00:00+00:00,demo
ORD-101509,Delivered,07.09.2025,Sale to individual,396.09,1630.0,1233.91,1630.0,Transferred,244.5,81.5,16.3,8.15,13.04,32.6,0.0,0.0,0.0,2026-01-05T10:00:00+00:00,demo
ORD-101510,Delivered,08.09.2025,Sale to individual,547.12,2251.5,1704.38,2251.5,Transferred,337.72,112.58,22.52,11.26,18.01,45.03,0.0,0.0,0.0,2026-01-05T10:00:00+00:00,demo
ORD-101511,Delivered,08.09.2025,Sale to individual,646.38,2660.0,2013.62,2660.0,Transferred,399.0,133.0,26.6,13.3,21.28,53.2,0.0,0.0,0.0,2026-01-05T10:00:00+00:00,demo
ORD-101512,Delivered,08.09.2025,Sale to individual,1120.23,4610.0,3489.77,4610.0,Transferred,691.5,230.5,46.1,23.05,36.88,92.2,0.0,0.0,0.0,2026-01-05T10:00:00+00:00,demo
ORD-101513,Delivered,08.09.2025,Sale to individual,1542.81,6349.0,4806.19,6349.0,Transferred,952.35,317.45,63.49,31.75,50.79,126.98,0.0,0.0,0.0,2026-01-05T10:00:00+00:00,demo
ORD-101514,Delivered,08.09.2025,Sale to individual,3296.05,13564.0,10267.95,13564.0,Transferred,2034.6,678.2,135.64,67.82,108.51,271.28,0.0,0.0,0.0,2026-01-05T10:00:00+00:00,demo
ORD-101515,Delivered,08.09.2025,Sale to individual,2864.12,11786.5,8922.38,11786.5,Transferred,1767.97,589.33,117.87,58.93,94.29,235.73,0.0,0.0,0.0,2026-01-05T10:00:00+00:00,demo
ORD-101517,Delivered,09.09.2025,Sale to individual,1768.8,7279.0,5510.2,7279.0,Transferred,1091.85,363.95,72.79,36.4,58.23,145.58,0.0,0.0,0.0,2026-01-05T10:00:00+00:00,demo
ORD-101518,Delivered,09.09.2025,Sale to individual,1178.55,4850.0,3671.45,4850.0,Transferred,727.5,242.5,48.5,24.25,38.8,97.0,0.0,0.0,0.0,2026-01-05T10:00:00+00:00,demo
ORD-101519,Delivered,09.09.2025,Sale to individual,1004.56,4134.0,3129.44,4134.0,Transferred,620.1,206.7,41.34,20.67,33.07,82.68,0.0,0.0,0.0,2026-01-05T10:00:00+00:00,demo
ORD-101520,Delivered,09.09.2025,Sale to individual,452.35,1861.5,1409.15,1861.5,Transferred,279.22,93.08,18.62,9.31,14.89,37.23,0.0,0.0,0.0,2026-01-05T10:00:00+00:00,demo
ORD-101521,Delivered,09.09.2025,Sale to individual,1072.97,4415.5,3342.53,4415.5,Transferred,662.32,220.78,44.16,22.08,35.32,88.31,0.0,0.0,0.0,2026-01-05T10:00:00+00:00,demo
ORD-101522,Delivered,09.09.2025,Sale to individual,1762.24,7252.0,5489.76,7252.0,Transferred,1087.8,362.6,72.52,36.26,58.02,145.04,0.0,0.0,0.0,2026-01-05T10:00:00+00:00,demo
ORD-101523,Delivered,09.09.2025,Sale to individual,575.91,2370.0,1794.09,2370.0,Transferred,355.5,118.5,23.7,11.85,18.96,47.4,0.0,0.0,0.0,2026-01-05T10:00:00+00:00,demo
ORD-101524,Delivered,11.09.2025,Sale to individual,443.96,1827.0,1383.04,1827.0,Transferred,274.05,91.35,18.27,9.13,14.62,36.54,0.0,0.0,0.0,2026-01-05T10:00:00+00:00,demo
ORD-101525,Delivered,11.09.2025,Sale to individual,2957.31,12170.0,9212.69,12170.0,Transferred,1825.5,608.5,121.7,60.85,97.36,243.4,0.0,0.0,0.0,2026-01-05T10:00:00+00:00,demo
ORD-101526,Delivered,11.09.2025,Sale to individual,1824.93,7510.0,5685.07,7510.0,Transferred,1126.5,375.5,75.1,37.55,60.08,150.2,0.0,0.0,0.0,2026-01-05T10:00:00+00:00,demo
ORD-101527,Delivered,11.09.2025,Sale to individual,4107.67,16904.0,12796.33,16904.0,Transferred,2535.6,845.2,169.04,84.52,135.23,338.08,0.0,0.0,0.0,2026-01-05T10:00:00+00:00,demo
ORD-101528,Full return accepted at warehouse,11.09.2025,Sale to individual,4004.89,16481.0,12476.11,16481.0,Transferred,2472.15,824.05,164.81,82.41,131.85,329.62,0.0,0.0,0.0,2026-01-05T10:00:00+00:00,demo
ORD-101529,Delivered,11.09.2025,Sale to individual,816.48,3360.0,2543.52,3360.0,Transferred,504.0,168.0,33.6,16.8,26.88,67.2,0.0,0.0,0.0,2026-01-05T10:00:00+00:00,demo
ORD-101530,Delivered,12.09.2025,Sale to individual,387.83,1596.0,1208.17,1596.0,Transferred,239.4,79.8,15.96,7.98,12.77,31.92,0.0,0.0,0.0,2026-01-05T10:00:00+00:00,demo
ORD-101531,Delivered,12.09.2025,Sale to individual,1455.57,5990.0,4534.43,5990.0,Transferred,898.5,299.5,59.9,29.95,47.92,119.8,0.0,0.0,0.0,2026-01-05T10:00:00+00:00,demo
ORD-101533,Delivered,12.09.2025,Sale to individual,1591.4,6549.0,4957.6,6549.0,Transferred,982.35,327.45,65.49,32.74,52.39,130.98,0.0,0.0,0.0,2026-01-05T10:00:00+00:00,demo
ORD-101535,Delivered,13.09.2025,Sale to individual,1292.76,5320.0,4027.24,5320.0,Transferred,798.0,266.0,53.2,26.6,42.56,106.4,0.0,0.0,0.0,2026-01-05T10:00:00+00:00,demo
ORD-101536,Delivered,13.09.2025,Sale to individual,3970.62,16340.0,12369.38,16340.0,Transferred,2451.0,817.0,163.4,81.7,130.72,326.8,0.0,0.0,0.0,2026-01-05T10:00:00+00:00,demo
ORD-101537,Delivered,13.09.2025,Sale to individual,780.03,3210.0,2429.97,3210.0,Transferred,481.5,160.5,32.1,16.05,25.68,64.2,0.0,0.0,0.0,2026-01-05T10:00:00+00:00,demo
ORD-101538,Delivered,13.09.2025,Sale to individual,912.96,3757.0,2844.04,3757.0,Transferred,563.55,187.85,37.57,18.79,30.06,75.14,0.0,0.0,0.0,2026-01-05T10:00:00+00:00,demo
ORD-101539,Delivered,13.09.2025,Sale to individual,1438.81,5921.0,4482.19,5921.0,Transferred,888.15,296.05,59.21,29.61,47.37,118.42,0.0,0.0,0.0,2026-01-05T10:00:00+00:00,demo
ORD-101540,Delivered,13.09.2025,Sale to individual,505.55,2080.5,1574.95,2080.5,Transferred,312.07,104.03,20.8,10.4,16.64,41.61,0.0,0.0,0.0,2026-01-05T10:00:00+00:00,demo
ORD-101541,Delivered,14.09.2025,Sale to individual,487.11,2004.5,1517.39,2004.5,Transferred,300.68,100.23,20.05,10.02,16.04,40.09,0.0,0.0,0.0,2026-01-05T10:00:00+00:00,demo
ORD-101542,Delivered,14.09.2025,Sale to individual,2359.29,9709.0,7349.71,9709.0,Transferred,1456.35,485.45,97.09,48.55,77.67,194.18,0.0,0.0,0.0,2026-01-05T10:00:00+00:00,demo
ORD-101543,Delivered,14.09.2025,Sale to individual,549.42,2261.0,1711.58,2261.0,Transferred,339.15,113.05,22.61,11.3,18.09,45.22,0.0,0.0,0.0,2026-01-05T10:00:00+00:00,demo
ORD-101544,Delivered,14.09.2025,Sale to individual,336.68,1385.5,1048.82,1385.5,Transferred,207.82,69.28,13.86,6.93,11.08,27.71,0.0,0.0,0.0,2026-01-05T10:00:00+00:00,demo
ORD-101545,Delivered,15.09.2025,Sale to individual,1305.16,5371.0,4065.84,5371.0,Transferred,805.65,268.55,53.71,26.86,42.97,107.42,0.0,0.0,0.0,2026-01-05T10:00:00+00:00,demo
ORD-101546,Delivered,15.09.2025,Sale to individual,646.38,2660.0,2013.62,2660.0,Transferred,399.0,133.0,26.6,13.3,21.28,53.2,0.0,0.0,0.0,2026-01-05T10:00:00+00:00,demo
ORD-101547,Delivered,15.09.2025,Sale to individual,2494.64,10266.0,7771.36,10266.0,Transferred,1539.9,513.3,102.66,51.33,82.13,205.32,0.0,0.0,0.0,2026-01-05T10:00:00+00:00,demo
ORD-101549,Delivered,16.09.2025,Sale to individual,1641.22,6754.0,5112.78,6754.0,Transferred,1013.1,337.7,67.54,33.77,54.03,135.08,0.0,0.0,0.0,2026-01-05T10:00:00+00:00,demo
ORD-101550,Delivered,16.09.2025,Sale to individual,1151.82,4740.0,3588.18,4740.0,Transferred,711.0,237.0,47.4,23.7,37.92,94.8,0.0,0.0,0.0,2026-01-05T10:00:00+00:00,demo
ORD-101551,Delivered,16.09.2025,Sale to individual,2357.1,9700.0,7342.9,9700.0,Transferred,1455.0,485.0,97.0,48.5,77.6,194.0,0.0,0.0,0.0,2026-01-05T10:00:00+00:00,demo
ORD-101552,Delivered,16.09.2025,Sale to individual,680.4,2800.0,2119.6,2800.0,Transferred,420.0,140.0,28.0,14.0,22.4,56.0,0.0,0.0,0.0,2026-01-05T10:00:00+00:00,demo
ORD-101553,Delivered,16.09.2025,Sale to individual,2434.86,10020.0,7585.14,10020.0,Transferred,1503.0,501.0,100.2,50.1,80.16,200.4,0.0,0.0,0.0,2026-01-05T10:00:00+00:00,demo
ORD-101554,Delivered,16.09.2025,Sale to individual,1036.64,4266.0,3229.36,4266.0,Transferred,639.9,213.3,42.66,21.33,34.13,85.32,0.0,0.0,0.0,2026-01-05T10:00:00+00:00,demo
ORD-101555,Delivered,17.09.2025,Sale to individual,347.0,1428.0,1081.0,1428.0,Transferred,214.2,71.4,14.28,7.14,11.42,28.56,0.0,0.0,0.0,2026-01-05T10:00:00+00:00,demo
ORD-101556,Delivered,17.09.2025,Sale to individual,986.58,4060.0,3073.42,4060.0,Transferred,609.0,203.0,40.6,20.3,32.48,81.2,0.0,0.0,0.0,2026-01-05T10:00:00+00:00,demo
ORD-101557,Full return accepted at warehouse,17.09.2025,Sale to individual,473.85,1950.0,1476.15,1950.0,Transferred,292.5,97.5,19.5,9.75,15.6,39.0,0.0,0.0,0.0,2026-01-05T10:00:00+00:00,demo
ORD-101558,Delivered,17.09.2025,Sale to individual,437.4,1800.0,1362.6,1800.0,Transferred,270.0,90.0,18.0,9.0,14.4,36.0,0.0,0.0,0.0,2026-01-05T10:00:00+00:00,demo
ORD-101559,Delivered,17.09.2025,Sale to individual,794.36,3269.0,2474.64,3269.0,Transferred,490.35,163.45,32.69,16.34,26.15,65.38,0.0,0.0,0.0,2026-01-05T10:00:00+00:00,demo
ORD-101560,Delivered,17.09.2025,Sale to individual,646.38,2660.0,2013.62,2660.0,Transferred,399.0,133.0,26.6,13.3,21.28,53.2,0.0,0.0,0.0,2026-01-05T10:00:00+00:00,demo
ORD-101561,Delivered,18.09.2025,Sale to individual,437.4,1800.0,1362.6,1800.0,Transferred,270.0,90.0,18.0,9.0,14.4,36.0,0.0,0.0,0.0,2026-01-05T10:00:00+00:00,demo
ORD-101562,Delivered,18.09.2025,Sale to individual,2128.44,8759.0,6630.56,8759.0,Transferred,1313.85,437.95,87.59,43.8,70.07,175.18,0.0,0.0,0.0,2026-01-05T10:00:00+00:00,demo
ORD-101564,Delivered,18.09.2025,Sale to individual,437.4,1800.0,1362.6,1800.0,Transferred,270.0,90.0,18.0,9.0,14.4,36.0,0.0,0.0,0.0,2026-01-05T10:00:00+00:00,demo
ORD-101565,Delivered,18.09.2025,Sale to individual,1685.21,6935.0,5249.79,6935.0,Transferred,1040.25,346.75,69.35,34.68,55.48,138.7,0.0,0.0,0.0,2026-01-05T10:00:00+00:00,demo
ORD-101566,Delivered,19.09.2025,Sale to individual,1149.03,4728.5,3579.47,4728.5,Transferred,709.27,236.43,47.29,23.64,37.83,94.57,0.0,0.0,0.0,2026-01-05T10:00:00+00:00,demo
ORD-101567,Delivered,19.09.2025,Sale to individual,2085.43,8582.0,6496.57,8582.0,Transferred,1287.3,429.1,85.82,42.91,68.66,171.64,0.0,0.0,0.0,2026-01-05T10:00:00+00:00,demo
ORD-101568,Delivered,19.09.2025,Sale to individual,443.96,1827.0,1383.04,1827.0,Transferred,274.05,91.35,18.27,9.13,14.62,36.54,0.0,0.0,0.0,2026-01-05T10:00:00+00:00,demo
ORD-101569,Delivered,20.09.2025,Sale to individual,297.43,1224.0,926.57,1224.0,Transferred,183.6,61.2,12.24,6.12,9.79,24.48,0.0,0.0,0.0,2026-01-05T10:00:00+00:00,demo
ORD-101570,Delivered,20.09.2025,Sale to individual,408.24,1680.0,1271.76,1680.0,Transferred,252.0,84.0,16.8,8.4,13.44,33.6,0.0,0.0,0.0,2026-01-05T10:00:00+00:00,demo
ORD-101571,Delivered,20.09.2025,Sale to individual,415.53,1710.0,1294.47,1710.0,Transferred,256.5,85.5,17.1,8.55,13.68,34.2,0.0,0.0,0.0,2026-01-05T10:00:00+00:00,demo
ORD-101572,Delivered,20.09.2025,Sale to individual,588.31,2421.0,1832.69,2421.0,Transferred,363.15,121.05,24.21,12.11,19.37,48.42,0.0,0.0,0.0,2026-01-05T10:00:00+00:00,demo
ORD-101573,Delivered,20.09.2025,Sale to individual,1107.84,4559.0,3451.16,4559.0,Transferred,683.85,227.95,45.59,22.8,36.47,91.18,0.0,0.0,0.0,2026-01-05T10:00:00+00:00,demo
ORD-101574,Delivered,20.09.2025,Sale to individual,1969.76,8106.0,6136.24,8106.0,Transferred,1215.9,405.3,81.06,40.53,64.85,162.12,0.0,0.0,0.0,2026-01-05T10:00:00+00:00,demo
ORD-101575,Delivered,20.09.2025,Sale to individual,1090.58,4488.0,3397.42,4488.0,Transferred,673.2,224.4,44.88,22.44,35.9,89.76,0.0,0.0,0.0,2026-01-05T10:00:00+00:00,demo
ORD-101576,Delivered,20.09.2025,Sale to individual,836.89,3444.0,2607.11,3444.0,Transferred,516.6,172.2,34.44,17.22,27.55,68.88,0.0,0.0,0.0,2026-01-05T10:00:00+00:00,demo
ORD-101577,Delivered,20.09.2025,Sale to individual,419.29,1725.5,1306.21,1725.5,Transferred,258.82,86.28,17.25,8.63,13.8,34.51,0.0,0.0,0.0,2026-01-05T10:00:00+00:00,demo
ORD-101578,Delivered,21.09.2025,Sale to individual,1413.4,5816.5,4403.1,5816.5,Transferred,872.48,290.82,58.16,29.08,46.53,116.33,0.0,0.0,0.0,2026-01-05T10:00:00+00:00,demo
ORD-101579,Delivered,21.09.2025,Sale to individual,2169.99,8930.0,6760.01,8930.0,Transferred,1339.5,446.5,89.3,44.65,71.44,178.6,0.0,0.0,0.0,2026-01-05T10:00:00+00:00,demo
ORD-101581,Delivered,21.09.2025,Sale to individual,646.38,2660.0,2013.62,2660.0,Transferred,399.0,133.0,26.6,13.3,21.28,53.2,0.0,0.0,0.0,2026-01-05T10:00:00+00:00,demo
ORD-101582,Delivered,21.09.2025,Sale to individual,860.71,3542.0,2681.29,3542.0,Transferred,531.3,177.1,35.42,17.71,28.34,70.84,0.0,0.0,0.0,2026-01-05T10:00:00+00:00,demo
ORD-101583,Delivered,21.09.2025,Sale to individual,1176.61,4842.0,3665.39,4842.0,Transferred,726.3,242.1,48.42,24.21,38.74,96.84,0.0,0.0,0.0,2026-01-05T10:00:00+00:00,demo
ORD-101584,Delivered,22.09.2025,Sale to individual,2027.59,8344.0,6316.41,8344.0,Transferred,1251.6,417.2,83.44,41.72,66.75,166.88,0.0,0.0,0.0,2026-01-05T10:00:00+00:00,demo
ORD-101585,Delivered,22.09.2025,Sale to individual,680.4,2800.0,2119.6,2800.0,Transferred,420.0,140.0,28.0,14.0,22.4,56.0,0.0,0.0,0.0,2026-01-05T10:00:00+00:00,demo
ORD-101586,Delivered,22.09.2025,Sale to individual,489.53,2014.5,1524.97,2014.5,Transferred,302.18,100.73,20.14,10.07,16.12,40.29,0.0,0.0,0.0,2026-01-05T10:00:00+00:00,demo
ORD-101587,Delivered,22.09.2025,Sale to individual,734.83,3024.0,2289.17,3024.0,Transferred,453.6,151.2,30.24,15.12,24.19,60.48,0.0,0.0,0.0,2026-01-05T10:00:00+00:00,demo
ORD-101588,Delivered,22.09.2025,Sale to individual,4631.58,19060.0,14428.42,19060.0,Transferred,2859.0,953.0,190.6,95.3,152.48,381.2,0.0,0.0,0.0,2026-01-05T10:00:00+00:00,demo
ORD-101589,Delivered,22.09.2025,Sale to individual,2360.39,9713.5,7353.11,9713.5,Transferred,1457.02,485.68,97.14,48.57,77.71,194.27,0.0,0.0,0.0,2026-01-05T10:00:00+00:00,demo
ORD-101590,Delivered,22.09.2025,Sale to individual,1326.78,5460.0,4133.22,5460.0,Transferred,819.0,273.0,54.6,27.3,43.68,109.2,0.0,0.0,0.0,2026-01-05T10:00:00+00:00,demo
ORD-101592,Delivered,23.09.2025,Sale to individual,646.38,2660.0,2013.62,2660.0,Transferred,399.0,133.0,26.6,13.3,21.28,53.2,0.0,0.0,0.0,2026-01-05T10:00:00+00:00,demo
ORD-101593,Delivered,23.09.2025,Sale to individual,452.47,1862.0,1409.53,1862.0,Transferred,279.3,93.1,18.62,9.31,14.9,37.24,0.0,0.0,0.0,2026-01-05T10:00:00+00:00,demo
ORD-101594,Delivered,23.09.2025,Sale to individual,646.38,2660.0,2013.62,2660.0,Transferred,399.0,133.0,26.6,13.3,21.28,53.2,0.0,0.0,0.0,2026-01-05T10:00:00+00:00,demo
ORD-101595,Delivered,23.09.2025,Sale to individual,877.35,3610.5,2733.15,3610.5,Transferred,541.57,180.53,36.11,18.05,28.88,72.21,0.0,0.0,0.0,2026-01-05T10:00:00+00:00,demo
ORD-101597,Delivered,24.09.2025,Sale to individual,1940.97,7987.5,6046.53,7987.5,Transferred,1198.12,399.38,79.88,39.94,63.9,159.75,0.0,0.0,0.0,2026-01-05T10:00:00+00:00,demo
ORD-101598,Delivered,24.09.2025,Sale to individual,1382.79,5690.5,4307.71,5690.5,Transferred,853.57,284.53,56.91,28.45,45.52,113.81,0.0,0.0,0.0,2026-01-05T10:00:00+00:00,demo
ORD-101599,Delivered,24.09.2025,Sale to individual,396.09,1630.0,1233.91,1630.0,Transferred,244.5,81.5,16.3,8.15,13.04,32.6,0.0,0.0,0.0,2026-01-05T10:00:00+00:00,demo
ORD-101600,Delivered,24.09.2025,Sale to individual,549.42,2261.0,1711.58,2261.0,Transferred,339.15,113.05,22.61,11.3,18.09,45.22,0.0,0.0,0.0,2026-01-05T10:00:00+00:00,demo
ORD-101601,Delivered,24.09.2025,Sale to individual,1472.58,6060.0,4587.42,6060.0,Transferred,909.0,303.0,60.6,30.3,48.48,121.2,0.0,0.0,0.0,2026-01-05T10:00:00+00:00,demo
ORD-101602,Delivered,24.09.2025,Sale to individual,1742.31,7170.0,5427.69,7170.0,Transferred,1075.5,358.5,71.7,35.85,57.36,143.4,0.0,0.0,0.0,2026-01-05T10:00:00+00:00,demo
ORD-101603,Delivered,24.09.2025,Sale to individual,231.34,952.0,720.66,952.0,Transferred,142.8,47.6,9.52,4.76,7.62,19.04,0.0,0.0,0.0,2026-01-05T10:00:00+00:00,demo
ORD-101604,Delivered,25.09.2025,Sale to individual,2189.07,9008.5,6819.43,9008.5,Transferred,1351.27,450.43,90.09,45.04,72.07,180.17,0.0,0.0,0.0,2026-01-05T10:00:00+00:00,demo
ORD-101605,Delivered,25.09.2025,Sale to individual,985.01,4053.5,3068.49,4053.5,Transferred,608.02,202.68,40.54,20.27,32.43,81.07,0.0,0.0,0.0,2026-01-05T10:00:00+00:00,demo
ORD-101606,Delivered,25.09.2025,Sale to individual,468.63,1928.5,1459.87,1928.5,Transferred,289.27,96.43,19.29,9.64,15.43,38.57,0.0,0.0,0.0,2026-01-05T10:00:00+00:00,demo
ORD-101607,Delivered,25.09.2025,Sale to individual,2744.93,11296.0,8551.07,11296.0,Transferred,1694.4,564.8,112.96,56.48,90.37,225.92,0.0,0.0,0.0,2026-01-05T10:00:00+00:00,demo
ORD-101608,Delivered,25.09.2025,Sale to individual,371.79,1530.0,1158.21,1530.0,Transferred,229.5,76.5,15.3,7.65,12.24,30.6,0.0,0.0,0.0,2026-01-05T10:00:00+00:00,demo
ORD-101609,Delivered,25.09.2025,Sale to individual,2422.22,9968.0,7545.78,9968.0,Transferred,1495.2,498.4,99.68,49.84,79.74,199.36,0.0,0.0,0.0,2026-01-05T10:00:00+00:00,demo
ORD-101610,Delivered,25.09.2025,Sale to individual,646.38,2660.0,2013.62,2660.0,Transferred,399.0,133.0,26.6,13.3,21.28,53.2,0.0,0.0,0.0,2026-01-05T10:00:00+00:00,demo
ORD-101611,Delivered,25.09.2025,Sale to individual,726.57,2990.0,2263.43,2990.0,Transferred,448.5,149.5,29.9,14.95,23.92,59.8,0.0,0.0,0.0,2026-01-05T10:00:00+00:00,demo
ORD-101612,Delivered,26.09.2025,Sale to individual,473.85,1950.0,1476.15,1950.0,Transferred,292.5,97.5,19.5,9.75,15.6,39.0,0.0,0.0,0.0,2026-01-05T10:00:00+00:00,demo
ORD-101613,Delivered,26.09.2025,Sale to individual,592.92,2440.0,1847.08,2440.0,Transferred,366.0,122.0,24.4,12.2,19.52,48.8,0.0,0.0,0.0,2026-01-05T10:00:00+00:00,demo
ORD-101615,Delivered,26.09.2025,Sale to individual,3054.51,12570.0,9515.49,12570.0,Transferred,1885.5,628.5,125.7,62.85,100.56,251.4,0.0,0.0,0.0,2026-01-05T10:00:00+00:00,demo
ORD-101616,Delivered,26.09.2025,Sale to individual,415.53,1710.0,1294.47,1710.0,Transferred,256.5,85.5,17.1,8.55,13.68,34.2,0.0,0.0,0.0,2026-01-05T10:00:00+00:00,demo
ORD-101617,Delivered,26.09.2025,Sale to individual,244.94,1008.0,763.06,1008.0,Transferred,151.2,50.4,10.08,5.04,8.06,20.16,0.0,0.0,0.0,2026-01-05T10:00:00+00:00,demo
ORD-101618,Delivered,27.09.2025,Sale to individual,260.26,1071.0,810.74,1071.0,Transferred,160.65,53.55,10.71,5.36,8.57,21.42,0.0,0.0,0.0,2026-01-05T10:00:00+00:00,demo
ORD-101619,Delivered,27.09.2025,Sale to individual,437.4,1800.0,1362.6,1800.0,Transferred,270.0,90.0,18.0,9.0,14.4,36.0,0.0,0.0,0.0,2026-01-05T10:00:00+00:00,demo
ORD-101621,Delivered,27.09.2025,Sale to individual,396.09,1630.0,1233.91,1630.0,Transferred,244.5,81.5,16.3,8.15,13.04,32.6,0.0,0.0,0.0,2026-01-05T10:00:00+00:00,demo
ORD-101622,Delivered,27.09.2025,Sale to individual,1783.86,7341.0,5557.14,7341.0,Transferred,1101.15,367.05,73.41,36.7,58.73,146.82,0.0,0.0,0.0,2026-01-05T10:00:00+00:00,demo
ORD-101623,Delivered,27.09.2025,Sale to individual,1015.74,4180.0,3164.26,4180.0,Transferred,627.0,209.0,41.8,20.9,33.44,83.6,0.0,0.0,0.0,2026-01-05T10:00:00+00:00,demo
ORD-101624,Delivered,27.09.2025,Sale to individual,2383.11,9807.0,7423.89,9807.0,Transferred,1471.05,490.35,98.07,49.04,78.46,196.14,0.0,0.0,0.0,2026-01-05T10:00:00+00:00,demo
ORD-101625,Delivered,27.09.2025,Sale to individual,1246.84,5131.0,3884.16,5131.0,Transferred,769.65,256.55,51.31,25.66,41.05,102.62,0.0,0.0,0.0,2026-01-05T10:00:00+00:00,demo
ORD-101626,Delivered,28.09.2025,Sale to individual,1176.61,4842.0,3665.39,4842.0,Transferred,726.3,242.1,48.42,24.21,38.74,96.84,0.0,0.0,0.0,2026-01-05T10:00:00+00:00,demo
ORD-101627,Delivered,28.09.2025,Sale to individual,1471.86,6057.0,4585.14,6057.0,Transferred,908.55,302.85,60.57,30.29,48.46,121.14,0.0,0.0,0.0,2026-01-05T10:00:00+00:00,demo
ORD-101628,Delivered,28.09.2025,Sale to individual,986.58,4060.0,3073.42,4060.0,Transferred,609.0,203.0,40.6,20.3,32.48,81.2,0.0,0.0,0.0,2026-01-05T10:00:00+00:00,demo
ORD-101630,Delivered,29.09.2025,Sale to individual,3033.36,12483.0,9449.64,12483.0,Transferred,1872.45,624.15,124.83,62.41,99.86,249.66,0.0,0.0,0.0,2026-01-05T10:00:00+00:00,demo
ORD-101631,Delivered,29.09.2025,Sale to individual,1842.19,7581.0,5738.81,7581.0,Transferred,1137.15,379.05,75.81,37.91,60.65,151.62,0.0,0.0,0.0,2026-01-05T10:00:00+00:00,demo
ORD-101632,Delivered,29.09.2025,Sale to individual,702.27,2890.0,2187.73,2890.0,Transferred,433.5,144.5,28.9,14.45,23.12,57.8,0.0,0.0,0.0,2026-01-05T10:00:00+00:00,demo
ORD-101633,Delivered,30.09.2025,Sale to individual,1626.53,6693.5,5066.97,6693.5,Transferred,1004.02,334.68,66.94,33.47,53.55,133.87,0.0,0.0,0.0,2026-01-05T10:00:00+00:00,demo
ORD-101634,Delivered,30.09.2025,Sale to individual,347.0,1428.0,1081.0,1428.0,Transferred,214.2,71.4,14.28,7.14,11.42,28.56,0.0,0.0,0.0,2026-01-05T10:00:00+00:00,demo
ORD-101635,Delivered,01.10.2025,Sale to individual,1635.39,6730.0,5094.61,6730.0,Transferred,1009.5,336.5,67.3,33.65,53.84,134.6,0.0,0.0,0.0,2026-01-05T10:00:00+00:00,demo
ORD-101636,Delivered,02.10.2025,Sale to individual,1538.8,6332.5,4793.7,6332.5,Transferred,949.88,316.62,63.33,31.66,50.66,126.65,0.0,0.0,0.0,2026-01-05T10:00:00+00:00,demo
ORD-101637,Delivered,02.10.2025,Sale to individual,833.49,3430.0,2596.51,3430.0,Transferred,514.5,171.5,34.3,17.15,27.44,68.6,0.0,0.0,0.0,2026-01-05T10:00:00+00:00,demo
ORD-101638,Delivered,02.10.2025,Sale to individual,912.96,3757.0,2844.04,3757.0,Transferred,563.55,187.85,37.57,18.79,30.06,75.14,0.0,0.0,0.0,2026-01-05T10:00:00+00:00,demo
ORD-101639,Delivered,02.10.2025,Sale to individual,272.16,1120.0,847.84,1120.0,Transferred,168.0,56.0,11.2,5.6,8.96,22.4,0.0,0.0,0.0,2026-01-05T10:00:00+00:00,demo
ORD-101640,Delivered,02.10.2025,Sale to individual,555.62,2286.5,1730.88,2286.5,Transferred,342.97,114.33,22.87,11.43,18.29,45.73,0.0,0.0,0.0,2026-01-05T10:00:00+00:00,demo
ORD-101641,Delivered,02.10.2025,Sale to individual,1553.63,6393.5,4839.87,6393.5,Transferred,959.02,319.68,63.94,31.97,51.15,127.87,0.0,0.0,0.0,2026-01-05T10:00:00+00:00,demo
ORD-101642,Delivered,03.10.2025,Sale to individual,1547.05,6366.5,4819.45,6366.5,Transferred,954.97,318.33,63.66,31.83,50.93,127.33,0.0,0.0,0.0,2026-01-05T10:00:00+00:00,demo
ORD-101643,Full return accepted at warehouse,03.10.2025,Sale to individual,505.55,2080.5,1574.95,2080.5,Transferred,312.07,104.03,20.8,10.4,16.64,41.61,0.0,0.0,0.0,2026-01-05T10:00:00+00:00,demo
ORD-101644,Delivered,03.10.2025,Sale to individual,1554.71,6398.0,4843.29,6398.0,Transferred,959.7,319.9,63.98,31.99,51.18,127.96,0.0,0.0,0.0,2026-01-05T10:00:00+00:00,demo
ORD-101645,Delivered,04.10.2025,Sale to individual,393.66,1620.0,1226.34,1620.0,Transferred,243.0,81.0,16.2,8.1,12.96,32.4,0.0,0.0,0.0,2026-01-05T10:00:00+00:00,demo
ORD-101646,Delivered,04.10.2025,Sale to individual,1706.11,7021.0,5314.89,7021.0,Transferred,1053.15,351.05,70.21,35.11,56.17,140.42,0.0,0.0,0.0,2026-01-05T10:00:00+00:00,demo
ORD-101647,Delivered,04.10.2025,Sale to individual,1178.55,4850.0,3671.45,4850.0,Transferred,727.5,242.5,48.5,24.25,38.8,97.0,0.0,0.0,0.0,2026-01-05T10:00:00+00:00,demo
ORD-101648,Delivered,04.10.2025,Sale to individual,1472.58,6060.0,4587.42,6060.0,Transferred,909.0,303.0,60.6,30.3,48.48,121.2,0.0,0.0,0.0,2026-01-05T10:00:00+00:00,demo
ORD-101649,Delivered,04.10.2025,Sale to individual,547.12,2251.5,1704.38,2251.5,Transferred,337.72,112.58,22.52,11.26,18.01,45.03,0.0,0.0,0.0,2026-01-05T10:00:00+00:00,demo
ORD-101650,Delivered,04.10.2025,Sale to individual,1730.16,7120.0,5389.84,7120.0,Transferred,1068.0,356.0,71.2,35.6,56.96,142.4,0.0,0.0,0.0,2026-01-05T10:00:00+00:00,demo
ORD-101651,Delivered,05.10.2025,Sale to individual,505.55,2080.5,1574.95,2080.5,Transferred,312.07,104.03,20.8,10.4,16.64,41.61,0.0,0.0,0.0,2026-01-05T10:00:00+00:00,demo
ORD-101652,Delivered,05.10.2025,Sale to individual,3014.66,12406.0,9391.34,12406.0,Transferred,1860.9,620.3,124.06,62.03,99.25,248.12,0.0,0.0,0.0,2026-01-05T10:00:00+00:00,demo
ORD-101653,Delivered,05.10.2025,Sale to individual,581.74,2394.0,1812.26,2394.0,Transferred,359.1,119.7,23.94,11.97,19.15,47.88,0.0,0.0,0.0,2026-01-05T10:00:00+00:00,demo
ORD-101654,Delivered,06.10.2025,Sale to individual,347.0,1428.0,1081.0,1428.0,Transferred,214.2,71.4,14.28,7.14,11.42,28.56,0.0,0.0,0.0,2026-01-05T10:00:00+00:00,demo
ORD-101655,Delivered,07.10.2025,Sale to individual,3952.28,16264.5,12312.22,16264.5,Transferred,2439.67,813.23,162.65,81.32,130.12,325.29,0.0,0.0,0.0,2026-01-05T10:00:00+00:00,demo
ORD-101658,Delivered,07.10.2025,Sale to individual,2313.0,9518.5,7205.5,9518.5,Transferred,1427.77,475.93,95.19,47.59,76.15,190.37,0.0,0.0,0.0,2026-01-05T10:00:00+00:00,demo
ORD-101660,Delivered,07.10.2025,Sale to individual,1776.33,7310.0,5533.67,7310.0,Transferred,1096.5,365.5,73.1,36.55,58.48,146.2,0.0,0.0,0.0,2026-01-05T10:00:00+00:00,demo
ORD-101661,Delivered,08.10.2025,Sale to individual,986.58,4060.0,3073.42,4060.0,Transferred,609.0,203.0,40.6,20.3,32.48,81.2,0.0,0.0,0.0,2026-01-05T10:00:00+00:00,demo
ORD-101662,Delivered,08.10.2025,Sale to individual,1292.76,5320.0,4027.24,5320.0,Transferred,798.0,266.0,53.2,26.6,42.56,106.4,0.0,0.0,0.0,2026-01-05T10:00:00+00:00,demo
ORD-101663,Delivered,08.10.2025,Sale to individual,512.73,2110.0,1597.27,2110.0,Transferred,316.5,105.5,21.1,10.55,16.88,42.2,0.0,0.0,0.0,2026-01-05T10:00:00+00:00,demo
ORD-101664,Delivered,08.10.2025,Sale to individual,816.48,3360.0,2543.52,3360.0,Transferred,504.0,168.0,33.6,16.8,26.88,67.2,0.0,0.0,0.0,2026-01-05T10:00:00+00:00,demo
ORD-101665,Full return accepted at warehouse,08.10.2025,Sale to individual,743.58,3060.0,2316.42,3060.0,Transferred,459.0,153.0,30.6,15.3,24.48,61.2,0.0,0.0,0.0,2026-01-05T10:00:00+00:00,demo
ORD-101666,Delivered,08.10.2025,Sale to individual,404.84,1666.0,1261.16,1666.0,Transferred,249.9,83.3,16.66,8.33,13.33,33.32,0.0,0.0,0.0,2026-01-05T10:00:00+00:00,demo
ORD-101667,Delivered,09.10.2025,Sale to individual,667.16,2745.5,2078.34,2745.5,Transferred,411.82,137.28,27.46,13.73,21.96,54.91,0.0,0.0,0.0,2026-01-05T10:00:00+00:00,demo
ORD-101668,Delivered,09.10.2025,Sale to individual,702.27,2890.0,2187.73,2890.0,Transferred,433.5,144.5,28.9,14.45,23.12,57.8,0.0,0.0,0.0,2026-01-05T10:00:00+00:00,demo
ORD-101669,Delivered,09.10.2025,Sale to individual,408.24,1680.0,1271.76,1680.0,Transferred,252.0,84.0,16.8,8.4,13.44,33.6,0.0,0.0,0.0,2026-01-05T10:00:00+00:00,demo
ORD-101670,Delivered,09.10.2025,Sale to individual,2677.61,11019.0,8341.39,11019.0,Transferred,1652.85,550.95,110.19,55.09,88.15,220.38,0.0,0.0,0.0,2026-01-05T10:00:00+00:00,demo
ORD-101671,Delivered,09.10.2025,Sale to individual,450.16,1852.5,1402.34,1852.5,Transferred,277.88,92.62,18.53,9.26,14.82,37.05,0.0,0.0,0.0,2026-01-05T10:00:00+00:00,demo
ORD-101672,Delivered,10.10.2025,Sale to individual,1635.39,6730.0,5094.61,6730.0,Transferred,1009.5,336.5,67.3,33.65,53.84,134.6,0.0,0.0,0.0,2026-01-05T10:00:00+00:00,demo
ORD-101673,Delivered,10.10.2025,Sale to individual,1922.85,7913.0,5990.15,7913.0,Transferred,1186.95,395.65,79.13,39.56,63.3,158.26,0.0,0.0,0.0,2026-01-05T10:00:00+00:00,demo
ORD-101674,Delivered,10.10.2025,Sale to individual,628.88,2588.0,1959.12,2588.0,Transferred,388.2,129.4,25.88,12.94,20.7,51.76,0.0,0.0,0.0,2026-01-05T10:00:00+00:00,demo
ORD-101675,Delivered,10.10.2025,Sale to individual,3074.2,12651.0,9576.8,12651.0,Transferred,1897.65,632.55,126.51,63.26,101.21,253.02,0.0,0.0,0.0,2026-01-05T10:00:00+00:00,demo
ORD-101676,Delivered,10.10.2025,Sale to individual,396.09,1630.0,1233.91,1630.0,Transferred,244.5,81.5,16.3,8.15,13.04,32.6,0.0,0.0,0.0,2026-01-05T10:00:00+00:00,demo
ORD-101677,Delivered,10.10.2025,Sale to individual,922.91,3798.0,2875.09,3798.0,Transferred,569.7,189.9,37.98,18.99,30.38,75.96,0.0,0.0,0.0,2026-01-05T10:00:00+00:00,demo
ORD-101678,Delivered,13.10.2025,Sale to individual,915.02,3765.5,2850.48,3765.5,Transferred,564.82,188.28,37.66,18.83,30.12,75.31,0.0,0.0,0.0,2026-01-05T10:00:00+00:00,demo
ORD-101679,Delivered,13.10.2025,Sale to individual,1292.76,5320.0,4027.24,5320.0,Transferred,798.0,266.0,53.2,26.6,42.56,106.4,0.0,0.0,0.0,2026-01-05T10:00:00+00:00,demo
ORD-101680,Delivered,13.10.2025,Sale to individual,2689.16,11066.5,8377.34,11066.5,Transferred,1659.97,553.33,110.67,55.33,88.53,221.33,0.0,0.0,0.0,2026-01-05T10:00:00+00:00,demo
ORD-101681,Full return accepted at warehouse,13.10.2025,Sale to individual,646.38,2660.0,2013.62,2660.0,Transferred,399.0,133.0,26.6,13.3,21.28,53.2,0.0,0.0,0.0,2026-01-05T10:00:00+00:00,demo
ORD-101683,Delivered,14.10.2025,Sale to individual,1360.8,5600.0,4239.2,5600.0,Transferred,840.0,280.0,56.0,28.0,44.8,112.0,0.0,0.0,0.0,2026-01-05T10:00:00+00:00,demo
ORD-101684,Delivered,14.10.2025,Sale to individual,1050.49,4323.0,3272.51,4323.0,Transferred,648.45,216.15,43.23,21.62,34.58,86.46,0.0,0.0,0.0,2026-01-05T10:00:00+00:00,demo
ORD-101685,Delivered,14.10.2025,Sale to individual,1635.39,6730.0,5094.61,6730.0,Transferred,1009.5,336.5,67.3,33.65,53.84,134.6,0.0,0.0,0.0,2026-01-05T10:00:00+00:00,demo
ORD-101686,Delivered,14.10.2025,Sale to individual,6036.36,24841.0,18804.64,24841.0,Transferred,3726.15,1242.05,248.41,124.2,198.73,496.82,0.0,0.0,0.0,2026-01-05T10:00:00+00:00,demo
ORD-101687,Delivered,14.10.2025,Sale to individual,1212.57,4990.0,3777.43,4990.0,Transferred,748.5,249.5,49.9,24.95,39.92,99.8,0.0,0.0,0.0,2026-01-05T10:00:00+00:00,demo
ORD-101689,Delivered,14.10.2025,Sale to individual,1647.05,6778.0,5130.95,6778.0,Transferred,1016.7,338.9,67.78,33.89,54.22,135.56,0.0,0.0,0.0,2026-01-05T10:00:00+00:00,demo
ORD-101690,Delivered,14.10.2025,Sale to individual,1472.58,6060.0,4587.42,6060.0,Transferred,909.0,303.0,60.6,30.3,48.48,121.2,0.0,0.0,0.0,2026-01-05T10:00:00+00:00,demo
ORD-101691,Delivered,15.10.2025,Sale to individual,1675.24,6894.0,5218.76,6894.0,Transferred,1034.1,344.7,68.94,34.47,55.15,137.88,0.0,0.0,0.0,2026-01-05T10:00:00+00:00,demo
ORD-101692,Delivered,15.10.2025,Sale to individual,1404.54,5780.0,4375.46,5780.0,Transferred,867.0,289.0,57.8,28.9,46.24,115.6,0.0,0.0,0.0,2026-01-05T10:00:00+00:00,demo
ORD-101693,Delivered,15.10.2025,Sale to individual,5561.05,22885.0,17323.95,22885.0,Transferred,3432.75,1144.25,228.85,114.42,183.08,457.7,0.0,0.0,0.0,2026-01-05T10:00:00+00:00,demo
ORD-101694,Delivered,16.10.2025,Sale to individual,900.32,3705.0,2804.68,3705.0,Transferred,555.75,185.25,37.05,18.53,29.64,74.1,0.0,0.0,0.0,2026-01-05T10:00:00+00:00,demo
ORD-101695,Delivered,16.10.2025,Sale to individual,493.29,2030.0,1536.71,2030.0,Transferred,304.5,101.5,20.3,10.15,16.24,40.6,0.0,0.0,0.0,2026-01-05T10:00:00+00:00,demo
ORD-101696,Delivered,17.10.2025,Sale to individual,614.06,2527.0,1912.94,2527.0,Transferred,379.05,126.35,25.27,12.63,20.22,50.54,0.0,0.0,0.0,2026-01-05T10:00:00+00:00,demo
ORD-101697,Delivered,17.10.2025,Sale to individual,2122.36,8734.0,6611.64,8734.0,Transferred,1310.1,436.7,87.34,43.67,69.87,174.68,0.0,0.0,0.0,2026-01-05T10:00:00+00:00,demo
ORD-101698,Delivered,17.10.2025,Sale to individual,3577.68,14723.0,11145.32,14723.0,Transferred,2208.45,736.15,147.23,73.61,117.78,294.46,0.0,0.0,0.0,2026-01-05T10:00:00+00:00,demo
ORD-101699,Delivered,17.10.2025,Sale to individual,393.66,1620.0,1226.34,1620.0,Transferred,243.0,81.0,16.2,8.1,12.96,32.4,0.0,0.0,0.0,2026-01-05T10:00:00+00:00,demo
ORD-101700,Delivered,17.10.2025,Sale to individual,1496.52,6158.5,4661.98,6158.5,Transferred,923.77,307.93,61.59,30.79,49.27,123.17,0.0,0.0,0.0,2026-01-05T10:00:00+00:00,demo
ORD-101701,Delivered,17.10.2025,Sale to individual,1179.65,4854.5,3674.85,4854.5,Transferred,728.17,242.73,48.55,24.27,38.84,97.09,0.0,0.0,0.0,2026-01-05T10:00:00+00:00,demo
ORD-101702,Delivered,17.10.2025,Sale to individual,1674.51,6891.0,5216.49,6891.0,Transferred,1033.65,344.55,68.91,34.45,55.13,137.82,0.0,0.0,0.0,2026-01-05T10:00:00+00:00,demo
ORD-101703,Delivered,18.10.2025,Sale to individual,1635.51,6730.5,5094.99,6730.5,Transferred,1009.57,336.53,67.31,33.65,53.84,134.61,0.0,0.0,0.0,2026-01-05T10:00:00+00:00,demo
ORD-101704,Full return accepted at warehouse,19.10.2025,Sale to individual,367.42,1512.0,1144.58,1512.0,Transferred,226.8,75.6,15.12,7.56,12.1,30.24,0.0,0.0,0.0,2026-01-05T10:00:00+00:00,demo
ORD-101705,Full return accepted at warehouse,20.10.2025,Sale to individual,1001.77,4122.5,3120.73,4122.5,Transferred,618.38,206.12,41.23,20.61,32.98,82.45,0.0,0.0,0.0,2026-01-05T10:00:00+00:00,demo
ORD-101706,Delivered,20.10.2025,Sale to individual,435.82,1793.5,1357.68,1793.5,Transferred,269.02,89.68,17.93,8.97,14.35,35.87,0.0,0.0,0.0,2026-01-05T10:00:00+00:00,demo
ORD-101707,Delivered,20.10.2025,Sale to individual,3448.17,14190.0,10741.83,14190.0,Transferred,2128.5,709.5,141.9,70.95,113.52,283.8,0.0,0.0,0.0,2026-01-05T10:00:00+00:00,demo
ORD-101709,Delivered,20.10.2025,Sale to individual,680.4,2800.0,2119.6,2800.0,Transferred,420.0,140.0,28.0,14.0,22.4,56.0,0.0,0.0,0.0,2026-01-05T10:00:00+00:00,demo
ORD-101710,Delivered,20.10.2025,Sale to individual,2483.46,10220.0,7736.54,10220.0,Transferred,1533.0,511.0,102.2,51.1,81.76,204.4,0.0,0.0,0.0,2026-01-05T10:00:00+00:00,demo
ORD-101712,Delivered,21.10.2025,Sale to individual,874.8,3600.0,2725.2,3600.0,Transferred,540.0,180.0,36.0,18.0,28.8,72.0,0.0,0.0,0.0,2026-01-05T10:00:00+00:00,demo
ORD-101713,Delivered,21.10.2025,Sale to individual,1055.48,4343.5,3288.02,4343.5,Transferred,651.52,217.18,43.44,21.72,34.75,86.87,0.0,0.0,0.0,2026-01-05T10:00:00+00:00,demo
ORD-101715,Delivered,22.10.2025,Sale to individual,240.57,990.0,749.43,990.0,Transferred,148.5,49.5,9.9,4.95,7.92,19.8,0.0,0.0,0.0,2026-01-05T10:00:00+00:00,demo
ORD-101716,Delivered,22.10.2025,Sale to individual,393.66,1620.0,1226.34,1620.0,Transferred,243.0,81.0,16.2,8.1,12.96,32.4,0.0,0.0,0.0,2026-01-05T10:00:00+00:00,demo
ORD-101717,Delivered,22.10.2025,Sale to individual,2929.36,12055.0,9125.64,12055.0,Transferred,1808.25,602.75,120.55,60.27,96.44,241.1,0.0,0.0,0.0,2026-01-05T10:00:00+00:00,demo
ORD-101718,Delivered,23.10.2025,Sale to individual,433.03,1782.0,1348.97,1782.0,Transferred,267.3,89.1,17.82,8.91,14.26,35.64,0.0,0.0,0.0,2026-01-05T10:00:00+00:00,demo
ORD-101719,Delivered,23.10.2025,Sale to individual,680.4,2800.0,2119.6,2800.0,Transferred,420.0,140.0,28.0,14.0,22.4,56.0,0.0,0.0,0.0,2026-01-05T10:00:00+00:00,demo
ORD-101720,Delivered,23.10.2025,Sale to individual,632.05,2601.0,1968.95,2601.0,Transferred,390.15,130.05,26.01,13.01,20.81,52.02,0.0,0.0,0.0,2026-01-05T10:00:00+00:00,demo
ORD-101721,Delivered,23.10.2025,Sale to individual,1363.23,5610.0,4246.77,5610.0,Transferred,841.5,280.5,56.1,28.05,44.88,112.2,0.0,0.0,0.0,2026-01-05T10:00:00+00:00,demo
ORD-101722,Delivered,23.10.2025,Sale to individual,240.57,990.0,749.43,990.0,Transferred,148.5,49.5,9.9,4.95,7.92,19.8,0.0,0.0,0.0,2026-01-05T10:00:00+00:00,demo
ORD-101723,Delivered,24.10.2025,Sale to individual,1970.24,8108.0,6137.76,8108.0,Transferred,1216.2,405.4,81.08,40.54,64.86,162.16,0.0,0.0,0.0,2026-01-05T10:00:00+00:00,demo
ORD-101724,Full return accepted at warehouse,24.10.2025,Sale to individual,1346.47,5541.0,4194.53,5541.0,Transferred,831.15,277.05,55.41,27.71,44.33,110.82,0.0,0.0,0.0,2026-01-05T10:00:00+00:00,demo
ORD-101725,Delivered,24.10.2025,Sale to individual,1249.02,5140.0,3890.98,5140.0,Transferred,771.0,257.0,51.4,25.7,41.12,102.8,0.0,0.0,0.0,2026-01-05T10:00:00+00:00,demo
ORD-101726,Full return accepted at warehouse,24.10.2025,Sale to individual,646.38,2660.0,2013.62,2660.0,Transferred,399.0,133.0,26.6,13.3,21.28,53.2,0.0,0.0,0.0,2026-01-05T10:00:00+00:00,demo
ORD-101727,Delivered,25.10.2025,Sale to individual,1647.54,6780.0,5132.46,6780.0,Transferred,1017.0,339.0,67.8,33.9,54.24,135.6,0.0,0.0,0.0,2026-01-05T10:00:00+00:00,demo
ORD-101728,Delivered,25.10.2025,Sale to individual,452.35,1861.5,1409.15,1861.5,Transferred,279.22,93.08,18.62,9.31,14.89,37.23,0.0,0.0,0.0,2026-01-05T10:00:00+00:00,demo
ORD-101729,Delivered,25.10.2025,Sale to individual,2424.9,9979.0,7554.1,9979.0,Transferred,1496.85,498.95,99.79,49.9,79.83,199.58,0.0,0.0,0.0,2026-01-05T10:00:00+00:00,demo
ORD-101730,Delivered,25.10.2025,Sale to individual,1098.85,4522.0,3423.15,4522.0,Transferred,678.3,226.1,45.22,22.61,36.18,90.44,0.0,0.0,0.0,2026-01-05T10:00:00+00:00,demo
ORD-101731,Delivered,25.10.2025,Sale to individual,462.67,1904.0,1441.33,1904.0,Transferred,285.6,95.2,19.04,9.52,15.23,38.08,0.0,0.0,0.0,2026-01-05T10:00:00+00:00,demo
ORD-101732,Delivered,25.10.2025,Sale to individual,4721.0,19428.0,14707.0,19428.0,Transferred,2914.2,971.4,194.28,97.14,155.42,388.56,0.0,0.0,0.0,2026-01-05T10:00:00+00:00,demo
ORD-101733,Delivered,26.10.2025,Sale to individual,1601.37,6590.0,4988.63,6590.0,Transferred,988.5,329.5,65.9,32.95,52.72,131.8,0.0,0.0,0.0,2026-01-05T10:00:00+00:00,demo
ORD-101734,Delivered,27.10.2025,Sale to individual,1241.73,5110.0,3868.27,5110.0,Transferred,766.5,255.5,51.1,25.55,40.88,102.2,0.0,0.0,0.0,2026-01-05T10:00:00+00:00,demo
ORD-101735,Delivered,27.10.2025,Sale to individual,2252.36,9269.0,7016.64,9269.0,Transferred,1390.35,463.45,92.69,46.34,74.15,185.38,0.0,0.0,0.0,2026-01-05T10:00:00+00:00,demo
ORD-101736,Delivered,28.10.2025,Sale to individual,1098.85,4522.0,3423.15,4522.0,Transferred,678.3,226.1,45.22,22.61,36.18,90.44,0.0,0.0,0.0,2026-01-05T10:00:00+00:00,demo
ORD-101737,Delivered,28.10.2025,Sale to individual,614.06,2527.0,1912.94,2527.0,Transferred,379.05,126.35,25.27,12.63,20.22,50.54,0.0,0.0,0.0,2026-01-05T10:00:00+00:00,demo
ORD-101739,Delivered,28.10.2025,Sale to individual,2153.7,8863.0,6709.3,8863.0,Transferred,1329.45,443.15,88.63,44.31,70.9,177.26,0.0,0.0,0.0,2026-01-05T10:00:00+00:00,demo
ORD-101740,Delivered,29.10.2025,Sale to individual,349.92,1440.0,1090.08,1440.0,Transferred,216.0,72.0,14.4,7.2,11.52,28.8,0.0,0.0,0.0,2026-01-05T10:00:00+00:00,demo
ORD-101741,Delivered,29.10.2025,Sale to individual,1098.47,4520.5,3422.03,4520.5,Transferred,678.07,226.03,45.2,22.6,36.16,90.41,0.0,0.0,0.0,2026-01-05T10:00:00+00:00,demo
ORD-101742,Delivered,29.10.2025,Sale to individual,1067.87,4394.5,3326.63,4394.5,Transferred,659.17,219.73,43.95,21.97,35.16,87.89,0.0,0.0,0.0,2026-01-05T10:00:00+00:00,demo
ORD-101743,Delivered,29.10.2025,Sale to individual,1277.94,5259.0,3981.06,5259.0,Transferred,788.85,262.95,52.59,26.3,42.07,105.18,0.0,0.0,0.0,2026-01-05T10:00:00+00:00,demo
ORD-101744,Delivered,29.10.2025,Sale to individual,1553.63,6393.5,4839.87,6393.5,Transferred,959.02,319.68,63.94,31.97,51.15,127.87,0.0,0.0,0.0,2026-01-05T10:00:00+00:00,demo
ORD-101746,Delivered,31.10.2025,Sale to individual,297.43,1224.0,926.57,1224.0,Transferred,183.6,61.2,12.24,6.12,9.79,24.48,0.0,0.0,0.0,2026-01-05T10:00:00+00:00,demo
ORD-101747,Delivered,31.10.2025,Sale to individual,1258.74,5180.0,3921.26,5180.0,Transferred,777.0,259.0,51.8,25.9,41.44,103.6,0.0,0.0,0.0,2026-01-05T10:00:00+00:00,demo
ORD-101748,Delivered,01.11.2025,Sale to individual,2266.95,9329.0,7062.05,9329.0,Transferred,1399.35,466.45,93.29,46.65,74.63,186.58,0.0,0.0,0.0,2026-01-05T10:00:00+00:00,demo
ORD-101749,Full return accepted at warehouse,01.11.2025,Sale to individual,1208.44,4973.0,3764.56,4973.0,Transferred,745.95,248.65,49.73,24.87,39.78,99.46,0.0,0.0,0.0,2026-01-05T10:00:00+00:00,demo
ORD-101750,Delivered,01.11.2025,Sale to individual,646.38,2660.0,2013.62,2660.0,Transferred,399.0,133.0,26.6,13.3,21.28,53.2,0.0,0.0,0.0,2026-01-05T10:00:00+00:00,demo
ORD-101751,Delivered,01.11.2025,Sale to individual,680.4,2800.0,2119.6,2800.0,Transferred,420.0,140.0,28.0,14.0,22.4,56.0,0.0,0.0,0.0,2026-01-05T10:00:00+00:00,demo
ORD-101752,Delivered,01.11.2025,Sale to individual,1744.74,7180.0,5435.26,7180.0,Transferred,1077.0,359.0,71.8,35.9,57.44,143.6,0.0,0.0,0.0,2026-01-05T10:00:00+00:00,demo
ORD-101753,Delivered,01.11.2025,Sale to individual,1013.31,4170.0,3156.69,4170.0,Transferred,625.5,208.5,41.7,20.85,33.36,83.4,0.0,0.0,0.0,2026-01-05T10:00:00+00:00,demo
ORD-101754,Delivered,02.11.2025,Sale to individual,437.4,1800.0,1362.6,1800.0,Transferred,270.0,90.0,18.0,9.0,14.4,36.0,0.0,0.0,0.0,2026-01-05T10:00:00+00:00,demo
ORD-101755,Delivered,02.11.2025,Sale to individual,639.46,2631.5,1992.04,2631.5,Transferred,394.72,131.58,26.32,13.16,21.05,52.63,0.0,0.0,0.0,2026-01-05T10:00:00+00:00,demo
ORD-101756,Delivered,03.11.2025,Sale to individual,950.13,3910.0,2959.87,3910.0,Transferred,586.5,195.5,39.1,19.55,31.28,78.2,0.0,0.0,0.0,2026-01-05T10:00:00+00:00,demo
ORD-101757,Delivered,03.11.2025,Sale to individual,2308.5,9500.0,7191.5,9500.0,Transferred,1425.0,475.0,95.0,47.5,76.0,190.0,0.0,0.0,0.0,2026-01-05T10:00:00+00:00,demo
ORD-101758,Delivered,03.11.2025,Sale to individual,231.34,952.0,720.66,952.0,Transferred,142.8,47.6,9.52,4.76,7.62,19.04,0.0,0.0,0.0,2026-01-05T10:00:00+00:00,demo
ORD-101759,Delivered,03.11.2025,Sale to individual,1371.24,5643.0,4271.76,5643.0,Transferred,846.45,282.15,56.43,28.21,45.14,112.86,0.0,0.0,0.0,2026-01-05T10:00:00+00:00,demo
ORD-101760,Delivered,03.11.2025,Sale to individual,2038.28,8388.0,6349.72,8388.0,Transferred,1258.2,419.4,83.88,41.94,67.1,167.76,0.0,0.0,0.0,2026-01-05T10:00:00+00:00,demo
ORD-101761,Delivered,03.11.2025,Sale to individual,2057.24,8466.0,6408.76,8466.0,Transferred,1269.9,423.3,84.66,42.33,67.73,169.32,0.0,0.0,0.0,2026-01-05T10:00:00+00:00,demo
ORD-101762,Delivered,04.11.2025,Sale to individual,614.06,2527.0,1912.94,2527.0,Transferred,379.05,126.35,25.27,12.63,20.22,50.54,0.0,0.0,0.0,2026-01-05T10:00:00+00:00,demo
ORD-101763,Delivered,04.11.2025,Sale to individual,1620.81,6670.0,5049.19,6670.0,Transferred,1000.5,333.5,66.7,33.35,53.36,133.4,0.0,0.0,0.0,2026-01-05T10:00:00+00:00,demo
ORD-101765,Delivered,04.11.2025,Sale to individual,612.36,2520.0,1907.64,2520.0,Transferred,378.0,126.0,25.2,12.6,20.16,50.4,0.0,0.0,0.0,2026-01-05T10:00:00+00:00,demo
ORD-101766,Delivered,05.11.2025,Sale to individual,1534.3,6314.0,4779.7,6314.0,Transferred,947.1,315.7,63.14,31.57,50.51,126.28,0.0,0.0,0.0,2026-01-05T10:00:00+00:00,demo
ORD-101767,Delivered,05.11.2025,Sale to individual,2359.29,9709.0,7349.71,9709.0,Transferred,1456.35,485.45,97.09,48.55,77.67,194.18,0.0,0.0,0.0,2026-01-05T10:00:00+00:00,demo
ORD-101768,Delivered,05.11.2025,Sale to individual,1071.63,4410.0,3338.37,4410.0,Transferred,661.5,220.5,44.1,22.05,35.28,88.2,0.0,0.0,0.0,2026-01-05T10:00:00+00:00,demo
ORD-101769,Delivered,05.11.2025,Sale to individual,518.32,2133.0,1614.68,2133.0,Transferred,319.95,106.65,21.33,10.67,17.06,42.66,0.0,0.0,0.0,2026-01-05T10:00:00+00:00,demo
ORD-101770,Delivered,07.11.2025,Sale to individual,2302.55,9475.5,7172.95,9475.5,Transferred,1421.33,473.78,94.75,47.38,75.8,189.51,0.0,0.0,0.0,2026-01-05T10:00:00+00:00,demo
ORD-101771,Delivered,07.11.2025,Sale to individual,1544.99,6358.0,4813.01,6358.0,Transferred,953.7,317.9,63.58,31.79,50.86,127.16,0.0,0.0,0.0,2026-01-05T10:00:00+00:00,demo
ORD-101772,Delivered,07.11.2025,Sale to individual,1241.73,5110.0,3868.27,5110.0,Transferred,766.5,255.5,51.1,25.55,40.88,102.2,0.0,0.0,0.0,2026-01-05T10:00:00+00:00,demo
ORD-101773,Delivered,07.11.2025,Sale to individual,1707.07,7025.0,5317.93,7025.0,Transferred,1053.75,351.25,70.25,35.12,56.2,140.5,0.0,0.0,0.0,2026-01-05T10:00:00+00:00,demo
ORD-101774,Delivered,08.11.2025,Sale to individual,922.91,3798.0,2875.09,3798.0,Transferred,569.7,189.9,37.98,18.99,30.38,75.96,0.0,0.0,0.0,2026-01-05T10:00:00+00:00,demo
ORD-101775,Delivered,10.11.2025,Sale to individual,664.85,2736.0,2071.15,2736.0,Transferred,410.4,136.8,27.36,13.68,21.89,54.72,0.0,0.0,0.0,2026-01-05T10:00:00+00:00,demo
ORD-101776,Delivered,12.11.2025,Sale to individual,1710.72,7040.0,5329.28,7040.0,Transferred,1056.0,352.0,70.4,35.2,56.32,140.8,0.0,0.0,0.0,2026-01-05T10:00:00+00:00,demo
ORD-101777,Delivered,12.11.2025,Sale to individual,3107.25,12787.0,9679.75,12787.0,Transferred,1918.05,639.35,127.87,63.94,102.3,255.74,0.0,0.0,0.0,2026-01-05T10:00:00+00:00,demo
ORD-101778,Delivered,13.11.2025,Sale to individual,2130.75,8768.5,6637.75,8768.5,Transferred,1315.27,438.43,87.69,43.84,70.15,175.37,0.0,0.0,0.0,2026-01-05T10:00:00+00:00,demo
ORD-101779,Delivered,13.11.2025,Sale to individual,852.93,3510.0,2657.07,3510.0,Transferred,526.5,175.5,35.1,17.55,28.08,70.2,0.0,0.0,0.0,2026-01-05T10:00:00+00:00,demo
ORD-101780,Delivered,13.11.2025,Sale to individual,245.8,1011.5,765.7,1011.5,Transferred,151.72,50.58,10.12,5.06,8.09,20.23,0.0,0.0,0.0,2026-01-05T10:00:00+00:00,demo
ORD-101781,Delivered,13.11.2025,Sale to individual,1203.45,4952.5,3749.05,4952.5,Transferred,742.88,247.62,49.52,24.76,39.62,99.05,0.0,0.0,0.0,2026-01-05T10:00:00+00:00,demo
ORD-101782,Delivered,13.11.2025,Sale to individual,487.11,2004.5,1517.39,2004.5,Transferred,300.68,100.23,20.05,10.02,16.04,40.09,0.0,0.0,0.0,2026-01-05T10:00:00+00:00,demo
ORD-101783,Delivered,14.11.2025,Sale to individual,680.4,2800.0,2119.6,2800.0,Transferred,420.0,140.0,28.0,14.0,22.4,56.0,0.0,0.0,0.0,2026-01-05T10:00:00+00:00,demo
ORD-101785,Delivered,14.11.2025,Sale to individual,520.51,2142.0,1621.49,2142.0,Transferred,321.3,107.1,21.42,10.71,17.14,42.84,0.0,0.0,0.0,2026-01-05T10:00:00+00:00,demo
ORD-101786,Delivered,14.11.2025,Sale to individual,1360.8,5600.0,4239.2,5600.0,Transferred,840.0,280.0,56.0,28.0,44.8,112.0,0.0,0.0,0.0,2026-01-05T10:00:00+00:00,demo
ORD-101787,Delivered,15.11.2025,Sale to individual,1336.62,5500.5,4163.88,5500.5,Transferred,825.07,275.03,55.01,27.5,44.0,110.01,0.0,0.0,0.0,2026-01-05T10:00:00+00:00,demo
ORD-101788,Delivered,15.11.2025,Sale to individual,1228.12,5054.0,3825.88,5054.0,Transferred,758.1,252.7,50.54,25.27,40.43,101.08,0.0,0.0,0.0,2026-01-05T10:00:00+00:00,demo
ORD-101789,Full return accepted at warehouse,15.11.2025,Sale to individual,387.83,1596.0,1208.17,1596.0,Transferred,239.4,79.8,15.96,7.98,12.77,31.92,0.0,0.0,0.0,2026-01-05T10:00:00+00:00,demo
ORD-101790,Delivered,15.11.2025,Sale to individual,493.29,2030.0,1536.71,2030.0,Transferred,304.5,101.5,20.3,10.15,16.24,40.6,0.0,0.0,0.0,2026-01-05T10:00:00+00:00,demo
ORD-101791,Delivered,15.11.2025,Sale to individual,461.46,1899.0,1437.54,1899.0,Transferred,284.85,94.95,18.99,9.5,15.19,37.98,0.0,0.0,0.0,2026-01-05T10:00:00+00:00,demo
ORD-101792,Delivered,15.11.2025,Sale to individual,3542.83,14579.5,11036.67,14579.5,Transferred,2186.92,728.98,145.8,72.9,116.64,291.59,0.0,0.0,0.0,2026-01-05T10:00:00+00:00,demo
ORD-101793,Delivered,16.11.2025,Sale to individual,387.83,1596.0,1208.17,1596.0,Transferred,239.4,79.8,15.96,7.98,12.77,31.92,0.0,0.0,0.0,2026-01-05T10:00:00+00:00,demo
ORD-101794,Delivered,16.11.2025,Sale to individual,2846.39,11713.5,8867.11,11713.5,Transferred,1757.02,585.68,117.14,58.57,93.71,234.27,0.0,0.0,0.0,2026-01-05T10:00:00+00:00,demo
ORD-101796,Full return accepted at warehouse,16.11.2025,Sale to individual,2765.34,11380.0,8614.66,11380.0,Transferred,1707.0,569.0,113.8,56.9,91.04,227.6,0.0,0.0,0.0,2026-01-05T10:00:00+00:00,demo
ORD-101797,Delivered,16.11.2025,Sale to individual,1142.48,4701.5,3559.02,4701.5,Transferred,705.23,235.08,47.02,23.51,37.61,94.03,0.0,0.0,0.0,2026-01-05T10:00:00+00:00,demo
ORD-101798,Delivered,16.11.2025,Sale to individual,2276.91,9370.0,7093.09,9370.0,Transferred,1405.5,468.5,93.7,46.85,74.96,187.4,0.0,0.0,0.0,2026-01-05T10:00:00+00:00,demo
ORD-101799,Full return accepted at warehouse,16.11.2025,Sale to individual,1728.59,7113.5,5384.91,7113.5,Transferred,1067.02,355.68,71.14,35.57,56.91,142.27,0.0,0.0,0.0,2026-01-05T10:00:00+00:00,demo
ORD-101800,Delivered,17.11.2025,Sale to individual,1098.85,4522.0,3423.15,4522.0,Transferred,678.3,226.1,45.22,22.61,36.18,90.44,0.0,0.0,0.0,2026-01-05T10:00:00+00:00,demo
ORD-101801,Delivered,17.11.2025,Sale to individual,578.34,2380.0,1801.66,2380.0,Transferred,357.0,119.0,23.8,11.9,19.04,47.6,0.0,0.0,0.0,2026-01-05T10:00:00+00:00,demo
ORD-101802,Delivered,17.11.2025,Sale to individual,1453.39,5981.0,4527.61,5981.0,Transferred,897.15,299.05,59.81,29.91,47.85,119.62,0.0,0.0,0.0,2026-01-05T10:00:00+00:00,demo
ORD-101803,Full return accepted at warehouse,17.11.2025,Sale to individual,937.74,3859.0,2921.26,3859.0,Transferred,578.85,192.95,38.59,19.3,30.87,77.18,0.0,0.0,0.0,2026-01-05T10:00:00+00:00,demo
ORD-101804,Delivered,17.11.2025,Sale to individual,904.93,3724.0,2819.07,3724.0,Transferred,558.6,186.2,37.24,18.62,29.79,74.48,0.0,0.0,0.0,2026-01-05T10:00:00+00:00,demo
ORD-101805,Delivered,17.11.2025,Sale to individual,614.06,2527.0,1912.94,2527.0,Transferred,379.05,126.35,25.27,12.63,20.22,50.54,0.0,0.0,0.0,2026-01-05T10:00:00+00:00,demo
ORD-101806,Delivered,17.11.2025,Sale to individual,1581.07,6506.5,4925.43,6506.5,Transferred,975.97,325.33,65.06,32.53,52.05,130.13,0.0,0.0,0.0,2026-01-05T10:00:00+00:00,demo
ORD-101807,Full return accepted at warehouse,18.11.2025,Sale to individual,624.51,2570.0,1945.49,2570.0,Transferred,385.5,128.5,25.7,12.85,20.56,51.4,0.0,0.0,0.0,2026-01-05T10:00:00+00:00,demo
ORD-101808,Delivered,18.11.2025,Sale to individual,419.29,1725.5,1306.21,1725.5,Transferred,258.82,86.28,17.25,8.63,13.8,34.51,0.0,0.0,0.0,2026-01-05T10:00:00+00:00,demo
ORD-101809,Delivered,19.11.2025,Sale to individual,2005.24,8252.0,6246.76,8252.0,Transferred,1237.8,412.6,82.52,41.26,66.02,165.04,0.0,0.0,0.0,2026-01-05T10:00:00+00:00,demo
ORD-101810,Delivered,19.11.2025,Sale to individual,2425.14,9980.0,7554.86,9980.0,Transferred,1497.0,499.0,99.8,49.9,79.84,199.6,0.0,0.0,0.0,2026-01-05T10:00:00+00:00,demo
ORD-101811,Delivered,20.11.2025,Sale to individual,991.44,4080.0,3088.56,4080.0,Transferred,612.0,204.0,40.8,20.4,32.64,81.6,0.0,0.0,0.0,2026-01-05T10:00:00+00:00,demo
ORD-101812,Delivered,20.11.2025,Sale to individual,1360.8,5600.0,4239.2,5600.0,Transferred,840.0,280.0,56.0,28.0,44.8,112.0,0.0,0.0,0.0,2026-01-05T10:00:00+00:00,demo
ORD-101813,Delivered,20.11.2025,Sale to individual,1050.37,4322.5,3272.13,4322.5,Transferred,648.38,216.12,43.23,21.61,34.58,86.45,0.0,0.0,0.0,2026-01-05T10:00:00+00:00,demo
ORD-101814,Delivered,20.11.2025,Sale to individual,2757.2,11346.5,8589.3,11346.5,Transferred,1701.97,567.33,113.47,56.73,90.77,226.93,0.0,0.0,0.0,2026-01-05T10:00:00+00:00,demo
ORD-101815,Delivered,20.11.2025,Sale to individual,974.19,4009.0,3034.81,4009.0,Transferred,601.35,200.45,40.09,20.05,32.07,80.18,0.0,0.0,0.0,2026-01-05T10:00:00+00:00,demo
ORD-101816,Delivered,20.11.2025,Sale to individual,1011.12,4161.0,3149.88,4161.0,Transferred,624.15,208.05,41.61,20.8,33.29,83.22,0.0,0.0,0.0,2026-01-05T10:00:00+00:00,demo
ORD-101817,Delivered,21.11.2025,Sale to individual,532.17,2190.0,1657.83,2190.0,Transferred,328.5,109.5,21.9,10.95,17.52,43.8,0.0,0.0,0.0,2026-01-05T10:00:00+00:00,demo
ORD-101819,Delivered,22.11.2025,Sale to individual,274.7,1130.5,855.8,1130.5,Transferred,169.57,56.53,11.3,5.65,9.04,22.61,0.0,0.0,0.0,2026-01-05T10:00:00+00:00,demo
ORD-101821,Delivered,22.11.2025,Sale to individual,1514.26,6231.5,4717.24,6231.5,Transferred,934.72,311.58,62.32,31.16,49.85,124.63,0.0,0.0,0.0,2026-01-05T10:00:00+00:00,demo
ORD-101822,Full return accepted at warehouse,22.11.2025,Sale to individual,966.65,3978.0,3011.35,3978.0,Transferred,596.7,198.9,39.78,19.89,31.82,79.56,0.0,0.0,0.0,2026-01-05T10:00:00+00:00,demo
ORD-101823,Delivered,22.11.2025,Sale to individual,1635.39,6730.0,5094.61,6730.0,Transferred,1009.5,336.5,67.3,33.65,53.84,134.6,0.0,0.0,0.0,2026-01-05T10:00:00+00:00,demo
ORD-101824,Delivered,22.11.2025,Sale to individual,578.34,2380.0,1801.66,2380.0,Transferred,357.0,119.0,23.8,11.9,19.04,47.6,0.0,0.0,0.0,2026-01-05T10:00:00+00:00,demo
ORD-101825,Delivered,23.11.2025,Sale to individual,1416.33,5828.5,4412.17,5828.5,Transferred,874.27,291.43,58.29,29.14,46.63,116.57,0.0,0.0,0.0,2026-01-05T10:00:00+00:00,demo
ORD-101826,Delivered,23.11.2025,Sale to individual,1025.46,4220.0,3194.54,4220.0,Transferred,633.0,211.0,42.2,21.1,33.76,84.4,0.0,0.0,0.0,2026-01-05T10:00:00+00:00,demo
ORD-101827,Delivered,23.11.2025,Sale to individual,532.17,2190.0,1657.83,2190.0,Transferred,328.5,109.5,21.9,10.95,17.52,43.8,0.0,0.0,0.0,2026-01-05T10:00:00+00:00,demo
ORD-101828,Delivered,23.11.2025,Sale to individual,1757.61,7233.0,5475.39,7233.0,Transferred,1084.95,361.65,72.33,36.16,57.86,144.66,0.0,0.0,0.0,2026-01-05T10:00:00+00:00,demo
ORD-101829,Delivered,24.11.2025,Sale to individual,680.4,2800.0,2119.6,2800.0,Transferred,420.0,140.0,28.0,14.0,22.4,56.0,0.0,0.0,0.0,2026-01-05T10:00:00+00:00,demo
ORD-101830,Delivered,24.11.2025,Sale to individual,274.7,1130.5,855.8,1130.5,Transferred,169.57,56.53,11.3,5.65,9.04,22.61,0.0,0.0,0.0,2026-01-05T10:00:00+00:00,demo
ORD-101831,Delivered,24.11.2025,Sale to individual,874.8,3600.0,2725.2,3600.0,Transferred,540.0,180.0,36.0,18.0,28.8,72.0,0.0,0.0,0.0,2026-01-05T10:00:00+00:00,demo
ORD-101832,Delivered,24.11.2025,Sale to individual,408.24,1680.0,1271.76,1680.0,Transferred,252.0,84.0,16.8,8.4,13.44,33.6,0.0,0.0,0.0,2026-01-05T10:00:00+00:00,demo
ORD-101834,Delivered,24.11.2025,Sale to individual,356.48,1467.0,1110.52,1467.0,Transferred,220.05,73.35,14.67,7.33,11.74,29.34,0.0,0.0,0.0,2026-01-05T10:00:00+00:00,demo
ORD-101836,Delivered,25.11.2025,Sale to individual,1717.04,7066.0,5348.96,7066.0,Transferred,1059.9,353.3,70.66,35.33,56.53,141.32,0.0,0.0,0.0,2026-01-05T10:00:00+00:00,demo
ORD-101837,Delivered,25.11.2025,Sale to individual,1071.63,4410.0,3338.37,4410.0,Transferred,661.5,220.5,44.1,22.05,35.28,88.2,0.0,0.0,0.0,2026-01-05T10:00:00+00:00,demo
ORD-101838,Delivered,25.11.2025,Sale to individual,3451.09,14202.0,10750.91,14202.0,Transferred,2130.3,710.1,142.02,71.01,113.62,284.04,0.0,0.0,0.0,2026-01-05T10:00:00+00:00,demo
ORD-101839,Delivered,25.11.2025,Sale to individual,874.8,3600.0,2725.2,3600.0,Transferred,540.0,180.0,36.0,18.0,28.8,72.0,0.0,0.0,0.0,2026-01-05T10:00:00+00:00,demo
ORD-101840,Delivered,26.11.2025,Sale to individual,1013.8,4172.0,3158.2,4172.0,Transferred,625.8,208.6,41.72,20.86,33.38,83.44,0.0,0.0,0.0,2026-01-05T10:00:00+00:00,demo
ORD-101841,Delivered,26.11.2025,Sale to individual,1360.8,5600.0,4239.2,5600.0,Transferred,840.0,280.0,56.0,28.0,44.8,112.0,0.0,0.0,0.0,2026-01-05T10:00:00+00:00,demo
ORD-101842,Delivered,26.11.2025,Sale to individual,667.16,2745.5,2078.34,2745.5,Transferred,411.82,137.28,27.46,13.73,21.96,54.91,0.0,0.0,0.0,2026-01-05T10:00:00+00:00,demo
ORD-101843,Delivered,26.11.2025,Sale to individual,1948.98,8020.5,6071.52,8020.5,Transferred,1203.08,401.03,80.2,40.1,64.16,160.41,0.0,0.0,0.0,2026-01-05T10:00:00+00:00,demo
ORD-101844,Delivered,26.11.2025,Sale to individual,759.62,3126.0,2366.38,3126.0,Transferred,468.9,156.3,31.26,15.63,25.01,62.52,0.0,0.0,0.0,2026-01-05T10:00:00+00:00,demo
ORD-101845,Delivered,27.11.2025,Sale to individual,289.17,1190.0,900.83,1190.0,Transferred,178.5,59.5,11.9,5.95,9.52,23.8,0.0,0.0,0.0,2026-01-05T10:00:00+00:00,demo
ORD-101846,Delivered,27.11.2025,Sale to individual,4229.42,17405.0,13175.58,17405.0,Transferred,2610.75,870.25,174.05,87.03,139.24,348.1,0.0,0.0,0.0,2026-01-05T10:00:00+00:00,demo
ORD-101847,Delivered,28.11.2025,Sale to individual,2075.82,8542.5,6466.68,8542.5,Transferred,1281.38,427.12,85.42,42.71,68.34,170.85,0.0,0.0,0.0,2026-01-05T10:00:00+00:00,demo
ORD-101848,Delivered,28.11.2025,Sale to individual,581.74,2394.0,1812.26,2394.0,Transferred,359.1,119.7,23.94,11.97,19.15,47.88,0.0,0.0,0.0,2026-01-05T10:00:00+00:00,demo
ORD-101849,Full return accepted at warehouse,28.11.2025,Sale to individual,1770.75,7287.0,5516.25,7287.0,Transferred,1093.05,364.35,72.87,36.44,58.3,145.74,0.0,0.0,0.0,2026-01-05T10:00:00+00:00,demo
ORD-101850,Delivered,28.11.2025,Sale to individual,1237.24,5091.5,3854.26,5091.5,Transferred,763.73,254.58,50.91,25.46,40.73,101.83,0.0,0.0,0.0,2026-01-05T10:00:00+00:00,demo
ORD-101851,Delivered,28.11.2025,Sale to individual,702.27,2890.0,2187.73,2890.0,Transferred,433.5,144.5,28.9,14.45,23.12,57.8,0.0,0.0,0.0,2026-01-05T10:00:00+00:00,demo
ORD-101853,Delivered,29.11.2025,Sale to individual,816.48,3360.0,2543.52,3360.0,Transferred,504.0,168.0,33.6,16.8,26.88,67.2,0.0,0.0,0.0,2026-01-05T10:00:00+00:00,demo
ORD-101854,Delivered,29.11.2025,Sale to individual,1560.55,6422.0,4861.45,6422.0,Transferred,963.3,321.1,64.22,32.11,51.38,128.44,0.0,0.0,0.0,2026-01-05T10:00:00+00:00,demo
ORD-101855,Delivered,29.11.2025,Sale to individual,1635.39,6730.0,5094.61,6730.0,Transferred,1009.5,336.5,67.3,33.65,53.84,134.6,0.0,0.0,0.0,2026-01-05T10:00:00+00:00,demo
ORD-101857,Delivered,30.11.2025,Sale to individual,1971.95,8115.0,6143.05,8115.0,Transferred,1217.25,405.75,81.15,40.58,64.92,162.3,0.0,0.0,0.0,2026-01-05T10:00:00+00:00,demo
ORD-101858,Delivered,30.11.2025,Sale to individual,272.16,1120.0,847.84,1120.0,Transferred,168.0,56.0,11.2,5.6,8.96,22.4,0.0,0.0,0.0,2026-01-05T10:00:00+00:00,demo
ORD-101859,Delivered,30.11.2025,Sale to individual,1094.23,4503.0,3408.77,4503.0,Transferred,675.45,225.15,45.03,22.52,36.02,90.06,0.0,0.0,0.0,2026-01-05T10:00:00+00:00,demo
ORD-101860,Delivered,30.11.2025,Sale to individual,2121.39,8730.0,6608.61,8730.0,Transferred,1309.5,436.5,87.3,43.65,69.84,174.6,0.0,0.0,0.0,2026-01-05T10:00:00+00:00,demo
ORD-101861,Delivered,30.11.2025,Sale to individual,1241.73,5110.0,3868.27,5110.0,Transferred,766.5,255.5,51.1,25.55,40.88,102.2,0.0,0.0,0.0,2026-01-05T10:00:00+00:00,demo
ORD-101862,Delivered,01.12.2025,Sale to individual,935.55,3850.0,2914.45,3850.0,Transferred,577.5,192.5,38.5,19.25,30.8,77.0,0.0,0.0,0.0,2026-01-05T10:00:00+00:00,demo
ORD-101863,Delivered,01.12.2025,Sale to individual,1598.94,6580.0,4981.06,6580.0,Transferred,987.0,329.0,65.8,32.9,52.64,131.6,0.0,0.0,0.0,2026-01-05T10:00:00+00:00,demo
ORD-101864,Delivered,01.12.2025,Sale to individual,1132.76,4661.5,3528.74,4661.5,Transferred,699.23,233.08,46.62,23.31,37.29,93.23,0.0,0.0,0.0,2026-01-05T10:00:00+00:00,demo
ORD-101865,Delivered,01.12.2025,Sale to individual,3279.16,13494.5,10215.34,13494.5,Transferred,2024.17,674.73,134.94,67.47,107.96,269.89,0.0,0.0,0.0,2026-01-05T10:00:00+00:00,demo
ORD-101866,Delivered,01.12.2025,Sale to individual,1905.49,7841.5,5936.01,7841.5,Transferred,1176.22,392.08,78.42,39.21,62.73,156.83,0.0,0.0,0.0,2026-01-05T10:00:00+00:00,demo
ORD-101867,Delivered,01.12.2025,Sale to individual,544.32,2240.0,1695.68,2240.0,Transferred,336.0,112.0,22.4,11.2,17.92,44.8,0.0,0.0,0.0,2026-01-05T10:00:00+00:00,demo
ORD-101868,Delivered,02.12.2025,Sale to individual,1452.05,5975.5,4523.45,5975.5,Transferred,896.32,298.78,59.76,29.88,47.8,119.51,0.0,0.0,0.0,2026-01-05T10:00:00+00:00,demo
ORD-101870,Delivered,03.12.2025,Sale to individual,1655.07,6811.0,5155.93,6811.0,Transferred,1021.65,340.55,68.11,34.05,54.49,136.22,0.0,0.0,0.0,2026-01-05T10:00:00+00:00,demo
ORD-101871,Delivered,04.12.2025,Sale to individual,4632.07,19062.0,14429.93,19062.0,Transferred,2859.3,953.1,190.62,95.31,152.5,381.24,0.0,0.0,0.0,2026-01-05T10:00:00+00:00,demo
ORD-101872,Delivered,04.12.2025,Sale to individual,1040.04,4280.0,3239.96,4280.0,Transferred,642.0,214.0,42.8,21.4,34.24,85.6,0.0,0.0,0.0,2026-01-05T10:00:00+00:00,demo
ORD-101873,Delivered,04.12.2025,Sale to individual,452.35,1861.5,1409.15,1861.5,Transferred,279.22,93.08,18.62,9.31,14.89,37.23,0.0,0.0,0.0,2026-01-05T10:00:00+00:00,demo
ORD-101874,Delivered,04.12.2025,Sale to individual,646.38,2660.0,2013.62,2660.0,Transferred,399.0,133.0,26.6,13.3,21.28,53.2,0.0,0.0,0.0,2026-01-05T10:00:00+00:00,demo
ORD-101875,Delivered,04.12.2025,Sale to individual,1105.89,4551.0,3445.11,4551.0,Transferred,682.65,227.55,45.51,22.75,36.41,91.02,0.0,0.0,0.0,2026-01-05T10:00:00+00:00,demo
ORD-101876,Delivered,04.12.2025,Sale to individual,272.16,1120.0,847.84,1120.0,Transferred,168.0,56.0,11.2,5.6,8.96,22.4,0.0,0.0,0.0,2026-01-05T10:00:00+00:00,demo
ORD-101877,Delivered,05.12.2025,Sale to individual,1086.46,4471.0,3384.54,4471.0,Transferred,670.65,223.55,44.71,22.36,35.77,89.42,0.0,0.0,0.0,2026-01-05T10:00:00+00:00,demo
ORD-101878,Delivered,05.12.2025,Sale to individual,3113.08,12811.0,9697.92,12811.0,Transferred,1921.65,640.55,128.11,64.06,102.49,256.22,0.0,0.0,0.0,2026-01-05T10:00:00+00:00,demo
ORD-101879,Delivered,05.12.2025,Sale to individual,512.73,2110.0,1597.27,2110.0,Transferred,316.5,105.5,21.1,10.55,16.88,42.2,0.0,0.0,0.0,2026-01-05T10:00:00+00:00,demo
ORD-101880,Delivered,05.12.2025,Sale to individual,1360.8,5600.0,4239.2,5600.0,Transferred,840.0,280.0,56.0,28.0,44.8,112.0,0.0,0.0,0.0,2026-01-05T10:00:00+00:00,demo
ORD-101881,Delivered,05.12.2025,Sale to individual,272.16,1120.0,847.84,1120.0,Transferred,168.0,56.0,11.2,5.6,8.96,22.4,0.0,0.0,0.0,2026-01-05T10:00:00+00:00,demo
ORD-101882,Delivered,05.12.2025,Sale to individual,476.28,1960.0,1483.72,1960.0,Transferred,294.0,98.0,19.6,9.8,15.68,39.2,0.0,0.0,0.0,2026-01-05T10:00:00+00:00,demo
ORD-101883,Delivered,06.12.2025,Sale to individual,419.29,1725.5,1306.21,1725.5,Transferred,258.82,86.28,17.25,8.63,13.8,34.51,0.0,0.0,0.0,2026-01-05T10:00:00+00:00,demo
ORD-101884,Full return accepted at warehouse,06.12.2025,Sale to individual,816.48,3360.0,2543.52,3360.0,Transferred,504.0,168.0,33.6,16.8,26.88,67.2,0.0,0.0,0.0,2026-01-05T10:00:00+00:00,demo
ORD-101886,Delivered,06.12.2025,Sale to individual,1098.85,4522.0,3423.15,4522.0,Transferred,678.3,226.1,45.22,22.61,36.18,90.44,0.0,0.0,0.0,2026-01-05T10:00:00+00:00,demo
ORD-101887,Delivered,06.12.2025,Sale to individual,1268.46,5220.0,3951.54,5220.0,Transferred,783.0,261.0,52.2,26.1,41.76,104.4,0.0,0.0,0.0,2026-01-05T10:00:00+00:00,demo
ORD-101888,Delivered,07.12.2025,Sale to individual,664.85,2736.0,2071.15,2736.0,Transferred,410.4,136.8,27.36,13.68,21.89,54.72,0.0,0.0,0.0,2026-01-05T10:00:00+00:00,demo
ORD-101889,Delivered,07.12.2025,Sale to individual,1669.41,6870.0,5200.59,6870.0,Transferred,1030.5,343.5,68.7,34.35,54.96,137.4,0.0,0.0,0.0,2026-01-05T10:00:00+00:00,demo
ORD-101890,Delivered,07.12.2025,Sale to individual,646.38,2660.0,2013.62,2660.0,Transferred,399.0,133.0,26.6,13.3,21.28,53.2,0.0,0.0,0.0,2026-01-05T10:00:00+00:00,demo
ORD-101891,Delivered,08.12.2025,Sale to individual,367.42,1512.0,1144.58,1512.0,Transferred,226.8,75.6,15.12,7.56,12.1,30.24,0.0,0.0,0.0,2026-01-05T10:00:00+00:00,demo
ORD-101892,Delivered,08.12.2025,Sale to individual,1467.97,6041.0,4573.03,6041.0,Transferred,906.15,302.05,60.41,30.21,48.33,120.82,0.0,0.0,0.0,2026-01-05T10:00:00+00:00,demo
ORD-101894,Delivered,09.12.2025,Sale to individual,1081.59,4451.0,3369.41,4451.0,Transferred,667.65,222.55,44.51,22.25,35.61,89.02,0.0,0.0,0.0,2026-01-05T10:00:00+00:00,demo
ORD-101895,Delivered,09.12.2025,Sale to individual,1892.37,7787.5,5895.13,7787.5,Transferred,1168.12,389.38,77.88,38.94,62.3,155.75,0.0,0.0,0.0,2026-01-05T10:00:00+00:00,demo
ORD-101896,Delivered,10.12.2025,Sale to individual,940.41,3870.0,2929.59,3870.0,Transferred,580.5,193.5,38.7,19.35,30.96,77.4,0.0,0.0,0.0,2026-01-05T10:00:00+00:00,demo
ORD-101897,Delivered,10.12.2025,Sale to individual,2382.25,9803.5,7421.25,9803.5,Transferred,1470.52,490.18,98.03,49.02,78.43,196.07,0.0,0.0,0.0,2026-01-05T10:00:00+00:00,demo
ORD-101898,Delivered,10.12.2025,Sale to individual,349.92,1440.0,1090.08,1440.0,Transferred,216.0,72.0,14.4,7.2,11.52,28.8,0.0,0.0,0.0,2026-01-05T10:00:00+00:00,demo
ORD-101899,Delivered,10.12.2025,Sale to individual,646.38,2660.0,2013.62,2660.0,Transferred,399.0,133.0,26.6,13.3,21.28,53.2,0.0,0.0,0.0,2026-01-05T10:00:00+00:00,demo
ORD-101900,Delivered,10.12.2025,Sale to individual,928.26,3820.0,2891.74,3820.0,Transferred,573.0,191.0,38.2,19.1,30.56,76.4,0.0,0.0,0.0,2026-01-05T10:00:00+00:00,demo
ORD-101901,Delivered,10.12.2025,Sale to individual,1404.54,5780.0,4375.46,5780.0,Transferred,867.0,289.0,57.8,28.9,46.24,115.6,0.0,0.0,0.0,2026-01-05T10:00:00+00:00,demo
ORD-101902,Delivered,11.12.2025,Sale to individual,2177.28,8960.0,6782.72,8960.0,Transferred,1344.0,448.0,89.6,44.8,71.68,179.2,0.0,0.0,0.0,2026-01-05T10:00:00+00:00,demo
ORD-101903,Delivered,11.12.2025,Sale to individual,1156.68,4760.0,3603.32,4760.0,Transferred,714.0,238.0,47.6,23.8,38.08,95.2,0.0,0.0,0.0,2026-01-05T10:00:00+00:00,demo
ORD-101904,Delivered,11.12.2025,Sale to individual,476.28,1960.0,1483.72,1960.0,Transferred,294.0,98.0,19.6,9.8,15.68,39.2,0.0,0.0,0.0,2026-01-05T10:00:00+00:00,demo
ORD-101905,Delivered,12.12.2025,Sale to individual,367.42,1512.0,1144.58,1512.0,Transferred,226.8,75.6,15.12,7.56,12.1,30.24,0.0,0.0,0.0,2026-01-05T10:00:00+00:00,demo
ORD-101906,Delivered,12.12.2025,Sale to individual,986.58,4060.0,3073.42,4060.0,Transferred,609.0,203.0,40.6,20.3,32.48,81.2,0.0,0.0,0.0,2026-01-05T10:00:00+00:00,demo
ORD-101907,Delivered,12.12.2025,Sale to individual,646.38,2660.0,2013.62,2660.0,Transferred,399.0,133.0,26.6,13.3,21.28,53.2,0.0,0.0,0.0,2026-01-05T10:00:00+00:00,demo
ORD-101909,Delivered,14.12.2025,Sale to individual,2003.54,8245.0,6241.46,8245.0,Transferred,1236.75,412.25,82.45,41.23,65.96,164.9,0.0,0.0,0.0,2026-01-05T10:00:00+00:00,demo
ORD-101910,Delivered,14.12.2025,Sale to individual,2474.46,10183.0,7708.54,10183.0,Transferred,1527.45,509.15,101.83,50.91,81.46,203.66,0.0,0.0,0.0,2026-01-05T10:00:00+00:00,demo
ORD-101911,Delivered,14.12.2025,Sale to individual,387.83,1596.0,1208.17,1596.0,Transferred,239.4,79.8,15.96,7.98,12.77,31.92,0.0,0.0,0.0,2026-01-05T10:00:00+00:00,demo
ORD-101913,Full return accepted at warehouse,15.12.2025,Sale to individual,787.32,3240.0,2452.68,3240.0,Transferred,486.0,162.0,32.4,16.2,25.92,64.8,0.0,0.0,0.0,2026-01-05T10:00:00+00:00,demo
ORD-101914,Delivered,15.12.2025,Sale to individual,1001.77,4122.5,3120.73,4122.5,Transferred,618.38,206.12,41.23,20.61,32.98,82.45,0.0,0.0,0.0,2026-01-05T10:00:00+00:00,demo
ORD-101915,Delivered,16.12.2025,Sale to individual,874.8,3600.0,2725.2,3600.0,Transferred,540.0,180.0,36.0,18.0,28.8,72.0,0.0,0.0,0.0,2026-01-05T10:00:00+00:00,demo
ORD-101916,Delivered,16.12.2025,Sale to individual,1935.5,7965.0,6029.5,7965.0,Transferred,1194.75,398.25,79.65,39.83,63.72,159.3,0.0,0.0,0.0,2026-01-05T10:00:00+00:00,demo
ORD-101917,Full return accepted at warehouse,16.12.2025,Sale to individual,1156.68,4760.0,3603.32,4760.0,Transferred,714.0,238.0,47.6,23.8,38.08,95.2,0.0,0.0,0.0,2026-01-05T10:00:00+00:00,demo
ORD-101918,Delivered,16.12.2025,Sale to individual,408.24,1680.0,1271.76,1680.0,Transferred,252.0,84.0,16.8,8.4,13.44,33.6,0.0,0.0,0.0,2026-01-05T10:00:00+00:00,demo
ORD-101919,Delivered,16.12.2025,Sale to individual,3304.31,13598.0,10293.69,13598.0,Transferred,2039.7,679.9,135.98,67.99,108.78,271.96,0.0,0.0,0.0,2026-01-05T10:00:00+00:00,demo
ORD-101920,Delivered,16.12.2025,Sale to individual,961.31,3956.0,2994.69,3956.0,Transferred,593.4,197.8,39.56,19.78,31.65,79.12,0.0,0.0,0.0,2026-01-05T10:00:00+00:00,demo
ORD-101921,Delivered,17.12.2025,Sale to individual,487.11,2004.5,1517.39,2004.5,Transferred,300.68,100.23,20.05,10.02,16.04,40.09,0.0,0.0,0.0,2026-01-05T10:00:00+00:00,demo
ORD-101922,Delivered,17.12.2025,Sale to individual,1823.85,7505.5,5681.65,7505.5,Transferred,1125.83,375.28,75.06,37.53,60.04,150.11,0.0,0.0,0.0,2026-01-05T10:00:00+00:00,demo
ORD-101923,Delivered,17.12.2025,Sale to individual,419.29,1725.5,1306.21,1725.5,Transferred,258.82,86.28,17.25,8.63,13.8,34.51,0.0,0.0,0.0,2026-01-05T10:00:00+00:00,demo
ORD-101924,Delivered,17.12.2025,Sale to individual,2324.79,9567.0,7242.21,9567.0,Transferred,1435.05,478.35,95.67,47.84,76.54,191.34,0.0,0.0,0.0,2026-01-05T10:00:00+00:00,demo
ORD-101925,Delivered,17.12.2025,Sale to individual,1124.12,4626.0,3501.88,4626.0,Transferred,693.9,231.3,46.26,23.13,37.01,92.52,0.0,0.0,0.0,2026-01-05T10:00:00+00:00,demo
ORD-101926,Delivered,17.12.2025,Sale to individual,2796.69,11509.0,8712.31,11509.0,Transferred,1726.35,575.45,115.09,57.55,92.07,230.18,0.0,0.0,0.0,2026-01-05T10:00:00+00:00,demo
ORD-101927,Full return accepted at warehouse,18.12.2025,Sale to individual,1228.12,5054.0,3825.88,5054.0,Transferred,758.1,252.7,50.54,25.27,40.43,101.08,0.0,0.0,0.0,2026-01-05T10:00:00+00:00,demo
ORD-101928,Delivered,18.12.2025,Sale to individual,860.59,3541.5,2680.91,3541.5,Transferred,531.23,177.08,35.41,17.71,28.33,70.83,0.0,0.0,0.0,2026-01-05T10:00:00+00:00,demo
ORD-101929,Delivered,19.12.2025,Sale to individual,1251.69,5151.0,3899.31,5151.0,Transferred,772.65,257.55,51.51,25.75,41.21,103.02,0.0,0.0,0.0,2026-01-05T10:00:00+00:00,demo
ORD-101930,Delivered,19.12.2025,Sale to individual,680.4,2800.0,2119.6,2800.0,Transferred,420.0,140.0,28.0,14.0,22.4,56.0,0.0,0.0,0.0,2026-01-05T10:00:00+00:00,demo
ORD-101931,Delivered,19.12.2025,Sale to individual,505.55,2080.5,1574.95,2080.5,Transferred,312.07,104.03,20.8,10.4,16.64,41.61,0.0,0.0,0.0,2026-01-05T10:00:00+00:00,demo
ORD-101932,Delivered,19.12.2025,Sale to individual,612.36,2520.0,1907.64,2520.0,Transferred,378.0,126.0,25.2,12.6,20.16,50.4,0.0,0.0,0.0,2026-01-05T10:00:00+00:00,demo
ORD-101933,Delivered,19.12.2025,Sale to individual,2754.9,11337.0,8582.1,11337.0,Transferred,1700.55,566.85,113.37,56.69,90.7,226.74,0.0,0.0,0.0,2026-01-05T10:00:00+00:00,demo
ORD-101934,Delivered,20.12.2025,Sale to individual,624.51,2570.0,1945.49,2570.0,Transferred,385.5,128.5,25.7,12.85,20.56,51.4,0.0,0.0,0.0,2026-01-05T10:00:00+00:00,demo
ORD-101935,Delivered,20.12.2025,Sale to individual,1030.32,4240.0,3209.68,4240.0,Transferred,636.0,212.0,42.4,21.2,33.92,84.8,0.0,0.0,0.0,2026-01-05T10:00:00+00:00,demo
ORD-101936,Delivered,20.12.2025,Sale to individual,1258.74,5180.0,3921.26,5180.0,Transferred,777.0,259.0,51.8,25.9,41.44,103.6,0.0,0.0,0.0,2026-01-05T10:00:00+00:00,demo
ORD-101937,Delivered,20.12.2025,Sale to individual,1224.72,5040.0,3815.28,5040.0,Transferred,756.0,252.0,50.4,25.2,40.32,100.8,0.0,0.0,0.0,2026-01-05T10:00:00+00:00,demo
ORD-101938,Delivered,20.12.2025,Sale to individual,2081.05,8564.0,6482.95,8564.0,Transferred,1284.6,428.2,85.64,42.82,68.51,171.28,0.0,0.0,0.0,2026-01-05T10:00:00+00:00,demo
ORD-101939,Delivered,20.12.2025,Sale to individual,452.35,1861.5,1409.15,1861.5,Transferred,279.22,93.08,18.62,9.31,14.89,37.23,0.0,0.0,0.0,2026-01-05T10:00:00+00:00,demo
ORD-101940,Delivered,21.12.2025,Sale to individual,646.38,2660.0,2013.62,2660.0,Transferred,399.0,133.0,26.6,13.3,21.28,53.2,0.0,0.0,0.0,2026-01-05T10:00:00+00:00,demo
ORD-101941,Delivered,21.12.2025,Sale to individual,4536.32,18668.0,14131.68,18668.0,Transferred,2800.2,933.4,186.68,93.34,149.34,373.36,0.0,0.0,0.0,2026-01-05T10:00:00+00:00,demo
ORD-101942,Delivered,21.12.2025,Sale to individual,1454.48,5985.5,4531.02,5985.5,Transferred,897.82,299.28,59.86,29.93,47.88,119.71,0.0,0.0,0.0,2026-01-05T10:00:00+00:00,demo
ORD-101943,Delivered,22.12.2025,Sale to individual,2411.05,9922.0,7510.95,9922.0,Transferred,1488.3,496.1,99.22,49.61,79.38,198.44,0.0,0.0,0.0,2026-01-05T10:00:00+00:00,demo
ORD-101944,Delivered,22.12.2025,Sale to individual,612.36,2520.0,1907.64,2520.0,Transferred,378.0,126.0,25.2,12.6,20.16,50.4,0.0,0.0,0.0,2026-01-05T10:00:00+00:00,demo
ORD-101945,Delivered,22.12.2025,Sale to individual,1998.31,8223.5,6225.19,8223.5,Transferred,1233.52,411.18,82.23,41.12,65.79,164.47,0.0,0.0,0.0,2026-01-05T10:00:00+00:00,demo
ORD-101946,Delivered,22.12.2025,Sale to individual,2167.68,8920.5,6752.82,8920.5,Transferred,1338.08,446.03,89.2,44.6,71.36,178.41,0.0,0.0,0.0,2026-01-05T10:00:00+00:00,demo
ORD-101947,Delivered,22.12.2025,Sale to individual,512.73,2110.0,1597.27,2110.0,Transferred,316.5,105.5,21.1,10.55,16.88,42.2,0.0,0.0,0.0,2026-01-05T10:00:00+00:00,demo
ORD-101948,Delivered,23.12.2025,Sale to individual,874.8,3600.0,2725.2,3600.0,Transferred,540.0,180.0,36.0,18.0,28.8,72.0,0.0,0.0,0.0,2026-01-05T10:00:00+00:00,demo
ORD-101949,Delivered,23.12.2025,Sale to individual,1635.39,6730.0,5094.61,6730.0,Transferred,1009.5,336.5,67.3,33.65,53.84,134.6,0.0,0.0,0.0,2026-01-05T10:00:00+00:00,demo
ORD-101950,Delivered,23.12.2025,Sale to individual,1961.01,8070.0,6108.99,8070.0,Transferred,1210.5,403.5,80.7,40.35,64.56,161.4,0.0,0.0,0.0,2026-01-05T10:00:00+00:00,demo
ORD-101951,Delivered,23.12.2025,Sale to individual,544.32,2240.0,1695.68,2240.0,Transferred,336.0,112.0,22.4,11.2,17.92,44.8,0.0,0.0,0.0,2026-01-05T10:00:00+00:00,demo
ORD-101952,Delivered,23.12.2025,Sale to individual,2340.45,9631.5,7291.05,9631.5,Transferred,1444.72,481.58,96.31,48.16,77.05,192.63,0.0,0.0,0.0,2026-01-05T10:00:00+00:00,demo
ORD-101953,Delivered,24.12.2025,Sale to individual,578.34,2380.0,1801.66,2380.0,Transferred,357.0,119.0,23.8,11.9,19.04,47.6,0.0,0.0,0.0,2026-01-05T10:00:00+00:00,demo
ORD-101954,Delivered,24.12.2025,Sale to individual,1646.08,6774.0,5127.92,6774.0,Transferred,1016.1,338.7,67.74,33.87,54.19,135.48,0.0,0.0,0.0,2026-01-05T10:00:00+00:00,demo
ORD-101955,Delivered,24.12.2025,Sale to individual,512.73,2110.0,1597.27,2110.0,Transferred,316.5,105.5,21.1,10.55,16.88,42.2,0.0,0.0,0.0,2026-01-05T10:00:00+00:00,demo
ORD-101956,Delivered,24.12.2025,Sale to individual,461.46,1899.0,1437.54,1899.0,Transferred,284.85,94.95,18.99,9.5,15.19,37.98,0.0,0.0,0.0,2026-01-05T10:00:00+00:00,demo
ORD-101957,Delivered,24.12.2025,Sale to individual,1189.49,4895.0,3705.51,4895.0,Transferred,734.25,244.75,48.95,24.48,39.16,97.9,0.0,0.0,0.0,2026-01-05T10:00:00+00:00,demo
ORD-101958,Delivered,24.12.2025,Sale to individual,493.29,2030.0,1536.71,2030.0,Transferred,304.5,101.5,20.3,10.15,16.24,40.6,0.0,0.0,0.0,2026-01-05T10:00:00+00:00,demo
ORD-101959,Delivered,24.12.2025,Sale to individual,1649.97,6790.0,5140.03,6790.0,Transferred,1018.5,339.5,67.9,33.95,54.32,135.8,0.0,0.0,0.0,2026-01-05T10:00:00+00:00,demo
ORD-101960,Delivered,25.12.2025,Sale to individual,874.8,3600.0,2725.2,3600.0,Transferred,540.0,180.0,36.0,18.0,28.8,72.0,0.0,0.0,0.0,2026-01-05T10:00:00+00:00,demo
ORD-101961,Delivered,25.12.2025,Sale to individual,680.4,2800.0,2119.6,2800.0,Transferred,420.0,140.0,28.0,14.0,22.4,56.0,0.0,0.0,0.0,2026-01-05T10:00:00+00:00,demo
ORD-101962,Delivered,25.12.2025,Sale to individual,816.48,3360.0,2543.52,3360.0,Transferred,504.0,168.0,33.6,16.8,26.88,67.2,0.0,0.0,0.0,2026-01-05T10:00:00+00:00,demo
ORD-101963,Delivered,25.12.2025,Sale to individual,581.74,2394.0,1812.26,2394.0,Transferred,359.1,119.7,23.94,11.97,19.15,47.88,0.0,0.0,0.0,2026-01-05T10:00:00+00:00,demo
ORD-101964,Full return accepted at warehouse,25.12.2025,Sale to individual,367.42,1512.0,1144.58,1512.0,Transferred,226.8,75.6,15.12,7.56,12.1,30.24,0.0,0.0,0.0,2026-01-05T10:00:00+00:00,demo
ORD-101965,Delivered,25.12.2025,Sale to individual,336.68,1385.5,1048.82,1385.5,Transferred,207.82,69.28,13.86,6.93,11.08,27.71,0.0,0.0,0.0,2026-01-05T10:00:00+00:00,demo
ORD-101966,Full return accepted at warehouse,25.12.2025,Sale to individual,3132.39,12890.5,9758.11,12890.5,Transferred,1933.57,644.53,128.91,64.45,103.12,257.81,0.0,0.0,0.0,2026-01-05T10:00:00+00:00,demo
ORD-101967,Delivered,26.12.2025,Sale to individual,2003.54,8245.0,6241.46,8245.0,Transferred,1236.75,412.25,82.45,41.23,65.96,164.9,0.0,0.0,0.0,2026-01-05T10:00:00+00:00,demo
ORD-101968,Delivered,26.12.2025,Sale to individual,614.06,2527.0,1912.94,2527.0,Transferred,379.05,126.35,25.27,12.63,20.22,50.54,0.0,0.0,0.0,2026-01-05T10:00:00+00:00,demo
ORD-101969,Delivered,26.12.2025,Sale to individual,922.91,3798.0,2875.09,3798.0,Transferred,569.7,189.9,37.98,18.99,30.38,75.96,0.0,0.0,0.0,2026-01-05T10:00:00+00:00,demo
ORD-101970,Delivered,27.12.2025,Sale to individual,314.93,1296.0,981.07,1296.0,Transferred,194.4,64.8,12.96,6.48,10.37,25.92,0.0,0.0,0.0,2026-01-05T10:00:00+00:00,demo
ORD-101971,Delivered,27.12.2025,Sale to individual,1390.07,5720.5,4330.43,5720.5,Transferred,858.07,286.03,57.2,28.6,45.76,114.41,0.0,0.0,0.0,2026-01-05T10:00:00+00:00,demo
ORD-101972,Delivered,28.12.2025,Sale to individual,1022.67,4208.5,3185.83,4208.5,Transferred,631.27,210.43,42.09,21.04,33.67,84.17,0.0,0.0,0.0,2026-01-05T10:00:00+00:00,demo
ORD-101974,Delivered,28.12.2025,Sale to individual,393.66,1620.0,1226.34,1620.0,Transferred,243.0,81.0,16.2,8.1,12.96,32.4,0.0,0.0,0.0,2026-01-05T10:00:00+00:00,demo
ORD-101975,Delivered,29.12.2025,Sale to individual,1893.94,7794.0,5900.06,7794.0,Transferred,1169.1,389.7,77.94,38.97,62.35,155.88,0.0,0.0,0.0,2026-01-05T10:00:00+00:00,demo
ORD-101976,Delivered,29.12.2025,Sale to individual,2426.72,9986.5,7559.78,9986.5,Transferred,1497.97,499.33,99.87,49.93,79.89,199.73,0.0,0.0,0.0,2026-01-05T10:00:00+00:00,demo
ORD-101977,Delivered,30.12.2025,Sale to individual,1447.79,5958.0,4510.21,5958.0,Transferred,893.7,297.9,59.58,29.79,47.66,119.16,0.0,0.0,0.0,2026-01-05T10:00:00+00:00,demo
ORD-101978,Delivered,30.12.2025,Sale to individual,986.58,4060.0,3073.42,4060.0,Transferred,609.0,203.0,40.6,20.3,32.48,81.2,0.0,0.0,0.0,2026-01-05T10:00:00+00:00,demo
ORD-101979,Delivered,30.12.2025,Sale to individual,575.91,2370.0,1794.09,2370.0,Transferred,355.5,118.5,23.7,11.85,18.96,47.4,0.0,0.0,0.0,2026-01-05T10:00:00+00:00,demo
ORD-101980,Delivered,30.12.2025,Sale to individual,782.83,3221.5,2438.67,3221.5,Transferred,483.22,161.08,32.22,16.11,25.77,64.43,0.0,0.0,0.0,2026-01-05T10:00:00+00:00,demo
ORD-101981,Delivered,31.12.2025,Sale to individual,816.48,3360.0,2543.52,3360.0,Transferred,504.0,168.0,33.6,16.8,26.88,67.2,0.0,0.0,0.0,2026-01-05T10:00:00+00:00,demo
ORD-101982,Full return accepted at warehouse,31.12.2025,Sale to individual,984.15,4050.0,3065.85,4050.0,Transferred,607.5,202.5,40.5,20.25,32.4,81.0,0.0,0.0,0.0,2026-01-05T10:00:00+00:00,demo
ORD-101983,Delivered,31.12.2025,Sale to individual,1371.24,5643.0,4271.76,5643.0,Transferred,846.45,282.15,56.43,28.21,45.14,112.86,0.0,0.0,0.0,2026-01-05T10:00:00+00:00,demo
ORD-101985,Delivered,31.12.2025,Sale to individual,1666.74,6859.0,5192.26,6859.0,Transferred,1028.85,342.95,68.59,34.3,54.87,137.18,0.0,0.0,0.0,2026-01-05T10:00:00+00:00,demo
ORD-101986,Delivered,31.12.2025,Sale to individual,1785.32,7347.0,5561.68,7347.0,Transferred,1102.05,367.35,73.47,36.73,58.78,146.94,0.0,0.0,0.0,2026-01-05T10:00:00+00:00,demo
