ORDER_ID,CREATION_DATE,ORDER_TYPE,SHOP_SKU,OFFER_NAME,BILLING_PRICE,TRANSFERRED_FOR_DELIVERY,DELIVERED_OR_RETURNED,DELIVERY_DATE,OFFER_STATUS,STATUS_CHANGED,SHIPMENT_WAREHOUSE,DELIVERY_REGION,BUYER_PAYMENT_AMOUNT,REFUND_BUYER_PAYMENT_AMOUNT,_LOADED_AT,_SOURCE_FILE
ORD-100001,01.01.2025,Sale to individual,ACC-003,Accessorie #3,1190.0,1,1,05.01.2025,Delivered to buyer,2025-01-04 16:55:00,Яндекс.Маркет (Софьино),Санкт-Петербург,1071.0,,2026-01-05T10:00:00+00:00,demo
ORD-100002,02.01.2025,Sale to individual,T-S-009,T-Shirt #9,2030.0,1,1,06.01.2025,Delivered to buyer,2025-01-07 22:33:00,Яндекс.Маркет (Софьино),Москва,2030.0,,2026-01-05T10:00:00+00:00,demo
ORD-100003,02.01.2025,Sale to individual,T-S-002,T-Shirt #2,2190.0,1,1,04.01.2025,Delivered to buyer,2025-01-03 11:37:00,Яндекс.Маркет (Софьино),Москва,2190.0,,2026-01-05T10:00:00+00:00,demo
ORD-100004,02.01.2025,Sale to individual,HOO-008,Hoodie #8,5940.0,1,1,04.01.2025,Delivered to buyer,2025-01-07 09:32:00,Яндекс.Маркет (Софьино),Санкт-Петербург,5049.0,,2026-01-05T10:00:00+00:00,demo
ORD-100005,02.01.2025,Sale to individual,T-S-008,T-Shirt #8,2110.0,1,1,06.01.2025,Delivered to buyer,2025-01-06 11:50:00,Яндекс.Маркет (Софьино),Новосибирск,1899.0,,2026-01-05T10:00:00+00:00,demo
ORD-100005,02.01.2025,Sale to individual,T-S-004,T-Shirt #4,1960.0,2,2,06.01.2025,Delivered to buyer,2025-01-03 11:50:00,Яндекс.Маркет (Софьино),Новосибирск,3920.0,,2026-01-05T10:00:00+00:00,demo
ORD-100006,03.01.2025,Sale to individual,T-S-012,T-Shirt #12,2660.0,2,2,05.01.2025,Delivered to buyer,2025-01-04 11:12:00,Яндекс.Маркет (Софьино),Казань,5320.0,,2026-01-05T10:00:00+00:00,demo
ORD-100006,03.01.2025,Sale to individual,T-S-011,T-Shirt #11,2370.0,2,2,05.01.2025,Delivered to buyer,2025-01-04 11:12:00,Яндекс.Маркет (Софьино),Казань,4029.0,,2026-01-05T10:00:00+00:00,demo
ORD-100007,03.01.2025,Sale to individual,ACC-003,Accessorie #3,1190.0,1,1,04.01.2025,Delivered to buyer,2025-01-07 18:34:00,Яндекс.Маркет (Софьино),Санкт-Петербург,1071.0,,2026-01-05T10:00:00+00:00,demo
ORD-100008,03.01.2025,Sale to individual,T-S-007,T-Shirt #7,2890.0,2,2,07.01.2025,Delivered to buyer,2025-01-07 11:55:00,Яндекс.Маркет (Софьино),Москва,5491.0,,2026-01-05T10:00:00+00:00,demo
ORD-100009,03.01.2025,Sale to individual,T-S-008,T-Shirt #8,2110.0,1,1,07.01.2025,Delivered to buyer,2025-01-08 14:44:00,Яндекс.Маркет (Софьино),Санкт-Петербург,1793.5,,2026-01-05T10:00:00+00:00,demo
ORD-100010,03.01.2025,Sale to individual,HOO-005,Hoodie #5,4850.0,1,1,04.01.2025,Delivered to buyer,2025-01-08 19:20:00,Яндекс.Маркет (Софьино),Екатеринбург,4850.0,,2026-01-05T10:00:00+00:00,demo
ORD-100011,03.01.2025,Sale to individual,T-S-002,T-Shirt #2,2190.0,1,1,04.01.2025,Delivered to buyer,2025-01-05 21:11:00,Яндекс.Маркет (Софьино),Новосибирск,1861.5,,2026-01-05T10:00:00+00:00,demo
ORD-100011,03.01.2025,Sale to individual,CAP-005,Cap #5,1800.0,1,1,04.01.2025,Delivered to buyer,2025-01-04 21:11:00,Яндекс.Маркет (Софьино),Новосибирск,1530.0,,2026-01-05T10:00:00+00:00,demo
ORD-100012,03.01.2025,Sale to individual,T-S-008,T-Shirt #8,2110.0,1,1,06.01.2025,Delivered to buyer,2025-01-07 18:37:00,Яндекс.Маркет (Софьино),Казань,2004.5,,2026-01-05T10:00:00+00:00,demo
ORD-100013,04.01.2025,Sale to individual,T-S-010,T-Shirt #10,2800.0,1,1,07.01.2025,Delivered to buyer,2025-01-09 18:41:00,Яндекс.Маркет (Софьино),Москва,2520.0,,2026-01-05T10:00:00+00:00,demo
ORD-100013,04.01.2025,Sale to individual,CAP-002,Cap #2,1800.0,1,1,07.01.2025,Delivered to buyer,2025-01-09 18:41:00,Яндекс.Маркет (Софьино),Москва,1800.0,,2026-01-05T10:00:00+00:00,demo
ORD-100014,04.01.2025,Sale to individual,ACC-001,Accessorie #1,990.0,1,1,06.01.2025,Delivered to buyer,2025-01-06 16:16:00,Яндекс.Маркет (Софьино),Санкт-Петербург,940.5,,2026-01-05T10:00:00+00:00,demo
ORD-100015,04.01.2025,Sale to individual,ACC-004,Accessorie #4,1120.0,1,1,07.01.2025,Delivered to buyer,2025-01-07 21:34:00,Яндекс.Маркет (Софьино),Екатеринбург,952.0,,2026-01-05T10:00:00+00:00,demo
ORD-100015,04.01.2025,Sale to individual,CAP-004,Cap #4,1680.0,1,1,07.01.2025,Delivered to buyer,2025-01-07 21:34:00,Яндекс.Маркет (Софьино),Екатеринбург,1680.0,,2026-01-05T10:00:00+00:00,demo
ORD-100016,04.01.2025,Sale to individual,T-S-010,T-Shirt #10,2800.0,1,1,06.01.2025,Delivered to buyer,2025-01-07 22:06:00,Яндекс.Маркет (Софьино),Санкт-Петербург,2800.0,,2026-01-05T10:00:00+00:00,demo
ORD-100017,04.01.2025,Sale to individual,HOO-007,Hoodie #7,6730.0,1,1,05.01.2025,Delivered to buyer,2025-01-07 15:16:00,Яндекс.Маркет (Софьино),Казань,6730.0,,2026-01-05T10:00:00+00:00,demo
ORD-100018,05.01.2025,Sale to individual,CAP-002,Cap #2,1800.0,1,1,09.01.2025,Delivered to buyer,2025-01-10 10:47:00,Яндекс.Маркет (Софьино),Москва,1800.0,,2026-01-05T10:00:00+00:00,demo
ORD-100018,05.01.2025,Sale to individual,HOO-004,Hoodie #4,5110.0,1,1,09.01.2025,Delivered to buyer,2025-01-10 10:47:00,Яндекс.Маркет (Софьино),Москва,4854.5,,2026-01-05T10:00:00+00:00,demo
ORD-100019,05.01.2025,Sale to individual,T-S-010,T-Shirt #10,2800.0,1,1,07.01.2025,Delivered to buyer,2025-01-07 10:27:00,Яндекс.Маркет (Софьино),Москва,2800.0,,2026-01-05T10:00:00+00:00,demo
ORD-100020,05.01.2025,Sale to individual,CAP-002,Cap #2,1800.0,1,0,,Cancelled,2025-01-09 09:22:00,Яндекс.Маркет (Софьино),Санкт-Петербург,,,2026-01-05T10:00:00+00:00,demo
ORD-100020,05.01.2025,Sale to individual,ACC-003,Accessorie #3,1190.0,1,0,,Cancelled,2025-01-08 09:22:00,Яндекс.Маркет (Софьино),Санкт-Петербург,,,2026-01-05T10:00:00+00:00,demo
ORD-100021,05.01.2025,Sale to individual,T-S-007,T-Shirt #7,2890.0,2,2,07.01.2025,Delivered to buyer,2025-01-09 20:42:00,Яндекс.Маркет (Софьино),Москва,5780.0,,2026-01-05T10:00:00+00:00,demo
ORD-100022,06.01.2025,Sale to individual,T-S-010,T-Shirt #10,2800.0,1,1,10.01.2025,Delivered to buyer,2025-01-08 11:52:00,Яндекс.Маркет (Софьино),Санкт-Петербург,2800.0,,2026-01-05T10:00:00+00:00,demo
ORD-100023,07.01.2025,Sale to individual,HOO-001,Hoodie #1,5990.0,1,1,10.01.2025,Delivered to buyer,2025-01-10 20:17:00,Яндекс.Маркет (Софьино),Казань,5990.0,,2026-01-05T10:00:00+00:00,demo
ORD-100023,07.01.2025,Sale to individual,HOO-008,Hoodie #8,5940.0,1,1,10.01.2025,Delivered to buyer,2025-01-10 20:17:00,Яндекс.Маркет (Софьино),Казань,5049.0,,2026-01-05T10:00:00+00:00,demo
ORD-100023,07.01.2025,Sale to individual,CAP-004,Cap #4,1680.0,1,1,10.01.2025,Delivered to buyer,2025-01-12 20:17:00,Яндекс.Маркет (Софьино),Казань,1680.0,,2026-01-05T10:00:00+00:00,demo
ORD-100024,07.01.2025,Sale to individual,HOO-005,Hoodie #5,4850.0,1,1,10.01.2025,Delivered to buyer,2025-01-08 13:46:00,Яндекс.Маркет (Софьино),Новосибирск,4607.5,,2026-01-05T10:00:00+00:00,demo
ORD-100024,07.01.2025,Sale to individual,HOO-001,Hoodie #1,5990.0,2,2,10.01.2025,Delivered to buyer,2025-01-12 13:46:00,Яндекс.Маркет (Софьино),Новосибирск,11980.0,,2026-01-05T10:00:00+00:00,demo
ORD-100025,07.01.2025,Sale to individual,T-S-011,T-Shirt #11,2370.0,1,1,09.01.2025,Delivered to buyer,2025-01-10 18:46:00,Яндекс.Маркет (Софьино),Казань,2370.0,,2026-01-05T10:00:00+00:00,demo
ORD-100026,08.01.2025,Sale to individual,T-S-011,T-Shirt #11,2370.0,1,1,12.01.2025,Delivered to buyer,2025-01-12 12:42:00,Яндекс.Маркет (Софьино),Казань,2370.0,,2026-01-05T10:00:00+00:00,demo
ORD-100027,08.01.2025,Sale to individual,HOO-004,Hoodie #4,5110.0,1,0,,Cancelled,2025-01-10 14:43:00,Яндекс.Маркет (Софьино),Москва,,,2026-01-05T10:00:00+00:00,demo
ORD-100027,08.01.2025,Sale to individual,T-S-011,T-Shirt #11,2370.0,2,0,,Cancelled,2025-01-13 14:43:00,Яндекс.Маркет (Софьино),Москва,,,2026-01-05T10:00:00+00:00,demo
ORD-100028,08.01.2025,Sale to individual,HOO-008,Hoodie #8,5940.0,1,1,12.01.2025,Delivered to buyer,2025-01-13 13:29:00,Яндекс.Маркет (Софьино),Санкт-Петербург,5643.0,,2026-01-05T10:00:00+00:00,demo
ORD-100028,08.01.2025,Sale to individual,HOO-001,Hoodie #1,5990.0,1,1,12.01.2025,Delivered to buyer,2025-01-10 13:29:00,Яндекс.Маркет (Софьино),Санкт-Петербург,5990.0,,2026-01-05T10:00:00+00:00,demo
ORD-100029,08.01.2025,Sale to individual,T-S-002,T-Shirt #2,2190.0,2,0,,Cancelled,2025-01-09 12:14:00,Яндекс.Маркет (Софьино),Санкт-Петербург,,,2026-01-05T10:00:00+00:00,demo
ORD-100030,08.01.2025,Sale to individual,CAP-001,Cap #1,1630.0,1,1,10.01.2025,Delivered to buyer,2025-01-10 14:56:00,Яндекс.Маркет (Софьино),Москва,1467.0,,2026-01-05T10:00:00+00:00,demo
ORD-100030,08.01.2025,Sale to individual,T-S-012,T-Shirt #12,2660.0,1,1,10.01.2025,Delivered to buyer,2025-01-12 14:56:00,Яндекс.Маркет (Софьино),Москва,2261.0,,2026-01-05T10:00:00+00:00,demo
ORD-100030,08.01.2025,Sale to individual,T-S-009,T-Shirt #9,2030.0,1,1,10.01.2025,Delivered to buyer,2025-01-10 14:56:00,Яндекс.Маркет (Софьино),Москва,1725.5,,2026-01-05T10:00:00+00:00,demo
ORD-100031,09.01.2025,Sale to individual,HOO-006,Hoodie #6,6060.0,2,2,12.01.2025,Delivered to buyer,2025-01-13 20:29:00,Яндекс.Маркет (Софьино),Екатеринбург,10302.0,,2026-01-05T10:00:00+00:00,demo
ORD-100031,09.01.2025,Sale to individual,CAP-002,Cap #2,1800.0,1,1,12.01.2025,Delivered to buyer,2025-01-13 20:29:00,Яндекс.Маркет (Софьино),Екатеринбург,1620.0,,2026-01-05T10:00:00+00:00,demo
ORD-100032,09.01.2025,Sale to individual,T-S-012,T-Shirt #12,2660.0,1,1,12.01.2025,Delivered to buyer,2025-01-11 20:15:00,Яндекс.Маркет (Софьино),Новосибирск,2527.0,,2026-01-05T10:00:00+00:00,demo
ORD-100032,09.01.2025,Sale to individual,T-S-009,T-Shirt #9,2030.0,1,1,12.01.2025,Delivered to buyer,2025-01-12 20:15:00,Яндекс.Маркет (Софьино),Новосибирск,1928.5,,2026-01-05T10:00:00+00:00,demo
ORD-100033,09.01.2025,Sale to individual,T-S-010,T-Shirt #10,2800.0,1,1,11.01.2025,Delivered to buyer,2025-01-13 09:08:00,Яндекс.Маркет (Софьино),Санкт-Петербург,2800.0,,2026-01-05T10:00:00+00:00,demo
ORD-100034,09.01.2025,Sale to individual,T-S-002,T-Shirt #2,2190.0,1,1,13.01.2025,Delivered to buyer,2025-01-13 13:34:00,Яндекс.Маркет (Софьино),Новосибирск,1861.5,,2026-01-05T10:00:00+00:00,demo
ORD-100034,09.01.2025,Sale to individual,CAP-004,Cap #4,1680.0,2,2,13.01.2025,Delivered to buyer,2025-01-12 13:34:00,Яндекс.Маркет (Софьино),Новосибирск,3360.0,,2026-01-05T10:00:00+00:00,demo
ORD-100035,09.01.2025,Sale to individual,CAP-002,Cap #2,1800.0,1,1,13.01.2025,Delivered to buyer,2025-01-11 20:24:00,Яндекс.Маркет (Софьино),Екатеринбург,1620.0,,2026-01-05T10:00:00+00:00,demo
ORD-100035,09.01.2025,Sale to individual,HOO-003,Hoodie #3,4420.0,1,1,13.01.2025,Delivered to buyer,2025-01-13 20:24:00,Яндекс.Маркет (Софьино),Екатеринбург,3978.0,,2026-01-05T10:00:00+00:00,demo
ORD-100036,10.01.2025,Sale to individual,T-S-007,T-Shirt #7,2890.0,1,1,14.01.2025,Delivered to buyer,2025-01-15 14:21:00,Яндекс.Маркет (Софьино),Екатеринбург,2601.0,,2026-01-05T10:00:00+00:00,demo
ORD-100036,10.01.2025,Sale to individual,T-S-012,T-Shirt #12,2660.0,1,1,14.01.2025,Delivered to buyer,2025-01-14 14:21:00,Яндекс.Маркет (Софьино),Екатеринбург,2660.0,,2026-01-05T10:00:00+00:00,demo
ORD-100036,10.01.2025,Sale to individual,T-S-006,T-Shirt #6,2570.0,1,1,14.01.2025,Delivered to buyer,2025-01-12 14:21:00,Яндекс.Маркет (Софьино),Екатеринбург,2313.0,,2026-01-05T10:00:00+00:00,demo
ORD-100037,10.01.2025,Sale to individual,T-S-012,T-Shirt #12,2660.0,2,2,13.01.2025,Delivered to buyer,2025-01-14 12:24:00,Яндекс.Маркет (Софьино),Казань,5054.0,,2026-01-05T10:00:00+00:00,demo
ORD-100038,10.01.2025,Sale to individual,CAP-002,Cap #2,1800.0,1,1,14.01.2025,Delivered to buyer,2025-01-11 21:05:00,Яндекс.Маркет (Софьино),Москва,1800.0,,2026-01-05T10:00:00+00:00,demo
ORD-100039,11.01.2025,Sale to individual,HOO-006,Hoodie #6,6060.0,1,1,13.01.2025,Return received in warehouse,2025-01-12 08:15:00,Яндекс.Маркет (Софьино),Санкт-Петербург,5454.0,5454.0,2026-01-05T10:00:00+00:00,demo
ORD-100040,11.01.2025,Sale to individual,T-S-007,T-Shirt #7,2890.0,1,1,14.01.2025,Delivered to buyer,2025-01-14 11:29:00,Яндекс.Маркет (Софьино),Екатеринбург,2890.0,,2026-01-05T10:00:00+00:00,demo
ORD-100041,11.01.2025,Sale to individual,HOO-008,Hoodie #8,5940.0,1,1,14.01.2025,Delivered to buyer,2025-01-16 17:01:00,Яндекс.Маркет (Софьино),Новосибирск,5940.0,,2026-01-05T10:00:00+00:00,demo
ORD-100041,11.01.2025,Sale to individual,ACC-004,Accessorie #4,1120.0,1,1,14.01.2025,Delivered to buyer,2025-01-14 17:01:00,Яндекс.Маркет (Софьино),Новосибирск,1120.0,,2026-01-05T10:00:00+00:00,demo
ORD-100042,11.01.2025,Sale to individual,CAP-004,Cap #4,1680.0,1,0,,Cancelled,2025-01-16 17:51:00,Яндекс.Маркет (Софьино),Новосибирск,,,2026-01-05T10:00:00+00:00,demo
ORD-100042,11.01.2025,Sale to individual,T-S-010,T-Shirt #10,2800.0,1,0,,Cancelled,2025-01-15 17:51:00,Яндекс.Маркет (Софьино),Новосибирск,,,2026-01-05T10:00:00+00:00,demo
ORD-100043,12.01.2025,Sale to individual,ACC-002,Accessorie #2,1440.0,1,1,15.01.2025,Delivered to buyer,2025-01-17 09:27:00,Яндекс.Маркет (Софьино),Санкт-Петербург,1224.0,,2026-01-05T10:00:00+00:00,demo
ORD-100043,12.01.2025,Sale to individual,T-S-012,T-Shirt #12,2660.0,2,2,15.01.2025,Delivered to buyer,2025-01-16 09:27:00,Яндекс.Маркет (Софьино),Санкт-Петербург,4788.0,,2026-01-05T10:00:00+00:00,demo
ORD-100043,12.01.2025,Sale to individual,T-S-007,T-Shirt #7,2890.0,1,1,15.01.2025,Delivered to buyer,2025-01-14 09:27:00,Яндекс.Маркет (Софьино),Санкт-Петербург,2745.5,,2026-01-05T10:00:00+00:00,demo
ORD-100044,13.01.2025,Sale to individual,HOO-006,Hoodie #6,6060.0,2,2,17.01.2025,Delivered to buyer,2025-01-15 11:48:00,Яндекс.Маркет (Софьино),Москва,11514.0,,2026-01-05T10:00:00+00:00,demo
ORD-100044,13.01.2025,Sale to individual,T-S-010,T-Shirt #10,2800.0,2,2,17.01.2025,Delivered to buyer,2025-01-16 11:48:00,Яндекс.Маркет (Софьино),Москва,5600.0,,2026-01-05T10:00:00+00:00,demo
ORD-100045,13.01.2025,Sale to individual,T-S-001,T-Shirt #1,2690.0,1,1,16.01.2025,Delivered to buyer,2025-01-17 13:17:00,Яндекс.Маркет (Софьино),Москва,2421.0,,2026-01-05T10:00:00+00:00,demo
ORD-100045,13.01.2025,Sale to individual,ACC-003,Accessorie #3,1190.0,1,1,16.01.2025,Delivered to buyer,2025-01-17 13:17:00,Яндекс.Маркет (Софьино),Москва,1071.0,,2026-01-05T10:00:00+00:00,demo
ORD-100046,13.01.2025,Sale to individual,T-S-008,T-Shirt #8,2110.0,1,1,14.01.2025,Delivered to buyer,2025-01-16 20:01:00,Яндекс.Маркет (Софьино),Санкт-Петербург,1793.5,,2026-01-05T10:00:00+00:00,demo
ORD-100047,13.01.2025,Sale to individual,ACC-005,Accessorie #5,1220.0,2,2,16.01.2025,Delivered to buyer,2025-01-16 16:33:00,Яндекс.Маркет (Софьино),Казань,2318.0,,2026-01-05T10:00:00+00:00,demo
ORD-100047,13.01.2025,Sale to individual,HOO-004,Hoodie #4,5110.0,1,1,16.01.2025,Delivered to buyer,2025-01-14 16:33:00,Яндекс.Маркет (Софьино),Казань,5110.0,,2026-01-05T10:00:00+00:00,demo
ORD-100048,14.01.2025,Sale to individual,HOO-003,Hoodie #3,4420.0,2,0,,Cancelled,2025-01-19 11:20:00,Яндекс.Маркет (Софьино),Санкт-Петербург,,,2026-01-05T10:00:00+00:00,demo
ORD-100048,14.01.2025,Sale to individual,CAP-002,Cap #2,1800.0,1,0,,Cancelled,2025-01-16 11:20:00,Яндекс.Маркет (Софьино),Санкт-Петербург,,,2026-01-05T10:00:00+00:00,demo
ORD-100048,14.01.2025,Sale to individual,T-S-008,T-Shirt #8,2110.0,1,0,,Cancelled,2025-01-17 11:20:00,Яндекс.Маркет (Софьино),Санкт-Петербург,,,2026-01-05T10:00:00+00:00,demo
ORD-100049,14.01.2025,Sale to individual,T-S-002,T-Shirt #2,2190.0,1,1,16.01.2025,Delivered to buyer,2025-01-18 12:00:00,Яндекс.Маркет (Софьино),Москва,2190.0,,2026-01-05T10:00:00+00:00,demo
ORD-100050,14.01.2025,Sale to individual,T-S-012,T-Shirt #12,2660.0,1,1,17.01.2025,Delivered to buyer,2025-01-15 21:00:00,Яндекс.Маркет (Софьино),Москва,2394.0,,2026-01-05T10:00:00+00:00,demo
ORD-100050,14.01.2025,Sale to individual,T-S-010,T-Shirt #10,2800.0,1,1,17.01.2025,Delivered to buyer,2025-01-18 21:00:00,Яндекс.Маркет (Софьино),Москва,2520.0,,2026-01-05T10:00:00+00:00,demo
ORD-100051,15.01.2025,Sale to individual,ACC-005,Accessorie #5,1220.0,2,2,18.01.2025,Delivered to buyer,2025-01-20 10:09:00,Яндекс.Маркет (Софьино),Москва,2074.0,,2026-01-05T10:00:00+00:00,demo
ORD-100052,15.01.2025,Sale to individual,ACC-002,Accessorie #2,1440.0,2,2,19.01.2025,Delivered to buyer,2025-01-20 11:49:00,Яндекс.Маркет (Софьино),Екатеринбург,2736.0,,2026-01-05T10:00:00+00:00,demo
ORD-100052,15.01.2025,Sale to individual,T-S-010,T-Shirt #10,2800.0,1,1,19.01.2025,Delivered to buyer,2025-01-16 11:49:00,Яндекс.Маркет (Софьино),Екатеринбург,2380.0,,2026-01-05T10:00:00+00:00,demo
ORD-100053,15.01.2025,Sale to individual,HOO-007,Hoodie #7,6730.0,1,1,17.01.2025,Return received in warehouse,2025-01-20 11:40:00,Яндекс.Маркет (Софьино),Санкт-Петербург,6730.0,6730.0,2026-01-05T10:00:00+00:00,demo
ORD-100054,15.01.2025,Sale to individual,CAP-001,Cap #1,1630.0,1,1,19.01.2025,Delivered to buyer,2025-01-18 10:00:00,Яндекс.Маркет (Софьино),Москва,1548.5,,2026-01-05T10:00:00+00:00,demo
ORD-100054,15.01.2025,Sale to individual,T-S-012,T-Shirt #12,2660.0,2,2,19.01.2025,Delivered to buyer,2025-01-17 10:00:00,Яндекс.Маркет (Софьино),Москва,5320.0,,2026-01-05T10:00:00+00:00,demo
ORD-100055,15.01.2025,Sale to individual,T-S-005,T-Shirt #5,1950.0,1,1,17.01.2025,Delivered to buyer,2025-01-16 20:50:00,Яндекс.Маркет (Софьино),Санкт-Петербург,1950.0,,2026-01-05T10:00:00+00:00,demo
ORD-100055,15.01.2025,Sale to individual,T-S-008,T-Shirt #8,2110.0,1,1,17.01.2025,Delivered to buyer,2025-01-18 20:50:00,Яндекс.Маркет (Софьино),Санкт-Петербург,2110.0,,2026-01-05T10:00:00+00:00,demo
ORD-100056,15.01.2025,Sale to individual,T-S-006,T-Shirt #6,2570.0,1,1,18.01.2025,Delivered to buyer,2025-01-20 19:52:00,Яндекс.Маркет (Софьино),Новосибирск,2184.5,,2026-01-05T10:00:00+00:00,demo
ORD-100056,15.01.2025,Sale to individual,CAP-001,Cap #1,1630.0,2,2,18.01.2025,Delivered to buyer,2025-01-16 19:52:00,Яндекс.Маркет (Софьино),Новосибирск,2934.0,,2026-01-05T10:00:00+00:00,demo
ORD-100057,15.01.2025,Sale to individual,T-S-010,T-Shirt #10,2800.0,1,1,19.01.2025,Delivered to buyer,2025-01-20 08:56:00,Яндекс.Маркет (Софьино),Екатеринбург,2660.0,,2026-01-05T10:00:00+00:00,demo
ORD-100057,15.01.2025,Sale to individual,T-S-009,T-Shirt #9,2030.0,1,1,19.01.2025,Delivered to buyer,2025-01-19 08:56:00,Яндекс.Маркет (Софьино),Екатеринбург,2030.0,,2026-01-05T10:00:00+00:00,demo
ORD-100057,15.01.2025,Sale to individual,T-S-004,T-Shirt #4,1960.0,2,2,19.01.2025,Delivered to buyer,2025-01-17 08:56:00,Яндекс.Маркет (Софьино),Екатеринбург,3724.0,,2026-01-05T10:00:00+00:00,demo
ORD-100058,16.01.2025,Sale to individual,T-S-012,T-Shirt #12,2660.0,1,1,20.01.2025,Delivered to buyer,2025-01-17 14:40:00,Яндекс.Маркет (Софьино),Новосибирск,2527.0,,2026-01-05T10:00:00+00:00,demo
ORD-100059,16.01.2025,Sale to individual,HOO-007,Hoodie #7,6730.0,1,1,20.01.2025,Delivered to buyer,2025-01-17 13:26:00,Яндекс.Маркет (Софьино),Новосибирск,6057.0,,2026-01-05T10:00:00+00:00,demo
ORD-100060,16.01.2025,Sale to individual,CAP-005,Cap #5,1800.0,2,2,17.01.2025,Delivered to buyer,2025-01-17 12:20:00,Яндекс.Маркет (Софьино),Москва,3240.0,,2026-01-05T10:00:00+00:00,demo
ORD-100060,16.01.2025,Sale to individual,CAP-004,Cap #4,1680.0,1,1,17.01.2025,Delivered to buyer,2025-01-19 12:20:00,Яндекс.Маркет (Софьино),Москва,1428.0,,2026-01-05T10:00:00+00:00,demo
ORD-100061,16.01.2025,Sale to individual,T-S-008,T-Shirt #8,2110.0,1,1,20.01.2025,Delivered to buyer,2025-01-20 20:31:00,Яндекс.Маркет (Софьино),Екатеринбург,2004.5,,2026-01-05T10:00:00+00:00,demo
ORD-100062,16.01.2025,Sale to individual,HOO-006,Hoodie #6,6060.0,1,0,,Cancelled,2025-01-20 15:07:00,Яндекс.Маркет (Софьино),Екатеринбург,,,2026-01-05T10:00:00+00:00,demo
ORD-100062,16.01.2025,Sale to individual,T-S-009,T-Shirt #9,2030.0,1,0,,Cancelled,2025-01-17 15:07:00,Яндекс.Маркет (Софьино),Екатеринбург,,,2026-01-05T10:00:00+00:00,demo
ORD-100062,16.01.2025,Sale to individual,T-S-007,T-Shirt #7,2890.0,2,0,,Cancelled,2025-01-18 15:07:00,Яндекс.Маркет (Софьино),Екатеринбург,,,2026-01-05T10:00:00+00:00,demo
ORD-100063,17.01.2025,Sale to individual,ACC-004,Accessorie #4,1120.0,1,1,21.01.2025,Delivered to buyer,2025-01-19 19:17:00,Яндекс.Маркет (Софьино),Екатеринбург,1008.0,,2026-01-05T10:00:00+00:00,demo
ORD-100063,17.01.2025,Sale to individual,T-S-009,T-Shirt #9,2030.0,1,1,21.01.2025,Delivered to buyer,2025-01-20 19:17:00,Яндекс.Маркет (Софьино),Екатеринбург,2030.0,,2026-01-05T10:00:00+00:00,demo
ORD-100064,18.01.2025,Sale to individual,ACC-003,Accessorie #3,1190.0,1,1,22.01.2025,Return received in warehouse,2025-01-21 20:54:00,Яндекс.Маркет (Софьино),Екатеринбург,1190.0,1190.0,2026-01-05T10:00:00+00:00,demo
ORD-100065,18.01.2025,Sale to individual,T-S-012,T-Shirt #12,2660.0,1,0,,Cancelled,2025-01-23 12:53:00,Яндекс.Маркет (Софьино),Новосибирск,,,2026-01-05T10:00:00+00:00,demo
ORD-100066,18.01.2025,Sale to individual,CAP-005,Cap #5,1800.0,2,2,22.01.2025,Return received in warehouse,2025-01-22 16:24:00,Яндекс.Маркет (Софьино),Санкт-Петербург,3600.0,3600.0,2026-01-05T10:00:00+00:00,demo
ORD-100067,18.01.2025,Sale to individual,ACC-003,Accessorie #3,1190.0,2,2,22.01.2025,Delivered to buyer,2025-01-20 13:47:00,Яндекс.Маркет (Софьино),Санкт-Петербург,2380.0,,2026-01-05T10:00:00+00:00,demo
ORD-100067,18.01.2025,Sale to individual,T-S-010,T-Shirt #10,2800.0,1,1,22.01.2025,Delivered to buyer,2025-01-22 13:47:00,Яндекс.Маркет (Софьино),Санкт-Петербург,2800.0,,2026-01-05T10:00:00+00:00,demo
ORD-100067,18.01.2025,Sale to individual,ACC-004,Accessorie #4,1120.0,1,1,22.01.2025,Delivered to buyer,2025-01-22 13:47:00,Яндекс.Маркет (Софьино),Санкт-Петербург,952.0,,2026-01-05T10:00:00+00:00,demo
ORD-100068,19.01.2025,Sale to individual,T-S-010,T-Shirt #10,2800.0,1,1,23.01.2025,Delivered to buyer,2025-01-24 10:04:00,Яндекс.Маркет (Софьино),Новосибирск,2660.0,,2026-01-05T10:00:00+00:00,demo
ORD-100069,19.01.2025,Sale to individual,T-S-002,T-Shirt #2,2190.0,1,1,23.01.2025,Delivered to buyer,2025-01-23 13:40:00,Яндекс.Маркет (Софьино),Казань,2190.0,,2026-01-05T10:00:00+00:00,demo
ORD-100069,19.01.2025,Sale to individual,T-S-002,T-Shirt #2,2190.0,1,1,23.01.2025,Delivered to buyer,2025-01-23 13:40:00,Яндекс.Маркет (Софьино),Казань,2190.0,,2026-01-05T10:00:00+00:00,demo
ORD-100070,19.01.2025,Sale to individual,T-S-010,T-Shirt #10,2800.0,1,1,20.01.2025,Delivered to buyer,2025-01-22 19:19:00,Яндекс.Маркет (Софьино),Москва,2660.0,,2026-01-05T10:00:00+00:00,demo
ORD-100071,19.01.2025,Sale to individual,HOO-008,Hoodie #8,5940.0,1,1,23.01.2025,Delivered to buyer,2025-01-23 10:15:00,Яндекс.Маркет (Софьино),Санкт-Петербург,5049.0,,2026-01-05T10:00:00+00:00,demo
ORD-100071,19.01.2025,Sale to individual,T-S-008,T-Shirt #8,2110.0,1,1,23.01.2025,Delivered to buyer,2025-01-24 10:15:00,Яндекс.Маркет (Софьино),Санкт-Петербург,1899.0,,2026-01-05T10:00:00+00:00,demo
ORD-100072,19.01.2025,Sale to individual,T-S-009,T-Shirt #9,2030.0,1,1,22.01.2025,Delivered to buyer,2025-01-21 11:29:00,Яндекс.Маркет (Софьино),Новосибирск,1725.5,,2026-01-05T10:00:00+00:00,demo
ORD-100072,19.01.2025,Sale to individual,T-S-001,T-Shirt #1,2690.0,1,1,22.01.2025,Delivered to buyer,2025-01-22 11:29:00,Яндекс.Маркет (Софьино),Новосибирск,2421.0,,2026-01-05T10:00:00+00:00,demo
ORD-100073,20.01.2025,Sale to individual,T-S-009,T-Shirt #9,2030.0,2,2,24.01.2025,Delivered to buyer,2025-01-22 12:40:00,Яндекс.Маркет (Софьино),Новосибирск,4060.0,,2026-01-05T10:00:00+00:00,demo
ORD-100073,20.01.2025,Sale to individual,CAP-004,Cap #4,1680.0,2,2,24.01.2025,Delivered to buyer,2025-01-23 12:40:00,Яндекс.Маркет (Софьино),Новосибирск,2856.0,,2026-01-05T10:00:00+00:00,demo
ORD-100073,20.01.2025,Sale to individual,T-S-008,T-Shirt #8,2110.0,1,1,24.01.2025,Delivered to buyer,2025-01-21 12:40:00,Яндекс.Маркет (Софьино),Новосибирск,2004.5,,2026-01-05T10:00:00+00:00,demo
ORD-100074,20.01.2025,Sale to individual,CAP-005,Cap #5,1800.0,2,2,21.01.2025,Delivered to buyer,2025-01-22 14:17:00,Яндекс.Маркет (Софьино),Москва,3420.0,,2026-01-05T10:00:00+00:00,demo
ORD-100074,20.01.2025,Sale to individual,CAP-003,Cap #3,1680.0,1,1,21.01.2025,Delivered to buyer,2025-01-22 14:17:00,Яндекс.Маркет (Софьино),Москва,1680.0,,2026-01-05T10:00:00+00:00,demo
ORD-100075,20.01.2025,Sale to individual,T-S-004,T-Shirt #4,1960.0,1,1,22.01.2025,Delivered to buyer,2025-01-23 12:43:00,Яндекс.Маркет (Софьино),Новосибирск,1666.0,,2026-01-05T10:00:00+00:00,demo
ORD-100075,20.01.2025,Sale to individual,HOO-007,Hoodie #7,6730.0,1,1,22.01.2025,Delivered to buyer,2025-01-23 12:43:00,Яндекс.Маркет (Софьино),Новосибирск,6730.0,,2026-01-05T10:00:00+00:00,demo
ORD-100075,20.01.2025,Sale to individual,T-S-002,T-Shirt #2,2190.0,1,1,22.01.2025,Delivered to buyer,2025-01-22 12:43:00,Яндекс.Маркет (Софьино),Новосибирск,1971.0,,2026-01-05T10:00:00+00:00,demo
ORD-100076,20.01.2025,Sale to individual,T-S-012,T-Shirt #12,2660.0,1,1,23.01.2025,Delivered to buyer,2025-01-23 10:50:00,Яндекс.Маркет (Софьино),Санкт-Петербург,2394.0,,2026-01-05T10:00:00+00:00,demo
ORD-100076,20.01.2025,Sale to individual,T-S-009,T-Shirt #9,2030.0,1,1,23.01.2025,Delivered to buyer,2025-01-24 10:50:00,Яндекс.Маркет (Софьино),Санкт-Петербург,2030.0,,2026-01-05T10:00:00+00:00,demo
ORD-100077,21.01.2025,Sale to individual,T-S-010,T-Shirt #10,2800.0,1,1,25.01.2025,Delivered to buyer,2025-01-22 21:43:00,Яндекс.Маркет (Софьино),Москва,2380.0,,2026-01-05T10:00:00+00:00,demo
ORD-100077,21.01.2025,Sale to individual,CAP-004,Cap #4,1680.0,2,2,25.01.2025,Delivered to buyer,2025-01-24 21:43:00,Яндекс.Маркет (Софьино),Москва,3192.0,,2026-01-05T10:00:00+00:00,demo
ORD-100078,21.01.2025,Sale to individual,HOO-008,Hoodie #8,5940.0,1,1,24.01.2025,Delivered to buyer,2025-01-26 14:52:00,Яндекс.Маркет (Софьино),Новосибирск,5049.0,,2026-01-05T10:00:00+00:00,demo
ORD-100079,21.01.2025,Sale to individual,T-S-002,T-Shirt #2,2190.0,2,2,23.01.2025,Delivered to buyer,2025-01-23 22:39:00,Яндекс.Маркет (Софьино),Казань,4380.0,,2026-01-05T10:00:00+00:00,demo
ORD-100079,21.01.2025,Sale to individual,CAP-004,Cap #4,1680.0,1,1,23.01.2025,Delivered to buyer,2025-01-24 22:39:00,Яндекс.Маркет (Софьино),Казань,1680.0,,2026-01-05T10:00:00+00:00,demo
ORD-100079,21.01.2025,Sale to individual,ACC-002,Accessorie #2,1440.0,2,2,23.01.2025,Delivered to buyer,2025-01-22 22:39:00,Яндекс.Маркет (Софьино),Казань,2880.0,,2026-01-05T10:00:00+00:00,demo
ORD-100080,21.01.2025,Sale to individual,T-S-012,T-Shirt #12,2660.0,2,2,23.01.2025,Delivered to buyer,2025-01-23 22:34:00,Яндекс.Маркет (Софьино),Екатеринбург,4522.0,,2026-01-05T10:00:00+00:00,demo
ORD-100080,21.01.2025,Sale to individual,HOO-008,Hoodie #8,5940.0,2,2,23.01.2025,Delivered to buyer,2025-01-25 22:34:00,Яндекс.Маркет (Софьино),Екатеринбург,11880.0,,2026-01-05T10:00:00+00:00,demo
ORD-100081,21.01.2025,Sale to individual,T-S-010,T-Shirt #10,2800.0,1,1,22.01.2025,Delivered to buyer,2025-01-26 14:17:00,Яндекс.Маркет (Софьино),Казань,2660.0,,2026-01-05T10:00:00+00:00,demo
ORD-100081,21.01.2025,Sale to individual,T-S-012,T-Shirt #12,2660.0,1,1,22.01.2025,Delivered to buyer,2025-01-25 14:17:00,Яндекс.Маркет (Софьино),Казань,2660.0,,2026-01-05T10:00:00+00:00,demo
ORD-100081,21.01.2025,Sale to individual,ACC-003,Accessorie #3,1190.0,1,1,22.01.2025,Delivered to buyer,2025-01-22 14:17:00,Яндекс.Маркет (Софьино),Казань,1190.0,,2026-01-05T10:00:00+00:00,demo
ORD-100082,22.01.2025,Sale to individual,HOO-007,Hoodie #7,6730.0,1,1,24.01.2025,Delivered to buyer,2025-01-27 09:42:00,Яндекс.Маркет (Софьино),Казань,6730.0,,2026-01-05T10:00:00+00:00,demo
ORD-100082,22.01.2025,Sale to individual,ACC-004,Accessorie #4,1120.0,1,1,24.01.2025,Delivered to buyer,2025-01-27 09:42:00,Яндекс.Маркет (Софьино),Казань,1120.0,,2026-01-05T10:00:00+00:00,demo
ORD-100082,22.01.2025,Sale to individual,T-S-002,T-Shirt #2,2190.0,1,1,24.01.2025,Delivered to buyer,2025-01-24 09:42:00,Яндекс.Маркет (Софьино),Казань,1861.5,,2026-01-05T10:00:00+00:00,demo
ORD-100083,22.01.2025,Sale to individual,T-S-001,T-Shirt #1,2690.0,1,1,24.01.2025,Delivered to buyer,2025-01-25 13:49:00,Яндекс.Маркет (Софьино),Санкт-Петербург,2286.5,,2026-01-05T10:00:00+00:00,demo
ORD-100083,22.01.2025,Sale to individual,CAP-005,Cap #5,1800.0,1,1,24.01.2025,Delivered to buyer,2025-01-23 13:49:00,Яндекс.Маркет (Софьино),Санкт-Петербург,1800.0,,2026-01-05T10:00:00+00:00,demo
ORD-100084,22.01.2025,Sale to individual,T-S-010,T-Shirt #10,2800.0,1,1,24.01.2025,Delivered to buyer,2025-01-27 08:22:00,Яндекс.Маркет (Софьино),Москва,2520.0,,2026-01-05T10:00:00+00:00,demo
ORD-100084,22.01.2025,Sale to individual,T-S-008,T-Shirt #8,2110.0,1,1,24.01.2025,Delivered to buyer,2025-01-26 08:22:00,Яндекс.Маркет (Софьино),Москва,2110.0,,2026-01-05T10:00:00+00:00,demo
ORD-100085,22.01.2025,Sale to individual,HOO-001,Hoodie #1,5990.0,1,1,23.01.2025,Delivered to buyer,2025-01-23 20:23:00,Яндекс.Маркет (Софьино),Москва,5391.0,,2026-01-05T10:00:00+00:00,demo
ORD-100085,22.01.2025,Sale to individual,ACC-003,Accessorie #3,1190.0,1,1,23.01.2025,Delivered to buyer,2025-01-26 20:23:00,Яндекс.Маркет (Софьино),Москва,1071.0,,2026-01-05T10:00:00+00:00,demo
ORD-100086,23.01.2025,Sale to individual,T-S-010,T-Shirt #10,2800.0,1,0,,Cancelled,2025-01-26 22:28:00,Яндекс.Маркет (Софьино),Санкт-Петербург,,,2026-01-05T10:00:00+00:00,demo
ORD-100087,23.01.2025,Sale to individual,ACC-005,Accessorie #5,1220.0,2,2,26.01.2025,Delivered to buyer,2025-01-24 18:37:00,Яндекс.Маркет (Софьино),Новосибирск,2440.0,,2026-01-05T10:00:00+00:00,demo
ORD-100087,23.01.2025,Sale to individual,HOO-002,Hoodie #2,4910.0,1,1,26.01.2025,Delivered to buyer,2025-01-27 18:37:00,Яндекс.Маркет (Софьино),Новосибирск,4419.0,,2026-01-05T10:00:00+00:00,demo
ORD-100088,23.01.2025,Sale to individual,T-S-011,T-Shirt #11,2370.0,1,1,27.01.2025,Delivered to buyer,2025-01-26 14:21:00,Яндекс.Маркет (Софьино),Новосибирск,2251.5,,2026-01-05T10:00:00+00:00,demo
ORD-100088,23.01.2025,Sale to individual,T-S-004,T-Shirt #4,1960.0,1,1,27.01.2025,Delivered to buyer,2025-01-24 14:21:00,Яндекс.Маркет (Софьино),Новосибирск,1764.0,,2026-01-05T10:00:00+00:00,demo
ORD-100089,24.01.2025,Sale to individual,T-S-004,T-Shirt #4,1960.0,1,1,25.01.2025,Delivered to buyer,2025-01-29 21:05:00,Яндекс.Маркет (Софьино),Санкт-Петербург,1666.0,,2026-01-05T10:00:00+00:00,demo
ORD-100089,24.01.2025,Sale to individual,CAP-002,Cap #2,1800.0,1,1,25.01.2025,Delivered to buyer,2025-01-28 21:05:00,Яндекс.Маркет (Софьино),Санкт-Петербург,1800.0,,2026-01-05T10:00:00+00:00,demo
ORD-100090,24.01.2025,Sale to individual,T-S-002,T-Shirt #2,2190.0,1,1,28.01.2025,Delivered to buyer,2025-01-28 21:42:00,Яндекс.Маркет (Софьино),Москва,2190.0,,2026-01-05T10:00:00+00:00,demo
ORD-100090,24.01.2025,Sale to individual,T-S-010,T-Shirt #10,2800.0,1,1,28.01.2025,Delivered to buyer,2025-01-27 21:42:00,Яндекс.Маркет (Софьино),Москва,2800.0,,2026-01-05T10:00:00+00:00,demo
ORD-100090,24.01.2025,Sale to individual,T-S-010,T-Shirt #10,2800.0,1,1,28.01.2025,Delivered to buyer,2025-01-27 21:42:00,Яндекс.Маркет (Софьино),Москва,2800.0,,2026-01-05T10:00:00+00:00,demo
ORD-100091,24.01.2025,Sale to individual,ACC-004,Accessorie #4,1120.0,1,1,28.01.2025,Delivered to buyer,2025-01-27 11:51:00,Яндекс.Маркет (Софьино),Екатеринбург,952.0,,2026-01-05T10:00:00+00:00,demo
ORD-100091,24.01.2025,Sale to individual,CAP-004,Cap #4,1680.0,1,1,28.01.2025,Delivered to buyer,2025-01-27 11:51:00,Яндекс.Маркет (Софьино),Екатеринбург,1680.0,,2026-01-05T10:00:00+00:00,demo
ORD-100092,24.01.2025,Sale to individual,T-S-001,T-Shirt #1,2690.0,2,0,,Cancelled,2025-01-26 20:19:00,Яндекс.Маркет (Софьино),Санкт-Петербург,,,2026-01-05T10:00:00+00:00,demo
ORD-100093,24.01.2025,Sale to individual,HOO-002,Hoodie #2,4910.0,1,1,25.01.2025,Return received in warehouse,2025-01-27 18:01:00,Яндекс.Маркет (Софьино),Санкт-Петербург,4664.5,4664.5,2026-01-05T10:00:00+00:00,demo
ORD-100093,24.01.2025,Sale to individual,T-S-010,T-Shirt #10,2800.0,1,1,25.01.2025,Return received in warehouse,2025-01-26 18:01:00,Яндекс.Маркет (Софьино),Санкт-Петербург,2800.0,2800.0,2026-01-05T10:00:00+00:00,demo
ORD-100093,24.01.2025,Sale to individual,T-S-012,T-Shirt #12,2660.0,1,1,25.01.2025,Return received in warehouse,2025-01-25 18:01:00,Яндекс.Маркет (Софьино),Санкт-Петербург,2261.0,2261.0,2026-01-05T10:00:00+00:00,demo
ORD-100094,25.01.2025,Sale to individual,T-S-009,T-Shirt #9,2030.0,1,1,29.01.2025,Delivered to buyer,2025-01-26 14:31:00,Яндекс.Маркет (Софьино),Москва,1827.0,,2026-01-05T10:00:00+00:00,demo
ORD-100094,25.01.2025,Sale to individual,CAP-002,Cap #2,1800.0,1,1,29.01.2025,Delivered to buyer,2025-01-29 14:31:00,Яндекс.Маркет (Софьино),Москва,1530.0,,2026-01-05T10:00:00+00:00,demo
ORD-100095,25.01.2025,Sale to individual,T-S-011,T-Shirt #11,2370.0,1,1,26.01.2025,Delivered to buyer,2025-01-27 18:19:00,Яндекс.Маркет (Софьино),Екатеринбург,2370.0,,2026-01-05T10:00:00+00:00,demo
ORD-100096,25.01.2025,Sale to individual,T-S-010,T-Shirt #10,2800.0,1,1,27.01.2025,Delivered to buyer,2025-01-29 11:49:00,Яндекс.Маркет (Софьино),Москва,2520.0,,2026-01-05T10:00:00+00:00,demo
ORD-100097,25.01.2025,Sale to individual,HOO-004,Hoodie #4,5110.0,1,1,27.01.2025,Delivered to buyer,2025-01-26 10:24:00,Яндекс.Маркет (Софьино),Казань,4599.0,,2026-01-05T10:00:00+00:00,demo
ORD-100097,25.01.2025,Sale to individual,HOO-008,Hoodie #8,5940.0,2,2,27.01.2025,Delivered to buyer,2025-01-29 10:24:00,Яндекс.Маркет (Софьино),Казань,11880.0,,2026-01-05T10:00:00+00:00,demo
ORD-100098,26.01.2025,Sale to individual,T-S-011,T-Shirt #11,2370.0,1,1,30.01.2025,Delivered to buyer,2025-01-27 21:20:00,Яндекс.Маркет (Софьино),Казань,2133.0,,2026-01-05T10:00:00+00:00,demo
ORD-100098,26.01.2025,Sale to individual,HOO-007,Hoodie #7,6730.0,1,1,30.01.2025,Delivered to buyer,2025-01-31 21:20:00,Яндекс.Маркет (Софьино),Казань,6730.0,,2026-01-05T10:00:00+00:00,demo
ORD-100099,26.01.2025,Sale to individual,T-S-012,T-Shirt #12,2660.0,1,1,29.01.2025,Delivered to buyer,2025-01-31 21:44:00,Яндекс.Маркет (Софьино),Москва,2394.0,,2026-01-05T10:00:00+00:00,demo
ORD-100100,26.01.2025,Sale to individual,CAP-002,Cap #2,1800.0,1,1,30.01.2025,Delivered to buyer,2025-01-27 16:05:00,Яндекс.Маркет (Софьино),Санкт-Петербург,1800.0,,2026-01-05T10:00:00+00:00,demo
ORD-100101,27.01.2025,Sale to individual,CAP-002,Cap #2,1800.0,1,1,30.01.2025,Delivered to buyer,2025-01-29 11:57:00,Яндекс.Маркет (Софьино),Санкт-Петербург,1800.0,,2026-01-05T10:00:00+00:00,demo
ORD-100102,27.01.2025,Sale to individual,T-S-002,T-Shirt #2,2190.0,2,2,29.01.2025,Delivered to buyer,2025-02-01 11:11:00,Яндекс.Маркет (Софьино),Новосибирск,3723.0,,2026-01-05T10:00:00+00:00,demo
ORD-100102,27.01.2025,Sale to individual,ACC-003,Accessorie #3,1190.0,1,1,29.01.2025,Delivered to buyer,2025-01-29 11:11:00,Яндекс.Маркет (Софьино),Новосибирск,1130.5,,2026-01-05T10:00:00+00:00,demo
ORD-100102,27.01.2025,Sale to individual,HOO-007,Hoodie #7,6730.0,2,2,29.01.2025,Delivered to buyer,2025-01-31 11:11:00,Яндекс.Маркет (Софьино),Новосибирск,13460.0,,2026-01-05T10:00:00+00:00,demo
ORD-100103,27.01.2025,Sale to individual,T-S-002,T-Shirt #2,2190.0,2,2,30.01.2025,Delivered to buyer,2025-01-28 18:19:00,Яндекс.Маркет (Софьино),Казань,3942.0,,2026-01-05T10:00:00+00:00,demo
ORD-100103,27.01.2025,Sale to individual,HOO-001,Hoodie #1,5990.0,1,1,30.01.2025,Delivered to buyer,2025-01-30 18:19:00,Яндекс.Маркет (Софьино),Казань,5690.5,,2026-01-05T10:00:00+00:00,demo
ORD-100104,28.01.2025,Sale to individual,HOO-005,Hoodie #5,4850.0,1,1,29.01.2025,Delivered to buyer,2025-02-02 18:55:00,Яндекс.Маркет (Софьино),Екатеринбург,4365.0,,2026-01-05T10:00:00+00:00,demo
ORD-100104,28.01.2025,Sale to individual,T-S-010,T-Shirt #10,2800.0,1,1,29.01.2025,Delivered to buyer,2025-02-02 18:55:00,Яндекс.Маркет (Софьино),Екатеринбург,2660.0,,2026-01-05T10:00:00+00:00,demo
ORD-100105,28.01.2025,Sale to individual,T-S-004,T-Shirt #4,1960.0,1,1,29.01.2025,Delivered to buyer,2025-01-30 16:09:00,Яндекс.Маркет (Софьино),Казань,1666.0,,2026-01-05T10:00:00+00:00,demo
ORD-100105,28.01.2025,Sale to individual,ACC-002,Accessorie #2,1440.0,1,1,29.01.2025,Delivered to buyer,2025-02-01 16:09:00,Яндекс.Маркет (Софьино),Казань,1440.0,,2026-01-05T10:00:00+00:00,demo
ORD-100106,28.01.2025,Sale to individual,T-S-010,T-Shirt #10,2800.0,2,2,30.01.2025,Delivered to buyer,2025-01-31 16:33:00,Яндекс.Маркет (Софьино),Казань,5040.0,,2026-01-05T10:00:00+00:00,demo
ORD-100107,28.01.2025,Sale to individual,T-S-010,T-Shirt #10,2800.0,2,0,,Cancelled,2025-01-31 17:03:00,Яндекс.Маркет (Софьино),Екатеринбург,,,2026-01-05T10:00:00+00:00,demo
ORD-100108,29.01.2025,Sale to individual,HOO-005,Hoodie #5,4850.0,1,1,01.02.2025,Delivered to buyer,2025-02-02 21:09:00,Яндекс.Маркет (Софьино),Санкт-Петербург,4607.5,,2026-01-05T10:00:00+00:00,demo
ORD-100109,29.01.2025,Sale to individual,HOO-004,Hoodie #4,5110.0,1,1,30.01.2025,Delivered to buyer,2025-01-30 17:45:00,Яндекс.Маркет (Софьино),Казань,4343.5,,2026-01-05T10:00:00+00:00,demo
ORD-100110,29.01.2025,Sale to individual,T-S-010,T-Shirt #10,2800.0,1,1,01.02.2025,Delivered to buyer,2025-02-02 18:27:00,Яндекс.Маркет (Софьино),Санкт-Петербург,2660.0,,2026-01-05T10:00:00+00:00,demo
ORD-100111,29.01.2025,Sale to individual,T-S-010,T-Shirt #10,2800.0,1,1,31.01.2025,Delivered to buyer,2025-02-03 11:08:00,Яндекс.Маркет (Софьино),Москва,2660.0,,2026-01-05T10:00:00+00:00,demo
ORD-100112,30.01.2025,Sale to individual,T-S-008,T-Shirt #8,2110.0,1,1,01.02.2025,Delivered to buyer,2025-01-31 17:24:00,Яндекс.Маркет (Софьино),Екатеринбург,1899.0,,2026-01-05T10:00:00+00:00,demo
ORD-100113,30.01.2025,Sale to individual,HOO-006,Hoodie #6,6060.0,1,1,01.02.2025,Delivered to buyer,2025-02-01 13:43:00,Яндекс.Маркет (Софьино),Новосибирск,5151.0,,2026-01-05T10:00:00+00:00,demo
ORD-100113,30.01.2025,Sale to individual,CAP-002,Cap #2,1800.0,1,1,01.02.2025,Delivered to buyer,2025-02-01 13:43:00,Яндекс.Маркет (Софьино),Новосибирск,1620.0,,2026-01-05T10:00:00+00:00,demo
ORD-100114,31.01.2025,Sale to individual,HOO-001,Hoodie #1,5990.0,1,1,03.02.2025,Delivered to buyer,2025-02-02 15:49:00,Яндекс.Маркет (Софьино),Санкт-Петербург,5091.5,,2026-01-05T10:00:00+00:00,demo
ORD-100114,31.01.2025,Sale to individual,T-S-011,T-Shirt #11,2370.0,1,1,03.02.2025,Delivered to buyer,2025-02-04 15:49:00,Яндекс.Маркет (Софьино),Санкт-Петербург,2370.0,,2026-01-05T10:00:00+00:00,demo
ORD-100115,01.02.2025,Sale to individual,CAP-004,Cap #4,1680.0,1,1,02.02.2025,Delivered to buyer,2025-02-06 16:59:00,Яндекс.Маркет (Софьино),Санкт-Петербург,1512.0,,2026-01-05T10:00:00+00:00,demo
ORD-100115,01.02.2025,Sale to individual,CAP-005,Cap #5,1800.0,1,1,02.02.2025,Delivered to buyer,2025-02-02 16:59:00,Яндекс.Маркет (Софьино),Санкт-Петербург,1620.0,,2026-01-05T10:00:00+00:00,demo
ORD-100115,01.02.2025,Sale to individual,T-S-010,T-Shirt #10,2800.0,1,1,02.02.2025,Delivered to buyer,2025-02-04 16:59:00,Яндекс.Маркет (Софьино),Санкт-Петербург,2520.0,,2026-01-05T10:00:00+00:00,demo
ORD-100116,01.02.2025,Sale to individual,T-S-010,T-Shirt #10,2800.0,1,1,05.02.2025,Delivered to buyer,2025-02-02 14:03:00,Яндекс.Маркет (Софьино),Москва,2800.0,,2026-01-05T10:00:00+00:00,demo
ORD-100116,01.02.2025,Sale to individual,T-S-010,T-Shirt #10,2800.0,1,1,05.02.2025,Delivered to buyer,2025-02-04 14:03:00,Яндекс.Маркет (Софьино),Москва,2800.0,,2026-01-05T10:00:00+00:00,demo
ORD-100117,01.02.2025,Sale to individual,CAP-001,Cap #1,1630.0,2,2,04.02.2025,Delivered to buyer,2025-02-02 10:02:00,Яндекс.Маркет (Софьино),Новосибирск,2771.0,,2026-01-05T10:00:00+00:00,demo
ORD-100117,01.02.2025,Sale to individual,T-S-007,T-Shirt #7,2890.0,1,1,04.02.2025,Delivered to buyer,2025-02-04 10:02:00,Яндекс.Маркет (Софьино),Новосибирск,2890.0,,2026-01-05T10:00:00+00:00,demo
ORD-100118,01.02.2025,Sale to individual,CAP-003,Cap #3,1680.0,1,1,05.02.2025,Delivered to buyer,2025-02-02 21:09:00,Яндекс.Маркет (Софьино),Санкт-Петербург,1680.0,,2026-01-05T10:00:00+00:00,demo
ORD-100119,01.02.2025,Sale to individual,T-S-005,T-Shirt #5,1950.0,1,1,05.02.2025,Delivered to buyer,2025-02-06 14:40:00,Яндекс.Маркет (Софьино),Новосибирск,1657.5,,2026-01-05T10:00:00+00:00,demo
ORD-100120,01.02.2025,Sale to individual,T-S-001,T-Shirt #1,2690.0,2,2,04.02.2025,Delivered to buyer,2025-02-02 19:09:00,Яндекс.Маркет (Софьино),Екатеринбург,5380.0,,2026-01-05T10:00:00+00:00,demo
ORD-100120,01.02.2025,Sale to individual,T-S-010,T-Shirt #10,2800.0,1,1,04.02.2025,Delivered to buyer,2025-02-06 19:09:00,Яндекс.Маркет (Софьино),Екатеринбург,2800.0,,2026-01-05T10:00:00+00:00,demo
ORD-100121,01.02.2025,Sale to individual,CAP-005,Cap #5,1800.0,1,1,02.02.2025,Delivered to buyer,2025-02-02 16:50:00,Яндекс.Маркет (Софьино),Новосибирск,1710.0,,2026-01-05T10:00:00+00:00,demo
ORD-100121,01.02.2025,Sale to individual,T-S-002,T-Shirt #2,2190.0,1,1,02.02.2025,Delivered to buyer,2025-02-04 16:50:00,Яндекс.Маркет (Софьино),Новосибирск,2190.0,,2026-01-05T10:00:00+00:00,demo
ORD-100122,01.02.2025,Sale to individual,CAP-002,Cap #2,1800.0,1,1,02.02.2025,Delivered to buyer,2025-02-04 19:42:00,Яндекс.Маркет (Софьино),Москва,1530.0,,2026-01-05T10:00:00+00:00,demo
ORD-100122,01.02.2025,Sale to individual,T-S-010,T-Shirt #10,2800.0,1,1,02.02.2025,Delivered to buyer,2025-02-05 19:42:00,Яндекс.Маркет (Софьино),Москва,2520.0,,2026-01-05T10:00:00+00:00,demo
ORD-100123,02.02.2025,Sale to individual,T-S-010,T-Shirt #10,2800.0,1,1,06.02.2025,Delivered to buyer,2025-02-05 19:49:00,Яндекс.Маркет (Софьино),Москва,2800.0,,2026-01-05T10:00:00+00:00,demo
ORD-100124,02.02.2025,Sale to individual,T-S-002,T-Shirt #2,2190.0,1,1,06.02.2025,Delivered to buyer,2025-02-03 16:25:00,Яндекс.Маркет (Софьино),Санкт-Петербург,2080.5,,2026-01-05T10:00:00+00:00,demo
ORD-100125,03.02.2025,Sale to individual,T-S-012,T-Shirt #12,2660.0,2,2,04.02.2025,Delivered to buyer,2025-02-06 13:17:00,Яндекс.Маркет (Софьино),Новосибирск,4788.0,,2026-01-05T10:00:00+00:00,demo
ORD-100126,03.02.2025,Sale to individual,ACC-003,Accessorie #3,1190.0,1,1,07.02.2025,Delivered to buyer,2025-02-07 15:44:00,Яндекс.Маркет (Софьино),Екатеринбург,1190.0,,2026-01-05T10:00:00+00:00,demo
ORD-100127,04.02.2025,Sale to individual,T-S-003,T-Shirt #3,2990.0,1,1,07.02.2025,Delivered to buyer,2025-02-09 16:18:00,Яндекс.Маркет (Софьино),Казань,2691.0,,2026-01-05T10:00:00+00:00,demo
ORD-100128,04.02.2025,Sale to individual,T-S-012,T-Shirt #12,2660.0,2,0,,Cancelled,2025-02-05 14:10:00,Яндекс.Маркет (Софьино),Казань,,,2026-01-05T10:00:00+00:00,demo
ORD-100129,04.02.2025,Sale to individual,HOO-001,Hoodie #1,5990.0,1,1,08.02.2025,Delivered to buyer,2025-02-09 18:40:00,Яндекс.Маркет (Софьино),Санкт-Петербург,5990.0,,2026-01-05T10:00:00+00:00,demo
ORD-100130,04.02.2025,Sale to individual,T-S-002,T-Shirt #2,2190.0,1,0,,Cancelled,2025-02-09 20:28:00,Яндекс.Маркет (Софьино),Казань,,,2026-01-05T10:00:00+00:00,demo
ORD-100131,04.02.2025,Sale to individual,T-S-010,T-Shirt #10,2800.0,1,1,08.02.2025,Delivered to buyer,2025-02-07 17:09:00,Яндекс.Маркет (Софьино),Москва,2380.0,,2026-01-05T10:00:00+00:00,demo
ORD-100132,04.02.2025,Sale to individual,ACC-004,Accessorie #4,1120.0,1,1,07.02.2025,Delivered to buyer,2025-02-09 13:41:00,Яндекс.Маркет (Софьино),Москва,1008.0,,2026-01-05T10:00:00+00:00,demo
ORD-100133,04.02.2025,Sale to individual,CAP-003,Cap #3,1680.0,1,1,05.02.2025,Delivered to buyer,2025-02-07 22:35:00,Яндекс.Маркет (Софьино),Новосибирск,1428.0,,2026-01-05T10:00:00+00:00,demo
ORD-100134,05.02.2025,Sale to individual,T-S-007,T-Shirt #7,2890.0,2,0,,Cancelled,2025-02-09 22:31:00,Яндекс.Маркет (Софьино),Москва,,,2026-01-05T10:00:00+00:00,demo
ORD-100135,05.02.2025,Sale to individual,T-S-010,T-Shirt #10,2800.0,1,1,08.02.2025,Delivered to buyer,2025-02-08 20:43:00,Яндекс.Маркет (Софьино),Казань,2800.0,,2026-01-05T10:00:00+00:00,demo
ORD-100135,05.02.2025,Sale to individual,T-S-002,T-Shirt #2,2190.0,1,1,08.02.2025,Delivered to buyer,2025-02-07 20:43:00,Яндекс.Маркет (Софьино),Казань,2190.0,,2026-01-05T10:00:00+00:00,demo
ORD-100135,05.02.2025,Sale to individual,HOO-003,Hoodie #3,4420.0,1,1,08.02.2025,Delivered to buyer,2025-02-09 20:43:00,Яндекс.Маркет (Софьино),Казань,4420.0,,2026-01-05T10:00:00+00:00,demo
ORD-100136,05.02.2025,Sale to individual,CAP-004,Cap #4,1680.0,1,1,08.02.2025,Delivered to buyer,2025-02-08 13:35:00,Яндекс.Маркет (Софьино),Екатеринбург,1680.0,,2026-01-05T10:00:00+00:00,demo
ORD-100136,05.02.2025,Sale to individual,HOO-004,Hoodie #4,5110.0,2,2,08.02.2025,Delivered to buyer,2025-02-10 13:35:00,Яндекс.Маркет (Софьино),Екатеринбург,9198.0,,2026-01-05T10:00:00+00:00,demo
ORD-100137,05.02.2025,Sale to individual,ACC-004,Accessorie #4,1120.0,2,2,06.02.2025,Delivered to buyer,2025-02-10 20:26:00,Яндекс.Маркет (Софьино),Москва,2016.0,,2026-01-05T10:00:00+00:00,demo
ORD-100138,05.02.2025,Sale to individual,T-S-011,T-Shirt #11,2370.0,1,1,07.02.2025,Delivered to buyer,2025-02-07 10:56:00,Яндекс.Маркет (Софьино),Москва,2014.5,,2026-01-05T10:00:00+00:00,demo
ORD-100139,05.02.2025,Sale to individual,T-S-008,T-Shirt #8,2110.0,1,1,08.02.2025,Delivered to buyer,2025-02-07 10:10:00,Яндекс.Маркет (Софьино),Казань,2004.5,,2026-01-05T10:00:00+00:00,demo
ORD-100139,05.02.2025,Sale to individual,ACC-003,Accessorie #3,1190.0,1,1,08.02.2025,Delivered to buyer,2025-02-08 10:10:00,Яндекс.Маркет (Софьино),Казань,1190.0,,2026-01-05T10:00:00+00:00,demo
ORD-100139,05.02.2025,Sale to individual,HOO-002,Hoodie #2,4910.0,1,1,08.02.2025,Delivered to buyer,2025-02-07 10:10:00,Яндекс.Маркет (Софьино),Казань,4173.5,,2026-01-05T10:00:00+00:00,demo
ORD-100140,06.02.2025,Sale to individual,T-S-002,T-Shirt #2,2190.0,1,1,09.02.2025,Delivered to buyer,2025-02-09 18:39:00,Яндекс.Маркет (Софьино),Москва,1861.5,,2026-01-05T10:00:00+00:00,demo
ORD-100140,06.02.2025,Sale to individual,CAP-005,Cap #5,1800.0,1,1,09.02.2025,Delivered to buyer,2025-02-10 18:39:00,Яндекс.Маркет (Софьино),Москва,1530.0,,2026-01-05T10:00:00+00:00,demo
ORD-100141,06.02.2025,Sale to individual,HOO-003,Hoodie #3,4420.0,2,2,10.02.2025,Delivered to buyer,2025-02-10 18:01:00,Яндекс.Маркет (Софьино),Санкт-Петербург,8398.0,,2026-01-05T10:00:00+00:00,demo
ORD-100141,06.02.2025,Sale to individual,HOO-007,Hoodie #7,6730.0,1,1,10.02.2025,Delivered to buyer,2025-02-08 18:01:00,Яндекс.Маркет (Софьино),Санкт-Петербург,6730.0,,2026-01-05T10:00:00+00:00,demo
ORD-100141,06.02.2025,Sale to individual,T-S-010,T-Shirt #10,2800.0,2,2,10.02.2025,Delivered to buyer,2025-02-10 18:01:00,Яндекс.Маркет (Софьино),Санкт-Петербург,5040.0,,2026-01-05T10:00:00+00:00,demo
ORD-100142,07.02.2025,Sale to individual,CAP-005,Cap #5,1800.0,1,1,09.02.2025,Delivered to buyer,2025-02-09 11:21:00,Яндекс.Маркет (Софьино),Казань,1620.0,,2026-01-05T10:00:00+00:00,demo
ORD-100143,07.02.2025,Sale to individual,T-S-009,T-Shirt #9,2030.0,1,1,08.02.2025,Return received in warehouse,2025-02-09 13:32:00,Яндекс.Маркет (Софьино),Москва,1827.0,1827.0,2026-01-05T10:00:00+00:00,demo
ORD-100144,07.02.2025,Sale to individual,CAP-005,Cap #5,1800.0,1,1,10.02.2025,Delivered to buyer,2025-02-10 09:03:00,Яндекс.Маркет (Софьино),Санкт-Петербург,1530.0,,2026-01-05T10:00:00+00:00,demo
ORD-100144,07.02.2025,Sale to individual,T-S-011,T-Shirt #11,2370.0,1,1,10.02.2025,Delivered to buyer,2025-02-11 09:03:00,Яндекс.Маркет (Софьино),Санкт-Петербург,2370.0,,2026-01-05T10:00:00+00:00,demo
ORD-100145,08.02.2025,Sale to individual,HOO-001,Hoodie #1,5990.0,1,1,09.02.2025,Delivered to buyer,2025-02-09 15:01:00,Яндекс.Маркет (Софьино),Санкт-Петербург,5990.0,,2026-01-05T10:00:00+00:00,demo
ORD-100145,08.02.2025,Sale to individual,ACC-004,Accessorie #4,1120.0,1,1,09.02.2025,Delivered to buyer,2025-02-13 15:01:00,Яндекс.Маркет (Софьино),Санкт-Петербург,1008.0,,2026-01-05T10:00:00+00:00,demo
ORD-100146,08.02.2025,Sale to individual,T-S-001,T-Shirt #1,2690.0,1,1,11.02.2025,Delivered to buyer,2025-02-12 18:30:00,Яндекс.Маркет (Софьино),Санкт-Петербург,2555.5,,2026-01-05T10:00:00+00:00,demo
ORD-100146,08.02.2025,Sale to individual,T-S-005,T-Shirt #5,1950.0,1,1,11.02.2025,Delivered to buyer,2025-02-12 18:30:00,Яндекс.Маркет (Софьино),Санкт-Петербург,1950.0,,2026-01-05T10:00:00+00:00,demo
ORD-100147,08.02.2025,Sale to individual,HOO-004,Hoodie #4,5110.0,2,2,10.02.2025,Delivered to buyer,2025-02-12 17:35:00,Яндекс.Маркет (Софьино),Москва,8687.0,,2026-01-05T10:00:00+00:00,demo
ORD-100148,08.02.2025,Sale to individual,ACC-004,Accessorie #4,1120.0,1,1,09.02.2025,Return received in warehouse,2025-02-13 16:17:00,Яндекс.Маркет (Софьино),Новосибирск,1064.0,1064.0,2026-01-05T10:00:00+00:00,demo
ORD-100149,08.02.2025,Sale to individual,HOO-001,Hoodie #1,5990.0,1,1,10.02.2025,Delivered to buyer,2025-02-11 20:09:00,Яндекс.Маркет (Софьино),Москва,5990.0,,2026-01-05T10:00:00+00:00,demo
ORD-100149,08.02.2025,Sale to individual,T-S-012,T-Shirt #12,2660.0,2,2,10.02.2025,Delivered to buyer,2025-02-12 20:09:00,Яндекс.Маркет (Софьино),Москва,4522.0,,2026-01-05T10:00:00+00:00,demo
ORD-100150,08.02.2025,Sale to individual,ACC-003,Accessorie #3,1190.0,1,1,10.02.2025,Delivered to buyer,2025-02-13 17:57:00,Яндекс.Маркет (Софьино),Казань,1071.0,,2026-01-05T10:00:00+00:00,demo
ORD-100151,08.02.2025,Sale to individual,CAP-004,Cap #4,1680.0,1,1,11.02.2025,Return received in warehouse,2025-02-09 21:19:00,Яндекс.Маркет (Софьино),Екатеринбург,1512.0,1512.0,2026-01-05T10:00:00+00:00,demo
ORD-100151,08.02.2025,Sale to individual,HOO-002,Hoodie #2,4910.0,1,1,11.02.2025,Return received in warehouse,2025-02-09 21:19:00,Яндекс.Маркет (Софьино),Екатеринбург,4664.5,4664.5,2026-01-05T10:00:00+00:00,demo
ORD-100152,09.02.2025,Sale to individual,T-S-012,T-Shirt #12,2660.0,1,1,10.02.2025,Delivered to buyer,2025-02-14 17:19:00,Яндекс.Маркет (Софьино),Екатеринбург,2660.0,,2026-01-05T10:00:00+00:00,demo
ORD-100152,09.02.2025,Sale to individual,ACC-004,Accessorie #4,1120.0,2,2,10.02.2025,Delivered to buyer,2025-02-14 17:19:00,Яндекс.Маркет (Софьино),Екатеринбург,2240.0,,2026-01-05T10:00:00+00:00,demo
ORD-100153,09.02.2025,Sale to individual,CAP-004,Cap #4,1680.0,1,1,13.02.2025,Delivered to buyer,2025-02-10 19:39:00,Яндекс.Маркет (Софьино),Санкт-Петербург,1428.0,,2026-01-05T10:00:00+00:00,demo
ORD-100154,09.02.2025,Sale to individual,T-S-007,T-Shirt #7,2890.0,2,2,12.02.2025,Delivered to buyer,2025-02-11 08:28:00,Яндекс.Маркет (Софьино),Новосибирск,5780.0,,2026-01-05T10:00:00+00:00,demo
ORD-100154,09.02.2025,Sale to individual,CAP-001,Cap #1,1630.0,1,1,12.02.2025,Delivered to buyer,2025-02-12 08:28:00,Яндекс.Маркет (Софьино),Новосибирск,1385.5,,2026-01-05T10:00:00+00:00,demo
ORD-100155,09.02.2025,Sale to individual,ACC-004,Accessorie #4,1120.0,1,1,13.02.2025,Delivered to buyer,2025-02-12 15:33:00,Яндекс.Маркет (Софьино),Новосибирск,952.0,,2026-01-05T10:00:00+00:00,demo
ORD-100156,09.02.2025,Sale to individual,T-S-012,T-Shirt #12,2660.0,1,0,,Cancelled,2025-02-12 20:55:00,Яндекс.Маркет (Софьино),Казань,,,2026-01-05T10:00:00+00:00,demo
ORD-100156,09.02.2025,Sale to individual,ACC-004,Accessorie #4,1120.0,1,0,,Cancelled,2025-02-13 20:55:00,Яндекс.Маркет (Софьино),Казань,,,2026-01-05T10:00:00+00:00,demo
ORD-100157,10.02.2025,Sale to individual,HOO-008,Hoodie #8,5940.0,1,0,,Cancelled,2025-02-13 12:18:00,Яндекс.Маркет (Софьино),Новосибирск,,,2026-01-05T10:00:00+00:00,demo
ORD-100157,10.02.2025,Sale to individual,T-S-010,T-Shirt #10,2800.0,1,0,,Cancelled,2025-02-11 12:18:00,Яндекс.Маркет (Софьино),Новосибирск,,,2026-01-05T10:00:00+00:00,demo
ORD-100158,10.02.2025,Sale to individual,T-S-012,T-Shirt #12,2660.0,1,1,13.02.2025,Delivered to buyer,2025-02-11 22:28:00,Яндекс.Маркет (Софьино),Екатеринбург,2660.0,,2026-01-05T10:00:00+00:00,demo
ORD-100158,10.02.2025,Sale to individual,T-S-008,T-Shirt #8,2110.0,1,1,13.02.2025,Delivered to buyer,2025-02-11 22:28:00,Яндекс.Маркет (Софьино),Екатеринбург,2110.0,,2026-01-05T10:00:00+00:00,demo
ORD-100158,10.02.2025,Sale to individual,HOO-003,Hoodie #3,4420.0,1,1,13.02.2025,Delivered to buyer,2025-02-11 22:28:00,Яндекс.Маркет (Софьино),Екатеринбург,4420.0,,2026-01-05T10:00:00+00:00,demo
ORD-100159,10.02.2025,Sale to individual,HOO-008,Hoodie #8,5940.0,1,1,14.02.2025,Delivered to buyer,2025-02-12 14:21:00,Яндекс.Маркет (Софьино),Санкт-Петербург,5049.0,,2026-01-05T10:00:00+00:00,demo
ORD-100160,10.02.2025,Sale to individual,HOO-007,Hoodie #7,6730.0,1,1,14.02.2025,Delivered to buyer,2025-02-11 18:59:00,Яндекс.Маркет (Софьино),Казань,6393.5,,2026-01-05T10:00:00+00:00,demo
ORD-100160,10.02.2025,Sale to individual,CAP-002,Cap #2,1800.0,1,1,14.02.2025,Delivered to buyer,2025-02-12 18:59:00,Яндекс.Маркет (Софьино),Казань,1530.0,,2026-01-05T10:00:00+00:00,demo
ORD-100161,11.02.2025,Sale to individual,T-S-011,T-Shirt #11,2370.0,1,1,12.02.2025,Delivered to buyer,2025-02-15 19:46:00,Яндекс.Маркет (Софьино),Санкт-Петербург,2133.0,,2026-01-05T10:00:00+00:00,demo
ORD-100162,11.02.2025,Sale to individual,T-S-001,T-Shirt #1,2690.0,1,1,14.02.2025,Delivered to buyer,2025-02-14 22:47:00,Яндекс.Маркет (Софьино),Екатеринбург,2555.5,,2026-01-05T10:00:00+00:00,demo
ORD-100163,11.02.2025,Sale to individual,CAP-005,Cap #5,1800.0,1,1,15.02.2025,Delivered to buyer,2025-02-12 18:34:00,Яндекс.Маркет (Софьино),Новосибирск,1800.0,,2026-01-05T10:00:00+00:00,demo
ORD-100164,11.02.2025,Sale to individual,T-S-009,T-Shirt #9,2030.0,1,1,15.02.2025,Delivered to buyer,2025-02-16 10:46:00,Яндекс.Маркет (Софьино),Казань,2030.0,,2026-01-05T10:00:00+00:00,demo
ORD-100164,11.02.2025,Sale to individual,T-S-008,T-Shirt #8,2110.0,2,2,15.02.2025,Delivered to buyer,2025-02-16 10:46:00,Яндекс.Маркет (Софьино),Казань,3798.0,,2026-01-05T10:00:00+00:00,demo
ORD-100164,11.02.2025,Sale to individual,CAP-002,Cap #2,1800.0,1,1,15.02.2025,Delivered to buyer,2025-02-15 10:46:00,Яндекс.Маркет (Софьино),Казань,1800.0,,2026-01-05T10:00:00+00:00,demo
ORD-100165,11.02.2025,Sale to individual,T-S-010,T-Shirt #10,2800.0,2,0,,Cancelled,2025-02-15 09:11:00,Яндекс.Маркет (Софьино),Казань,,,2026-01-05T10:00:00+00:00,demo
ORD-100165,11.02.2025,Sale to individual,T-S-009,T-Shirt #9,2030.0,1,0,,Cancelled,2025-02-14 09:11:00,Яндекс.Маркет (Софьино),Казань,,,2026-01-05T10:00:00+00:00,demo
ORD-100166,11.02.2025,Sale to individual,HOO-007,Hoodie #7,6730.0,1,1,12.02.2025,Delivered to buyer,2025-02-15 19:36:00,Яндекс.Маркет (Софьино),Санкт-Петербург,6730.0,,2026-01-05T10:00:00+00:00,demo
ORD-100167,11.02.2025,Sale to individual,T-S-006,T-Shirt #6,2570.0,1,1,14.02.2025,Delivered to buyer,2025-02-13 10:25:00,Яндекс.Маркет (Софьино),Екатеринбург,2570.0,,2026-01-05T10:00:00+00:00,demo
ORD-100167,11.02.2025,Sale to individual,ACC-003,Accessorie #3,1190.0,2,2,14.02.2025,Delivered to buyer,2025-02-15 10:25:00,Яндекс.Маркет (Софьино),Екатеринбург,2380.0,,2026-01-05T10:00:00+00:00,demo
ORD-100167,11.02.2025,Sale to individual,T-S-010,T-Shirt #10,2800.0,1,1,14.02.2025,Delivered to buyer,2025-02-16 10:25:00,Яндекс.Маркет (Софьино),Екатеринбург,2520.0,,2026-01-05T10:00:00+00:00,demo
ORD-100168,12.02.2025,Sale to individual,CAP-002,Cap #2,1800.0,1,0,,Cancelled,2025-02-17 21:13:00,Яндекс.Маркет (Софьино),Новосибирск,,,2026-01-05T10:00:00+00:00,demo
ORD-100168,12.02.2025,Sale to individual,CAP-005,Cap #5,1800.0,1,0,,Cancelled,2025-02-17 21:13:00,Яндекс.Маркет (Софьино),Новосибирск,,,2026-01-05T10:00:00+00:00,demo
ORD-100168,12.02.2025,Sale to individual,T-S-003,T-Shirt #3,2990.0,1,0,,Cancelled,2025-02-17 21:13:00,Яндекс.Маркет (Софьино),Новосибирск,,,2026-01-05T10:00:00+00:00,demo
ORD-100169,12.02.2025,Sale to individual,HOO-008,Hoodie #8,5940.0,2,2,16.02.2025,Delivered to buyer,2025-02-17 10:20:00,Яндекс.Маркет (Софьино),Екатеринбург,11880.0,,2026-01-05T10:00:00+00:00,demo
ORD-100170,12.02.2025,Sale to individual,HOO-001,Hoodie #1,5990.0,1,1,16.02.2025,Delivered to buyer,2025-02-16 20:03:00,Яндекс.Маркет (Софьино),Новосибирск,5091.5,,2026-01-05T10:00:00+00:00,demo
ORD-100171,12.02.2025,Sale to individual,T-S-009,T-Shirt #9,2030.0,1,0,,Cancelled,2025-02-16 20:19:00,Яндекс.Маркет (Софьино),Санкт-Петербург,,,2026-01-05T10:00:00+00:00,demo
ORD-100171,12.02.2025,Sale to individual,T-S-001,T-Shirt #1,2690.0,1,0,,Cancelled,2025-02-17 20:19:00,Яндекс.Маркет (Софьино),Санкт-Петербург,,,2026-01-05T10:00:00+00:00,demo
ORD-100172,12.02.2025,Sale to individual,T-S-002,T-Shirt #2,2190.0,2,2,13.02.2025,Delivered to buyer,2025-02-16 22:57:00,Яндекс.Маркет (Софьино),Санкт-Петербург,4161.0,,2026-01-05T10:00:00+00:00,demo
ORD-100172,12.02.2025,Sale to individual,T-S-011,T-Shirt #11,2370.0,2,2,13.02.2025,Delivered to buyer,2025-02-16 22:57:00,Яндекс.Маркет (Софьино),Санкт-Петербург,4266.0,,2026-01-05T10:00:00+00:00,demo
ORD-100173,12.02.2025,Sale to individual,CAP-005,Cap #5,1800.0,1,1,14.02.2025,Delivered to buyer,2025-02-13 18:42:00,Яндекс.Маркет (Софьино),Новосибирск,1800.0,,2026-01-05T10:00:00+00:00,demo
ORD-100173,12.02.2025,Sale to individual,T-S-006,T-Shirt #6,2570.0,1,1,14.02.2025,Delivered to buyer,2025-02-16 18:42:00,Яндекс.Маркет (Софьино),Новосибирск,2441.5,,2026-01-05T10:00:00+00:00,demo
ORD-100173,12.02.2025,Sale to individual,ACC-005,Accessorie #5,1220.0,2,2,14.02.2025,Delivered to buyer,2025-02-16 18:42:00,Яндекс.Маркет (Софьино),Новосибирск,2074.0,,2026-01-05T10:00:00+00:00,demo
ORD-100174,12.02.2025,Sale to individual,T-S-009,T-Shirt #9,2030.0,1,1,15.02.2025,Delivered to buyer,2025-02-17 11:29:00,Яндекс.Маркет (Софьино),Москва,1827.0,,2026-01-05T10:00:00+00:00,demo
ORD-100175,12.02.2025,Sale to individual,T-S-008,T-Shirt #8,2110.0,1,1,13.02.2025,Return received in warehouse,2025-02-17 22:56:00,Яндекс.Маркет (Софьино),Москва,1899.0,1899.0,2026-01-05T10:00:00+00:00,demo
ORD-100176,13.02.2025,Sale to individual,CAP-002,Cap #2,1800.0,2,0,,Cancelled,2025-02-18 19:55:00,Яндекс.Маркет (Софьино),Новосибирск,,,2026-01-05T10:00:00+00:00,demo
ORD-100177,13.02.2025,Sale to individual,HOO-001,Hoodie #1,5990.0,1,1,14.02.2025,Delivered to buyer,2025-02-16 20:55:00,Яндекс.Маркет (Софьино),Казань,5091.5,,2026-01-05T10:00:00+00:00,demo
ORD-100178,13.02.2025,Sale to individual,T-S-010,T-Shirt #10,2800.0,1,1,16.02.2025,Delivered to buyer,2025-02-16 17:49:00,Яндекс.Маркет (Софьино),Санкт-Петербург,2520.0,,2026-01-05T10:00:00+00:00,demo
ORD-100179,14.02.2025,Sale to individual,HOO-008,Hoodie #8,5940.0,2,2,16.02.2025,Delivered to buyer,2025-02-17 22:47:00,Яндекс.Маркет (Софьино),Казань,10098.0,,2026-01-05T10:00:00+00:00,demo
ORD-100179,14.02.2025,Sale to individual,HOO-004,Hoodie #4,5110.0,2,2,16.02.2025,Delivered to buyer,2025-02-16 22:47:00,Яндекс.Маркет (Софьино),Казань,9198.0,,2026-01-05T10:00:00+00:00,demo
ORD-100179,14.02.2025,Sale to individual,T-S-002,T-Shirt #2,2190.0,1,1,16.02.2025,Delivered to buyer,2025-02-16 22:47:00,Яндекс.Маркет (Софьино),Казань,1971.0,,2026-01-05T10:00:00+00:00,demo
ORD-100180,14.02.2025,Sale to individual,T-S-010,T-Shirt #10,2800.0,2,2,16.02.2025,Return received in warehouse,2025-02-19 16:30:00,Яндекс.Маркет (Софьино),Санкт-Петербург,5600.0,5600.0,2026-01-05T10:00:00+00:00,demo
ORD-100181,14.02.2025,Sale to individual,T-S-009,T-Shirt #9,2030.0,2,2,16.02.2025,Delivered to buyer,2025-02-15 14:35:00,Яндекс.Маркет (Софьино),Москва,3857.0,,2026-01-05T10:00:00+00:00,demo
ORD-100181,14.02.2025,Sale to individual,T-S-008,T-Shirt #8,2110.0,1,1,16.02.2025,Delivered to buyer,2025-02-17 14:35:00,Яндекс.Маркет (Софьино),Москва,2110.0,,2026-01-05T10:00:00+00:00,demo
ORD-100182,14.02.2025,Sale to individual,T-S-008,T-Shirt #8,2110.0,1,1,15.02.2025,Delivered to buyer,2025-02-16 18:38:00,Яндекс.Маркет (Софьино),Екатеринбург,1899.0,,2026-01-05T10:00:00+00:00,demo
ORD-100183,14.02.2025,Sale to individual,ACC-003,Accessorie #3,1190.0,2,2,15.02.2025,Delivered to buyer,2025-02-19 12:58:00,Яндекс.Маркет (Софьино),Москва,2380.0,,2026-01-05T10:00:00+00:00,demo
ORD-100184,15.02.2025,Sale to individual,T-S-010,T-Shirt #10,2800.0,1,0,,Cancelled,2025-02-18 11:25:00,Яндекс.Маркет (Софьино),Новосибирск,,,2026-01-05T10:00:00+00:00,demo
ORD-100184,15.02.2025,Sale to individual,T-S-010,T-Shirt #10,2800.0,1,0,,Cancelled,2025-02-19 11:25:00,Яндекс.Маркет (Софьино),Новосибирск,,,2026-01-05T10:00:00+00:00,demo
ORD-100185,15.02.2025,Sale to individual,ACC-003,Accessorie #3,1190.0,1,1,19.02.2025,Delivered to buyer,2025-02-16 09:51:00,Яндекс.Маркет (Софьино),Казань,1071.0,,2026-01-05T10:00:00+00:00,demo
ORD-100186,15.02.2025,Sale to individual,T-S-009,T-Shirt #9,2030.0,2,2,17.02.2025,Delivered to buyer,2025-02-17 21:14:00,Яндекс.Маркет (Софьино),Екатеринбург,3857.0,,2026-01-05T10:00:00+00:00,demo
ORD-100187,15.02.2025,Sale to individual,CAP-004,Cap #4,1680.0,1,1,19.02.2025,Delivered to buyer,2025-02-19 13:14:00,Яндекс.Маркет (Софьино),Казань,1512.0,,2026-01-05T10:00:00+00:00,demo
ORD-100187,15.02.2025,Sale to individual,T-S-012,T-Shirt #12,2660.0,2,2,19.02.2025,Delivered to buyer,2025-02-18 13:14:00,Яндекс.Маркет (Софьино),Казань,5320.0,,2026-01-05T10:00:00+00:00,demo
ORD-100188,15.02.2025,Sale to individual,ACC-003,Accessorie #3,1190.0,1,1,19.02.2025,Delivered to buyer,2025-02-16 10:46:00,Яндекс.Маркет (Софьино),Екатеринбург,1011.5,,2026-01-05T10:00:00+00:00,demo
ORD-100189,15.02.2025,Sale to individual,T-S-011,T-Shirt #11,2370.0,1,1,16.02.2025,Delivered to buyer,2025-02-16 21:42:00,Яндекс.Маркет (Софьино),Санкт-Петербург,2370.0,,2026-01-05T10:00:00+00:00,demo
ORD-100190,15.02.2025,Sale to individual,HOO-006,Hoodie #6,6060.0,2,2,18.02.2025,Delivered to buyer,2025-02-16 16:29:00,Яндекс.Маркет (Софьино),Екатеринбург,10908.0,,2026-01-05T10:00:00+00:00,demo
ORD-100191,15.02.2025,Sale to individual,T-S-002,T-Shirt #2,2190.0,1,1,19.02.2025,Delivered to buyer,2025-02-20 16:35:00,Яндекс.Маркет (Софьино),Казань,2190.0,,2026-01-05T10:00:00+00:00,demo
ORD-100192,16.02.2025,Sale to individual,T-S-007,T-Shirt #7,2890.0,1,1,17.02.2025,Delivered to buyer,2025-02-19 09:58:00,Яндекс.Маркет (Софьино),Екатеринбург,2745.5,,2026-01-05T10:00:00+00:00,demo
ORD-100192,16.02.2025,Sale to individual,T-S-008,T-Shirt #8,2110.0,2,2,17.02.2025,Delivered to buyer,2025-02-19 09:58:00,Яндекс.Маркет (Софьино),Екатеринбург,4220.0,,2026-01-05T10:00:00+00:00,demo
ORD-100193,16.02.2025,Sale to individual,T-S-008,T-Shirt #8,2110.0,1,1,18.02.2025,Delivered to buyer,2025-02-20 15:36:00,Яндекс.Маркет (Софьино),Москва,1899.0,,2026-01-05T10:00:00+00:00,demo
ORD-100193,16.02.2025,Sale to individual,HOO-008,Hoodie #8,5940.0,2,2,18.02.2025,Delivered to buyer,2025-02-20 15:36:00,Яндекс.Маркет (Софьино),Москва,10098.0,,2026-01-05T10:00:00+00:00,demo
ORD-100193,16.02.2025,Sale to individual,CAP-005,Cap #5,1800.0,1,1,18.02.2025,Delivered to buyer,2025-02-18 15:36:00,Яндекс.Маркет (Софьино),Москва,1800.0,,2026-01-05T10:00:00+00:00,demo
ORD-100194,16.02.2025,Sale to individual,CAP-004,Cap #4,1680.0,1,1,20.02.2025,Delivered to buyer,2025-02-18 15:54:00,Яндекс.Маркет (Софьино),Москва,1680.0,,2026-01-05T10:00:00+00:00,demo
ORD-100194,16.02.2025,Sale to individual,HOO-004,Hoodie #4,5110.0,2,2,20.02.2025,Delivered to buyer,2025-02-17 15:54:00,Яндекс.Маркет (Софьино),Москва,9709.0,,2026-01-05T10:00:00+00:00,demo
ORD-100194,16.02.2025,Sale to individual,CAP-005,Cap #5,1800.0,1,1,20.02.2025,Delivered to buyer,2025-02-21 15:54:00,Яндекс.Маркет (Софьино),Москва,1710.0,,2026-01-05T10:00:00+00:00,demo
ORD-100195,16.02.2025,Sale to individual,T-S-002,T-Shirt #2,2190.0,1,1,18.02.2025,Delivered to buyer,2025-02-17 18:02:00,Яндекс.Маркет (Софьино),Санкт-Петербург,1971.0,,2026-01-05T10:00:00+00:00,demo
ORD-100196,16.02.2025,Sale to individual,CAP-004,Cap #4,1680.0,1,1,18.02.2025,Delivered to buyer,2025-02-18 10:36:00,Яндекс.Маркет (Софьино),Екатеринбург,1512.0,,2026-01-05T10:00:00+00:00,demo
ORD-100196,16.02.2025,Sale to individual,T-S-010,T-Shirt #10,2800.0,1,1,18.02.2025,Delivered to buyer,2025-02-19 10:36:00,Яндекс.Маркет (Софьино),Екатеринбург,2380.0,,2026-01-05T10:00:00+00:00,demo
ORD-100197,16.02.2025,Sale to individual,T-S-010,T-Shirt #10,2800.0,2,2,18.02.2025,Delivered to buyer,2025-02-17 09:27:00,Яндекс.Маркет (Софьино),Екатеринбург,5320.0,,2026-01-05T10:00:00+00:00,demo
ORD-100198,17.02.2025,Sale to individual,T-S-008,T-Shirt #8,2110.0,2,2,21.02.2025,Delivered to buyer,2025-02-22 12:50:00,Яндекс.Маркет (Софьино),Новосибирск,4220.0,,2026-01-05T10:00:00+00:00,demo
ORD-100198,17.02.2025,Sale to individual,HOO-004,Hoodie #4,5110.0,2,2,21.02.2025,Delivered to buyer,2025-02-22 12:50:00,Яндекс.Маркет (Софьино),Новосибирск,10220.0,,2026-01-05T10:00:00+00:00,demo
ORD-100199,17.02.2025,Sale to individual,T-S-009,T-Shirt #9,2030.0,1,1,18.02.2025,Delivered to buyer,2025-02-20 20:15:00,Яндекс.Маркет (Софьино),Новосибирск,1827.0,,2026-01-05T10:00:00+00:00,demo
ORD-100200,18.02.2025,Sale to individual,T-S-007,T-Shirt #7,2890.0,2,2,21.02.2025,Delivered to buyer,2025-02-23 15:23:00,Яндекс.Маркет (Софьино),Санкт-Петербург,5202.0,,2026-01-05T10:00:00+00:00,demo
ORD-100201,18.02.2025,Sale to individual,T-S-004,T-Shirt #4,1960.0,1,1,19.02.2025,Delivered to buyer,2025-02-23 16:26:00,Яндекс.Маркет (Софьино),Екатеринбург,1666.0,,2026-01-05T10:00:00+00:00,demo
ORD-100202,18.02.2025,Sale to individual,T-S-011,T-Shirt #11,2370.0,1,1,19.02.2025,Delivered to buyer,2025-02-23 21:24:00,Яндекс.Маркет (Софьино),Москва,2014.5,,2026-01-05T10:00:00+00:00,demo
ORD-100203,18.02.2025,Sale to individual,T-S-009,T-Shirt #9,2030.0,2,2,20.02.2025,Delivered to buyer,2025-02-19 18:24:00,Яндекс.Маркет (Софьино),Казань,4060.0,,2026-01-05T10:00:00+00:00,demo
ORD-100204,18.02.2025,Sale to individual,T-S-012,T-Shirt #12,2660.0,1,1,22.02.2025,Delivered to buyer,2025-02-20 14:17:00,Яндекс.Маркет (Софьино),Москва,2527.0,,2026-01-05T10:00:00+00:00,demo
ORD-100205,19.02.2025,Sale to individual,T-S-005,T-Shirt #5,1950.0,1,0,,Cancelled,2025-02-23 18:31:00,Яндекс.Маркет (Софьино),Новосибирск,,,2026-01-05T10:00:00+00:00,demo
ORD-100205,19.02.2025,Sale to individual,T-S-010,T-Shirt #10,2800.0,1,0,,Cancelled,2025-02-22 18:31:00,Яндекс.Маркет (Софьино),Новосибирск,,,2026-01-05T10:00:00+00:00,demo
ORD-100206,19.02.2025,Sale to individual,T-S-010,T-Shirt #10,2800.0,2,2,21.02.2025,Delivered to buyer,2025-02-21 21:52:00,Яндекс.Маркет (Софьино),Санкт-Петербург,5320.0,,2026-01-05T10:00:00+00:00,demo
ORD-100207,19.02.2025,Sale to individual,CAP-004,Cap #4,1680.0,2,2,23.02.2025,Delivered to buyer,2025-02-20 13:18:00,Яндекс.Маркет (Софьино),Казань,3192.0,,2026-01-05T10:00:00+00:00,demo
ORD-100207,19.02.2025,Sale to individual,T-S-010,T-Shirt #10,2800.0,1,1,23.02.2025,Delivered to buyer,2025-02-24 13:18:00,Яндекс.Маркет (Софьино),Казань,2380.0,,2026-01-05T10:00:00+00:00,demo
ORD-100208,19.02.2025,Sale to individual,T-S-012,T-Shirt #12,2660.0,1,1,20.02.2025,Delivered to buyer,2025-02-23 18:49:00,Яндекс.Маркет (Софьино),Казань,2394.0,,2026-01-05T10:00:00+00:00,demo
ORD-100208,19.02.2025,Sale to individual,CAP-002,Cap #2,1800.0,1,1,20.02.2025,Delivered to buyer,2025-02-21 18:49:00,Яндекс.Маркет (Софьино),Казань,1710.0,,2026-01-05T10:00:00+00:00,demo
ORD-100208,19.02.2025,Sale to individual,T-S-012,T-Shirt #12,2660.0,1,1,20.02.2025,Delivered to buyer,2025-02-23 18:49:00,Яндекс.Маркет (Софьино),Казань,2660.0,,2026-01-05T10:00:00+00:00,demo
ORD-100209,19.02.2025,Sale to individual,T-S-011,T-Shirt #11,2370.0,1,1,23.02.2025,Delivered to buyer,2025-02-24 09:28:00,Яндекс.Маркет (Софьино),Новосибирск,2251.5,,2026-01-05T10:00:00+00:00,demo
ORD-100209,19.02.2025,Sale to individual,HOO-001,Hoodie #1,5990.0,1,1,23.02.2025,Delivered to buyer,2025-02-21 09:28:00,Яндекс.Маркет (Софьино),Новосибирск,5990.0,,2026-01-05T10:00:00+00:00,demo
ORD-100210,19.02.2025,Sale to individual,HOO-006,Hoodie #6,6060.0,1,1,21.02.2025,Delivered to buyer,2025-02-20 18:22:00,Яндекс.Маркет (Софьино),Новосибирск,5454.0,,2026-01-05T10:00:00+00:00,demo
ORD-100210,19.02.2025,Sale to individual,HOO-004,Hoodie #4,5110.0,1,1,21.02.2025,Delivered to buyer,2025-02-22 18:22:00,Яндекс.Маркет (Софьино),Новосибирск,5110.0,,2026-01-05T10:00:00+00:00,demo
ORD-100210,19.02.2025,Sale to individual,HOO-007,Hoodie #7,6730.0,1,1,21.02.2025,Delivered to buyer,2025-02-24 18:22:00,Яндекс.Маркет (Софьино),Новосибирск,5720.5,,2026-01-05T10:00:00+00:00,demo
ORD-100211,20.02.2025,Sale to individual,CAP-003,Cap #3,1680.0,1,1,24.02.2025,Delivered to buyer,2025-02-21 15:23:00,Яндекс.Маркет (Софьино),Екатеринбург,1596.0,,2026-01-05T10:00:00+00:00,demo
ORD-100211,20.02.2025,Sale to individual,HOO-005,Hoodie #5,4850.0,2,2,24.02.2025,Delivered to buyer,2025-02-23 15:23:00,Яндекс.Маркет (Софьино),Екатеринбург,9700.0,,2026-01-05T10:00:00+00:00,demo
ORD-100212,20.02.2025,Sale to individual,T-S-007,T-Shirt #7,2890.0,2,2,21.02.2025,Delivered to buyer,2025-02-24 22:05:00,Яндекс.Маркет (Софьино),Санкт-Петербург,5491.0,,2026-01-05T10:00:00+00:00,demo
ORD-100212,20.02.2025,Sale to individual,T-S-010,T-Shirt #10,2800.0,1,1,21.02.2025,Delivered to buyer,2025-02-24 22:05:00,Яндекс.Маркет (Софьино),Санкт-Петербург,2520.0,,2026-01-05T10:00:00+00:00,demo
ORD-100212,20.02.2025,Sale to individual,T-S-012,T-Shirt #12,2660.0,1,1,21.02.2025,Delivered to buyer,2025-02-23 22:05:00,Яндекс.Маркет (Софьино),Санкт-Петербург,2660.0,,2026-01-05T10:00:00+00:00,demo
ORD-100213,21.02.2025,Sale to individual,CAP-005,Cap #5,1800.0,1,1,22.02.2025,Delivered to buyer,2025-02-26 20:45:00,Яндекс.Маркет (Софьино),Москва,1800.0,,2026-01-05T10:00:00+00:00,demo
ORD-100214,21.02.2025,Sale to individual,T-S-011,T-Shirt #11,2370.0,1,1,24.02.2025,Delivered to buyer,2025-02-25 16:10:00,Яндекс.Маркет (Софьино),Новосибирск,2370.0,,2026-01-05T10:00:00+00:00,demo
ORD-100214,21.02.2025,Sale to individual,T-S-012,T-Shirt #12,2660.0,2,2,24.02.2025,Delivered to buyer,2025-02-26 16:10:00,Яндекс.Маркет (Софьино),Новосибирск,5320.0,,2026-01-05T10:00:00+00:00,demo
ORD-100215,21.02.2025,Sale to individual,T-S-001,T-Shirt #1,2690.0,1,1,25.02.2025,Delivered to buyer,2025-02-22 15:37:00,Яндекс.Маркет (Софьино),Казань,2286.5,,2026-01-05T10:00:00+00:00,demo
ORD-100215,21.02.2025,Sale to individual,T-S-008,T-Shirt #8,2110.0,1,1,25.02.2025,Delivered to buyer,2025-02-24 15:37:00,Яндекс.Маркет (Софьино),Казань,2004.5,,2026-01-05T10:00:00+00:00,demo
ORD-100216,21.02.2025,Sale to individual,CAP-005,Cap #5,1800.0,2,2,24.02.2025,Delivered to buyer,2025-02-25 15:07:00,Яндекс.Маркет (Софьино),Екатеринбург,3060.0,,2026-01-05T10:00:00+00:00,demo
ORD-100216,21.02.2025,Sale to individual,HOO-002,Hoodie #2,4910.0,1,1,24.02.2025,Delivered to buyer,2025-02-24 15:07:00,Яндекс.Маркет (Софьино),Екатеринбург,4664.5,,2026-01-05T10:00:00+00:00,demo
ORD-100216,21.02.2025,Sale to individual,HOO-007,Hoodie #7,6730.0,2,2,24.02.2025,Delivered to buyer,2025-02-23 15:07:00,Яндекс.Маркет (Софьино),Екатеринбург,11441.0,,2026-01-05T10:00:00+00:00,demo
ORD-100217,22.02.2025,Sale to individual,T-S-007,T-Shirt #7,2890.0,1,1,23.02.2025,Delivered to buyer,2025-02-27 22:39:00,Яндекс.Маркет (Софьино),Санкт-Петербург,2890.0,,2026-01-05T10:00:00+00:00,demo
ORD-100217,22.02.2025,Sale to individual,T-S-006,T-Shirt #6,2570.0,2,2,23.02.2025,Delivered to buyer,2025-02-27 22:39:00,Яндекс.Маркет (Софьино),Санкт-Петербург,4626.0,,2026-01-05T10:00:00+00:00,demo
ORD-100217,22.02.2025,Sale to individual,T-S-010,T-Shirt #10,2800.0,1,1,23.02.2025,Delivered to buyer,2025-02-26 22:39:00,Яндекс.Маркет (Софьино),Санкт-Петербург,2380.0,,2026-01-05T10:00:00+00:00,demo
ORD-100218,22.02.2025,Sale to individual,T-S-007,T-Shirt #7,2890.0,1,1,24.02.2025,Delivered to buyer,2025-02-27 10:31:00,Яндекс.Маркет (Софьино),Санкт-Петербург,2601.0,,2026-01-05T10:00:00+00:00,demo
ORD-100218,22.02.2025,Sale to individual,T-S-010,T-Shirt #10,2800.0,1,1,24.02.2025,Delivered to buyer,2025-02-23 10:31:00,Яндекс.Маркет (Софьино),Санкт-Петербург,2660.0,,2026-01-05T10:00:00+00:00,demo
ORD-100219,22.02.2025,Sale to individual,HOO-001,Hoodie #1,5990.0,2,2,26.02.2025,Delivered to buyer,2025-02-26 10:12:00,Яндекс.Маркет (Софьино),Новосибирск,10782.0,,2026-01-05T10:00:00+00:00,demo
ORD-100219,22.02.2025,Sale to individual,T-S-012,T-Shirt #12,2660.0,1,1,26.02.2025,Delivered to buyer,2025-02-27 10:12:00,Яндекс.Маркет (Софьино),Новосибирск,2660.0,,2026-01-05T10:00:00+00:00,demo
ORD-100220,22.02.2025,Sale to individual,T-S-002,T-Shirt #2,2190.0,1,1,24.02.2025,Delivered to buyer,2025-02-26 20:48:00,Яндекс.Маркет (Софьино),Санкт-Петербург,2190.0,,2026-01-05T10:00:00+00:00,demo
ORD-100221,22.02.2025,Sale to individual,HOO-001,Hoodie #1,5990.0,1,1,26.02.2025,Delivered to buyer,2025-02-23 19:49:00,Яндекс.Маркет (Софьино),Казань,5091.5,,2026-01-05T10:00:00+00:00,demo
ORD-100221,22.02.2025,Sale to individual,HOO-004,Hoodie #4,5110.0,2,2,26.02.2025,Delivered to buyer,2025-02-24 19:49:00,Яндекс.Маркет (Софьино),Казань,8687.0,,2026-01-05T10:00:00+00:00,demo
ORD-100222,22.02.2025,Sale to individual,CAP-005,Cap #5,1800.0,2,2,24.02.2025,Delivered to buyer,2025-02-25 09:47:00,Яндекс.Маркет (Софьино),Москва,3420.0,,2026-01-05T10:00:00+00:00,demo
ORD-100223,23.02.2025,Sale to individual,T-S-008,T-Shirt #8,2110.0,1,1,24.02.2025,Delivered to buyer,2025-02-27 15:55:00,Яндекс.Маркет (Софьино),Екатеринбург,1793.5,,2026-01-05T10:00:00+00:00,demo
ORD-100224,23.02.2025,Sale to individual,CAP-004,Cap #4,1680.0,1,1,25.02.2025,Delivered to buyer,2025-02-26 17:08:00,Яндекс.Маркет (Софьино),Екатеринбург,1428.0,,2026-01-05T10:00:00+00:00,demo
ORD-100225,24.02.2025,Sale to individual,ACC-004,Accessorie #4,1120.0,1,0,,Cancelled,2025-02-25 12:18:00,Яндекс.Маркет (Софьино),Москва,,,2026-01-05T10:00:00+00:00,demo
ORD-100225,24.02.2025,Sale to individual,HOO-008,Hoodie #8,5940.0,1,0,,Cancelled,2025-02-26 12:18:00,Яндекс.Маркет (Софьино),Москва,,,2026-01-05T10:00:00+00:00,demo
ORD-100226,24.02.2025,Sale to individual,CAP-002,Cap #2,1800.0,2,2,27.02.2025,Delivered to buyer,2025-03-01 10:45:00,Яндекс.Маркет (Софьино),Новосибирск,3600.0,,2026-01-05T10:00:00+00:00,demo
ORD-100227,24.02.2025,Sale to individual,T-S-012,T-Shirt #12,2660.0,2,2,28.02.2025,Delivered to buyer,2025-02-27 12:40:00,Яндекс.Маркет (Софьино),Москва,4522.0,,2026-01-05T10:00:00+00:00,demo
ORD-100227,24.02.2025,Sale to individual,HOO-007,Hoodie #7,6730.0,1,1,28.02.2025,Delivered to buyer,2025-02-28 12:40:00,Яндекс.Маркет (Софьино),Москва,6057.0,,2026-01-05T10:00:00+00:00,demo
ORD-100228,24.02.2025,Sale to individual,ACC-004,Accessorie #4,1120.0,2,2,25.02.2025,Delivered to buyer,2025-02-28 17:00:00,Яндекс.Маркет (Софьино),Москва,2240.0,,2026-01-05T10:00:00+00:00,demo
ORD-100228,24.02.2025,Sale to individual,HOO-007,Hoodie #7,6730.0,1,1,25.02.2025,Delivered to buyer,2025-02-27 17:00:00,Яндекс.Маркет (Софьино),Москва,6057.0,,2026-01-05T10:00:00+00:00,demo
ORD-100228,24.02.2025,Sale to individual,CAP-001,Cap #1,1630.0,1,1,25.02.2025,Delivered to buyer,2025-02-27 17:00:00,Яндекс.Маркет (Софьино),Москва,1548.5,,2026-01-05T10:00:00+00:00,demo
ORD-100229,25.02.2025,Sale to individual,ACC-002,Accessorie #2,1440.0,1,1,01.03.2025,Delivered to buyer,2025-03-01 17:08:00,Яндекс.Маркет (Софьино),Москва,1440.0,,2026-01-05T10:00:00+00:00,demo
ORD-100230,25.02.2025,Sale to individual,T-S-012,T-Shirt #12,2660.0,1,1,27.02.2025,Delivered to buyer,2025-02-28 09:59:00,Яндекс.Маркет (Софьино),Новосибирск,2660.0,,2026-01-05T10:00:00+00:00,demo
ORD-100230,25.02.2025,Sale to individual,ACC-005,Accessorie #5,1220.0,1,1,27.02.2025,Delivered to buyer,2025-02-26 09:59:00,Яндекс.Маркет (Софьино),Новосибирск,1159.0,,2026-01-05T10:00:00+00:00,demo
ORD-100231,25.02.2025,Sale to individual,HOO-008,Hoodie #8,5940.0,1,1,26.02.2025,Delivered to buyer,2025-02-28 13:16:00,Яндекс.Маркет (Софьино),Санкт-Петербург,5346.0,,2026-01-05T10:00:00+00:00,demo
ORD-100232,25.02.2025,Sale to individual,HOO-007,Hoodie #7,6730.0,1,0,,Cancelled,2025-02-26 19:48:00,Яндекс.Маркет (Софьино),Москва,,,2026-01-05T10:00:00+00:00,demo
ORD-100232,25.02.2025,Sale to individual,CAP-002,Cap #2,1800.0,1,0,,Cancelled,2025-02-27 19:48:00,Яндекс.Маркет (Софьино),Москва,,,2026-01-05T10:00:00+00:00,demo
ORD-100233,25.02.2025,Sale to individual,CAP-001,Cap #1,1630.0,2,2,26.02.2025,Delivered to buyer,2025-03-01 18:28:00,Яндекс.Маркет (Софьино),Москва,3260.0,,2026-01-05T10:00:00+00:00,demo
ORD-100234,26.02.2025,Sale to individual,T-S-010,T-Shirt #10,2800.0,1,1,27.02.2025,Return received in warehouse,2025-02-28 20:06:00,Яндекс.Маркет (Софьино),Казань,2520.0,2520.0,2026-01-05T10:00:00+00:00,demo
ORD-100235,26.02.2025,Sale to individual,HOO-004,Hoodie #4,5110.0,2,2,27.02.2025,Delivered to buyer,2025-02-28 18:09:00,Яндекс.Маркет (Софьино),Санкт-Петербург,9709.0,,2026-01-05T10:00:00+00:00,demo
ORD-100235,26.02.2025,Sale to individual,HOO-006,Hoodie #6,6060.0,1,1,27.02.2025,Delivered to buyer,2025-03-03 18:09:00,Яндекс.Маркет (Софьино),Санкт-Петербург,5454.0,,2026-01-05T10:00:00+00:00,demo
ORD-100236,26.02.2025,Sale to individual,ACC-002,Accessorie #2,1440.0,1,0,,Cancelled,2025-03-02 15:55:00,Яндекс.Маркет (Софьино),Санкт-Петербург,,,2026-01-05T10:00:00+00:00,demo
ORD-100237,26.02.2025,Sale to individual,T-S-009,T-Shirt #9,2030.0,1,1,28.02.2025,Delivered to buyer,2025-03-03 14:20:00,Яндекс.Маркет (Софьино),Москва,1725.5,,2026-01-05T10:00:00+00:00,demo
ORD-100238,26.02.2025,Sale to individual,T-S-002,T-Shirt #2,2190.0,1,1,01.03.2025,Delivered to buyer,2025-03-01 19:38:00,Яндекс.Маркет (Софьино),Санкт-Петербург,1971.0,,2026-01-05T10:00:00+00:00,demo
ORD-100238,26.02.2025,Sale to individual,CAP-004,Cap #4,1680.0,1,1,01.03.2025,Delivered to buyer,2025-03-02 19:38:00,Яндекс.Маркет (Софьино),Санкт-Петербург,1680.0,,2026-01-05T10:00:00+00:00,demo
ORD-100238,26.02.2025,Sale to individual,CAP-005,Cap #5,1800.0,2,2,01.03.2025,Delivered to buyer,2025-02-28 19:38:00,Яндекс.Маркет (Софьино),Санкт-Петербург,3600.0,,2026-01-05T10:00:00+00:00,demo
ORD-100239,26.02.2025,Sale to individual,ACC-002,Accessorie #2,1440.0,1,1,27.02.2025,Delivered to buyer,2025-03-02 18:38:00,Яндекс.Маркет (Софьино),Казань,1440.0,,2026-01-05T10:00:00+00:00,demo
ORD-100239,26.02.2025,Sale to individual,T-S-001,T-Shirt #1,2690.0,2,2,27.02.2025,Delivered to buyer,2025-03-03 18:38:00,Яндекс.Маркет (Софьино),Казань,5111.0,,2026-01-05T10:00:00+00:00,demo
ORD-100240,26.02.2025,Sale to individual,T-S-002,T-Shirt #2,2190.0,1,0,,Cancelled,2025-02-28 10:48:00,Яндекс.Маркет (Софьино),Москва,,,2026-01-05T10:00:00+00:00,demo
ORD-100241,27.02.2025,Sale to individual,T-S-010,T-Shirt #10,2800.0,2,2,03.03.2025,Delivered to buyer,2025-02-28 22:03:00,Яндекс.Маркет (Софьино),Новосибирск,5040.0,,2026-01-05T10:00:00+00:00,demo
ORD-100241,27.02.2025,Sale to individual,CAP-002,Cap #2,1800.0,1,1,03.03.2025,Delivered to buyer,2025-02-28 22:03:00,Яндекс.Маркет (Софьино),Новосибирск,1710.0,,2026-01-05T10:00:00+00:00,demo
ORD-100242,27.02.2025,Sale to individual,HOO-003,Hoodie #3,4420.0,1,1,01.03.2025,Delivered to buyer,2025-03-03 09:32:00,Яндекс.Маркет (Софьино),Новосибирск,4199.0,,2026-01-05T10:00:00+00:00,demo
ORD-100243,27.02.2025,Sale to individual,T-S-003,T-Shirt #3,2990.0,1,1,28.02.2025,Return received in warehouse,2025-03-04 21:15:00,Яндекс.Маркет (Софьино),Новосибирск,2691.0,2691.0,2026-01-05T10:00:00+00:00,demo
ORD-100244,27.02.2025,Sale to individual,T-S-001,T-Shirt #1,2690.0,1,1,01.03.2025,Delivered to buyer,2025-03-03 08:19:00,Яндекс.Маркет (Софьино),Санкт-Петербург,2690.0,,2026-01-05T10:00:00+00:00,demo
ORD-100245,27.02.2025,Sale to individual,T-S-010,T-Shirt #10,2800.0,1,1,02.03.2025,Delivered to buyer,2025-03-02 16:33:00,Яндекс.Маркет (Софьино),Казань,2800.0,,2026-01-05T10:00:00+00:00,demo
ORD-100246,27.02.2025,Sale to individual,CAP-002,Cap #2,1800.0,1,1,28.02.2025,Delivered to buyer,2025-03-03 12:33:00,Яндекс.Маркет (Софьино),Екатеринбург,1620.0,,2026-01-05T10:00:00+00:00,demo
ORD-100247,28.02.2025,Sale to individual,CAP-003,Cap #3,1680.0,1,1,02.03.2025,Delivered to buyer,2025-03-05 10:23:00,Яндекс.Маркет (Софьино),Екатеринбург,1680.0,,2026-01-05T10:00:00+00:00,demo
ORD-100248,28.02.2025,Sale to individual,T-S-002,T-Shirt #2,2190.0,2,2,01.03.2025,Delivered to buyer,2025-03-02 08:54:00,Яндекс.Маркет (Софьино),Казань,4380.0,,2026-01-05T10:00:00+00:00,demo
ORD-100249,28.02.2025,Sale to individual,T-S-010,T-Shirt #10,2800.0,1,1,04.03.2025,Delivered to buyer,2025-03-01 16:51:00,Яндекс.Маркет (Софьино),Новосибирск,2660.0,,2026-01-05T10:00:00+00:00,demo
ORD-100250,28.02.2025,Sale to individual,T-S-008,T-Shirt #8,2110.0,1,1,01.03.2025,Delivered to buyer,2025-03-01 13:07:00,Яндекс.Маркет (Софьино),Екатеринбург,1899.0,,2026-01-05T10:00:00+00:00,demo
ORD-100251,28.02.2025,Sale to individual,T-S-003,T-Shirt #3,2990.0,1,1,03.03.2025,Delivered to buyer,2025-03-02 21:18:00,Яндекс.Маркет (Софьино),Новосибирск,2840.5,,2026-01-05T10:00:00+00:00,demo
ORD-100252,01.03.2025,Sale to individual,HOO-006,Hoodie #6,6060.0,1,1,04.03.2025,Delivered to buyer,2025-03-03 17:50:00,Яндекс.Маркет (Софьино),Новосибирск,5151.0,,2026-01-05T10:00:00+00:00,demo
ORD-100252,01.03.2025,Sale to individual,T-S-012,T-Shirt #12,2660.0,1,1,04.03.2025,Delivered to buyer,2025-03-05 17:50:00,Яндекс.Маркет (Софьино),Новосибирск,2660.0,,2026-01-05T10:00:00+00:00,demo
ORD-100252,01.03.2025,Sale to individual,HOO-005,Hoodie #5,4850.0,1,1,04.03.2025,Delivered to buyer,2025-03-06 17:50:00,Яндекс.Маркет (Софьино),Новосибирск,4850.0,,2026-01-05T10:00:00+00:00,demo
ORD-100253,01.03.2025,Sale to individual,T-S-001,T-Shirt #1,2690.0,1,1,02.03.2025,Delivered to buyer,2025-03-03 18:53:00,Яндекс.Маркет (Софьино),Новосибирск,2690.0,,2026-01-05T10:00:00+00:00,demo
ORD-100254,01.03.2025,Sale to individual,ACC-004,Accessorie #4,1120.0,1,1,05.03.2025,Delivered to buyer,2025-03-02 11:26:00,Яндекс.Маркет (Софьино),Санкт-Петербург,1120.0,,2026-01-05T10:00:00+00:00,demo
ORD-100255,01.03.2025,Sale to individual,ACC-002,Accessorie #2,1440.0,1,1,05.03.2025,Delivered to buyer,2025-03-03 22:54:00,Яндекс.Маркет (Софьино),Екатеринбург,1224.0,,2026-01-05T10:00:00+00:00,demo
ORD-100255,01.03.2025,Sale to individual,T-S-012,T-Shirt #12,2660.0,2,2,05.03.2025,Delivered to buyer,2025-03-06 22:54:00,Яндекс.Маркет (Софьино),Екатеринбург,5320.0,,2026-01-05T10:00:00+00:00,demo
ORD-100255,01.03.2025,Sale to individual,CAP-002,Cap #2,1800.0,1,1,05.03.2025,Delivered to buyer,2025-03-03 22:54:00,Яндекс.Маркет (Софьино),Екатеринбург,1620.0,,2026-01-05T10:00:00+00:00,demo
ORD-100256,01.03.2025,Sale to individual,CAP-001,Cap #1,1630.0,2,2,04.03.2025,Delivered to buyer,2025-03-03 12:16:00,Яндекс.Маркет (Софьино),Казань,3097.0,,2026-01-05T10:00:00+00:00,demo
ORD-100256,01.03.2025,Sale to individual,CAP-002,Cap #2,1800.0,1,1,04.03.2025,Delivered to buyer,2025-03-03 12:16:00,Яндекс.Маркет (Софьино),Казань,1800.0,,2026-01-05T10:00:00+00:00,demo
ORD-100257,02.03.2025,Sale to individual,T-S-010,T-Shirt #10,2800.0,1,1,06.03.2025,Delivered to buyer,2025-03-05 09:10:00,Яндекс.Маркет (Софьино),Казань,2520.0,,2026-01-05T10:00:00+00:00,demo
ORD-100257,02.03.2025,Sale to individual,T-S-006,T-Shirt #6,2570.0,2,2,06.03.2025,Delivered to buyer,2025-03-03 09:10:00,Яндекс.Маркет (Софьино),Казань,4883.0,,2026-01-05T10:00:00+00:00,demo
ORD-100258,02.03.2025,Sale to individual,CAP-001,Cap #1,1630.0,1,1,05.03.2025,Delivered to buyer,2025-03-04 10:51:00,Яндекс.Маркет (Софьино),Казань,1630.0,,2026-01-05T10:00:00+00:00,demo
ORD-100258,02.03.2025,Sale to individual,T-S-002,T-Shirt #2,2190.0,1,1,05.03.2025,Delivered to buyer,2025-03-07 10:51:00,Яндекс.Маркет (Софьино),Казань,1971.0,,2026-01-05T10:00:00+00:00,demo
ORD-100258,02.03.2025,Sale to individual,CAP-004,Cap #4,1680.0,1,1,05.03.2025,Delivered to buyer,2025-03-05 10:51:00,Яндекс.Маркет (Софьино),Казань,1596.0,,2026-01-05T10:00:00+00:00,demo
ORD-100259,02.03.2025,Sale to individual,CAP-002,Cap #2,1800.0,1,1,06.03.2025,Delivered to buyer,2025-03-03 08:25:00,Яндекс.Маркет (Софьино),Новосибирск,1800.0,,2026-01-05T10:00:00+00:00,demo
ORD-100259,02.03.2025,Sale to individual,T-S-009,T-Shirt #9,2030.0,1,1,06.03.2025,Delivered to buyer,2025-03-04 08:25:00,Яндекс.Маркет (Софьино),Новосибирск,2030.0,,2026-01-05T10:00:00+00:00,demo
ORD-100260,02.03.2025,Sale to individual,CAP-001,Cap #1,1630.0,1,1,06.03.2025,Delivered to buyer,2025-03-03 11:52:00,Яндекс.Маркет (Софьино),Москва,1630.0,,2026-01-05T10:00:00+00:00,demo
ORD-100261,02.03.2025,Sale to individual,T-S-004,T-Shirt #4,1960.0,1,1,06.03.2025,Delivered to buyer,2025-03-06 11:57:00,Яндекс.Маркет (Софьино),Казань,1960.0,,2026-01-05T10:00:00+00:00,demo
ORD-100262,02.03.2025,Sale to individual,T-S-011,T-Shirt #11,2370.0,1,1,06.03.2025,Delivered to buyer,2025-03-04 10:59:00,Яндекс.Маркет (Софьино),Санкт-Петербург,2370.0,,2026-01-05T10:00:00+00:00,demo
ORD-100262,02.03.2025,Sale to individual,T-S-002,T-Shirt #2,2190.0,1,1,06.03.2025,Delivered to buyer,2025-03-06 10:59:00,Яндекс.Маркет (Софьино),Санкт-Петербург,2080.5,,2026-01-05T10:00:00+00:00,demo
ORD-100262,02.03.2025,Sale to individual,HOO-008,Hoodie #8,5940.0,1,1,06.03.2025,Delivered to buyer,2025-03-07 10:59:00,Яндекс.Маркет (Софьино),Санкт-Петербург,5940.0,,2026-01-05T10:00:00+00:00,demo
ORD-100263,03.03.2025,Sale to individual,T-S-011,T-Shirt #11,2370.0,1,1,06.03.2025,Delivered to buyer,2025-03-07 17:15:00,Яндекс.Маркет (Софьино),Москва,2251.5,,2026-01-05T10:00:00+00:00,demo
ORD-100263,03.03.2025,Sale to individual,HOO-004,Hoodie #4,5110.0,1,1,06.03.2025,Delivered to buyer,2025-03-05 17:15:00,Яндекс.Маркет (Софьино),Москва,4599.0,,2026-01-05T10:00:00+00:00,demo
ORD-100264,03.03.2025,Sale to individual,ACC-005,Accessorie #5,1220.0,1,1,05.03.2025,Delivered to buyer,2025-03-08 22:51:00,Яндекс.Маркет (Софьино),Новосибирск,1098.0,,2026-01-05T10:00:00+00:00,demo
ORD-100264,03.03.2025,Sale to individual,HOO-003,Hoodie #3,4420.0,2,2,05.03.2025,Delivered to buyer,2025-03-08 22:51:00,Яндекс.Маркет (Софьино),Новосибирск,8398.0,,2026-01-05T10:00:00+00:00,demo
ORD-100264,03.03.2025,Sale to individual,T-S-002,T-Shirt #2,2190.0,1,1,05.03.2025,Delivered to buyer,2025-03-06 22:51:00,Яндекс.Маркет (Софьино),Новосибирск,1971.0,,2026-01-05T10:00:00+00:00,demo
ORD-100265,03.03.2025,Sale to individual,ACC-002,Accessorie #2,1440.0,1,1,05.03.2025,Delivered to buyer,2025-03-08 08:20:00,Яндекс.Маркет (Софьино),Казань,1296.0,,2026-01-05T10:00:00+00:00,demo
ORD-100266,04.03.2025,Sale to individual,T-S-009,T-Shirt #9,2030.0,1,1,06.03.2025,Delivered to buyer,2025-03-08 10:06:00,Яндекс.Маркет (Софьино),Москва,1725.5,,2026-01-05T10:00:00+00:00,demo
ORD-100266,04.03.2025,Sale to individual,HOO-002,Hoodie #2,4910.0,1,1,06.03.2025,Delivered to buyer,2025-03-06 10:06:00,Яндекс.Маркет (Софьино),Москва,4910.0,,2026-01-05T10:00:00+00:00,demo
ORD-100266,04.03.2025,Sale to individual,CAP-004,Cap #4,1680.0,1,1,06.03.2025,Delivered to buyer,2025-03-07 10:06:00,Яндекс.Маркет (Софьино),Москва,1428.0,,2026-01-05T10:00:00+00:00,demo
ORD-100267,04.03.2025,Sale to individual,CAP-001,Cap #1,1630.0,1,1,05.03.2025,Return received in warehouse,2025-03-09 19:22:00,Яндекс.Маркет (Софьино),Екатеринбург,1467.0,1467.0,2026-01-05T10:00:00+00:00,demo
ORD-100267,04.03.2025,Sale to individual,ACC-003,Accessorie #3,1190.0,1,1,05.03.2025,Return received in warehouse,2025-03-08 19:22:00,Яндекс.Маркет (Софьино),Екатеринбург,1190.0,1190.0,2026-01-05T10:00:00+00:00,demo
ORD-100267,04.03.2025,Sale to individual,HOO-004,Hoodie #4,5110.0,1,1,05.03.2025,Return received in warehouse,2025-03-05 19:22:00,Яндекс.Маркет (Софьино),Екатеринбург,5110.0,5110.0,2026-01-05T10:00:00+00:00,demo
ORD-100268,04.03.2025,Sale to individual,T-S-012,T-Shirt #12,2660.0,1,1,05.03.2025,Delivered to buyer,2025-03-07 17:14:00,Яндекс.Маркет (Софьино),Екатеринбург,2660.0,,2026-01-05T10:00:00+00:00,demo
ORD-100268,04.03.2025,Sale to individual,T-S-010,T-Shirt #10,2800.0,1,1,05.03.2025,Delivered to buyer,2025-03-05 17:14:00,Яндекс.Маркет (Софьино),Екатеринбург,2660.0,,2026-01-05T10:00:00+00:00,demo
ORD-100269,04.03.2025,Sale to individual,CAP-004,Cap #4,1680.0,1,1,06.03.2025,Delivered to buyer,2025-03-08 10:37:00,Яндекс.Маркет (Софьино),Казань,1596.0,,2026-01-05T10:00:00+00:00,demo
ORD-100270,05.03.2025,Sale to individual,T-S-007,T-Shirt #7,2890.0,2,2,08.03.2025,Delivered to buyer,2025-03-08 09:21:00,Яндекс.Маркет (Софьино),Санкт-Петербург,5202.0,,2026-01-05T10:00:00+00:00,demo
ORD-100271,05.03.2025,Sale to individual,HOO-008,Hoodie #8,5940.0,2,2,08.03.2025,Delivered to buyer,2025-03-08 19:35:00,Яндекс.Маркет (Софьино),Санкт-Петербург,11286.0,,2026-01-05T10:00:00+00:00,demo
ORD-100272,05.03.2025,Sale to individual,ACC-003,Accessorie #3,1190.0,1,1,06.03.2025,Delivered to buyer,2025-03-10 10:46:00,Яндекс.Маркет (Софьино),Екатеринбург,1190.0,,2026-01-05T10:00:00+00:00,demo
ORD-100272,05.03.2025,Sale to individual,T-S-010,T-Shirt #10,2800.0,1,1,06.03.2025,Delivered to buyer,2025-03-07 10:46:00,Яндекс.Маркет (Софьино),Екатеринбург,2380.0,,2026-01-05T10:00:00+00:00,demo
ORD-100272,05.03.2025,Sale to individual,ACC-005,Accessorie #5,1220.0,1,1,06.03.2025,Delivered to buyer,2025-03-07 10:46:00,Яндекс.Маркет (Софьино),Екатеринбург,1098.0,,2026-01-05T10:00:00+00:00,demo
ORD-100273,05.03.2025,Sale to individual,ACC-004,Accessorie #4,1120.0,1,1,07.03.2025,Delivered to buyer,2025-03-09 19:04:00,Яндекс.Маркет (Софьино),Санкт-Петербург,1064.0,,2026-01-05T10:00:00+00:00,demo
ORD-100274,05.03.2025,Sale to individual,T-S-002,T-Shirt #2,2190.0,1,1,07.03.2025,Delivered to buyer,2025-03-09 12:13:00,Яндекс.Маркет (Софьино),Москва,1971.0,,2026-01-05T10:00:00+00:00,demo
ORD-100274,05.03.2025,Sale to individual,T-S-009,T-Shirt #9,2030.0,2,2,07.03.2025,Delivered to buyer,2025-03-09 12:13:00,Яндекс.Маркет (Софьино),Москва,4060.0,,2026-01-05T10:00:00+00:00,demo
ORD-100274,05.03.2025,Sale to individual,T-S-005,T-Shirt #5,1950.0,2,2,07.03.2025,Delivered to buyer,2025-03-08 12:13:00,Яндекс.Маркет (Софьино),Москва,3510.0,,2026-01-05T10:00:00+00:00,demo
ORD-100275,05.03.2025,Sale to individual,HOO-007,Hoodie #7,6730.0,2,2,09.03.2025,Delivered to buyer,2025-03-06 14:06:00,Яндекс.Маркет (Софьино),Санкт-Петербург,13460.0,,2026-01-05T10:00:00+00:00,demo
ORD-100275,05.03.2025,Sale to individual,CAP-001,Cap #1,1630.0,1,1,09.03.2025,Delivered to buyer,2025-03-08 14:06:00,Яндекс.Маркет (Софьино),Санкт-Петербург,1630.0,,2026-01-05T10:00:00+00:00,demo
ORD-100276,05.03.2025,Sale to individual,ACC-002,Accessorie #2,1440.0,1,1,08.03.2025,Delivered to buyer,2025-03-06 09:04:00,Яндекс.Маркет (Софьино),Санкт-Петербург,1224.0,,2026-01-05T10:00:00+00:00,demo
ORD-100277,05.03.2025,Sale to individual,T-S-002,T-Shirt #2,2190.0,1,1,09.03.2025,Delivered to buyer,2025-03-06 17:39:00,Яндекс.Маркет (Софьино),Новосибирск,2190.0,,2026-01-05T10:00:00+00:00,demo
ORD-100277,05.03.2025,Sale to individual,ACC-003,Accessorie #3,1190.0,1,1,09.03.2025,Delivered to buyer,2025-03-07 17:39:00,Яндекс.Маркет (Софьино),Новосибирск,1190.0,,2026-01-05T10:00:00+00:00,demo
ORD-100277,05.03.2025,Sale to individual,T-S-007,T-Shirt #7,2890.0,2,2,09.03.2025,Delivered to buyer,2025-03-10 17:39:00,Яндекс.Маркет (Софьино),Новосибирск,4913.0,,2026-01-05T10:00:00+00:00,demo
ORD-100278,06.03.2025,Sale to individual,HOO-004,Hoodie #4,5110.0,1,1,10.03.2025,Delivered to buyer,2025-03-10 09:03:00,Яндекс.Маркет (Софьино),Москва,5110.0,,2026-01-05T10:00:00+00:00,demo
ORD-100278,06.03.2025,Sale to individual,T-S-012,T-Shirt #12,2660.0,1,1,10.03.2025,Delivered to buyer,2025-03-11 09:03:00,Яндекс.Маркет (Софьино),Москва,2527.0,,2026-01-05T10:00:00+00:00,demo
ORD-100279,06.03.2025,Sale to individual,T-S-008,T-Shirt #8,2110.0,1,1,07.03.2025,Delivered to buyer,2025-03-07 11:06:00,Яндекс.Маркет (Софьино),Казань,1899.0,,2026-01-05T10:00:00+00:00,demo
ORD-100280,06.03.2025,Sale to individual,ACC-002,Accessorie #2,1440.0,2,2,10.03.2025,Delivered to buyer,2025-03-09 20:25:00,Яндекс.Маркет (Софьино),Екатеринбург,2880.0,,2026-01-05T10:00:00+00:00,demo
ORD-100280,06.03.2025,Sale to individual,T-S-009,T-Shirt #9,2030.0,2,2,10.03.2025,Delivered to buyer,2025-03-08 20:25:00,Яндекс.Маркет (Софьино),Екатеринбург,3857.0,,2026-01-05T10:00:00+00:00,demo
ORD-100281,06.03.2025,Sale to individual,T-S-009,T-Shirt #9,2030.0,1,1,10.03.2025,Delivered to buyer,2025-03-07 08:16:00,Яндекс.Маркет (Софьино),Екатеринбург,2030.0,,2026-01-05T10:00:00+00:00,demo
ORD-100281,06.03.2025,Sale to individual,CAP-004,Cap #4,1680.0,1,1,10.03.2025,Delivered to buyer,2025-03-11 08:16:00,Яндекс.Маркет (Софьино),Екатеринбург,1596.0,,2026-01-05T10:00:00+00:00,demo
ORD-100282,06.03.2025,Sale to individual,T-S-002,T-Shirt #2,2190.0,2,2,08.03.2025,Delivered to buyer,2025-03-10 20:37:00,Яндекс.Маркет (Софьино),Екатеринбург,3723.0,,2026-01-05T10:00:00+00:00,demo
ORD-100282,06.03.2025,Sale to individual,T-S-010,T-Shirt #10,2800.0,1,1,08.03.2025,Delivered to buyer,2025-03-09 20:37:00,Яндекс.Маркет (Софьино),Екатеринбург,2520.0,,2026-01-05T10:00:00+00:00,demo
ORD-100283,06.03.2025,Sale to individual,HOO-004,Hoodie #4,5110.0,1,1,07.03.2025,Delivered to buyer,2025-03-10 14:57:00,Яндекс.Маркет (Софьино),Екатеринбург,5110.0,,2026-01-05T10:00:00+00:00,demo
ORD-100283,06.03.2025,Sale to individual,HOO-001,Hoodie #1,5990.0,1,1,07.03.2025,Delivered to buyer,2025-03-08 14:57:00,Яндекс.Маркет (Софьино),Екатеринбург,5990.0,,2026-01-05T10:00:00+00:00,demo
ORD-100284,07.03.2025,Sale to individual,ACC-004,Accessorie #4,1120.0,1,1,11.03.2025,Delivered to buyer,2025-03-12 10:02:00,Яндекс.Маркет (Софьино),Новосибирск,1120.0,,2026-01-05T10:00:00+00:00,demo
ORD-100285,07.03.2025,Sale to individual,T-S-010,T-Shirt #10,2800.0,1,1,08.03.2025,Delivered to buyer,2025-03-12 13:58:00,Яндекс.Маркет (Софьино),Новосибирск,2660.0,,2026-01-05T10:00:00+00:00,demo
ORD-100286,07.03.2025,Sale to individual,HOO-006,Hoodie #6,6060.0,1,1,08.03.2025,Delivered to buyer,2025-03-12 22:55:00,Яндекс.Маркет (Софьино),Новосибирск,6060.0,,2026-01-05T10:00:00+00:00,demo
ORD-100286,07.03.2025,Sale to individual,HOO-002,Hoodie #2,4910.0,1,1,08.03.2025,Delivered to buyer,2025-03-12 22:55:00,Яндекс.Маркет (Софьино),Новосибирск,4910.0,,2026-01-05T10:00:00+00:00,demo
ORD-100286,07.03.2025,Sale to individual,T-S-011,T-Shirt #11,2370.0,1,1,08.03.2025,Delivered to buyer,2025-03-12 22:55:00,Яндекс.Маркет (Софьино),Новосибирск,2251.5,,2026-01-05T10:00:00+00:00,demo
ORD-100287,07.03.2025,Sale to individual,HOO-007,Hoodie #7,6730.0,1,1,10.03.2025,Delivered to buyer,2025-03-10 22:26:00,Яндекс.Маркет (Софьино),Новосибирск,6730.0,,2026-01-05T10:00:00+00:00,demo
ORD-100287,07.03.2025,Sale to individual,HOO-004,Hoodie #4,5110.0,2,2,10.03.2025,Delivered to buyer,2025-03-12 22:26:00,Яндекс.Маркет (Софьино),Новосибирск,10220.0,,2026-01-05T10:00:00+00:00,demo
ORD-100288,07.03.2025,Sale to individual,T-S-011,T-Shirt #11,2370.0,1,1,11.03.2025,Delivered to buyer,2025-03-11 18:44:00,Яндекс.Маркет (Софьино),Казань,2370.0,,2026-01-05T10:00:00+00:00,demo
ORD-100289,07.03.2025,Sale to individual,CAP-004,Cap #4,1680.0,1,1,08.03.2025,Delivered to buyer,2025-03-11 22:23:00,Яндекс.Маркет (Софьино),Казань,1596.0,,2026-01-05T10:00:00+00:00,demo
ORD-100290,07.03.2025,Sale to individual,T-S-010,T-Shirt #10,2800.0,1,0,,Cancelled,2025-03-11 18:06:00,Яндекс.Маркет (Софьино),Новосибирск,,,2026-01-05T10:00:00+00:00,demo
ORD-100291,08.03.2025,Sale to individual,T-S-012,T-Shirt #12,2660.0,1,1,12.03.2025,Delivered to buyer,2025-03-11 11:58:00,Яндекс.Маркет (Софьино),Москва,2660.0,,2026-01-05T10:00:00+00:00,demo
ORD-100291,08.03.2025,Sale to individual,HOO-001,Hoodie #1,5990.0,2,2,12.03.2025,Delivered to buyer,2025-03-13 11:58:00,Яндекс.Маркет (Софьино),Москва,11980.0,,2026-01-05T10:00:00+00:00,demo
ORD-100291,08.03.2025,Sale to individual,T-S-010,T-Shirt #10,2800.0,1,1,12.03.2025,Delivered to buyer,2025-03-10 11:58:00,Яндекс.Маркет (Софьино),Москва,2800.0,,2026-01-05T10:00:00+00:00,demo
ORD-100292,08.03.2025,Sale to individual,T-S-012,T-Shirt #12,2660.0,1,1,10.03.2025,Delivered to buyer,2025-03-11 21:03:00,Яндекс.Маркет (Софьино),Казань,2527.0,,2026-01-05T10:00:00+00:00,demo
ORD-100293,08.03.2025,Sale to individual,T-S-002,T-Shirt #2,2190.0,2,2,09.03.2025,Delivered to buyer,2025-03-13 16:25:00,Яндекс.Маркет (Софьино),Санкт-Петербург,3723.0,,2026-01-05T10:00:00+00:00,demo
ORD-100293,08.03.2025,Sale to individual,T-S-010,T-Shirt #10,2800.0,1,1,09.03.2025,Delivered to buyer,2025-03-10 16:25:00,Яндекс.Маркет (Софьино),Санкт-Петербург,2660.0,,2026-01-05T10:00:00+00:00,demo
ORD-100293,08.03.2025,Sale to individual,HOO-005,Hoodie #5,4850.0,1,1,09.03.2025,Delivered to buyer,2025-03-11 16:25:00,Яндекс.Маркет (Софьино),Санкт-Петербург,4850.0,,2026-01-05T10:00:00+00:00,demo
ORD-100294,08.03.2025,Sale to individual,CAP-003,Cap #3,1680.0,1,1,10.03.2025,Delivered to buyer,2025-03-11 14:03:00,Яндекс.Маркет (Софьино),Санкт-Петербург,1680.0,,2026-01-05T10:00:00+00:00,demo
ORD-100294,08.03.2025,Sale to individual,T-S-008,T-Shirt #8,2110.0,2,2,10.03.2025,Delivered to buyer,2025-03-09 14:03:00,Яндекс.Маркет (Софьино),Санкт-Петербург,3587.0,,2026-01-05T10:00:00+00:00,demo
ORD-100295,08.03.2025,Sale to individual,ACC-002,Accessorie #2,1440.0,1,1,09.03.2025,Return received in warehouse,2025-03-11 20:43:00,Яндекс.Маркет (Софьино),Екатеринбург,1440.0,1440.0,2026-01-05T10:00:00+00:00,demo
ORD-100295,08.03.2025,Sale to individual,HOO-007,Hoodie #7,6730.0,1,1,09.03.2025,Return received in warehouse,2025-03-12 20:43:00,Яндекс.Маркет (Софьино),Екатеринбург,6393.5,6393.5,2026-01-05T10:00:00+00:00,demo
ORD-100296,09.03.2025,Sale to individual,T-S-008,T-Shirt #8,2110.0,2,2,13.03.2025,Delivered to buyer,2025-03-10 21:22:00,Яндекс.Маркет (Софьино),Казань,3587.0,,2026-01-05T10:00:00+00:00,demo
ORD-100297,09.03.2025,Sale to individual,HOO-007,Hoodie #7,6730.0,1,1,12.03.2025,Delivered to buyer,2025-03-10 16:42:00,Яндекс.Маркет (Софьино),Казань,6057.0,,2026-01-05T10:00:00+00:00,demo
ORD-100297,09.03.2025,Sale to individual,HOO-006,Hoodie #6,6060.0,1,1,12.03.2025,Delivered to buyer,2025-03-12 16:42:00,Яндекс.Маркет (Софьино),Казань,5757.0,,2026-01-05T10:00:00+00:00,demo
ORD-100298,09.03.2025,Sale to individual,T-S-007,T-Shirt #7,2890.0,1,1,12.03.2025,Delivered to buyer,2025-03-13 12:41:00,Яндекс.Маркет (Софьино),Санкт-Петербург,2456.5,,2026-01-05T10:00:00+00:00,demo
ORD-100299,09.03.2025,Sale to individual,T-S-002,T-Shirt #2,2190.0,2,2,11.03.2025,Delivered to buyer,2025-03-10 13:43:00,Яндекс.Маркет (Софьино),Новосибирск,3942.0,,2026-01-05T10:00:00+00:00,demo
ORD-100299,09.03.2025,Sale to individual,T-S-012,T-Shirt #12,2660.0,1,1,11.03.2025,Delivered to buyer,2025-03-11 13:43:00,Яндекс.Маркет (Софьино),Новосибирск,2527.0,,2026-01-05T10:00:00+00:00,demo
ORD-100299,09.03.2025,Sale to individual,T-S-010,T-Shirt #10,2800.0,2,2,11.03.2025,Delivered to buyer,2025-03-14 13:43:00,Яндекс.Маркет (Софьино),Новосибирск,5320.0,,2026-01-05T10:00:00+00:00,demo
ORD-100300,09.03.2025,Sale to individual,T-S-004,T-Shirt #4,1960.0,1,1,11.03.2025,Delivered to buyer,2025-03-11 21:10:00,Яндекс.Маркет (Софьино),Санкт-Петербург,1666.0,,2026-01-05T10:00:00+00:00,demo
ORD-100301,10.03.2025,Sale to individual,CAP-002,Cap #2,1800.0,2,2,13.03.2025,Delivered to buyer,2025-03-13 09:14:00,Яндекс.Маркет (Софьино),Казань,3420.0,,2026-01-05T10:00:00+00:00,demo
ORD-100302,10.03.2025,Sale to individual,T-S-012,T-Shirt #12,2660.0,1,1,14.03.2025,Delivered to buyer,2025-03-12 17:18:00,Яндекс.Маркет (Софьино),Екатеринбург,2394.0,,2026-01-05T10:00:00+00:00,demo
ORD-100303,10.03.2025,Sale to individual,T-S-010,T-Shirt #10,2800.0,1,1,14.03.2025,Delivered to buyer,2025-03-13 09:55:00,Яндекс.Маркет (Софьино),Санкт-Петербург,2800.0,,2026-01-05T10:00:00+00:00,demo
ORD-100303,10.03.2025,Sale to individual,T-S-002,T-Shirt #2,2190.0,2,2,14.03.2025,Delivered to buyer,2025-03-14 09:55:00,Яндекс.Маркет (Софьино),Санкт-Петербург,3723.0,,2026-01-05T10:00:00+00:00,demo
ORD-100304,10.03.2025,Sale to individual,T-S-012,T-Shirt #12,2660.0,1,1,12.03.2025,Delivered to buyer,2025-03-11 13:55:00,Яндекс.Маркет (Софьино),Санкт-Петербург,2660.0,,2026-01-05T10:00:00+00:00,demo
ORD-100305,10.03.2025,Sale to individual,CAP-002,Cap #2,1800.0,1,1,12.03.2025,Delivered to buyer,2025-03-14 12:13:00,Яндекс.Маркет (Софьино),Москва,1530.0,,2026-01-05T10:00:00+00:00,demo
ORD-100305,10.03.2025,Sale to individual,T-S-012,T-Shirt #12,2660.0,2,2,12.03.2025,Delivered to buyer,2025-03-14 12:13:00,Яндекс.Маркет (Софьино),Москва,4788.0,,2026-01-05T10:00:00+00:00,demo
ORD-100306,10.03.2025,Sale to individual,T-S-008,T-Shirt #8,2110.0,1,1,11.03.2025,Delivered to buyer,2025-03-12 14:00:00,Яндекс.Маркет (Софьино),Москва,1793.5,,2026-01-05T10:00:00+00:00,demo
ORD-100306,10.03.2025,Sale to individual,T-S-010,T-Shirt #10,2800.0,1,1,11.03.2025,Delivered to buyer,2025-03-12 14:00:00,Яндекс.Маркет (Софьино),Москва,2800.0,,2026-01-05T10:00:00+00:00,demo
ORD-100307,10.03.2025,Sale to individual,T-S-006,T-Shirt #6,2570.0,1,1,13.03.2025,Delivered to buyer,2025-03-11 19:56:00,Яндекс.Маркет (Софьино),Новосибирск,2570.0,,2026-01-05T10:00:00+00:00,demo
ORD-100308,10.03.2025,Sale to individual,HOO-002,Hoodie #2,4910.0,1,1,14.03.2025,Delivered to buyer,2025-03-13 12:18:00,Яндекс.Маркет (Софьино),Санкт-Петербург,4419.0,,2026-01-05T10:00:00+00:00,demo
ORD-100308,10.03.2025,Sale to individual,HOO-002,Hoodie #2,4910.0,1,1,14.03.2025,Delivered to buyer,2025-03-14 12:18:00,Яндекс.Маркет (Софьино),Санкт-Петербург,4910.0,,2026-01-05T10:00:00+00:00,demo
ORD-100308,10.03.2025,Sale to individual,T-S-012,T-Shirt #12,2660.0,1,1,14.03.2025,Delivered to buyer,2025-03-12 12:18:00,Яндекс.Маркет (Софьино),Санкт-Петербург,2660.0,,2026-01-05T10:00:00+00:00,demo
ORD-100309,10.03.2025,Sale to individual,HOO-001,Hoodie #1,5990.0,2,2,11.03.2025,Return received in warehouse,2025-03-15 10:13:00,Яндекс.Маркет (Софьино),Москва,11381.0,11381.0,2026-01-05T10:00:00+00:00,demo
ORD-100309,10.03.2025,Sale to individual,T-S-006,T-Shirt #6,2570.0,1,1,11.03.2025,Return received in warehouse,2025-03-11 10:13:00,Яндекс.Маркет (Софьино),Москва,2184.5,2184.5,2026-01-05T10:00:00+00:00,demo
ORD-100310,10.03.2025,Sale to individual,CAP-001,Cap #1,1630.0,2,2,11.03.2025,Delivered to buyer,2025-03-11 09:41:00,Яндекс.Маркет (Софьино),Новосибирск,2934.0,,2026-01-05T10:00:00+00:00,demo
ORD-100311,11.03.2025,Sale to individual,CAP-001,Cap #1,1630.0,1,1,13.03.2025,Delivered to buyer,2025-03-12 12:30:00,Яндекс.Маркет (Софьино),Москва,1467.0,,2026-01-05T10:00:00+00:00,demo
ORD-100312,11.03.2025,Sale to individual,CAP-004,Cap #4,1680.0,1,1,13.03.2025,Delivered to buyer,2025-03-12 16:17:00,Яндекс.Маркет (Софьино),Екатеринбург,1596.0,,2026-01-05T10:00:00+00:00,demo
ORD-100312,11.03.2025,Sale to individual,T-S-004,T-Shirt #4,1960.0,1,1,13.03.2025,Delivered to buyer,2025-03-13 16:17:00,Яндекс.Маркет (Софьино),Екатеринбург,1764.0,,2026-01-05T10:00:00+00:00,demo
ORD-100313,11.03.2025,Sale to individual,ACC-004,Accessorie #4,1120.0,1,1,14.03.2025,Delivered to buyer,2025-03-12 11:49:00,Яндекс.Маркет (Софьино),Новосибирск,1120.0,,2026-01-05T10:00:00+00:00,demo
ORD-100313,11.03.2025,Sale to individual,T-S-010,T-Shirt #10,2800.0,2,2,14.03.2025,Delivered to buyer,2025-03-15 11:49:00,Яндекс.Маркет (Софьино),Новосибирск,5600.0,,2026-01-05T10:00:00+00:00,demo
ORD-100314,11.03.2025,Sale to individual,T-S-003,T-Shirt #3,2990.0,1,1,12.03.2025,Delivered to buyer,2025-03-16 11:00:00,Яндекс.Маркет (Софьино),Новосибирск,2990.0,,2026-01-05T10:00:00+00:00,demo
ORD-100314,11.03.2025,Sale to individual,T-S-005,T-Shirt #5,1950.0,1,1,12.03.2025,Delivered to buyer,2025-03-14 11:00:00,Яндекс.Маркет (Софьино),Новосибирск,1950.0,,2026-01-05T10:00:00+00:00,demo
ORD-100314,11.03.2025,Sale to individual,HOO-005,Hoodie #5,4850.0,1,1,12.03.2025,Delivered to buyer,2025-03-14 11:00:00,Яндекс.Маркет (Софьино),Новосибирск,4365.0,,2026-01-05T10:00:00+00:00,demo
ORD-100315,12.03.2025,Sale to individual,CAP-004,Cap #4,1680.0,2,2,15.03.2025,Delivered to buyer,2025-03-13 21:02:00,Яндекс.Маркет (Софьино),Казань,3360.0,,2026-01-05T10:00:00+00:00,demo
ORD-100316,12.03.2025,Sale to individual,HOO-008,Hoodie #8,5940.0,1,1,13.03.2025,Return received in warehouse,2025-03-16 22:02:00,Яндекс.Маркет (Софьино),Санкт-Петербург,5643.0,5643.0,2026-01-05T10:00:00+00:00,demo
ORD-100317,12.03.2025,Sale to individual,CAP-004,Cap #4,1680.0,1,1,13.03.2025,Delivered to buyer,2025-03-16 12:56:00,Яндекс.Маркет (Софьино),Санкт-Петербург,1512.0,,2026-01-05T10:00:00+00:00,demo
ORD-100318,12.03.2025,Sale to individual,CAP-005,Cap #5,1800.0,1,1,16.03.2025,Delivered to buyer,2025-03-13 12:53:00,Яндекс.Маркет (Софьино),Санкт-Петербург,1800.0,,2026-01-05T10:00:00+00:00,demo
ORD-100318,12.03.2025,Sale to individual,CAP-004,Cap #4,1680.0,1,1,16.03.2025,Delivered to buyer,2025-03-16 12:53:00,Яндекс.Маркет (Софьино),Санкт-Петербург,1680.0,,2026-01-05T10:00:00+00:00,demo
ORD-100318,12.03.2025,Sale to individual,HOO-007,Hoodie #7,6730.0,2,2,16.03.2025,Delivered to buyer,2025-03-16 12:53:00,Яндекс.Маркет (Софьино),Санкт-Петербург,11441.0,,2026-01-05T10:00:00+00:00,demo
ORD-100319,12.03.2025,Sale to individual,T-S-002,T-Shirt #2,2190.0,2,2,15.03.2025,Delivered to buyer,2025-03-13 17:24:00,Яндекс.Маркет (Софьино),Санкт-Петербург,3942.0,,2026-01-05T10:00:00+00:00,demo
ORD-100319,12.03.2025,Sale to individual,HOO-008,Hoodie #8,5940.0,2,2,15.03.2025,Delivered to buyer,2025-03-13 17:24:00,Яндекс.Маркет (Софьино),Санкт-Петербург,10692.0,,2026-01-05T10:00:00+00:00,demo
ORD-100320,12.03.2025,Sale to individual,CAP-002,Cap #2,1800.0,1,1,15.03.2025,Delivered to buyer,2025-03-17 12:41:00,Яндекс.Маркет (Софьино),Екатеринбург,1710.0,,2026-01-05T10:00:00+00:00,demo
ORD-100321,13.03.2025,Sale to individual,HOO-007,Hoodie #7,6730.0,2,2,14.03.2025,Delivered to buyer,2025-03-18 19:44:00,Яндекс.Маркет (Софьино),Казань,13460.0,,2026-01-05T10:00:00+00:00,demo
ORD-100321,13.03.2025,Sale to individual,T-S-009,T-Shirt #9,2030.0,1,1,14.03.2025,Delivered to buyer,2025-03-15 19:44:00,Яндекс.Маркет (Софьино),Казань,2030.0,,2026-01-05T10:00:00+00:00,demo
ORD-100322,13.03.2025,Sale to individual,T-S-002,T-Shirt #2,2190.0,1,1,17.03.2025,Delivered to buyer,2025-03-16 21:30:00,Яндекс.Маркет (Софьино),Новосибирск,2190.0,,2026-01-05T10:00:00+00:00,demo
ORD-100323,13.03.2025,Sale to individual,HOO-007,Hoodie #7,6730.0,1,1,15.03.2025,Delivered to buyer,2025-03-17 08:32:00,Яндекс.Маркет (Софьино),Санкт-Петербург,6057.0,,2026-01-05T10:00:00+00:00,demo
ORD-100323,13.03.2025,Sale to individual,T-S-011,T-Shirt #11,2370.0,2,2,15.03.2025,Delivered to buyer,2025-03-17 08:32:00,Яндекс.Маркет (Софьино),Санкт-Петербург,4740.0,,2026-01-05T10:00:00+00:00,demo
ORD-100324,13.03.2025,Sale to individual,HOO-007,Hoodie #7,6730.0,1,1,17.03.2025,Delivered to buyer,2025-03-18 13:07:00,Яндекс.Маркет (Софьино),Екатеринбург,6730.0,,2026-01-05T10:00:00+00:00,demo
ORD-100324,13.03.2025,Sale to individual,T-S-004,T-Shirt #4,1960.0,1,1,17.03.2025,Delivered to buyer,2025-03-18 13:07:00,Яндекс.Маркет (Софьино),Екатеринбург,1666.0,,2026-01-05T10:00:00+00:00,demo
ORD-100324,13.03.2025,Sale to individual,T-S-011,T-Shirt #11,2370.0,1,1,17.03.2025,Delivered to buyer,2025-03-16 13:07:00,Яндекс.Маркет (Софьино),Екатеринбург,2133.0,,2026-01-05T10:00:00+00:00,demo
ORD-100325,13.03.2025,Sale to individual,T-S-010,T-Shirt #10,2800.0,2,2,15.03.2025,Delivered to buyer,2025-03-17 21:03:00,Яндекс.Маркет (Софьино),Екатеринбург,5320.0,,2026-01-05T10:00:00+00:00,demo
ORD-100325,13.03.2025,Sale to individual,CAP-003,Cap #3,1680.0,1,1,15.03.2025,Delivered to buyer,2025-03-15 21:03:00,Яндекс.Маркет (Софьино),Екатеринбург,1680.0,,2026-01-05T10:00:00+00:00,demo
ORD-100326,13.03.2025,Sale to individual,HOO-002,Hoodie #2,4910.0,1,1,16.03.2025,Delivered to buyer,2025-03-15 13:22:00,Яндекс.Маркет (Софьино),Москва,4419.0,,2026-01-05T10:00:00+00:00,demo
ORD-100326,13.03.2025,Sale to individual,CAP-002,Cap #2,1800.0,2,2,16.03.2025,Delivered to buyer,2025-03-16 13:22:00,Яндекс.Маркет (Софьино),Москва,3600.0,,2026-01-05T10:00:00+00:00,demo
ORD-100327,13.03.2025,Sale to individual,T-S-008,T-Shirt #8,2110.0,1,1,14.03.2025,Delivered to buyer,2025-03-17 11:12:00,Яндекс.Маркет (Софьино),Санкт-Петербург,2110.0,,2026-01-05T10:00:00+00:00,demo
ORD-100327,13.03.2025,Sale to individual,CAP-004,Cap #4,1680.0,1,1,14.03.2025,Delivered to buyer,2025-03-14 11:12:00,Яндекс.Маркет (Софьино),Санкт-Петербург,1428.0,,2026-01-05T10:00:00+00:00,demo
ORD-100328,14.03.2025,Sale to individual,T-S-001,T-Shirt #1,2690.0,2,2,16.03.2025,Delivered to buyer,2025-03-18 17:32:00,Яндекс.Маркет (Софьино),Екатеринбург,4573.0,,2026-01-05T10:00:00+00:00,demo
ORD-100328,14.03.2025,Sale to individual,CAP-002,Cap #2,1800.0,1,1,16.03.2025,Delivered to buyer,2025-03-16 17:32:00,Яндекс.Маркет (Софьино),Екатеринбург,1530.0,,2026-01-05T10:00:00+00:00,demo
ORD-100329,14.03.2025,Sale to individual,HOO-007,Hoodie #7,6730.0,2,2,15.03.2025,Return received in warehouse,2025-03-19 21:08:00,Яндекс.Маркет (Софьино),Казань,12114.0,12114.0,2026-01-05T10:00:00+00:00,demo
ORD-100329,14.03.2025,Sale to individual,HOO-005,Hoodie #5,4850.0,1,1,15.03.2025,Return received in warehouse,2025-03-18 21:08:00,Яндекс.Маркет (Софьино),Казань,4607.5,4607.5,2026-01-05T10:00:00+00:00,demo
ORD-100330,14.03.2025,Sale to individual,T-S-011,T-Shirt #11,2370.0,1,1,16.03.2025,Delivered to buyer,2025-03-17 12:28:00,Яндекс.Маркет (Софьино),Екатеринбург,2014.5,,2026-01-05T10:00:00+00:00,demo
ORD-100331,14.03.2025,Sale to individual,T-S-008,T-Shirt #8,2110.0,1,0,,Cancelled,2025-03-16 19:59:00,Яндекс.Маркет (Софьино),Казань,,,2026-01-05T10:00:00+00:00,demo
ORD-100332,14.03.2025,Sale to individual,T-S-005,T-Shirt #5,1950.0,2,2,17.03.2025,Delivered to buyer,2025-03-17 16:44:00,Яндекс.Маркет (Софьино),Екатеринбург,3315.0,,2026-01-05T10:00:00+00:00,demo
ORD-100332,14.03.2025,Sale to individual,T-S-010,T-Shirt #10,2800.0,2,2,17.03.2025,Delivered to buyer,2025-03-19 16:44:00,Яндекс.Маркет (Софьино),Екатеринбург,5600.0,,2026-01-05T10:00:00+00:00,demo
ORD-100332,14.03.2025,Sale to individual,T-S-012,T-Shirt #12,2660.0,1,1,17.03.2025,Delivered to buyer,2025-03-18 16:44:00,Яндекс.Маркет (Софьино),Екатеринбург,2660.0,,2026-01-05T10:00:00+00:00,demo
ORD-100333,14.03.2025,Sale to individual,T-S-009,T-Shirt #9,2030.0,1,1,15.03.2025,Delivered to buyer,2025-03-16 08:42:00,Яндекс.Маркет (Софьино),Санкт-Петербург,1928.5,,2026-01-05T10:00:00+00:00,demo
ORD-100334,15.03.2025,Sale to individual,CAP-002,Cap #2,1800.0,1,1,18.03.2025,Delivered to buyer,2025-03-16 19:50:00,Яндекс.Маркет (Софьино),Москва,1620.0,,2026-01-05T10:00:00+00:00,demo
ORD-100335,15.03.2025,Sale to individual,HOO-007,Hoodie #7,6730.0,1,1,17.03.2025,Delivered to buyer,2025-03-19 21:43:00,Яндекс.Маркет (Софьино),Казань,6057.0,,2026-01-05T10:00:00+00:00,demo
ORD-100335,15.03.2025,Sale to individual,T-S-010,T-Shirt #10,2800.0,2,2,17.03.2025,Delivered to buyer,2025-03-20 21:43:00,Яндекс.Маркет (Софьино),Казань,5320.0,,2026-01-05T10:00:00+00:00,demo
ORD-100335,15.03.2025,Sale to individual,HOO-001,Hoodie #1,5990.0,1,1,17.03.2025,Delivered to buyer,2025-03-18 21:43:00,Яндекс.Маркет (Софьино),Казань,5990.0,,2026-01-05T10:00:00+00:00,demo
ORD-100336,15.03.2025,Sale to individual,ACC-002,Accessorie #2,1440.0,1,1,19.03.2025,Delivered to buyer,2025-03-18 17:55:00,Яндекс.Маркет (Софьино),Казань,1440.0,,2026-01-05T10:00:00+00:00,demo
ORD-100337,15.03.2025,Sale to individual,ACC-004,Accessorie #4,1120.0,1,1,16.03.2025,Delivered to buyer,2025-03-16 10:43:00,Яндекс.Маркет (Софьино),Екатеринбург,1008.0,,2026-01-05T10:00:00+00:00,demo
ORD-100338,16.03.2025,Sale to individual,T-S-010,T-Shirt #10,2800.0,1,1,19.03.2025,Delivered to buyer,2025-03-19 10:37:00,Яндекс.Маркет (Софьино),Санкт-Петербург,2800.0,,2026-01-05T10:00:00+00:00,demo
ORD-100339,16.03.2025,Sale to individual,CAP-004,Cap #4,1680.0,1,1,19.03.2025,Delivered to buyer,2025-03-18 08:49:00,Яндекс.Маркет (Софьино),Москва,1428.0,,2026-01-05T10:00:00+00:00,demo
ORD-100339,16.03.2025,Sale to individual,HOO-004,Hoodie #4,5110.0,1,1,19.03.2025,Delivered to buyer,2025-03-17 08:49:00,Яндекс.Маркет (Софьино),Москва,4343.5,,2026-01-05T10:00:00+00:00,demo
ORD-100340,16.03.2025,Sale to individual,T-S-010,T-Shirt #10,2800.0,1,1,20.03.2025,Delivered to buyer,2025-03-19 10:26:00,Яндекс.Маркет (Софьино),Санкт-Петербург,2660.0,,2026-01-05T10:00:00+00:00,demo
ORD-100341,16.03.2025,Sale to individual,CAP-004,Cap #4,1680.0,1,1,20.03.2025,Delivered to buyer,2025-03-20 11:48:00,Яндекс.Маркет (Софьино),Москва,1596.0,,2026-01-05T10:00:00+00:00,demo
ORD-100341,16.03.2025,Sale to individual,ACC-004,Accessorie #4,1120.0,1,1,20.03.2025,Delivered to buyer,2025-03-21 11:48:00,Яндекс.Маркет (Софьино),Москва,952.0,,2026-01-05T10:00:00+00:00,demo
ORD-100342,17.03.2025,Sale to individual,ACC-003,Accessorie #3,1190.0,1,1,20.03.2025,Delivered to buyer,2025-03-20 08:43:00,Яндекс.Маркет (Софьино),Новосибирск,1011.5,,2026-01-05T10:00:00+00:00,demo
ORD-100342,17.03.2025,Sale to individual,ACC-003,Accessorie #3,1190.0,1,1,20.03.2025,Delivered to buyer,2025-03-20 08:43:00,Яндекс.Маркет (Софьино),Новосибирск,1011.5,,2026-01-05T10:00:00+00:00,demo
ORD-100343,17.03.2025,Sale to individual,T-S-002,T-Shirt #2,2190.0,1,1,21.03.2025,Delivered to buyer,2025-03-18 20:32:00,Яндекс.Маркет (Софьино),Санкт-Петербург,1861.5,,2026-01-05T10:00:00+00:00,demo
ORD-100343,17.03.2025,Sale to individual,ACC-002,Accessorie #2,1440.0,1,1,21.03.2025,Delivered to buyer,2025-03-22 20:32:00,Яндекс.Маркет (Софьино),Санкт-Петербург,1440.0,,2026-01-05T10:00:00+00:00,demo
ORD-100344,17.03.2025,Sale to individual,HOO-008,Hoodie #8,5940.0,2,2,18.03.2025,Delivered to buyer,2025-03-19 08:40:00,Яндекс.Маркет (Софьино),Санкт-Петербург,11880.0,,2026-01-05T10:00:00+00:00,demo
ORD-100345,17.03.2025,Sale to individual,CAP-004,Cap #4,1680.0,2,2,21.03.2025,Delivered to buyer,2025-03-18 21:44:00,Яндекс.Маркет (Софьино),Москва,3192.0,,2026-01-05T10:00:00+00:00,demo
ORD-100345,17.03.2025,Sale to individual,T-S-002,T-Shirt #2,2190.0,1,1,21.03.2025,Delivered to buyer,2025-03-18 21:44:00,Яндекс.Маркет (Софьино),Москва,2190.0,,2026-01-05T10:00:00+00:00,demo
ORD-100345,17.03.2025,Sale to individual,CAP-001,Cap #1,1630.0,1,1,21.03.2025,Delivered to buyer,2025-03-22 21:44:00,Яндекс.Маркет (Софьино),Москва,1548.5,,2026-01-05T10:00:00+00:00,demo
ORD-100346,17.03.2025,Sale to individual,T-S-011,T-Shirt #11,2370.0,2,2,19.03.2025,Delivered to buyer,2025-03-20 17:52:00,Яндекс.Маркет (Софьино),Новосибирск,4266.0,,2026-01-05T10:00:00+00:00,demo
ORD-100347,17.03.2025,Sale to individual,T-S-001,T-Shirt #1,2690.0,1,1,18.03.2025,Delivered to buyer,2025-03-20 14:43:00,Яндекс.Маркет (Софьино),Москва,2690.0,,2026-01-05T10:00:00+00:00,demo
ORD-100347,17.03.2025,Sale to individual,CAP-002,Cap #2,1800.0,1,1,18.03.2025,Delivered to buyer,2025-03-20 14:43:00,Яндекс.Маркет (Софьино),Москва,1710.0,,2026-01-05T10:00:00+00:00,demo
ORD-100348,17.03.2025,Sale to individual,T-S-011,T-Shirt #11,2370.0,1,1,21.03.2025,Delivered to buyer,2025-03-19 09:18:00,Яндекс.Маркет (Софьино),Новосибирск,2014.5,,2026-01-05T10:00:00+00:00,demo
ORD-100348,17.03.2025,Sale to individual,HOO-007,Hoodie #7,6730.0,1,1,21.03.2025,Delivered to buyer,2025-03-22 09:18:00,Яндекс.Маркет (Софьино),Новосибирск,6057.0,,2026-01-05T10:00:00+00:00,demo
ORD-100349,18.03.2025,Sale to individual,HOO-004,Hoodie #4,5110.0,1,1,21.03.2025,Delivered to buyer,2025-03-19 18:56:00,Яндекс.Маркет (Софьино),Екатеринбург,5110.0,,2026-01-05T10:00:00+00:00,demo
ORD-100350,18.03.2025,Sale to individual,HOO-003,Hoodie #3,4420.0,1,1,22.03.2025,Delivered to buyer,2025-03-22 17:38:00,Яндекс.Маркет (Софьино),Санкт-Петербург,4420.0,,2026-01-05T10:00:00+00:00,demo
ORD-100350,18.03.2025,Sale to individual,T-S-003,T-Shirt #3,2990.0,1,1,22.03.2025,Delivered to buyer,2025-03-20 17:38:00,Яндекс.Маркет (Софьино),Санкт-Петербург,2990.0,,2026-01-05T10:00:00+00:00,demo
ORD-100351,18.03.2025,Sale to individual,T-S-005,T-Shirt #5,1950.0,1,1,21.03.2025,Delivered to buyer,2025-03-22 17:53:00,Яндекс.Маркет (Софьино),Екатеринбург,1657.5,,2026-01-05T10:00:00+00:00,demo
ORD-100352,18.03.2025,Sale to individual,T-S-002,T-Shirt #2,2190.0,1,1,21.03.2025,Delivered to buyer,2025-03-20 16:04:00,Яндекс.Маркет (Софьино),Новосибирск,2080.5,,2026-01-05T10:00:00+00:00,demo
ORD-100352,18.03.2025,Sale to individual,T-S-004,T-Shirt #4,1960.0,1,1,21.03.2025,Delivered to buyer,2025-03-21 16:04:00,Яндекс.Маркет (Софьино),Новосибирск,1960.0,,2026-01-05T10:00:00+00:00,demo
ORD-100352,18.03.2025,Sale to individual,CAP-002,Cap #2,1800.0,1,1,21.03.2025,Delivered to buyer,2025-03-21 16:04:00,Яндекс.Маркет (Софьино),Новосибирск,1800.0,,2026-01-05T10:00:00+00:00,demo
ORD-100353,18.03.2025,Sale to individual,HOO-005,Hoodie #5,4850.0,2,2,21.03.2025,Delivered to buyer,2025-03-19 15:21:00,Яндекс.Маркет (Софьино),Казань,9700.0,,2026-01-05T10:00:00+00:00,demo
ORD-100353,18.03.2025,Sale to individual,HOO-004,Hoodie #4,5110.0,1,1,21.03.2025,Delivered to buyer,2025-03-20 15:21:00,Яндекс.Маркет (Софьино),Казань,5110.0,,2026-01-05T10:00:00+00:00,demo
ORD-100353,18.03.2025,Sale to individual,T-S-010,T-Shirt #10,2800.0,2,2,21.03.2025,Delivered to buyer,2025-03-21 15:21:00,Яндекс.Маркет (Софьино),Казань,5320.0,,2026-01-05T10:00:00+00:00,demo
ORD-100354,19.03.2025,Sale to individual,T-S-012,T-Shirt #12,2660.0,2,2,22.03.2025,Delivered to buyer,2025-03-20 18:46:00,Яндекс.Маркет (Софьино),Казань,4522.0,,2026-01-05T10:00:00+00:00,demo
ORD-100354,19.03.2025,Sale to individual,T-S-010,T-Shirt #10,2800.0,1,1,22.03.2025,Delivered to buyer,2025-03-20 18:46:00,Яндекс.Маркет (Софьино),Казань,2380.0,,2026-01-05T10:00:00+00:00,demo
ORD-100355,19.03.2025,Sale to individual,T-S-008,T-Shirt #8,2110.0,1,1,21.03.2025,Delivered to buyer,2025-03-24 21:52:00,Яндекс.Маркет (Софьино),Москва,2110.0,,2026-01-05T10:00:00+00:00,demo
ORD-100355,19.03.2025,Sale to individual,CAP-002,Cap #2,1800.0,1,1,21.03.2025,Delivered to buyer,2025-03-24 21:52:00,Яндекс.Маркет (Софьино),Москва,1530.0,,2026-01-05T10:00:00+00:00,demo
ORD-100356,19.03.2025,Sale to individual,HOO-004,Hoodie #4,5110.0,2,2,21.03.2025,Delivered to buyer,2025-03-22 20:37:00,Яндекс.Маркет (Софьино),Екатеринбург,10220.0,,2026-01-05T10:00:00+00:00,demo
ORD-100357,19.03.2025,Sale to individual,T-S-012,T-Shirt #12,2660.0,1,1,22.03.2025,Delivered to buyer,2025-03-22 11:57:00,Яндекс.Маркет (Софьино),Екатеринбург,2394.0,,2026-01-05T10:00:00+00:00,demo
ORD-100358,19.03.2025,Sale to individual,HOO-008,Hoodie #8,5940.0,2,2,21.03.2025,Delivered to buyer,2025-03-21 08:42:00,Яндекс.Маркет (Софьино),Санкт-Петербург,11880.0,,2026-01-05T10:00:00+00:00,demo
ORD-100358,19.03.2025,Sale to individual,CAP-002,Cap #2,1800.0,1,1,21.03.2025,Delivered to buyer,2025-03-22 08:42:00,Яндекс.Маркет (Софьино),Санкт-Петербург,1620.0,,2026-01-05T10:00:00+00:00,demo
ORD-100359,19.03.2025,Sale to individual,T-S-002,T-Shirt #2,2190.0,1,1,23.03.2025,Delivered to buyer,2025-03-21 11:48:00,Яндекс.Маркет (Софьино),Казань,2190.0,,2026-01-05T10:00:00+00:00,demo
ORD-100360,19.03.2025,Sale to individual,T-S-012,T-Shirt #12,2660.0,1,1,22.03.2025,Delivered to buyer,2025-03-20 22:50:00,Яндекс.Маркет (Софьино),Москва,2527.0,,2026-01-05T10:00:00+00:00,demo
ORD-100360,19.03.2025,Sale to individual,T-S-012,T-Shirt #12,2660.0,1,1,22.03.2025,Delivered to buyer,2025-03-24 22:50:00,Яндекс.Маркет (Софьино),Москва,2527.0,,2026-01-05T10:00:00+00:00,demo
ORD-100361,19.03.2025,Sale to individual,T-S-010,T-Shirt #10,2800.0,1,1,23.03.2025,Delivered to buyer,2025-03-21 17:11:00,Яндекс.Маркет (Софьино),Москва,2520.0,,2026-01-05T10:00:00+00:00,demo
ORD-100361,19.03.2025,Sale to individual,HOO-005,Hoodie #5,4850.0,2,2,23.03.2025,Delivered to buyer,2025-03-22 17:11:00,Яндекс.Маркет (Софьино),Москва,9215.0,,2026-01-05T10:00:00+00:00,demo
ORD-100361,19.03.2025,Sale to individual,ACC-002,Accessorie #2,1440.0,2,2,23.03.2025,Delivered to buyer,2025-03-24 17:11:00,Яндекс.Маркет (Софьино),Москва,2592.0,,2026-01-05T10:00:00+00:00,demo
ORD-100362,19.03.2025,Sale to individual,T-S-007,T-Shirt #7,2890.0,1,1,21.03.2025,Delivered to buyer,2025-03-21 16:56:00,Яндекс.Маркет (Софьино),Казань,2890.0,,2026-01-05T10:00:00+00:00,demo
ORD-100362,19.03.2025,Sale to individual,T-S-003,T-Shirt #3,2990.0,1,1,21.03.2025,Delivered to buyer,2025-03-24 16:56:00,Яндекс.Маркет (Софьино),Казань,2840.5,,2026-01-05T10:00:00+00:00,demo
ORD-100363,20.03.2025,Sale to individual,T-S-005,T-Shirt #5,1950.0,1,1,23.03.2025,Delivered to buyer,2025-03-21 14:51:00,Яндекс.Маркет (Софьино),Екатеринбург,1755.0,,2026-01-05T10:00:00+00:00,demo
ORD-100363,20.03.2025,Sale to individual,HOO-008,Hoodie #8,5940.0,1,1,23.03.2025,Delivered to buyer,2025-03-22 14:51:00,Яндекс.Маркет (Софьино),Екатеринбург,5940.0,,2026-01-05T10:00:00+00:00,demo
ORD-100363,20.03.2025,Sale to individual,T-S-012,T-Shirt #12,2660.0,1,1,23.03.2025,Delivered to buyer,2025-03-25 14:51:00,Яндекс.Маркет (Софьино),Екатеринбург,2660.0,,2026-01-05T10:00:00+00:00,demo
ORD-100364,20.03.2025,Sale to individual,T-S-007,T-Shirt #7,2890.0,2,2,22.03.2025,Delivered to buyer,2025-03-25 22:36:00,Яндекс.Маркет (Софьино),Санкт-Петербург,4913.0,,2026-01-05T10:00:00+00:00,demo
ORD-100365,20.03.2025,Sale to individual,T-S-008,T-Shirt #8,2110.0,2,2,23.03.2025,Delivered to buyer,2025-03-22 08:56:00,Яндекс.Маркет (Софьино),Екатеринбург,3798.0,,2026-01-05T10:00:00+00:00,demo
ORD-100366,20.03.2025,Sale to individual,CAP-004,Cap #4,1680.0,1,1,22.03.2025,Delivered to buyer,2025-03-23 21:26:00,Яндекс.Маркет (Софьино),Екатеринбург,1680.0,,2026-01-05T10:00:00+00:00,demo
ORD-100366,20.03.2025,Sale to individual,T-S-008,T-Shirt #8,2110.0,2,2,22.03.2025,Delivered to buyer,2025-03-25 21:26:00,Яндекс.Маркет (Софьино),Екатеринбург,3587.0,,2026-01-05T10:00:00+00:00,demo
ORD-100367,20.03.2025,Sale to individual,T-S-005,T-Shirt #5,1950.0,2,2,24.03.2025,Delivered to buyer,2025-03-25 11:24:00,Яндекс.Маркет (Софьино),Санкт-Петербург,3900.0,,2026-01-05T10:00:00+00:00,demo
ORD-100368,20.03.2025,Sale to individual,HOO-001,Hoodie #1,5990.0,1,1,21.03.2025,Delivered to buyer,2025-03-25 10:30:00,Яндекс.Маркет (Софьино),Новосибирск,5091.5,,2026-01-05T10:00:00+00:00,demo
ORD-100368,20.03.2025,Sale to individual,T-S-006,T-Shirt #6,2570.0,1,1,21.03.2025,Delivered to buyer,2025-03-25 10:30:00,Яндекс.Маркет (Софьино),Новосибирск,2313.0,,2026-01-05T10:00:00+00:00,demo
ORD-100369,21.03.2025,Sale to individual,HOO-002,Hoodie #2,4910.0,1,1,22.03.2025,Delivered to buyer,2025-03-26 13:55:00,Яндекс.Маркет (Софьино),Новосибирск,4173.5,,2026-01-05T10:00:00+00:00,demo
ORD-100369,21.03.2025,Sale to individual,T-S-009,T-Shirt #9,2030.0,1,1,22.03.2025,Delivered to buyer,2025-03-23 13:55:00,Яндекс.Маркет (Софьино),Новосибирск,1827.0,,2026-01-05T10:00:00+00:00,demo
ORD-100369,21.03.2025,Sale to individual,CAP-004,Cap #4,1680.0,1,1,22.03.2025,Delivered to buyer,2025-03-23 13:55:00,Яндекс.Маркет (Софьино),Новосибирск,1512.0,,2026-01-05T10:00:00+00:00,demo
ORD-100370,21.03.2025,Sale to individual,T-S-008,T-Shirt #8,2110.0,1,1,25.03.2025,Delivered to buyer,2025-03-22 12:38:00,Яндекс.Маркет (Софьино),Москва,1793.5,,2026-01-05T10:00:00+00:00,demo
ORD-100371,21.03.2025,Sale to individual,T-S-010,T-Shirt #10,2800.0,1,1,24.03.2025,Delivered to buyer,2025-03-26 18:13:00,Яндекс.Маркет (Софьино),Екатеринбург,2660.0,,2026-01-05T10:00:00+00:00,demo
ORD-100371,21.03.2025,Sale to individual,T-S-007,T-Shirt #7,2890.0,2,2,24.03.2025,Delivered to buyer,2025-03-24 18:13:00,Яндекс.Маркет (Софьино),Екатеринбург,4913.0,,2026-01-05T10:00:00+00:00,demo
ORD-100372,21.03.2025,Sale to individual,T-S-011,T-Shirt #11,2370.0,2,2,25.03.2025,Delivered to buyer,2025-03-24 12:43:00,Яндекс.Маркет (Софьино),Екатеринбург,4740.0,,2026-01-05T10:00:00+00:00,demo
ORD-100373,21.03.2025,Sale to individual,HOO-005,Hoodie #5,4850.0,1,1,24.03.2025,Delivered to buyer,2025-03-23 16:30:00,Яндекс.Маркет (Софьино),Новосибирск,4850.0,,2026-01-05T10:00:00+00:00,demo
ORD-100374,22.03.2025,Sale to individual,CAP-004,Cap #4,1680.0,1,1,26.03.2025,Delivered to buyer,2025-03-26 09:13:00,Яндекс.Маркет (Софьино),Екатеринбург,1680.0,,2026-01-05T10:00:00+00:00,demo
ORD-100375,22.03.2025,Sale to individual,T-S-012,T-Shirt #12,2660.0,2,2,23.03.2025,Delivered to buyer,2025-03-23 08:51:00,Яндекс.Маркет (Софьино),Екатеринбург,5320.0,,2026-01-05T10:00:00+00:00,demo
ORD-100376,22.03.2025,Sale to individual,T-S-002,T-Shirt #2,2190.0,1,1,23.03.2025,Delivered to buyer,2025-03-23 11:23:00,Яндекс.Маркет (Софьино),Новосибирск,1861.5,,2026-01-05T10:00:00+00:00,demo
ORD-100376,22.03.2025,Sale to individual,T-S-010,T-Shirt #10,2800.0,1,1,23.03.2025,Delivered to buyer,2025-03-26 11:23:00,Яндекс.Маркет (Софьино),Новосибирск,2520.0,,2026-01-05T10:00:00+00:00,demo
ORD-100377,23.03.2025,Sale to individual,T-S-002,T-Shirt #2,2190.0,1,1,26.03.2025,Delivered to buyer,2025-03-25 11:54:00,Яндекс.Маркет (Софьино),Екатеринбург,1861.5,,2026-01-05T10:00:00+00:00,demo
ORD-100378,23.03.2025,Sale to individual,T-S-001,T-Shirt #1,2690.0,1,0,,Cancelled,2025-03-27 08:23:00,Яндекс.Маркет (Софьино),Новосибирск,,,2026-01-05T10:00:00+00:00,demo
ORD-100378,23.03.2025,Sale to individual,T-S-007,T-Shirt #7,2890.0,1,0,,Cancelled,2025-03-24 08:23:00,Яндекс.Маркет (Софьино),Новосибирск,,,2026-01-05T10:00:00+00:00,demo
ORD-100378,23.03.2025,Sale to individual,ACC-005,Accessorie #5,1220.0,1,0,,Cancelled,2025-03-28 08:23:00,Яндекс.Маркет (Софьино),Новосибирск,,,2026-01-05T10:00:00+00:00,demo
ORD-100379,23.03.2025,Sale to individual,ACC-004,Accessorie #4,1120.0,1,1,26.03.2025,Delivered to buyer,2025-03-25 19:53:00,Яндекс.Маркет (Софьино),Казань,952.0,,2026-01-05T10:00:00+00:00,demo
ORD-100380,23.03.2025,Sale to individual,T-S-008,T-Shirt #8,2110.0,1,1,24.03.2025,Delivered to buyer,2025-03-24 22:25:00,Яндекс.Маркет (Софьино),Екатеринбург,1793.5,,2026-01-05T10:00:00+00:00,demo
ORD-100381,23.03.2025,Sale to individual,ACC-004,Accessorie #4,1120.0,1,1,24.03.2025,Delivered to buyer,2025-03-27 12:21:00,Яндекс.Маркет (Софьино),Екатеринбург,1008.0,,2026-01-05T10:00:00+00:00,demo
ORD-100381,23.03.2025,Sale to individual,CAP-005,Cap #5,1800.0,2,2,24.03.2025,Delivered to buyer,2025-03-26 12:21:00,Яндекс.Маркет (Софьино),Екатеринбург,3600.0,,2026-01-05T10:00:00+00:00,demo
ORD-100382,23.03.2025,Sale to individual,CAP-005,Cap #5,1800.0,1,1,27.03.2025,Return received in warehouse,2025-03-25 15:43:00,Яндекс.Маркет (Софьино),Казань,1620.0,1620.0,2026-01-05T10:00:00+00:00,demo
ORD-100382,23.03.2025,Sale to individual,T-S-012,T-Shirt #12,2660.0,1,1,27.03.2025,Return received in warehouse,2025-03-27 15:43:00,Яндекс.Маркет (Софьино),Казань,2527.0,2527.0,2026-01-05T10:00:00+00:00,demo
ORD-100383,23.03.2025,Sale to individual,CAP-004,Cap #4,1680.0,1,1,24.03.2025,Delivered to buyer,2025-03-25 16:34:00,Яндекс.Маркет (Софьино),Казань,1428.0,,2026-01-05T10:00:00+00:00,demo
ORD-100383,23.03.2025,Sale to individual,T-S-009,T-Shirt #9,2030.0,2,2,24.03.2025,Delivered to buyer,2025-03-26 16:34:00,Яндекс.Маркет (Софьино),Казань,3857.0,,2026-01-05T10:00:00+00:00,demo
ORD-100383,23.03.2025,Sale to individual,T-S-004,T-Shirt #4,1960.0,1,1,24.03.2025,Delivered to buyer,2025-03-26 16:34:00,Яндекс.Маркет (Софьино),Казань,1666.0,,2026-01-05T10:00:00+00:00,demo
ORD-100384,24.03.2025,Sale to individual,CAP-002,Cap #2,1800.0,1,1,26.03.2025,Delivered to buyer,2025-03-26 15:47:00,Яндекс.Маркет (Софьино),Казань,1800.0,,2026-01-05T10:00:00+00:00,demo
ORD-100385,24.03.2025,Sale to individual,CAP-003,Cap #3,1680.0,1,1,27.03.2025,Delivered to buyer,2025-03-29 21:39:00,Яндекс.Маркет (Софьино),Москва,1512.0,,2026-01-05T10:00:00+00:00,demo
ORD-100386,24.03.2025,Sale to individual,T-S-010,T-Shirt #10,2800.0,1,1,25.03.2025,Delivered to buyer,2025-03-26 20:54:00,Яндекс.Маркет (Софьино),Екатеринбург,2520.0,,2026-01-05T10:00:00+00:00,demo
ORD-100386,24.03.2025,Sale to individual,T-S-010,T-Shirt #10,2800.0,1,1,25.03.2025,Delivered to buyer,2025-03-26 20:54:00,Яндекс.Маркет (Софьино),Екатеринбург,2520.0,,2026-01-05T10:00:00+00:00,demo
ORD-100387,24.03.2025,Sale to individual,CAP-004,Cap #4,1680.0,1,1,25.03.2025,Return received in warehouse,2025-03-27 17:08:00,Яндекс.Маркет (Софьино),Екатеринбург,1428.0,1428.0,2026-01-05T10:00:00+00:00,demo
ORD-100387,24.03.2025,Sale to individual,T-S-012,T-Shirt #12,2660.0,2,2,25.03.2025,Return received in warehouse,2025-03-28 17:08:00,Яндекс.Маркет (Софьино),Екатеринбург,5320.0,5320.0,2026-01-05T10:00:00+00:00,demo
ORD-100388,24.03.2025,Sale to individual,CAP-001,Cap #1,1630.0,1,1,28.03.2025,Delivered to buyer,2025-03-29 19:33:00,Яндекс.Маркет (Софьино),Москва,1467.0,,2026-01-05T10:00:00+00:00,demo
ORD-100389,24.03.2025,Sale to individual,HOO-003,Hoodie #3,4420.0,1,1,27.03.2025,Delivered to buyer,2025-03-29 13:23:00,Яндекс.Маркет (Софьино),Санкт-Петербург,3978.0,,2026-01-05T10:00:00+00:00,demo
ORD-100390,24.03.2025,Sale to individual,T-S-008,T-Shirt #8,2110.0,1,1,28.03.2025,Delivered to buyer,2025-03-27 13:11:00,Яндекс.Маркет (Софьино),Казань,1899.0,,2026-01-05T10:00:00+00:00,demo
ORD-100390,24.03.2025,Sale to individual,CAP-001,Cap #1,1630.0,2,2,28.03.2025,Delivered to buyer,2025-03-29 13:11:00,Яндекс.Маркет (Софьино),Казань,3260.0,,2026-01-05T10:00:00+00:00,demo
ORD-100391,24.03.2025,Sale to individual,CAP-002,Cap #2,1800.0,2,2,26.03.2025,Delivered to buyer,2025-03-26 17:43:00,Яндекс.Маркет (Софьино),Санкт-Петербург,3240.0,,2026-01-05T10:00:00+00:00,demo
ORD-100392,25.03.2025,Sale to individual,CAP-004,Cap #4,1680.0,1,1,27.03.2025,Delivered to buyer,2025-03-30 20:47:00,Яндекс.Маркет (Софьино),Новосибирск,1428.0,,2026-01-05T10:00:00+00:00,demo
ORD-100392,25.03.2025,Sale to individual,T-S-008,T-Shirt #8,2110.0,1,1,27.03.2025,Delivered to buyer,2025-03-28 20:47:00,Яндекс.Маркет (Софьино),Новосибирск,1899.0,,2026-01-05T10:00:00+00:00,demo
ORD-100393,25.03.2025,Sale to individual,T-S-004,T-Shirt #4,1960.0,1,1,26.03.2025,Delivered to buyer,2025-03-26 16:54:00,Яндекс.Маркет (Софьино),Санкт-Петербург,1764.0,,2026-01-05T10:00:00+00:00,demo
ORD-100393,25.03.2025,Sale to individual,T-S-007,T-Shirt #7,2890.0,2,2,26.03.2025,Delivered to buyer,2025-03-28 16:54:00,Яндекс.Маркет (Софьино),Санкт-Петербург,5491.0,,2026-01-05T10:00:00+00:00,demo
ORD-100394,25.03.2025,Sale to individual,T-S-002,T-Shirt #2,2190.0,1,1,28.03.2025,Delivered to buyer,2025-03-27 13:35:00,Яндекс.Маркет (Софьино),Москва,1861.5,,2026-01-05T10:00:00+00:00,demo
ORD-100395,25.03.2025,Sale to individual,T-S-010,T-Shirt #10,2800.0,2,2,27.03.2025,Delivered to buyer,2025-03-26 17:41:00,Яндекс.Маркет (Софьино),Екатеринбург,5040.0,,2026-01-05T10:00:00+00:00,demo
ORD-100396,25.03.2025,Sale to individual,ACC-004,Accessorie #4,1120.0,2,2,29.03.2025,Delivered to buyer,2025-03-30 17:18:00,Яндекс.Маркет (Софьино),Казань,1904.0,,2026-01-05T10:00:00+00:00,demo
ORD-100396,25.03.2025,Sale to individual,CAP-005,Cap #5,1800.0,2,2,29.03.2025,Delivered to buyer,2025-03-26 17:18:00,Яндекс.Маркет (Софьино),Казань,3600.0,,2026-01-05T10:00:00+00:00,demo
ORD-100396,25.03.2025,Sale to individual,HOO-007,Hoodie #7,6730.0,1,1,29.03.2025,Delivered to buyer,2025-03-27 17:18:00,Яндекс.Маркет (Софьино),Казань,6393.5,,2026-01-05T10:00:00+00:00,demo
ORD-100397,25.03.2025,Sale to individual,T-S-009,T-Shirt #9,2030.0,1,1,28.03.2025,Delivered to buyer,2025-03-30 13:41:00,Яндекс.Маркет (Софьино),Новосибирск,1725.5,,2026-01-05T10:00:00+00:00,demo
ORD-100397,25.03.2025,Sale to individual,HOO-007,Hoodie #7,6730.0,2,2,28.03.2025,Delivered to buyer,2025-03-27 13:41:00,Яндекс.Маркет (Софьино),Новосибирск,12114.0,,2026-01-05T10:00:00+00:00,demo
ORD-100397,25.03.2025,Sale to individual,T-S-009,T-Shirt #9,2030.0,1,1,28.03.2025,Delivered to buyer,2025-03-27 13:41:00,Яндекс.Маркет (Софьино),Новосибирск,2030.0,,2026-01-05T10:00:00+00:00,demo
ORD-100398,25.03.2025,Sale to individual,CAP-001,Cap #1,1630.0,1,1,28.03.2025,Return received in warehouse,2025-03-29 11:42:00,Яндекс.Маркет (Софьино),Москва,1630.0,1630.0,2026-01-05T10:00:00+00:00,demo
ORD-100398,25.03.2025,Sale to individual,T-S-003,T-Shirt #3,2990.0,1,1,28.03.2025,Return received in warehouse,2025-03-29 11:42:00,Яндекс.Маркет (Софьино),Москва,2990.0,2990.0,2026-01-05T10:00:00+00:00,demo
ORD-100398,25.03.2025,Sale to individual,T-S-007,T-Shirt #7,2890.0,1,1,28.03.2025,Return received in warehouse,2025-03-28 11:42:00,Яндекс.Маркет (Софьино),Москва,2890.0,2890.0,2026-01-05T10:00:00+00:00,demo
ORD-100399,25.03.2025,Sale to individual,T-S-009,T-Shirt #9,2030.0,2,2,29.03.2025,Delivered to buyer,2025-03-27 10:05:00,Яндекс.Маркет (Софьино),Казань,4060.0,,2026-01-05T10:00:00+00:00,demo
ORD-100400,25.03.2025,Sale to individual,HOO-008,Hoodie #8,5940.0,2,2,26.03.2025,Delivered to buyer,2025-03-30 21:10:00,Яндекс.Маркет (Софьино),Казань,10692.0,,2026-01-05T10:00:00+00:00,demo
ORD-100401,26.03.2025,Sale to individual,HOO-005,Hoodie #5,4850.0,2,2,28.03.2025,Delivered to buyer,2025-03-31 19:34:00,Яндекс.Маркет (Софьино),Екатеринбург,8245.0,,2026-01-05T10:00:00+00:00,demo
ORD-100401,26.03.2025,Sale to individual,HOO-007,Hoodie #7,6730.0,1,1,28.03.2025,Delivered to buyer,2025-03-30 19:34:00,Яндекс.Маркет (Софьино),Екатеринбург,6393.5,,2026-01-05T10:00:00+00:00,demo
ORD-100402,26.03.2025,Sale to individual,T-S-010,T-Shirt #10,2800.0,1,1,27.03.2025,Delivered to buyer,2025-03-27 11:51:00,Яндекс.Маркет (Софьино),Санкт-Петербург,2800.0,,2026-01-05T10:00:00+00:00,demo
ORD-100402,26.03.2025,Sale to individual,T-S-011,T-Shirt #11,2370.0,1,1,27.03.2025,Delivered to buyer,2025-03-29 11:51:00,Яндекс.Маркет (Софьино),Санкт-Петербург,2251.5,,2026-01-05T10:00:00+00:00,demo
ORD-100403,26.03.2025,Sale to individual,T-S-010,T-Shirt #10,2800.0,1,1,30.03.2025,Delivered to buyer,2025-03-31 16:00:00,Яндекс.Маркет (Софьино),Казань,2800.0,,2026-01-05T10:00:00+00:00,demo
ORD-100403,26.03.2025,Sale to individual,CAP-003,Cap #3,1680.0,1,1,30.03.2025,Delivered to buyer,2025-03-30 16:00:00,Яндекс.Маркет (Софьино),Казань,1680.0,,2026-01-05T10:00:00+00:00,demo
ORD-100404,26.03.2025,Sale to individual,CAP-002,Cap #2,1800.0,2,2,28.03.2025,Delivered to buyer,2025-03-29 14:25:00,Яндекс.Маркет (Софьино),Новосибирск,3600.0,,2026-01-05T10:00:00+00:00,demo
ORD-100405,26.03.2025,Sale to individual,CAP-002,Cap #2,1800.0,1,1,28.03.2025,Delivered to buyer,2025-03-29 14:40:00,Яндекс.Маркет (Софьино),Казань,1530.0,,2026-01-05T10:00:00+00:00,demo
ORD-100405,26.03.2025,Sale to individual,ACC-002,Accessorie #2,1440.0,2,2,28.03.2025,Delivered to buyer,2025-03-27 14:40:00,Яндекс.Маркет (Софьино),Казань,2880.0,,2026-01-05T10:00:00+00:00,demo
ORD-100406,26.03.2025,Sale to individual,T-S-012,T-Shirt #12,2660.0,1,1,27.03.2025,Delivered to buyer,2025-03-27 10:18:00,Яндекс.Маркет (Софьино),Новосибирск,2527.0,,2026-01-05T10:00:00+00:00,demo
ORD-100406,26.03.2025,Sale to individual,T-S-012,T-Shirt #12,2660.0,1,1,27.03.2025,Delivered to buyer,2025-03-31 10:18:00,Яндекс.Маркет (Софьино),Новосибирск,2660.0,,2026-01-05T10:00:00+00:00,demo
ORD-100406,26.03.2025,Sale to individual,CAP-001,Cap #1,1630.0,1,1,27.03.2025,Delivered to buyer,2025-03-27 10:18:00,Яндекс.Маркет (Софьино),Новосибирск,1630.0,,2026-01-05T10:00:00+00:00,demo
ORD-100407,26.03.2025,Sale to individual,T-S-001,T-Shirt #1,2690.0,1,1,30.03.2025,Delivered to buyer,2025-03-29 12:08:00,Яндекс.Маркет (Софьино),Санкт-Петербург,2421.0,,2026-01-05T10:00:00+00:00,demo
ORD-100407,26.03.2025,Sale to individual,T-S-004,T-Shirt #4,1960.0,2,2,30.03.2025,Delivered to buyer,2025-03-30 12:08:00,Яндекс.Маркет (Софьино),Санкт-Петербург,3724.0,,2026-01-05T10:00:00+00:00,demo
ORD-100407,26.03.2025,Sale to individual,T-S-002,T-Shirt #2,2190.0,1,1,30.03.2025,Delivered to buyer,2025-03-27 12:08:00,Яндекс.Маркет (Софьино),Санкт-Петербург,2080.5,,2026-01-05T10:00:00+00:00,demo
ORD-100408,26.03.2025,Sale to individual,T-S-002,T-Shirt #2,2190.0,1,1,29.03.2025,Return received in warehouse,2025-03-27 10:03:00,Яндекс.Маркет (Софьино),Санкт-Петербург,1971.0,1971.0,2026-01-05T10:00:00+00:00,demo
ORD-100408,26.03.2025,Sale to individual,T-S-012,T-Shirt #12,2660.0,1,1,29.03.2025,Return received in warehouse,2025-03-30 10:03:00,Яндекс.Маркет (Софьино),Санкт-Петербург,2660.0,2660.0,2026-01-05T10:00:00+00:00,demo
ORD-100409,26.03.2025,Sale to individual,T-S-012,T-Shirt #12,2660.0,1,1,27.03.2025,Return received in warehouse,2025-03-30 15:15:00,Яндекс.Маркет (Софьино),Москва,2394.0,2394.0,2026-01-05T10:00:00+00:00,demo
ORD-100410,27.03.2025,Sale to individual,HOO-007,Hoodie #7,6730.0,1,0,,Cancelled,2025-03-31 12:59:00,Яндекс.Маркет (Софьино),Москва,,,2026-01-05T10:00:00+00:00,demo
ORD-100411,27.03.2025,Sale to individual,CAP-005,Cap #5,1800.0,1,1,30.03.2025,Delivered to buyer,2025-03-31 12:12:00,Яндекс.Маркет (Софьино),Санкт-Петербург,1800.0,,2026-01-05T10:00:00+00:00,demo
ORD-100412,27.03.2025,Sale to individual,T-S-006,T-Shirt #6,2570.0,1,1,30.03.2025,Delivered to buyer,2025-03-31 08:10:00,Яндекс.Маркет (Софьино),Москва,2184.5,,2026-01-05T10:00:00+00:00,demo
ORD-100412,27.03.2025,Sale to individual,CAP-004,Cap #4,1680.0,1,1,30.03.2025,Delivered to buyer,2025-03-28 08:10:00,Яндекс.Маркет (Софьино),Москва,1596.0,,2026-01-05T10:00:00+00:00,demo
ORD-100413,27.03.2025,Sale to individual,HOO-006,Hoodie #6,6060.0,1,1,28.03.2025,Delivered to buyer,2025-03-29 10:31:00,Яндекс.Маркет (Софьино),Москва,5757.0,,2026-01-05T10:00:00+00:00,demo
ORD-100413,27.03.2025,Sale to individual,ACC-003,Accessorie #3,1190.0,1,1,28.03.2025,Delivered to buyer,2025-03-31 10:31:00,Яндекс.Маркет (Софьино),Москва,1190.0,,2026-01-05T10:00:00+00:00,demo
ORD-100413,27.03.2025,Sale to individual,ACC-005,Accessorie #5,1220.0,1,1,28.03.2025,Delivered to buyer,2025-04-01 10:31:00,Яндекс.Маркет (Софьино),Москва,1159.0,,2026-01-05T10:00:00+00:00,demo
ORD-100414,27.03.2025,Sale to individual,T-S-008,T-Shirt #8,2110.0,1,1,31.03.2025,Delivered to buyer,2025-03-31 20:22:00,Яндекс.Маркет (Софьино),Санкт-Петербург,2110.0,,2026-01-05T10:00:00+00:00,demo
ORD-100414,27.03.2025,Sale to individual,CAP-001,Cap #1,1630.0,2,2,31.03.2025,Delivered to buyer,2025-03-30 20:22:00,Яндекс.Маркет (Софьино),Санкт-Петербург,2771.0,,2026-01-05T10:00:00+00:00,demo
ORD-100414,27.03.2025,Sale to individual,T-S-010,T-Shirt #10,2800.0,2,2,31.03.2025,Delivered to buyer,2025-04-01 20:22:00,Яндекс.Маркет (Софьино),Санкт-Петербург,5600.0,,2026-01-05T10:00:00+00:00,demo
ORD-100415,28.03.2025,Sale to individual,HOO-002,Hoodie #2,4910.0,1,1,30.03.2025,Return received in warehouse,2025-04-02 15:17:00,Яндекс.Маркет (Софьино),Новосибирск,4664.5,4664.5,2026-01-05T10:00:00+00:00,demo
ORD-100416,28.03.2025,Sale to individual,T-S-008,T-Shirt #8,2110.0,1,1,01.04.2025,Delivered to buyer,2025-03-29 15:00:00,Яндекс.Маркет (Софьино),Екатеринбург,2004.5,,2026-01-05T10:00:00+00:00,demo
ORD-100416,28.03.2025,Sale to individual,T-S-002,T-Shirt #2,2190.0,2,2,01.04.2025,Delivered to buyer,2025-04-02 15:00:00,Яндекс.Маркет (Софьино),Екатеринбург,4380.0,,2026-01-05T10:00:00+00:00,demo
ORD-100416,28.03.2025,Sale to individual,CAP-005,Cap #5,1800.0,2,2,01.04.2025,Delivered to buyer,2025-03-30 15:00:00,Яндекс.Маркет (Софьино),Екатеринбург,3060.0,,2026-01-05T10:00:00+00:00,demo
ORD-100417,28.03.2025,Sale to individual,T-S-010,T-Shirt #10,2800.0,1,1,01.04.2025,Delivered to buyer,2025-03-29 12:20:00,Яндекс.Маркет (Софьино),Москва,2800.0,,2026-01-05T10:00:00+00:00,demo
ORD-100417,28.03.2025,Sale to individual,T-S-004,T-Shirt #4,1960.0,1,1,01.04.2025,Delivered to buyer,2025-04-01 12:20:00,Яндекс.Маркет (Софьино),Москва,1960.0,,2026-01-05T10:00:00+00:00,demo
ORD-100417,28.03.2025,Sale to individual,HOO-007,Hoodie #7,6730.0,1,1,01.04.2025,Delivered to buyer,2025-03-29 12:20:00,Яндекс.Маркет (Софьино),Москва,6730.0,,2026-01-05T10:00:00+00:00,demo
ORD-100418,28.03.2025,Sale to individual,T-S-012,T-Shirt #12,2660.0,1,1,01.04.2025,Delivered to buyer,2025-04-02 18:53:00,Яндекс.Маркет (Софьино),Москва,2660.0,,2026-01-05T10:00:00+00:00,demo
ORD-100418,28.03.2025,Sale to individual,HOO-007,Hoodie #7,6730.0,1,1,01.04.2025,Delivered to buyer,2025-03-30 18:53:00,Яндекс.Маркет (Софьино),Москва,6730.0,,2026-01-05T10:00:00+00:00,demo
ORD-100418,28.03.2025,Sale to individual,HOO-005,Hoodie #5,4850.0,2,2,01.04.2025,Delivered to buyer,2025-04-01 18:53:00,Яндекс.Маркет (Софьино),Москва,9700.0,,2026-01-05T10:00:00+00:00,demo
ORD-100419,28.03.2025,Sale to individual,CAP-004,Cap #4,1680.0,1,1,01.04.2025,Delivered to buyer,2025-03-29 08:23:00,Яндекс.Маркет (Софьино),Москва,1428.0,,2026-01-05T10:00:00+00:00,demo
ORD-100420,28.03.2025,Sale to individual,ACC-003,Accessorie #3,1190.0,1,1,31.03.2025,Return received in warehouse,2025-03-30 09:53:00,Яндекс.Маркет (Софьино),Екатеринбург,1190.0,1190.0,2026-01-05T10:00:00+00:00,demo
ORD-100421,28.03.2025,Sale to individual,HOO-007,Hoodie #7,6730.0,2,2,30.03.2025,Delivered to buyer,2025-04-02 14:12:00,Яндекс.Маркет (Софьино),Санкт-Петербург,13460.0,,2026-01-05T10:00:00+00:00,demo
ORD-100421,28.03.2025,Sale to individual,HOO-004,Hoodie #4,5110.0,1,1,30.03.2025,Delivered to buyer,2025-04-01 14:12:00,Яндекс.Маркет (Софьино),Санкт-Петербург,4599.0,,2026-01-05T10:00:00+00:00,demo
ORD-100422,29.03.2025,Sale to individual,T-S-011,T-Shirt #11,2370.0,2,2,31.03.2025,Delivered to buyer,2025-04-01 10:50:00,Яндекс.Маркет (Софьино),Санкт-Петербург,4503.0,,2026-01-05T10:00:00+00:00,demo
ORD-100422,29.03.2025,Sale to individual,T-S-010,T-Shirt #10,2800.0,1,1,31.03.2025,Delivered to buyer,2025-04-02 10:50:00,Яндекс.Маркет (Софьино),Санкт-Петербург,2660.0,,2026-01-05T10:00:00+00:00,demo
ORD-100423,29.03.2025,Sale to individual,T-S-009,T-Shirt #9,2030.0,1,1,01.04.2025,Return received in warehouse,2025-04-02 18:27:00,Яндекс.Маркет (Софьино),Новосибирск,1928.5,1928.5,2026-01-05T10:00:00+00:00,demo
ORD-100423,29.03.2025,Sale to individual,HOO-003,Hoodie #3,4420.0,2,2,01.04.2025,Return received in warehouse,2025-03-30 18:27:00,Яндекс.Маркет (Софьино),Новосибирск,7956.0,7956.0,2026-01-05T10:00:00+00:00,demo
ORD-100424,29.03.2025,Sale to individual,T-S-007,T-Shirt #7,2890.0,1,0,,Cancelled,2025-03-31 08:18:00,Яндекс.Маркет (Софьино),Москва,,,2026-01-05T10:00:00+00:00,demo
ORD-100424,29.03.2025,Sale to individual,ACC-002,Accessorie #2,1440.0,1,0,,Cancelled,2025-04-01 08:18:00,Яндекс.Маркет (Софьино),Москва,,,2026-01-05T10:00:00+00:00,demo
ORD-100425,29.03.2025,Sale to individual,T-S-002,T-Shirt #2,2190.0,1,1,31.03.2025,Delivered to buyer,2025-04-01 16:35:00,Яндекс.Маркет (Софьино),Казань,2190.0,,2026-01-05T10:00:00+00:00,demo
ORD-100426,29.03.2025,Sale to individual,T-S-009,T-Shirt #9,2030.0,1,1,31.03.2025,Delivered to buyer,2025-04-02 22:37:00,Яндекс.Маркет (Софьино),Казань,1725.5,,2026-01-05T10:00:00+00:00,demo
ORD-100427,29.03.2025,Sale to individual,T-S-010,T-Shirt #10,2800.0,1,1,30.03.2025,Delivered to buyer,2025-04-01 22:13:00,Яндекс.Маркет (Софьино),Екатеринбург,2380.0,,2026-01-05T10:00:00+00:00,demo
ORD-100427,29.03.2025,Sale to individual,T-S-012,T-Shirt #12,2660.0,1,1,30.03.2025,Delivered to buyer,2025-04-02 22:13:00,Яндекс.Маркет (Софьино),Екатеринбург,2261.0,,2026-01-05T10:00:00+00:00,demo
ORD-100427,29.03.2025,Sale to individual,T-S-012,T-Shirt #12,2660.0,1,1,30.03.2025,Delivered to buyer,2025-04-01 22:13:00,Яндекс.Маркет (Софьино),Екатеринбург,2660.0,,2026-01-05T10:00:00+00:00,demo
ORD-100428,29.03.2025,Sale to individual,ACC-003,Accessorie #3,1190.0,1,1,02.04.2025,Delivered to buyer,2025-03-30 22:52:00,Яндекс.Маркет (Софьино),Санкт-Петербург,1071.0,,2026-01-05T10:00:00+00:00,demo
ORD-100428,29.03.2025,Sale to individual,T-S-006,T-Shirt #6,2570.0,1,1,02.04.2025,Delivered to buyer,2025-03-30 22:52:00,Яндекс.Маркет (Софьино),Санкт-Петербург,2184.5,,2026-01-05T10:00:00+00:00,demo
ORD-100429,29.03.2025,Sale to individual,HOO-001,Hoodie #1,5990.0,1,1,31.03.2025,Delivered to buyer,2025-04-02 16:36:00,Яндекс.Маркет (Софьино),Санкт-Петербург,5990.0,,2026-01-05T10:00:00+00:00,demo
ORD-100430,30.03.2025,Sale to individual,T-S-010,T-Shirt #10,2800.0,1,1,01.04.2025,Delivered to buyer,2025-04-03 16:05:00,Яндекс.Маркет (Софьино),Санкт-Петербург,2800.0,,2026-01-05T10:00:00+00:00,demo
ORD-100430,30.03.2025,Sale to individual,T-S-011,T-Shirt #11,2370.0,1,1,01.04.2025,Delivered to buyer,2025-04-03 16:05:00,Яндекс.Маркет (Софьино),Санкт-Петербург,2014.5,,2026-01-05T10:00:00+00:00,demo
ORD-100431,30.03.2025,Sale to individual,T-S-006,T-Shirt #6,2570.0,2,2,03.04.2025,Delivered to buyer,2025-04-01 09:25:00,Яндекс.Маркет (Софьино),Новосибирск,4369.0,,2026-01-05T10:00:00+00:00,demo
ORD-100431,30.03.2025,Sale to individual,T-S-007,T-Shirt #7,2890.0,1,1,03.04.2025,Delivered to buyer,2025-03-31 09:25:00,Яндекс.Маркет (Софьино),Новосибирск,2890.0,,2026-01-05T10:00:00+00:00,demo
ORD-100431,30.03.2025,Sale to individual,HOO-004,Hoodie #4,5110.0,1,1,03.04.2025,Delivered to buyer,2025-04-02 09:25:00,Яндекс.Маркет (Софьино),Новосибирск,4599.0,,2026-01-05T10:00:00+00:00,demo
ORD-100432,30.03.2025,Sale to individual,HOO-008,Hoodie #8,5940.0,1,0,,Cancelled,2025-04-01 22:36:00,Яндекс.Маркет (Софьино),Новосибирск,,,2026-01-05T10:00:00+00:00,demo
ORD-100433,30.03.2025,Sale to individual,T-S-007,T-Shirt #7,2890.0,2,2,31.03.2025,Delivered to buyer,2025-04-01 13:38:00,Яндекс.Маркет (Софьино),Казань,4913.0,,2026-01-05T10:00:00+00:00,demo
ORD-100434,30.03.2025,Sale to individual,CAP-001,Cap #1,1630.0,1,1,01.04.2025,Delivered to buyer,2025-03-31 08:59:00,Яндекс.Маркет (Софьино),Санкт-Петербург,1630.0,,2026-01-05T10:00:00+00:00,demo
ORD-100435,30.03.2025,Sale to individual,T-S-001,T-Shirt #1,2690.0,1,1,01.04.2025,Delivered to buyer,2025-04-03 17:59:00,Яндекс.Маркет (Софьино),Москва,2421.0,,2026-01-05T10:00:00+00:00,demo
ORD-100436,30.03.2025,Sale to individual,HOO-003,Hoodie #3,4420.0,2,2,01.04.2025,Delivered to buyer,2025-04-01 13:13:00,Яндекс.Маркет (Софьино),Казань,7514.0,,2026-01-05T10:00:00+00:00,demo
ORD-100437,30.03.2025,Sale to individual,HOO-005,Hoodie #5,4850.0,1,0,,Cancelled,2025-03-31 19:42:00,Яндекс.Маркет (Софьино),Москва,,,2026-01-05T10:00:00+00:00,demo
ORD-100437,30.03.2025,Sale to individual,HOO-008,Hoodie #8,5940.0,1,0,,Cancelled,2025-04-04 19:42:00,Яндекс.Маркет (Софьино),Москва,,,2026-01-05T10:00:00+00:00,demo
ORD-100438,30.03.2025,Sale to individual,T-S-010,T-Shirt #10,2800.0,1,1,31.03.2025,Delivered to buyer,2025-03-31 08:29:00,Яндекс.Маркет (Софьино),Казань,2800.0,,2026-01-05T10:00:00+00:00,demo
ORD-100439,30.03.2025,Sale to individual,ACC-004,Accessorie #4,1120.0,1,1,03.04.2025,Delivered to buyer,2025-04-03 21:56:00,Яндекс.Маркет (Софьино),Екатеринбург,1064.0,,2026-01-05T10:00:00+00:00,demo
ORD-100440,31.03.2025,Sale to individual,T-S-012,T-Shirt #12,2660.0,1,1,02.04.2025,Delivered to buyer,2025-04-02 16:05:00,Яндекс.Маркет (Софьино),Новосибирск,2660.0,,2026-01-05T10:00:00+00:00,demo
ORD-100441,31.03.2025,Sale to individual,CAP-002,Cap #2,1800.0,1,1,04.04.2025,Delivered to buyer,2025-04-02 12:21:00,Яндекс.Маркет (Софьино),Казань,1710.0,,2026-01-05T10:00:00+00:00,demo
ORD-100441,31.03.2025,Sale to individual,T-S-002,T-Shirt #2,2190.0,1,1,04.04.2025,Delivered to buyer,2025-04-03 12:21:00,Яндекс.Маркет (Софьино),Казань,2190.0,,2026-01-05T10:00:00+00:00,demo
ORD-100442,31.03.2025,Sale to individual,ACC-003,Accessorie #3,1190.0,2,2,01.04.2025,Delivered to buyer,2025-04-01 22:52:00,Яндекс.Маркет (Софьино),Казань,2380.0,,2026-01-05T10:00:00+00:00,demo
ORD-100442,31.03.2025,Sale to individual,T-S-008,T-Shirt #8,2110.0,2,2,01.04.2025,Delivered to buyer,2025-04-05 22:52:00,Яндекс.Маркет (Софьино),Казань,3587.0,,2026-01-05T10:00:00+00:00,demo
ORD-100443,31.03.2025,Sale to individual,HOO-004,Hoodie #4,5110.0,1,1,04.04.2025,Delivered to buyer,2025-04-03 18:14:00,Яндекс.Маркет (Софьино),Новосибирск,4343.5,,2026-01-05T10:00:00+00:00,demo
ORD-100444,31.03.2025,Sale to individual,T-S-007,T-Shirt #7,2890.0,1,1,02.04.2025,Delivered to buyer,2025-04-02 16:08:00,Яндекс.Маркет (Софьино),Санкт-Петербург,2456.5,,2026-01-05T10:00:00+00:00,demo
ORD-100444,31.03.2025,Sale to individual,HOO-003,Hoodie #3,4420.0,2,2,02.04.2025,Delivered to buyer,2025-04-05 16:08:00,Яндекс.Маркет (Софьино),Санкт-Петербург,8840.0,,2026-01-05T10:00:00+00:00,demo
ORD-100444,31.03.2025,Sale to individual,CAP-004,Cap #4,1680.0,1,1,02.04.2025,Delivered to buyer,2025-04-01 16:08:00,Яндекс.Маркет (Софьино),Санкт-Петербург,1596.0,,2026-01-05T10:00:00+00:00,demo
ORD-100445,31.03.2025,Sale to individual,T-S-010,T-Shirt #10,2800.0,1,1,01.04.2025,Delivered to buyer,2025-04-04 16:46:00,Яндекс.Маркет (Софьино),Санкт-Петербург,2660.0,,2026-01-05T10:00:00+00:00,demo
ORD-100446,01.04.2025,Sale to individual,CAP-003,Cap #3,1680.0,1,1,04.04.2025,Return received in warehouse,2025-04-02 22:52:00,Яндекс.Маркет (Софьино),Москва,1680.0,1680.0,2026-01-05T10:00:00+00:00,demo
ORD-100447,01.04.2025,Sale to individual,HOO-004,Hoodie #4,5110.0,1,1,04.04.2025,Return received in warehouse,2025-04-04 17:39:00,Яндекс.Маркет (Софьино),Санкт-Петербург,5110.0,5110.0,2026-01-05T10:00:00+00:00,demo
ORD-100447,01.04.2025,Sale to individual,T-S-009,T-Shirt #9,2030.0,1,1,04.04.2025,Return received in warehouse,2025-04-03 17:39:00,Яндекс.Маркет (Софьино),Санкт-Петербург,1827.0,1827.0,2026-01-05T10:00:00+00:00,demo
ORD-100448,01.04.2025,Sale to individual,HOO-007,Hoodie #7,6730.0,1,1,05.04.2025,Delivered to buyer,2025-04-03 21:38:00,Яндекс.Маркет (Софьино),Новосибирск,6730.0,,2026-01-05T10:00:00+00:00,demo
ORD-100448,01.04.2025,Sale to individual,T-S-008,T-Shirt #8,2110.0,1,1,05.04.2025,Delivered to buyer,2025-04-05 21:38:00,Яндекс.Маркет (Софьино),Новосибирск,2110.0,,2026-01-05T10:00:00+00:00,demo
ORD-100448,01.04.2025,Sale to individual,T-S-010,T-Shirt #10,2800.0,1,1,05.04.2025,Delivered to buyer,2025-04-05 21:38:00,Яндекс.Маркет (Софьино),Новосибирск,2660.0,,2026-01-05T10:00:00+00:00,demo
ORD-100449,01.04.2025,Sale to individual,T-S-002,T-Shirt #2,2190.0,2,2,03.04.2025,Delivered to buyer,2025-04-05 19:42:00,Яндекс.Маркет (Софьино),Новосибирск,4161.0,,2026-01-05T10:00:00+00:00,demo
ORD-100450,01.04.2025,Sale to individual,CAP-002,Cap #2,1800.0,2,2,02.04.2025,Delivered to buyer,2025-04-06 14:25:00,Яндекс.Маркет (Софьино),Казань,3060.0,,2026-01-05T10:00:00+00:00,demo
ORD-100450,01.04.2025,Sale to individual,T-S-010,T-Shirt #10,2800.0,1,1,02.04.2025,Delivered to buyer,2025-04-02 14:25:00,Яндекс.Маркет (Софьино),Казань,2380.0,,2026-01-05T10:00:00+00:00,demo
ORD-100451,01.04.2025,Sale to individual,HOO-002,Hoodie #2,4910.0,1,1,02.04.2025,Delivered to buyer,2025-04-05 15:52:00,Яндекс.Маркет (Софьино),Новосибирск,4173.5,,2026-01-05T10:00:00+00:00,demo
ORD-100452,01.04.2025,Sale to individual,T-S-010,T-Shirt #10,2800.0,1,1,02.04.2025,Delivered to buyer,2025-04-05 20:40:00,Яндекс.Маркет (Софьино),Новосибирск,2660.0,,2026-01-05T10:00:00+00:00,demo
ORD-100453,01.04.2025,Sale to individual,HOO-001,Hoodie #1,5990.0,1,1,02.04.2025,Delivered to buyer,2025-04-02 14:18:00,Яндекс.Маркет (Софьино),Новосибирск,5091.5,,2026-01-05T10:00:00+00:00,demo
ORD-100453,01.04.2025,Sale to individual,T-S-007,T-Shirt #7,2890.0,1,1,02.04.2025,Delivered to buyer,2025-04-06 14:18:00,Яндекс.Маркет (Софьино),Новосибирск,2456.5,,2026-01-05T10:00:00+00:00,demo
ORD-100453,01.04.2025,Sale to individual,CAP-004,Cap #4,1680.0,1,1,02.04.2025,Delivered to buyer,2025-04-05 14:18:00,Яндекс.Маркет (Софьино),Новосибирск,1512.0,,2026-01-05T10:00:00+00:00,demo
ORD-100454,02.04.2025,Sale to individual,HOO-005,Hoodie #5,4850.0,2,2,04.04.2025,Delivered to buyer,2025-04-05 15:01:00,Яндекс.Маркет (Софьино),Санкт-Петербург,9700.0,,2026-01-05T10:00:00+00:00,demo
ORD-100454,02.04.2025,Sale to individual,CAP-002,Cap #2,1800.0,1,1,04.04.2025,Delivered to buyer,2025-04-03 15:01:00,Яндекс.Маркет (Софьино),Санкт-Петербург,1800.0,,2026-01-05T10:00:00+00:00,demo
ORD-100455,02.04.2025,Sale to individual,T-S-010,T-Shirt #10,2800.0,1,1,06.04.2025,Delivered to buyer,2025-04-07 09:45:00,Яндекс.Маркет (Софьино),Екатеринбург,2520.0,,2026-01-05T10:00:00+00:00,demo
ORD-100455,02.04.2025,Sale to individual,HOO-002,Hoodie #2,4910.0,2,2,06.04.2025,Delivered to buyer,2025-04-04 09:45:00,Яндекс.Маркет (Софьино),Екатеринбург,9820.0,,2026-01-05T10:00:00+00:00,demo
ORD-100455,02.04.2025,Sale to individual,T-S-010,T-Shirt #10,2800.0,1,1,06.04.2025,Delivered to buyer,2025-04-04 09:45:00,Яндекс.Маркет (Софьино),Екатеринбург,2380.0,,2026-01-05T10:00:00+00:00,demo
ORD-100456,02.04.2025,Sale to individual,T-S-002,T-Shirt #2,2190.0,1,1,04.04.2025,Delivered to buyer,2025-04-03 21:09:00,Яндекс.Маркет (Софьино),Новосибирск,2190.0,,2026-01-05T10:00:00+00:00,demo
ORD-100456,02.04.2025,Sale to individual,T-S-010,T-Shirt #10,2800.0,1,1,04.04.2025,Delivered to buyer,2025-04-03 21:09:00,Яндекс.Маркет (Софьино),Новосибирск,2800.0,,2026-01-05T10:00:00+00:00,demo
ORD-100456,02.04.2025,Sale to individual,CAP-002,Cap #2,1800.0,1,1,04.04.2025,Delivered to buyer,2025-04-06 21:09:00,Яндекс.Маркет (Софьино),Новосибирск,1800.0,,2026-01-05T10:00:00+00:00,demo
ORD-100457,02.04.2025,Sale to individual,ACC-001,Accessorie #1,990.0,2,2,03.04.2025,Delivered to buyer,2025-04-06 21:31:00,Яндекс.Маркет (Софьино),Екатеринбург,1782.0,,2026-01-05T10:00:00+00:00,demo
ORD-100457,02.04.2025,Sale to individual,T-S-009,T-Shirt #9,2030.0,2,2,03.04.2025,Delivered to buyer,2025-04-07 21:31:00,Яндекс.Маркет (Софьино),Екатеринбург,4060.0,,2026-01-05T10:00:00+00:00,demo
ORD-100458,02.04.2025,Sale to individual,HOO-007,Hoodie #7,6730.0,1,1,05.04.2025,Delivered to buyer,2025-04-04 08:15:00,Яндекс.Маркет (Софьино),Санкт-Петербург,6730.0,,2026-01-05T10:00:00+00:00,demo
ORD-100458,02.04.2025,Sale to individual,CAP-004,Cap #4,1680.0,1,1,05.04.2025,Delivered to buyer,2025-04-03 08:15:00,Яндекс.Маркет (Софьино),Санкт-Петербург,1596.0,,2026-01-05T10:00:00+00:00,demo
ORD-100459,02.04.2025,Sale to individual,ACC-003,Accessorie #3,1190.0,1,1,05.04.2025,Delivered to buyer,2025-04-04 21:02:00,Яндекс.Маркет (Софьино),Москва,1071.0,,2026-01-05T10:00:00+00:00,demo
ORD-100460,03.04.2025,Sale to individual,CAP-002,Cap #2,1800.0,1,1,05.04.2025,Delivered to buyer,2025-04-06 19:44:00,Яндекс.Маркет (Софьино),Москва,1710.0,,2026-01-05T10:00:00+00:00,demo
ORD-100460,03.04.2025,Sale to individual,T-S-010,T-Shirt #10,2800.0,1,1,05.04.2025,Delivered to buyer,2025-04-04 19:44:00,Яндекс.Маркет (Софьино),Москва,2520.0,,2026-01-05T10:00:00+00:00,demo
ORD-100461,03.04.2025,Sale to individual,T-S-012,T-Shirt #12,2660.0,1,1,04.04.2025,Return received in warehouse,2025-04-08 14:53:00,Яндекс.Маркет (Софьино),Москва,2527.0,2527.0,2026-01-05T10:00:00+00:00,demo
ORD-100462,03.04.2025,Sale to individual,T-S-002,T-Shirt #2,2190.0,1,1,05.04.2025,Delivered to buyer,2025-04-08 16:13:00,Яндекс.Маркет (Софьино),Екатеринбург,1971.0,,2026-01-05T10:00:00+00:00,demo
ORD-100462,03.04.2025,Sale to individual,HOO-004,Hoodie #4,5110.0,1,1,05.04.2025,Delivered to buyer,2025-04-08 16:13:00,Яндекс.Маркет (Софьино),Екатеринбург,4599.0,,2026-01-05T10:00:00+00:00,demo
ORD-100463,03.04.2025,Sale to individual,HOO-006,Hoodie #6,6060.0,2,2,06.04.2025,Delivered to buyer,2025-04-05 12:33:00,Яндекс.Маркет (Софьино),Новосибирск,10908.0,,2026-01-05T10:00:00+00:00,demo
ORD-100464,03.04.2025,Sale to individual,T-S-001,T-Shirt #1,2690.0,2,2,06.04.2025,Delivered to buyer,2025-04-05 11:45:00,Яндекс.Маркет (Софьино),Москва,5380.0,,2026-01-05T10:00:00+00:00,demo
ORD-100465,03.04.2025,Sale to individual,T-S-010,T-Shirt #10,2800.0,1,1,04.04.2025,Delivered to buyer,2025-04-06 14:26:00,Яндекс.Маркет (Софьино),Санкт-Петербург,2800.0,,2026-01-05T10:00:00+00:00,demo
ORD-100466,03.04.2025,Sale to individual,HOO-001,Hoodie #1,5990.0,1,1,06.04.2025,Delivered to buyer,2025-04-06 20:04:00,Яндекс.Маркет (Софьино),Казань,5990.0,,2026-01-05T10:00:00+00:00,demo
ORD-100467,04.04.2025,Sale to individual,T-S-008,T-Shirt #8,2110.0,2,2,05.04.2025,Delivered to buyer,2025-04-05 14:46:00,Яндекс.Маркет (Софьино),Казань,3798.0,,2026-01-05T10:00:00+00:00,demo
ORD-100468,04.04.2025,Sale to individual,T-S-012,T-Shirt #12,2660.0,2,2,06.04.2025,Delivered to buyer,2025-04-09 10:30:00,Яндекс.Маркет (Софьино),Новосибирск,5320.0,,2026-01-05T10:00:00+00:00,demo
ORD-100468,04.04.2025,Sale to individual,CAP-005,Cap #5,1800.0,1,1,06.04.2025,Delivered to buyer,2025-04-07 10:30:00,Яндекс.Маркет (Софьино),Новосибирск,1530.0,,2026-01-05T10:00:00+00:00,demo
ORD-100468,04.04.2025,Sale to individual,ACC-002,Accessorie #2,1440.0,1,1,06.04.2025,Delivered to buyer,2025-04-09 10:30:00,Яндекс.Маркет (Софьино),Новосибирск,1440.0,,2026-01-05T10:00:00+00:00,demo
ORD-100469,04.04.2025,Sale to individual,ACC-004,Accessorie #4,1120.0,1,0,,Cancelled,2025-04-08 13:51:00,Яндекс.Маркет (Софьино),Казань,,,2026-01-05T10:00:00+00:00,demo
ORD-100470,04.04.2025,Sale to individual,HOO-005,Hoodie #5,4850.0,1,1,06.04.2025,Delivered to buyer,2025-04-05 16:53:00,Яндекс.Маркет (Софьино),Москва,4607.5,,2026-01-05T10:00:00+00:00,demo
ORD-100470,04.04.2025,Sale to individual,T-S-008,T-Shirt #8,2110.0,1,1,06.04.2025,Delivered to buyer,2025-04-05 16:53:00,Яндекс.Маркет (Софьино),Москва,1899.0,,2026-01-05T10:00:00+00:00,demo
ORD-100471,04.04.2025,Sale to individual,CAP-004,Cap #4,1680.0,1,1,07.04.2025,Delivered to buyer,2025-04-05 22:15:00,Яндекс.Маркет (Софьино),Екатеринбург,1680.0,,2026-01-05T10:00:00+00:00,demo
ORD-100471,04.04.2025,Sale to individual,T-S-010,T-Shirt #10,2800.0,1,1,07.04.2025,Delivered to buyer,2025-04-06 22:15:00,Яндекс.Маркет (Софьино),Екатеринбург,2800.0,,2026-01-05T10:00:00+00:00,demo
ORD-100472,04.04.2025,Sale to individual,ACC-002,Accessorie #2,1440.0,2,2,05.04.2025,Delivered to buyer,2025-04-07 15:32:00,Яндекс.Маркет (Софьино),Казань,2448.0,,2026-01-05T10:00:00+00:00,demo
ORD-100472,04.04.2025,Sale to individual,T-S-007,T-Shirt #7,2890.0,1,1,05.04.2025,Delivered to buyer,2025-04-05 15:32:00,Яндекс.Маркет (Софьино),Казань,2890.0,,2026-01-05T10:00:00+00:00,demo
ORD-100473,04.04.2025,Sale to individual,T-S-002,T-Shirt #2,2190.0,1,1,06.04.2025,Delivered to buyer,2025-04-05 18:08:00,Яндекс.Маркет (Софьино),Москва,2080.5,,2026-01-05T10:00:00+00:00,demo
ORD-100473,04.04.2025,Sale to individual,T-S-010,T-Shirt #10,2800.0,1,1,06.04.2025,Delivered to buyer,2025-04-08 18:08:00,Яндекс.Маркет (Софьино),Москва,2660.0,,2026-01-05T10:00:00+00:00,demo
ORD-100473,04.04.2025,Sale to individual,CAP-005,Cap #5,1800.0,1,1,06.04.2025,Delivered to buyer,2025-04-09 18:08:00,Яндекс.Маркет (Софьино),Москва,1800.0,,2026-01-05T10:00:00+00:00,demo
ORD-100474,04.04.2025,Sale to individual,HOO-005,Hoodie #5,4850.0,1,1,07.04.2025,Return received in warehouse,2025-04-06 18:47:00,Яндекс.Маркет (Софьино),Казань,4607.5,4607.5,2026-01-05T10:00:00+00:00,demo
ORD-100475,05.04.2025,Sale to individual,T-S-007,T-Shirt #7,2890.0,1,1,06.04.2025,Delivered to buyer,2025-04-10 20:28:00,Яндекс.Маркет (Софьино),Казань,2890.0,,2026-01-05T10:00:00+00:00,demo
ORD-100476,05.04.2025,Sale to individual,T-S-010,T-Shirt #10,2800.0,1,1,07.04.2025,Delivered to buyer,2025-04-07 16:06:00,Яндекс.Маркет (Софьино),Санкт-Петербург,2380.0,,2026-01-05T10:00:00+00:00,demo
ORD-100476,05.04.2025,Sale to individual,T-S-010,T-Shirt #10,2800.0,1,1,07.04.2025,Delivered to buyer,2025-04-08 16:06:00,Яндекс.Маркет (Софьино),Санкт-Петербург,2800.0,,2026-01-05T10:00:00+00:00,demo
ORD-100477,05.04.2025,Sale to individual,T-S-006,T-Shirt #6,2570.0,1,1,09.04.2025,Delivered to buyer,2025-04-09 22:21:00,Яндекс.Маркет (Софьино),Новосибирск,2570.0,,2026-01-05T10:00:00+00:00,demo
ORD-100478,05.04.2025,Sale to individual,CAP-002,Cap #2,1800.0,2,2,09.04.2025,Delivered to buyer,2025-04-08 09:27:00,Яндекс.Маркет (Софьино),Екатеринбург,3060.0,,2026-01-05T10:00:00+00:00,demo
ORD-100479,05.04.2025,Sale to individual,CAP-002,Cap #2,1800.0,1,1,07.04.2025,Delivered to buyer,2025-04-09 13:52:00,Яндекс.Маркет (Софьино),Новосибирск,1800.0,,2026-01-05T10:00:00+00:00,demo
ORD-100479,05.04.2025,Sale to individual,CAP-004,Cap #4,1680.0,1,1,07.04.2025,Delivered to buyer,2025-04-08 13:52:00,Яндекс.Маркет (Софьино),Новосибирск,1512.0,,2026-01-05T10:00:00+00:00,demo
ORD-100479,05.04.2025,Sale to individual,T-S-003,T-Shirt #3,2990.0,2,2,07.04.2025,Delivered to buyer,2025-04-07 13:52:00,Яндекс.Маркет (Софьино),Новосибирск,5382.0,,2026-01-05T10:00:00+00:00,demo
ORD-100480,05.04.2025,Sale to individual,T-S-010,T-Shirt #10,2800.0,1,1,08.04.2025,Delivered to buyer,2025-04-09 10:55:00,Яндекс.Маркет (Софьино),Казань,2520.0,,2026-01-05T10:00:00+00:00,demo
ORD-100481,05.04.2025,Sale to individual,T-S-012,T-Shirt #12,2660.0,1,1,06.04.2025,Delivered to buyer,2025-04-10 09:30:00,Яндекс.Маркет (Софьино),Санкт-Петербург,2527.0,,2026-01-05T10:00:00+00:00,demo
ORD-100482,06.04.2025,Sale to individual,CAP-004,Cap #4,1680.0,1,1,07.04.2025,Delivered to buyer,2025-04-11 10:32:00,Яндекс.Маркет (Софьино),Казань,1596.0,,2026-01-05T10:00:00+00:00,demo
ORD-100482,06.04.2025,Sale to individual,CAP-004,Cap #4,1680.0,2,2,07.04.2025,Delivered to buyer,2025-04-11 10:32:00,Яндекс.Маркет (Софьино),Казань,3024.0,,2026-01-05T10:00:00+00:00,demo
ORD-100483,06.04.2025,Sale to individual,T-S-007,T-Shirt #7,2890.0,1,1,08.04.2025,Delivered to buyer,2025-04-11 11:39:00,Яндекс.Маркет (Софьино),Москва,2890.0,,2026-01-05T10:00:00+00:00,demo
ORD-100483,06.04.2025,Sale to individual,T-S-012,T-Shirt #12,2660.0,2,2,08.04.2025,Delivered to buyer,2025-04-11 11:39:00,Яндекс.Маркет (Софьино),Москва,4788.0,,2026-01-05T10:00:00+00:00,demo
ORD-100484,06.04.2025,Sale to individual,HOO-007,Hoodie #7,6730.0,2,2,08.04.2025,Delivered to buyer,2025-04-11 16:44:00,Яндекс.Маркет (Софьино),Москва,13460.0,,2026-01-05T10:00:00+00:00,demo
ORD-100485,06.04.2025,Sale to individual,T-S-008,T-Shirt #8,2110.0,1,1,07.04.2025,Delivered to buyer,2025-04-10 15:20:00,Яндекс.Маркет (Софьино),Москва,1793.5,,2026-01-05T10:00:00+00:00,demo
ORD-100485,06.04.2025,Sale to individual,ACC-003,Accessorie #3,1190.0,1,1,07.04.2025,Delivered to buyer,2025-04-07 15:20:00,Яндекс.Маркет (Софьино),Москва,1071.0,,2026-01-05T10:00:00+00:00,demo
ORD-100486,06.04.2025,Sale to individual,ACC-002,Accessorie #2,1440.0,1,1,08.04.2025,Delivered to buyer,2025-04-10 11:52:00,Яндекс.Маркет (Софьино),Москва,1440.0,,2026-01-05T10:00:00+00:00,demo
ORD-100486,06.04.2025,Sale to individual,HOO-007,Hoodie #7,6730.0,1,1,08.04.2025,Delivered to buyer,2025-04-11 11:52:00,Яндекс.Маркет (Софьино),Москва,6057.0,,2026-01-05T10:00:00+00:00,demo
ORD-100487,06.04.2025,Sale to individual,ACC-001,Accessorie #1,990.0,2,2,08.04.2025,Delivered to buyer,2025-04-07 15:12:00,Яндекс.Маркет (Софьино),Казань,1881.0,,2026-01-05T10:00:00+00:00,demo
ORD-100487,06.04.2025,Sale to individual,T-S-010,T-Shirt #10,2800.0,1,1,08.04.2025,Delivered to buyer,2025-04-11 15:12:00,Яндекс.Маркет (Софьино),Казань,2380.0,,2026-01-05T10:00:00+00:00,demo
ORD-100487,06.04.2025,Sale to individual,CAP-004,Cap #4,1680.0,2,2,08.04.2025,Delivered to buyer,2025-04-09 15:12:00,Яндекс.Маркет (Софьино),Казань,3360.0,,2026-01-05T10:00:00+00:00,demo
ORD-100488,06.04.2025,Sale to individual,CAP-002,Cap #2,1800.0,1,1,07.04.2025,Delivered to buyer,2025-04-07 13:57:00,Яндекс.Маркет (Софьино),Казань,1710.0,,2026-01-05T10:00:00+00:00,demo
ORD-100489,06.04.2025,Sale to individual,T-S-010,T-Shirt #10,2800.0,1,1,10.04.2025,Delivered to buyer,2025-04-10 14:44:00,Яндекс.Маркет (Софьино),Екатеринбург,2800.0,,2026-01-05T10:00:00+00:00,demo
ORD-100489,06.04.2025,Sale to individual,T-S-010,T-Shirt #10,2800.0,1,1,10.04.2025,Delivered to buyer,2025-04-11 14:44:00,Яндекс.Маркет (Софьино),Екатеринбург,2800.0,,2026-01-05T10:00:00+00:00,demo
ORD-100489,06.04.2025,Sale to individual,T-S-010,T-Shirt #10,2800.0,2,2,10.04.2025,Delivered to buyer,2025-04-10 14:44:00,Яндекс.Маркет (Софьино),Екатеринбург,5320.0,,2026-01-05T10:00:00+00:00,demo
ORD-100490,07.04.2025,Sale to individual,HOO-007,Hoodie #7,6730.0,2,0,,Cancelled,2025-04-09 10:08:00,Яндекс.Маркет (Софьино),Санкт-Петербург,,,2026-01-05T10:00:00+00:00,demo
ORD-100491,07.04.2025,Sale to individual,ACC-002,Accessorie #2,1440.0,1,1,11.04.2025,Delivered to buyer,2025-04-12 10:41:00,Яндекс.Маркет (Софьино),Новосибирск,1296.0,,2026-01-05T10:00:00+00:00,demo
ORD-100491,07.04.2025,Sale to individual,CAP-001,Cap #1,1630.0,2,2,11.04.2025,Delivered to buyer,2025-04-11 10:41:00,Яндекс.Маркет (Софьино),Новосибирск,2771.0,,2026-01-05T10:00:00+00:00,demo
ORD-100492,07.04.2025,Sale to individual,HOO-005,Hoodie #5,4850.0,1,1,09.04.2025,Delivered to buyer,2025-04-12 13:14:00,Яндекс.Маркет (Софьино),Санкт-Петербург,4365.0,,2026-01-05T10:00:00+00:00,demo
ORD-100492,07.04.2025,Sale to individual,HOO-005,Hoodie #5,4850.0,1,1,09.04.2025,Delivered to buyer,2025-04-08 13:14:00,Яндекс.Маркет (Софьино),Санкт-Петербург,4850.0,,2026-01-05T10:00:00+00:00,demo
ORD-100493,07.04.2025,Sale to individual,HOO-005,Hoodie #5,4850.0,1,1,10.04.2025,Delivered to buyer,2025-04-10 15:45:00,Яндекс.Маркет (Софьино),Москва,4122.5,,2026-01-05T10:00:00+00:00,demo
ORD-100494,07.04.2025,Sale to individual,T-S-012,T-Shirt #12,2660.0,1,1,08.04.2025,Delivered to buyer,2025-04-08 16:05:00,Яндекс.Маркет (Софьино),Москва,2261.0,,2026-01-05T10:00:00+00:00,demo
ORD-100495,07.04.2025,Sale to individual,T-S-012,T-Shirt #12,2660.0,1,1,08.04.2025,Delivered to buyer,2025-04-10 16:49:00,Яндекс.Маркет (Софьино),Екатеринбург,2394.0,,2026-01-05T10:00:00+00:00,demo
ORD-100495,07.04.2025,Sale to individual,ACC-002,Accessorie #2,1440.0,1,1,08.04.2025,Delivered to buyer,2025-04-09 16:49:00,Яндекс.Маркет (Софьино),Екатеринбург,1368.0,,2026-01-05T10:00:00+00:00,demo
ORD-100496,07.04.2025,Sale to individual,CAP-004,Cap #4,1680.0,1,1,10.04.2025,Delivered to buyer,2025-04-08 19:59:00,Яндекс.Маркет (Софьино),Екатеринбург,1428.0,,2026-01-05T10:00:00+00:00,demo
ORD-100496,07.04.2025,Sale to individual,T-S-009,T-Shirt #9,2030.0,1,1,10.04.2025,Delivered to buyer,2025-04-08 19:59:00,Яндекс.Маркет (Софьино),Екатеринбург,1725.5,,2026-01-05T10:00:00+00:00,demo
ORD-100496,07.04.2025,Sale to individual,HOO-007,Hoodie #7,6730.0,1,1,10.04.2025,Delivered to buyer,2025-04-08 19:59:00,Яндекс.Маркет (Софьино),Екатеринбург,6057.0,,2026-01-05T10:00:00+00:00,demo
ORD-100497,07.04.2025,Sale to individual,T-S-007,T-Shirt #7,2890.0,1,1,10.04.2025,Delivered to buyer,2025-04-08 16:04:00,Яндекс.Маркет (Софьино),Казань,2745.5,,2026-01-05T10:00:00+00:00,demo
ORD-100498,07.04.2025,Sale to individual,CAP-002,Cap #2,1800.0,1,1,09.04.2025,Return received in warehouse,2025-04-09 09:38:00,Яндекс.Маркет (Софьино),Казань,1710.0,1710.0,2026-01-05T10:00:00+00:00,demo
ORD-100498,07.04.2025,Sale to individual,HOO-007,Hoodie #7,6730.0,2,2,09.04.2025,Return received in warehouse,2025-04-12 09:38:00,Яндекс.Маркет (Софьино),Казань,13460.0,13460.0,2026-01-05T10:00:00+00:00,demo
ORD-100499,07.04.2025,Sale to individual,ACC-003,Accessorie #3,1190.0,2,2,09.04.2025,Delivered to buyer,2025-04-09 13:05:00,Яндекс.Маркет (Софьино),Новосибирск,2142.0,,2026-01-05T10:00:00+00:00,demo
ORD-100499,07.04.2025,Sale to individual,T-S-007,T-Shirt #7,2890.0,2,2,09.04.2025,Delivered to buyer,2025-04-09 13:05:00,Яндекс.Маркет (Софьино),Новосибирск,5780.0,,2026-01-05T10:00:00+00:00,demo
ORD-100500,07.04.2025,Sale to individual,HOO-007,Hoodie #7,6730.0,1,1,10.04.2025,Delivered to buyer,2025-04-11 19:53:00,Яндекс.Маркет (Софьино),Москва,6730.0,,2026-01-05T10:00:00+00:00,demo
ORD-100501,08.04.2025,Sale to individual,ACC-003,Accessorie #3,1190.0,2,2,12.04.2025,Delivered to buyer,2025-04-10 15:19:00,Яндекс.Маркет (Софьино),Новосибирск,2261.0,,2026-01-05T10:00:00+00:00,demo
ORD-100501,08.04.2025,Sale to individual,ACC-003,Accessorie #3,1190.0,2,2,12.04.2025,Delivered to buyer,2025-04-11 15:19:00,Яндекс.Маркет (Софьино),Новосибирск,2380.0,,2026-01-05T10:00:00+00:00,demo
ORD-100501,08.04.2025,Sale to individual,T-S-009,T-Shirt #9,2030.0,2,2,12.04.2025,Delivered to buyer,2025-04-11 15:19:00,Яндекс.Маркет (Софьино),Новосибирск,3654.0,,2026-01-05T10:00:00+00:00,demo
ORD-100502,08.04.2025,Sale to individual,HOO-007,Hoodie #7,6730.0,1,1,09.04.2025,Delivered to buyer,2025-04-11 18:02:00,Яндекс.Маркет (Софьино),Новосибирск,6393.5,,2026-01-05T10:00:00+00:00,demo
ORD-100502,08.04.2025,Sale to individual,ACC-004,Accessorie #4,1120.0,1,1,09.04.2025,Delivered to buyer,2025-04-11 18:02:00,Яндекс.Маркет (Софьино),Новосибирск,1120.0,,2026-01-05T10:00:00+00:00,demo
ORD-100503,08.04.2025,Sale to individual,CAP-002,Cap #2,1800.0,1,1,12.04.2025,Delivered to buyer,2025-04-11 17:25:00,Яндекс.Маркет (Софьино),Санкт-Петербург,1800.0,,2026-01-05T10:00:00+00:00,demo
ORD-100503,08.04.2025,Sale to individual,CAP-002,Cap #2,1800.0,1,1,12.04.2025,Delivered to buyer,2025-04-09 17:25:00,Яндекс.Маркет (Софьино),Санкт-Петербург,1800.0,,2026-01-05T10:00:00+00:00,demo
ORD-100503,08.04.2025,Sale to individual,HOO-005,Hoodie #5,4850.0,1,1,12.04.2025,Delivered to buyer,2025-04-09 17:25:00,Яндекс.Маркет (Софьино),Санкт-Петербург,4365.0,,2026-01-05T10:00:00+00:00,demo
ORD-100504,08.04.2025,Sale to individual,T-S-008,T-Shirt #8,2110.0,1,1,12.04.2025,Delivered to buyer,2025-04-09 09:43:00,Яндекс.Маркет (Софьино),Казань,2110.0,,2026-01-05T10:00:00+00:00,demo
ORD-100505,08.04.2025,Sale to individual,HOO-007,Hoodie #7,6730.0,1,1,09.04.2025,Delivered to buyer,2025-04-09 17:05:00,Яндекс.Маркет (Софьино),Екатеринбург,6730.0,,2026-01-05T10:00:00+00:00,demo
ORD-100505,08.04.2025,Sale to individual,CAP-004,Cap #4,1680.0,1,1,09.04.2025,Delivered to buyer,2025-04-13 17:05:00,Яндекс.Маркет (Софьино),Екатеринбург,1512.0,,2026-01-05T10:00:00+00:00,demo
ORD-100506,08.04.2025,Sale to individual,T-S-010,T-Shirt #10,2800.0,2,2,10.04.2025,Delivered to buyer,2025-04-12 22:07:00,Яндекс.Маркет (Софьино),Москва,5320.0,,2026-01-05T10:00:00+00:00,demo
ORD-100507,08.04.2025,Sale to individual,T-S-007,T-Shirt #7,2890.0,1,0,,Cancelled,2025-04-12 22:42:00,Яндекс.Маркет (Софьино),Москва,,,2026-01-05T10:00:00+00:00,demo
ORD-100508,08.04.2025,Sale to individual,T-S-008,T-Shirt #8,2110.0,2,2,11.04.2025,Delivered to buyer,2025-04-13 13:03:00,Яндекс.Маркет (Софьино),Москва,4220.0,,2026-01-05T10:00:00+00:00,demo
ORD-100509,08.04.2025,Sale to individual,T-S-007,T-Shirt #7,2890.0,1,1,12.04.2025,Delivered to buyer,2025-04-09 10:41:00,Яндекс.Маркет (Софьино),Новосибирск,2456.5,,2026-01-05T10:00:00+00:00,demo
ORD-100510,08.04.2025,Sale to individual,T-S-002,T-Shirt #2,2190.0,1,1,09.04.2025,Delivered to buyer,2025-04-09 19:16:00,Яндекс.Маркет (Софьино),Екатеринбург,1971.0,,2026-01-05T10:00:00+00:00,demo
ORD-100511,08.04.2025,Sale to individual,HOO-008,Hoodie #8,5940.0,1,1,09.04.2025,Delivered to buyer,2025-04-12 10:41:00,Яндекс.Маркет (Софьино),Казань,5643.0,,2026-01-05T10:00:00+00:00,demo
ORD-100512,08.04.2025,Sale to individual,T-S-012,T-Shirt #12,2660.0,1,1,12.04.2025,Delivered to buyer,2025-04-12 08:32:00,Яндекс.Маркет (Софьино),Москва,2660.0,,2026-01-05T10:00:00+00:00,demo
ORD-100512,08.04.2025,Sale to individual,CAP-004,Cap #4,1680.0,2,2,12.04.2025,Delivered to buyer,2025-04-13 08:32:00,Яндекс.Маркет (Софьино),Москва,3360.0,,2026-01-05T10:00:00+00:00,demo
ORD-100513,09.04.2025,Sale to individual,HOO-007,Hoodie #7,6730.0,1,1,13.04.2025,Delivered to buyer,2025-04-12 18:19:00,Яндекс.Маркет (Софьино),Москва,5720.5,,2026-01-05T10:00:00+00:00,demo
ORD-100514,10.04.2025,Sale to individual,T-S-008,T-Shirt #8,2110.0,1,1,13.04.2025,Delivered to buyer,2025-04-11 21:29:00,Яндекс.Маркет (Софьино),Санкт-Петербург,1899.0,,2026-01-05T10:00:00+00:00,demo
ORD-100514,10.04.2025,Sale to individual,HOO-004,Hoodie #4,5110.0,1,1,13.04.2025,Delivered to buyer,2025-04-11 21:29:00,Яндекс.Маркет (Софьино),Санкт-Петербург,4599.0,,2026-01-05T10:00:00+00:00,demo
ORD-100514,10.04.2025,Sale to individual,ACC-004,Accessorie #4,1120.0,2,2,13.04.2025,Delivered to buyer,2025-04-12 21:29:00,Яндекс.Маркет (Софьино),Санкт-Петербург,2240.0,,2026-01-05T10:00:00+00:00,demo
ORD-100515,10.04.2025,Sale to individual,T-S-010,T-Shirt #10,2800.0,2,2,12.04.2025,Delivered to buyer,2025-04-14 11:01:00,Яндекс.Маркет (Софьино),Казань,4760.0,,2026-01-05T10:00:00+00:00,demo
ORD-100515,10.04.2025,Sale to individual,CAP-004,Cap #4,1680.0,1,1,12.04.2025,Delivered to buyer,2025-04-13 11:01:00,Яндекс.Маркет (Софьино),Казань,1680.0,,2026-01-05T10:00:00+00:00,demo
ORD-100516,10.04.2025,Sale to individual,T-S-006,T-Shirt #6,2570.0,2,2,11.04.2025,Delivered to buyer,2025-04-12 13:50:00,Яндекс.Маркет (Софьино),Екатеринбург,4369.0,,2026-01-05T10:00:00+00:00,demo
ORD-100516,10.04.2025,Sale to individual,CAP-004,Cap #4,1680.0,1,1,11.04.2025,Delivered to buyer,2025-04-11 13:50:00,Яндекс.Маркет (Софьино),Екатеринбург,1680.0,,2026-01-05T10:00:00+00:00,demo
ORD-100517,10.04.2025,Sale to individual,ACC-002,Accessorie #2,1440.0,1,1,11.04.2025,Return received in warehouse,2025-04-12 10:31:00,Яндекс.Маркет (Софьино),Санкт-Петербург,1440.0,1440.0,2026-01-05T10:00:00+00:00,demo
ORD-100517,10.04.2025,Sale to individual,HOO-006,Hoodie #6,6060.0,1,1,11.04.2025,Return received in warehouse,2025-04-11 10:31:00,Яндекс.Маркет (Софьино),Санкт-Петербург,5757.0,5757.0,2026-01-05T10:00:00+00:00,demo
ORD-100518,10.04.2025,Sale to individual,T-S-005,T-Shirt #5,1950.0,1,1,11.04.2025,Delivered to buyer,2025-04-12 17:10:00,Яндекс.Маркет (Софьино),Екатеринбург,1950.0,,2026-01-05T10:00:00+00:00,demo
ORD-100519,11.04.2025,Sale to individual,ACC-004,Accessorie #4,1120.0,1,1,14.04.2025,Return received in warehouse,2025-04-13 18:25:00,Яндекс.Маркет (Софьино),Екатеринбург,1064.0,1064.0,2026-01-05T10:00:00+00:00,demo
ORD-100520,11.04.2025,Sale to individual,T-S-002,T-Shirt #2,2190.0,1,1,13.04.2025,Return received in warehouse,2025-04-13 08:37:00,Яндекс.Маркет (Софьино),Казань,1971.0,1971.0,2026-01-05T10:00:00+00:00,demo
ORD-100521,11.04.2025,Sale to individual,T-S-009,T-Shirt #9,2030.0,1,0,,Cancelled,2025-04-15 13:35:00,Яндекс.Маркет (Софьино),Санкт-Петербург,,,2026-01-05T10:00:00+00:00,demo
ORD-100521,11.04.2025,Sale to individual,HOO-005,Hoodie #5,4850.0,1,0,,Cancelled,2025-04-15 13:35:00,Яндекс.Маркет (Софьино),Санкт-Петербург,,,2026-01-05T10:00:00+00:00,demo
ORD-100522,11.04.2025,Sale to individual,CAP-002,Cap #2,1800.0,1,1,13.04.2025,Delivered to buyer,2025-04-15 08:00:00,Яндекс.Маркет (Софьино),Екатеринбург,1620.0,,2026-01-05T10:00:00+00:00,demo
ORD-100523,12.04.2025,Sale to individual,T-S-009,T-Shirt #9,2030.0,1,0,,Cancelled,2025-04-14 10:13:00,Яндекс.Маркет (Софьино),Санкт-Петербург,,,2026-01-05T10:00:00+00:00,demo
ORD-100523,12.04.2025,Sale to individual,T-S-012,T-Shirt #12,2660.0,2,0,,Cancelled,2025-04-13 10:13:00,Яндекс.Маркет (Софьино),Санкт-Петербург,,,2026-01-05T10:00:00+00:00,demo
ORD-100523,12.04.2025,Sale to individual,T-S-009,T-Shirt #9,2030.0,1,0,,Cancelled,2025-04-16 10:13:00,Яндекс.Маркет (Софьино),Санкт-Петербург,,,2026-01-05T10:00:00+00:00,demo
ORD-100524,12.04.2025,Sale to individual,ACC-004,Accessorie #4,1120.0,1,1,14.04.2025,Delivered to buyer,2025-04-17 16:15:00,Яндекс.Маркет (Софьино),Москва,952.0,,2026-01-05T10:00:00+00:00,demo
ORD-100525,12.04.2025,Sale to individual,T-S-002,T-Shirt #2,2190.0,1,1,14.04.2025,Delivered to buyer,2025-04-16 15:49:00,Яндекс.Маркет (Софьино),Москва,1971.0,,2026-01-05T10:00:00+00:00,demo
ORD-100526,12.04.2025,Sale to individual,HOO-007,Hoodie #7,6730.0,1,1,13.04.2025,Delivered to buyer,2025-04-15 10:42:00,Яндекс.Маркет (Софьино),Казань,6057.0,,2026-01-05T10:00:00+00:00,demo
ORD-100527,12.04.2025,Sale to individual,T-S-004,T-Shirt #4,1960.0,1,1,16.04.2025,Delivered to buyer,2025-04-13 17:51:00,Яндекс.Маркет (Софьино),Москва,1960.0,,2026-01-05T10:00:00+00:00,demo
ORD-100528,12.04.2025,Sale to individual,CAP-002,Cap #2,1800.0,1,1,13.04.2025,Delivered to buyer,2025-04-14 16:07:00,Яндекс.Маркет (Софьино),Екатеринбург,1620.0,,2026-01-05T10:00:00+00:00,demo
ORD-100529,12.04.2025,Sale to individual,CAP-003,Cap #3,1680.0,1,1,15.04.2025,Return received in warehouse,2025-04-14 18:57:00,Яндекс.Маркет (Софьино),Казань,1680.0,1680.0,2026-01-05T10:00:00+00:00,demo
ORD-100530,12.04.2025,Sale to individual,ACC-002,Accessorie #2,1440.0,2,2,14.04.2025,Return received in warehouse,2025-04-16 14:55:00,Яндекс.Маркет (Софьино),Екатеринбург,2880.0,2880.0,2026-01-05T10:00:00+00:00,demo
ORD-100530,12.04.2025,Sale to individual,T-S-002,T-Shirt #2,2190.0,1,1,14.04.2025,Return received in warehouse,2025-04-17 14:55:00,Яндекс.Маркет (Софьино),Екатеринбург,2190.0,2190.0,2026-01-05T10:00:00+00:00,demo
ORD-100531,12.04.2025,Sale to individual,T-S-012,T-Shirt #12,2660.0,1,1,15.04.2025,Delivered to buyer,2025-04-14 10:24:00,Яндекс.Маркет (Софьино),Санкт-Петербург,2527.0,,2026-01-05T10:00:00+00:00,demo
ORD-100532,13.04.2025,Sale to individual,CAP-005,Cap #5,1800.0,2,2,15.04.2025,Delivered to buyer,2025-04-16 08:17:00,Яндекс.Маркет (Софьино),Новосибирск,3600.0,,2026-01-05T10:00:00+00:00,demo
ORD-100533,13.04.2025,Sale to individual,ACC-003,Accessorie #3,1190.0,1,1,15.04.2025,Delivered to buyer,2025-04-17 22:18:00,Яндекс.Маркет (Софьино),Екатеринбург,1190.0,,2026-01-05T10:00:00+00:00,demo
ORD-100533,13.04.2025,Sale to individual,ACC-002,Accessorie #2,1440.0,2,2,15.04.2025,Delivered to buyer,2025-04-18 22:18:00,Яндекс.Маркет (Софьино),Екатеринбург,2880.0,,2026-01-05T10:00:00+00:00,demo
ORD-100533,13.04.2025,Sale to individual,HOO-005,Hoodie #5,4850.0,2,2,15.04.2025,Delivered to buyer,2025-04-16 22:18:00,Яндекс.Маркет (Софьино),Екатеринбург,8730.0,,2026-01-05T10:00:00+00:00,demo
ORD-100534,13.04.2025,Sale to individual,T-S-010,T-Shirt #10,2800.0,1,1,15.04.2025,Delivered to buyer,2025-04-15 19:27:00,Яндекс.Маркет (Софьино),Екатеринбург,2380.0,,2026-01-05T10:00:00+00:00,demo
ORD-100535,13.04.2025,Sale to individual,T-S-002,T-Shirt #2,2190.0,1,1,17.04.2025,Delivered to buyer,2025-04-18 22:00:00,Яндекс.Маркет (Софьино),Новосибирск,1971.0,,2026-01-05T10:00:00+00:00,demo
ORD-100536,13.04.2025,Sale to individual,T-S-012,T-Shirt #12,2660.0,2,2,14.04.2025,Delivered to buyer,2025-04-15 15:51:00,Яндекс.Маркет (Софьино),Москва,5320.0,,2026-01-05T10:00:00+00:00,demo
ORD-100536,13.04.2025,Sale to individual,T-S-003,T-Shirt #3,2990.0,1,1,14.04.2025,Delivered to buyer,2025-04-15 15:51:00,Яндекс.Маркет (Софьино),Москва,2840.5,,2026-01-05T10:00:00+00:00,demo
ORD-100537,13.04.2025,Sale to individual,T-S-010,T-Shirt #10,2800.0,1,1,17.04.2025,Delivered to buyer,2025-04-17 09:01:00,Яндекс.Маркет (Софьино),Екатеринбург,2520.0,,2026-01-05T10:00:00+00:00,demo
ORD-100537,13.04.2025,Sale to individual,CAP-002,Cap #2,1800.0,1,1,17.04.2025,Delivered to buyer,2025-04-15 09:01:00,Яндекс.Маркет (Софьино),Екатеринбург,1620.0,,2026-01-05T10:00:00+00:00,demo
ORD-100537,13.04.2025,Sale to individual,CAP-005,Cap #5,1800.0,1,1,17.04.2025,Delivered to buyer,2025-04-14 09:01:00,Яндекс.Маркет (Софьино),Екатеринбург,1620.0,,2026-01-05T10:00:00+00:00,demo
ORD-100538,13.04.2025,Sale to individual,T-S-002,T-Shirt #2,2190.0,1,1,16.04.2025,Delivered to buyer,2025-04-18 09:24:00,Яндекс.Маркет (Софьино),Казань,2190.0,,2026-01-05T10:00:00+00:00,demo
ORD-100538,13.04.2025,Sale to individual,T-S-011,T-Shirt #11,2370.0,1,1,16.04.2025,Delivered to buyer,2025-04-18 09:24:00,Яндекс.Маркет (Софьино),Казань,2370.0,,2026-01-05T10:00:00+00:00,demo
ORD-100539,14.04.2025,Sale to individual,T-S-010,T-Shirt #10,2800.0,1,0,,Cancelled,2025-04-17 13:56:00,Яндекс.Маркет (Софьино),Новосибирск,,,2026-01-05T10:00:00+00:00,demo
ORD-100540,14.04.2025,Sale to individual,CAP-002,Cap #2,1800.0,1,1,15.04.2025,Delivered to buyer,2025-04-15 18:35:00,Яндекс.Маркет (Софьино),Казань,1530.0,,2026-01-05T10:00:00+00:00,demo
ORD-100540,14.04.2025,Sale to individual,T-S-008,T-Shirt #8,2110.0,2,2,15.04.2025,Delivered to buyer,2025-04-16 18:35:00,Яндекс.Маркет (Софьино),Казань,3587.0,,2026-01-05T10:00:00+00:00,demo
ORD-100541,14.04.2025,Sale to individual,T-S-010,T-Shirt #10,2800.0,2,2,16.04.2025,Return received in warehouse,2025-04-15 19:48:00,Яндекс.Маркет (Софьино),Казань,5320.0,5320.0,2026-01-05T10:00:00+00:00,demo
ORD-100542,14.04.2025,Sale to individual,T-S-012,T-Shirt #12,2660.0,1,1,18.04.2025,Delivered to buyer,2025-04-19 13:22:00,Яндекс.Маркет (Софьино),Новосибирск,2394.0,,2026-01-05T10:00:00+00:00,demo
ORD-100542,14.04.2025,Sale to individual,CAP-004,Cap #4,1680.0,1,1,18.04.2025,Delivered to buyer,2025-04-16 13:22:00,Яндекс.Маркет (Софьино),Новосибирск,1680.0,,2026-01-05T10:00:00+00:00,demo
ORD-100543,14.04.2025,Sale to individual,T-S-010,T-Shirt #10,2800.0,1,1,18.04.2025,Delivered to buyer,2025-04-17 09:05:00,Яндекс.Маркет (Софьино),Москва,2800.0,,2026-01-05T10:00:00+00:00,demo
ORD-100544,14.04.2025,Sale to individual,CAP-005,Cap #5,1800.0,1,1,18.04.2025,Delivered to buyer,2025-04-18 19:09:00,Яндекс.Маркет (Софьино),Екатеринбург,1710.0,,2026-01-05T10:00:00+00:00,demo
ORD-100545,14.04.2025,Sale to individual,T-S-010,T-Shirt #10,2800.0,1,0,,Cancelled,2025-04-15 16:59:00,Яндекс.Маркет (Софьино),Москва,,,2026-01-05T10:00:00+00:00,demo
ORD-100545,14.04.2025,Sale to individual,T-S-012,T-Shirt #12,2660.0,1,0,,Cancelled,2025-04-19 16:59:00,Яндекс.Маркет (Софьино),Москва,,,2026-01-05T10:00:00+00:00,demo
ORD-100546,15.04.2025,Sale to individual,HOO-005,Hoodie #5,4850.0,2,2,18.04.2025,Delivered to buyer,2025-04-18 18:41:00,Яндекс.Маркет (Софьино),Екатеринбург,8730.0,,2026-01-05T10:00:00+00:00,demo
ORD-100546,15.04.2025,Sale to individual,CAP-001,Cap #1,1630.0,1,1,18.04.2025,Delivered to buyer,2025-04-17 18:41:00,Яндекс.Маркет (Софьино),Екатеринбург,1548.5,,2026-01-05T10:00:00+00:00,demo
ORD-100547,15.04.2025,Sale to individual,CAP-003,Cap #3,1680.0,1,1,18.04.2025,Delivered to buyer,2025-04-18 11:30:00,Яндекс.Маркет (Софьино),Москва,1596.0,,2026-01-05T10:00:00+00:00,demo
ORD-100548,15.04.2025,Sale to individual,HOO-003,Hoodie #3,4420.0,1,1,17.04.2025,Delivered to buyer,2025-04-16 10:39:00,Яндекс.Маркет (Софьино),Санкт-Петербург,4420.0,,2026-01-05T10:00:00+00:00,demo
ORD-100548,15.04.2025,Sale to individual,T-S-008,T-Shirt #8,2110.0,1,1,17.04.2025,Delivered to buyer,2025-04-20 10:39:00,Яндекс.Маркет (Софьино),Санкт-Петербург,2004.5,,2026-01-05T10:00:00+00:00,demo
ORD-100548,15.04.2025,Sale to individual,T-S-008,T-Shirt #8,2110.0,1,1,17.04.2025,Delivered to buyer,2025-04-18 10:39:00,Яндекс.Маркет (Софьино),Санкт-Петербург,1899.0,,2026-01-05T10:00:00+00:00,demo
ORD-100549,15.04.2025,Sale to individual,T-S-010,T-Shirt #10,2800.0,1,1,16.04.2025,Delivered to buyer,2025-04-18 10:13:00,Яндекс.Маркет (Софьино),Екатеринбург,2380.0,,2026-01-05T10:00:00+00:00,demo
ORD-100549,15.04.2025,Sale to individual,T-S-010,T-Shirt #10,2800.0,1,1,16.04.2025,Delivered to buyer,2025-04-19 10:13:00,Яндекс.Маркет (Софьино),Екатеринбург,2800.0,,2026-01-05T10:00:00+00:00,demo
ORD-100549,15.04.2025,Sale to individual,T-S-010,T-Shirt #10,2800.0,2,2,16.04.2025,Delivered to buyer,2025-04-19 10:13:00,Яндекс.Маркет (Софьино),Екатеринбург,5600.0,,2026-01-05T10:00:00+00:00,demo
ORD-100550,15.04.2025,Sale to individual,CAP-002,Cap #2,1800.0,1,1,18.04.2025,Delivered to buyer,2025-04-19 10:00:00,Яндекс.Маркет (Софьино),Екатеринбург,1530.0,,2026-01-05T10:00:00+00:00,demo
ORD-100550,15.04.2025,Sale to individual,T-S-012,T-Shirt #12,2660.0,1,1,18.04.2025,Delivered to buyer,2025-04-19 10:00:00,Яндекс.Маркет (Софьино),Екатеринбург,2660.0,,2026-01-05T10:00:00+00:00,demo
ORD-100550,15.04.2025,Sale to individual,T-S-010,T-Shirt #10,2800.0,1,1,18.04.2025,Delivered to buyer,2025-04-20 10:00:00,Яндекс.Маркет (Софьино),Екатеринбург,2800.0,,2026-01-05T10:00:00+00:00,demo
ORD-100551,15.04.2025,Sale to individual,CAP-004,Cap #4,1680.0,1,1,19.04.2025,Delivered to buyer,2025-04-20 12:01:00,Яндекс.Маркет (Софьино),Москва,1680.0,,2026-01-05T10:00:00+00:00,demo
ORD-100551,15.04.2025,Sale to individual,T-S-012,T-Shirt #12,2660.0,1,1,19.04.2025,Delivered to buyer,2025-04-20 12:01:00,Яндекс.Маркет (Софьино),Москва,2261.0,,2026-01-05T10:00:00+00:00,demo
ORD-100552,16.04.2025,Sale to individual,T-S-002,T-Shirt #2,2190.0,2,2,19.04.2025,Delivered to buyer,2025-04-21 20:59:00,Яндекс.Маркет (Софьино),Екатеринбург,4380.0,,2026-01-05T10:00:00+00:00,demo
ORD-100553,16.04.2025,Sale to individual,HOO-005,Hoodie #5,4850.0,2,2,19.04.2025,Delivered to buyer,2025-04-20 11:31:00,Яндекс.Маркет (Софьино),Казань,9700.0,,2026-01-05T10:00:00+00:00,demo
ORD-100553,16.04.2025,Sale to individual,ACC-003,Accessorie #3,1190.0,1,1,19.04.2025,Delivered to buyer,2025-04-19 11:31:00,Яндекс.Маркет (Софьино),Казань,1071.0,,2026-01-05T10:00:00+00:00,demo
ORD-100554,16.04.2025,Sale to individual,ACC-004,Accessorie #4,1120.0,1,1,19.04.2025,Delivered to buyer,2025-04-20 12:22:00,Яндекс.Маркет (Софьино),Екатеринбург,1120.0,,2026-01-05T10:00:00+00:00,demo
ORD-100555,16.04.2025,Sale to individual,T-S-007,T-Shirt #7,2890.0,2,2,20.04.2025,Return received in warehouse,2025-04-21 14:51:00,Яндекс.Маркет (Софьино),Новосибирск,5780.0,5780.0,2026-01-05T10:00:00+00:00,demo
ORD-100556,16.04.2025,Sale to individual,T-S-012,T-Shirt #12,2660.0,1,1,18.04.2025,Delivered to buyer,2025-04-21 09:09:00,Яндекс.Маркет (Софьино),Екатеринбург,2660.0,,2026-01-05T10:00:00+00:00,demo
ORD-100557,17.04.2025,Sale to individual,T-S-008,T-Shirt #8,2110.0,1,1,20.04.2025,Delivered to buyer,2025-04-19 18:58:00,Яндекс.Маркет (Софьино),Екатеринбург,2110.0,,2026-01-05T10:00:00+00:00,demo
ORD-100557,17.04.2025,Sale to individual,T-S-012,T-Shirt #12,2660.0,2,2,20.04.2025,Delivered to buyer,2025-04-22 18:58:00,Яндекс.Маркет (Софьино),Екатеринбург,5054.0,,2026-01-05T10:00:00+00:00,demo
ORD-100558,17.04.2025,Sale to individual,T-S-010,T-Shirt #10,2800.0,1,1,20.04.2025,Delivered to buyer,2025-04-18 08:52:00,Яндекс.Маркет (Софьино),Новосибирск,2800.0,,2026-01-05T10:00:00+00:00,demo
ORD-100558,17.04.2025,Sale to individual,HOO-004,Hoodie #4,5110.0,1,1,20.04.2025,Delivered to buyer,2025-04-20 08:52:00,Яндекс.Маркет (Софьино),Новосибирск,4854.5,,2026-01-05T10:00:00+00:00,demo
ORD-100559,17.04.2025,Sale to individual,HOO-007,Hoodie #7,6730.0,2,2,21.04.2025,Delivered to buyer,2025-04-21 21:40:00,Яндекс.Маркет (Софьино),Казань,13460.0,,2026-01-05T10:00:00+00:00,demo
ORD-100560,17.04.2025,Sale to individual,CAP-003,Cap #3,1680.0,1,0,,Cancelled,2025-04-20 18:15:00,Яндекс.Маркет (Софьино),Новосибирск,,,2026-01-05T10:00:00+00:00,demo
ORD-100561,17.04.2025,Sale to individual,HOO-007,Hoodie #7,6730.0,1,1,21.04.2025,Delivered to buyer,2025-04-22 15:36:00,Яндекс.Маркет (Софьино),Новосибирск,6393.5,,2026-01-05T10:00:00+00:00,demo
ORD-100562,17.04.2025,Sale to individual,HOO-005,Hoodie #5,4850.0,1,1,20.04.2025,Return received in warehouse,2025-04-19 17:01:00,Яндекс.Маркет (Софьино),Санкт-Петербург,4365.0,4365.0,2026-01-05T10:00:00+00:00,demo
ORD-100563,17.04.2025,Sale to individual,T-S-011,T-Shirt #11,2370.0,1,1,20.04.2025,Delivered to buyer,2025-04-20 10:03:00,Яндекс.Маркет (Софьино),Казань,2251.5,,2026-01-05T10:00:00+00:00,demo
ORD-100564,18.04.2025,Sale to individual,T-S-008,T-Shirt #8,2110.0,1,1,19.04.2025,Delivered to buyer,2025-04-21 18:59:00,Яндекс.Маркет (Софьино),Москва,1793.5,,2026-01-05T10:00:00+00:00,demo
ORD-100564,18.04.2025,Sale to individual,HOO-007,Hoodie #7,6730.0,1,1,19.04.2025,Delivered to buyer,2025-04-21 18:59:00,Яндекс.Маркет (Софьино),Москва,6393.5,,2026-01-05T10:00:00+00:00,demo
ORD-100565,18.04.2025,Sale to individual,HOO-003,Hoodie #3,4420.0,1,0,,Cancelled,2025-04-20 19:44:00,Яндекс.Маркет (Софьино),Казань,,,2026-01-05T10:00:00+00:00,demo
ORD-100566,18.04.2025,Sale to individual,T-S-010,T-Shirt #10,2800.0,1,1,22.04.2025,Delivered to buyer,2025-04-23 12:23:00,Яндекс.Маркет (Софьино),Москва,2800.0,,2026-01-05T10:00:00+00:00,demo
ORD-100566,18.04.2025,Sale to individual,ACC-002,Accessorie #2,1440.0,1,1,22.04.2025,Delivered to buyer,2025-04-23 12:23:00,Яндекс.Маркет (Софьино),Москва,1440.0,,2026-01-05T10:00:00+00:00,demo
ORD-100567,18.04.2025,Sale to individual,T-S-012,T-Shirt #12,2660.0,1,1,19.04.2025,Delivered to buyer,2025-04-21 19:53:00,Яндекс.Маркет (Софьино),Санкт-Петербург,2394.0,,2026-01-05T10:00:00+00:00,demo
ORD-100567,18.04.2025,Sale to individual,T-S-003,T-Shirt #3,2990.0,1,1,19.04.2025,Delivered to buyer,2025-04-20 19:53:00,Яндекс.Маркет (Софьино),Санкт-Петербург,2840.5,,2026-01-05T10:00:00+00:00,demo
ORD-100568,18.04.2025,Sale to individual,CAP-002,Cap #2,1800.0,1,1,21.04.2025,Delivered to buyer,2025-04-20 22:38:00,Яндекс.Маркет (Софьино),Москва,1800.0,,2026-01-05T10:00:00+00:00,demo
ORD-100569,18.04.2025,Sale to individual,T-S-006,T-Shirt #6,2570.0,1,0,,Cancelled,2025-04-19 10:44:00,Яндекс.Маркет (Софьино),Санкт-Петербург,,,2026-01-05T10:00:00+00:00,demo
ORD-100570,19.04.2025,Sale to individual,T-S-002,T-Shirt #2,2190.0,1,1,21.04.2025,Return received in warehouse,2025-04-20 14:02:00,Яндекс.Маркет (Софьино),Екатеринбург,1971.0,1971.0,2026-01-05T10:00:00+00:00,demo
ORD-100571,19.04.2025,Sale to individual,T-S-001,T-Shirt #1,2690.0,1,1,22.04.2025,Delivered to buyer,2025-04-21 08:04:00,Яндекс.Маркет (Софьино),Екатеринбург,2286.5,,2026-01-05T10:00:00+00:00,demo
ORD-100571,19.04.2025,Sale to individual,T-S-004,T-Shirt #4,1960.0,1,1,22.04.2025,Delivered to buyer,2025-04-20 08:04:00,Яндекс.Маркет (Софьино),Екатеринбург,1862.0,,2026-01-05T10:00:00+00:00,demo
ORD-100571,19.04.2025,Sale to individual,T-S-006,T-Shirt #6,2570.0,1,1,22.04.2025,Delivered to buyer,2025-04-22 08:04:00,Яндекс.Маркет (Софьино),Екатеринбург,2570.0,,2026-01-05T10:00:00+00:00,demo
ORD-100572,19.04.2025,Sale to individual,CAP-004,Cap #4,1680.0,1,1,21.04.2025,Delivered to buyer,2025-04-24 13:22:00,Яндекс.Маркет (Софьино),Екатеринбург,1680.0,,2026-01-05T10:00:00+00:00,demo
ORD-100572,19.04.2025,Sale to individual,HOO-006,Hoodie #6,6060.0,1,1,21.04.2025,Delivered to buyer,2025-04-21 13:22:00,Яндекс.Маркет (Софьино),Екатеринбург,5151.0,,2026-01-05T10:00:00+00:00,demo
ORD-100573,19.04.2025,Sale to individual,T-S-001,T-Shirt #1,2690.0,2,0,,Cancelled,2025-04-24 11:18:00,Яндекс.Маркет (Софьино),Санкт-Петербург,,,2026-01-05T10:00:00+00:00,demo
ORD-100573,19.04.2025,Sale to individual,CAP-002,Cap #2,1800.0,1,0,,Cancelled,2025-04-20 11:18:00,Яндекс.Маркет (Софьино),Санкт-Петербург,,,2026-01-05T10:00:00+00:00,demo
ORD-100574,19.04.2025,Sale to individual,T-S-008,T-Shirt #8,2110.0,1,1,23.04.2025,Delivered to buyer,2025-04-23 21:22:00,Яндекс.Маркет (Софьино),Москва,2110.0,,2026-01-05T10:00:00+00:00,demo
ORD-100574,19.04.2025,Sale to individual,T-S-008,T-Shirt #8,2110.0,1,1,23.04.2025,Delivered to buyer,2025-04-21 21:22:00,Яндекс.Маркет (Софьино),Москва,1793.5,,2026-01-05T10:00:00+00:00,demo
ORD-100575,19.04.2025,Sale to individual,CAP-002,Cap #2,1800.0,1,1,22.04.2025,Delivered to buyer,2025-04-22 20:23:00,Яндекс.Маркет (Софьино),Новосибирск,1620.0,,2026-01-05T10:00:00+00:00,demo
ORD-100575,19.04.2025,Sale to individual,T-S-003,T-Shirt #3,2990.0,2,2,22.04.2025,Delivered to buyer,2025-04-22 20:23:00,Яндекс.Маркет (Софьино),Новосибирск,5083.0,,2026-01-05T10:00:00+00:00,demo
ORD-100576,19.04.2025,Sale to individual,T-S-011,T-Shirt #11,2370.0,1,0,,Cancelled,2025-04-23 21:28:00,Яндекс.Маркет (Софьино),Новосибирск,,,2026-01-05T10:00:00+00:00,demo
ORD-100576,19.04.2025,Sale to individual,ACC-004,Accessorie #4,1120.0,1,0,,Cancelled,2025-04-20 21:28:00,Яндекс.Маркет (Софьино),Новосибирск,,,2026-01-05T10:00:00+00:00,demo
ORD-100577,19.04.2025,Sale to individual,T-S-012,T-Shirt #12,2660.0,1,0,,Cancelled,2025-04-23 15:43:00,Яндекс.Маркет (Софьино),Москва,,,2026-01-05T10:00:00+00:00,demo
ORD-100577,19.04.2025,Sale to individual,HOO-007,Hoodie #7,6730.0,2,0,,Cancelled,2025-04-20 15:43:00,Яндекс.Маркет (Софьино),Москва,,,2026-01-05T10:00:00+00:00,demo
ORD-100578,19.04.2025,Sale to individual,T-S-010,T-Shirt #10,2800.0,1,1,21.04.2025,Return received in warehouse,2025-04-24 22:57:00,Яндекс.Маркет (Софьино),Санкт-Петербург,2800.0,2800.0,2026-01-05T10:00:00+00:00,demo
ORD-100579,19.04.2025,Sale to individual,T-S-012,T-Shirt #12,2660.0,1,1,23.04.2025,Delivered to buyer,2025-04-22 09:14:00,Яндекс.Маркет (Софьино),Екатеринбург,2394.0,,2026-01-05T10:00:00+00:00,demo
ORD-100579,19.04.2025,Sale to individual,CAP-003,Cap #3,1680.0,2,2,23.04.2025,Delivered to buyer,2025-04-23 09:14:00,Яндекс.Маркет (Софьино),Екатеринбург,2856.0,,2026-01-05T10:00:00+00:00,demo
ORD-100579,19.04.2025,Sale to individual,CAP-003,Cap #3,1680.0,2,2,23.04.2025,Delivered to buyer,2025-04-22 09:14:00,Яндекс.Маркет (Софьино),Екатеринбург,2856.0,,2026-01-05T10:00:00+00:00,demo
ORD-100580,20.04.2025,Sale to individual,T-S-009,T-Shirt #9,2030.0,1,1,21.04.2025,Delivered to buyer,2025-04-21 20:29:00,Яндекс.Маркет (Софьино),Новосибирск,2030.0,,2026-01-05T10:00:00+00:00,demo
ORD-100581,20.04.2025,Sale to individual,HOO-008,Hoodie #8,5940.0,1,1,21.04.2025,Delivered to buyer,2025-04-23 19:03:00,Яндекс.Маркет (Софьино),Новосибирск,5940.0,,2026-01-05T10:00:00+00:00,demo
ORD-100581,20.04.2025,Sale to individual,ACC-004,Accessorie #4,1120.0,1,1,21.04.2025,Delivered to buyer,2025-04-25 19:03:00,Яндекс.Маркет (Софьино),Новосибирск,1120.0,,2026-01-05T10:00:00+00:00,demo
ORD-100582,20.04.2025,Sale to individual,T-S-010,T-Shirt #10,2800.0,2,2,24.04.2025,Return received in warehouse,2025-04-23 15:50:00,Яндекс.Маркет (Софьино),Новосибирск,4760.0,4760.0,2026-01-05T10:00:00+00:00,demo
ORD-100583,20.04.2025,Sale to individual,ACC-005,Accessorie #5,1220.0,2,2,21.04.2025,Delivered to buyer,2025-04-23 13:51:00,Яндекс.Маркет (Софьино),Москва,2196.0,,2026-01-05T10:00:00+00:00,demo
ORD-100584,20.04.2025,Sale to individual,T-S-008,T-Shirt #8,2110.0,1,1,21.04.2025,Delivered to buyer,2025-04-24 15:29:00,Яндекс.Маркет (Софьино),Казань,1899.0,,2026-01-05T10:00:00+00:00,demo
ORD-100585,20.04.2025,Sale to individual,CAP-002,Cap #2,1800.0,2,2,24.04.2025,Delivered to buyer,2025-04-25 12:45:00,Яндекс.Маркет (Софьино),Новосибирск,3240.0,,2026-01-05T10:00:00+00:00,demo
ORD-100585,20.04.2025,Sale to individual,HOO-004,Hoodie #4,5110.0,1,1,24.04.2025,Delivered to buyer,2025-04-21 12:45:00,Яндекс.Маркет (Софьино),Новосибирск,4343.5,,2026-01-05T10:00:00+00:00,demo
ORD-100586,20.04.2025,Sale to individual,HOO-008,Hoodie #8,5940.0,1,1,24.04.2025,Delivered to buyer,2025-04-21 12:31:00,Яндекс.Маркет (Софьино),Казань,5940.0,,2026-01-05T10:00:00+00:00,demo
ORD-100586,20.04.2025,Sale to individual,CAP-003,Cap #3,1680.0,1,1,24.04.2025,Delivered to buyer,2025-04-23 12:31:00,Яндекс.Маркет (Софьино),Казань,1680.0,,2026-01-05T10:00:00+00:00,demo
ORD-100587,20.04.2025,Sale to individual,T-S-010,T-Shirt #10,2800.0,2,2,21.04.2025,Delivered to buyer,2025-04-21 20:47:00,Яндекс.Маркет (Софьино),Казань,5320.0,,2026-01-05T10:00:00+00:00,demo
ORD-100587,20.04.2025,Sale to individual,T-S-004,T-Shirt #4,1960.0,1,1,21.04.2025,Delivered to buyer,2025-04-22 20:47:00,Яндекс.Маркет (Софьино),Казань,1960.0,,2026-01-05T10:00:00+00:00,demo
ORD-100587,20.04.2025,Sale to individual,T-S-010,T-Shirt #10,2800.0,1,1,21.04.2025,Delivered to buyer,2025-04-21 20:47:00,Яндекс.Маркет (Софьино),Казань,2380.0,,2026-01-05T10:00:00+00:00,demo
ORD-100588,20.04.2025,Sale to individual,T-S-010,T-Shirt #10,2800.0,1,0,,Cancelled,2025-04-24 09:55:00,Яндекс.Маркет (Софьино),Москва,,,2026-01-05T10:00:00+00:00,demo
ORD-100589,21.04.2025,Sale to individual,CAP-001,Cap #1,1630.0,1,1,24.04.2025,Delivered to buyer,2025-04-25 22:26:00,Яндекс.Маркет (Софьино),Екатеринбург,1548.5,,2026-01-05T10:00:00+00:00,demo
ORD-100590,21.04.2025,Sale to individual,T-S-004,T-Shirt #4,1960.0,2,2,22.04.2025,Delivered to buyer,2025-04-24 14:20:00,Яндекс.Маркет (Софьино),Казань,3332.0,,2026-01-05T10:00:00+00:00,demo
ORD-100590,21.04.2025,Sale to individual,HOO-008,Hoodie #8,5940.0,1,1,22.04.2025,Delivered to buyer,2025-04-24 14:20:00,Яндекс.Маркет (Софьино),Казань,5049.0,,2026-01-05T10:00:00+00:00,demo
ORD-100591,21.04.2025,Sale to individual,CAP-004,Cap #4,1680.0,1,1,25.04.2025,Delivered to buyer,2025-04-24 14:12:00,Яндекс.Маркет (Софьино),Екатеринбург,1596.0,,2026-01-05T10:00:00+00:00,demo
ORD-100591,21.04.2025,Sale to individual,CAP-004,Cap #4,1680.0,1,1,25.04.2025,Delivered to buyer,2025-04-26 14:12:00,Яндекс.Маркет (Софьино),Екатеринбург,1596.0,,2026-01-05T10:00:00+00:00,demo
ORD-100591,21.04.2025,Sale to individual,CAP-004,Cap #4,1680.0,2,2,25.04.2025,Delivered to buyer,2025-04-26 14:12:00,Яндекс.Маркет (Софьино),Екатеринбург,3360.0,,2026-01-05T10:00:00+00:00,demo
ORD-100592,21.04.2025,Sale to individual,T-S-010,T-Shirt #10,2800.0,2,2,22.04.2025,Return received in warehouse,2025-04-23 09:45:00,Яндекс.Маркет (Софьино),Екатеринбург,5040.0,5040.0,2026-01-05T10:00:00+00:00,demo
ORD-100592,21.04.2025,Sale to individual,T-S-002,T-Shirt #2,2190.0,1,1,22.04.2025,Return received in warehouse,2025-04-24 09:45:00,Яндекс.Маркет (Софьино),Екатеринбург,2190.0,2190.0,2026-01-05T10:00:00+00:00,demo
ORD-100593,21.04.2025,Sale to individual,HOO-003,Hoodie #3,4420.0,2,2,25.04.2025,Delivered to buyer,2025-04-23 20:19:00,Яндекс.Маркет (Софьино),Екатеринбург,7514.0,,2026-01-05T10:00:00+00:00,demo
ORD-100593,21.04.2025,Sale to individual,T-S-008,T-Shirt #8,2110.0,1,1,25.04.2025,Delivered to buyer,2025-04-23 20:19:00,Яндекс.Маркет (Софьино),Екатеринбург,1793.5,,2026-01-05T10:00:00+00:00,demo
ORD-100593,21.04.2025,Sale to individual,T-S-011,T-Shirt #11,2370.0,2,2,25.04.2025,Delivered to buyer,2025-04-25 20:19:00,Яндекс.Маркет (Софьино),Екатеринбург,4740.0,,2026-01-05T10:00:00+00:00,demo
ORD-100594,21.04.2025,Sale to individual,CAP-002,Cap #2,1800.0,1,1,25.04.2025,Delivered to buyer,2025-04-23 22:40:00,Яндекс.Маркет (Софьино),Санкт-Петербург,1620.0,,2026-01-05T10:00:00+00:00,demo
ORD-100594,21.04.2025,Sale to individual,T-S-002,T-Shirt #2,2190.0,1,1,25.04.2025,Delivered to buyer,2025-04-24 22:40:00,Яндекс.Маркет (Софьино),Санкт-Петербург,2190.0,,2026-01-05T10:00:00+00:00,demo
ORD-100595,22.04.2025,Sale to individual,T-S-008,T-Shirt #8,2110.0,1,1,23.04.2025,Delivered to buyer,2025-04-24 14:20:00,Яндекс.Маркет (Софьино),Санкт-Петербург,1793.5,,2026-01-05T10:00:00+00:00,demo
ORD-100595,22.04.2025,Sale to individual,T-S-011,T-Shirt #11,2370.0,2,2,23.04.2025,Delivered to buyer,2025-04-23 14:20:00,Яндекс.Маркет (Софьино),Санкт-Петербург,4740.0,,2026-01-05T10:00:00+00:00,demo
ORD-100595,22.04.2025,Sale to individual,CAP-004,Cap #4,1680.0,1,1,23.04.2025,Delivered to buyer,2025-04-23 14:20:00,Яндекс.Маркет (Софьино),Санкт-Петербург,1680.0,,2026-01-05T10:00:00+00:00,demo
ORD-100596,22.04.2025,Sale to individual,T-S-012,T-Shirt #12,2660.0,1,1,25.04.2025,Delivered to buyer,2025-04-24 20:52:00,Яндекс.Маркет (Софьино),Новосибирск,2660.0,,2026-01-05T10:00:00+00:00,demo
ORD-100596,22.04.2025,Sale to individual,ACC-005,Accessorie #5,1220.0,1,1,25.04.2025,Delivered to buyer,2025-04-23 20:52:00,Яндекс.Маркет (Софьино),Новосибирск,1220.0,,2026-01-05T10:00:00+00:00,demo
ORD-100597,22.04.2025,Sale to individual,HOO-004,Hoodie #4,5110.0,1,1,25.04.2025,Delivered to buyer,2025-04-23 20:51:00,Яндекс.Маркет (Софьино),Новосибирск,5110.0,,2026-01-05T10:00:00+00:00,demo
ORD-100597,22.04.2025,Sale to individual,HOO-007,Hoodie #7,6730.0,1,1,25.04.2025,Delivered to buyer,2025-04-25 20:51:00,Яндекс.Маркет (Софьино),Новосибирск,5720.5,,2026-01-05T10:00:00+00:00,demo
ORD-100597,22.04.2025,Sale to individual,T-S-002,T-Shirt #2,2190.0,1,1,25.04.2025,Delivered to buyer,2025-04-25 20:51:00,Яндекс.Маркет (Софьино),Новосибирск,1971.0,,2026-01-05T10:00:00+00:00,demo
ORD-100598,22.04.2025,Sale to individual,ACC-003,Accessorie #3,1190.0,1,0,,Cancelled,2025-04-27 18:56:00,Яндекс.Маркет (Софьино),Санкт-Петербург,,,2026-01-05T10:00:00+00:00,demo
ORD-100598,22.04.2025,Sale to individual,CAP-002,Cap #2,1800.0,1,0,,Cancelled,2025-04-27 18:56:00,Яндекс.Маркет (Софьино),Санкт-Петербург,,,2026-01-05T10:00:00+00:00,demo
ORD-100599,22.04.2025,Sale to individual,ACC-001,Accessorie #1,990.0,1,1,25.04.2025,Return received in warehouse,2025-04-27 22:33:00,Яндекс.Маркет (Софьино),Москва,940.5,940.5,2026-01-05T10:00:00+00:00,demo
ORD-100599,22.04.2025,Sale to individual,T-S-009,T-Shirt #9,2030.0,2,2,25.04.2025,Return received in warehouse,2025-04-26 22:33:00,Яндекс.Маркет (Софьино),Москва,4060.0,4060.0,2026-01-05T10:00:00+00:00,demo
ORD-100600,23.04.2025,Sale to individual,CAP-005,Cap #5,1800.0,2,2,27.04.2025,Delivered to buyer,2025-04-26 12:28:00,Яндекс.Маркет (Софьино),Москва,3060.0,,2026-01-05T10:00:00+00:00,demo
ORD-100601,23.04.2025,Sale to individual,HOO-008,Hoodie #8,5940.0,1,0,,Cancelled,2025-04-26 09:20:00,Яндекс.Маркет (Софьино),Санкт-Петербург,,,2026-01-05T10:00:00+00:00,demo
ORD-100601,23.04.2025,Sale to individual,ACC-004,Accessorie #4,1120.0,1,0,,Cancelled,2025-04-28 09:20:00,Яндекс.Маркет (Софьино),Санкт-Петербург,,,2026-01-05T10:00:00+00:00,demo
ORD-100602,23.04.2025,Sale to individual,ACC-003,Accessorie #3,1190.0,1,1,24.04.2025,Delivered to buyer,2025-04-24 21:47:00,Яндекс.Маркет (Софьино),Новосибирск,1130.5,,2026-01-05T10:00:00+00:00,demo
ORD-100602,23.04.2025,Sale to individual,HOO-008,Hoodie #8,5940.0,1,1,24.04.2025,Delivered to buyer,2025-04-27 21:47:00,Яндекс.Маркет (Софьино),Новосибирск,5346.0,,2026-01-05T10:00:00+00:00,demo
ORD-100602,23.04.2025,Sale to individual,T-S-009,T-Shirt #9,2030.0,1,1,24.04.2025,Delivered to buyer,2025-04-26 21:47:00,Яндекс.Маркет (Софьино),Новосибирск,1827.0,,2026-01-05T10:00:00+00:00,demo
ORD-100603,23.04.2025,Sale to individual,T-S-008,T-Shirt #8,2110.0,2,2,25.04.2025,Delivered to buyer,2025-04-27 09:59:00,Яндекс.Маркет (Софьино),Санкт-Петербург,4009.0,,2026-01-05T10:00:00+00:00,demo
ORD-100604,23.04.2025,Sale to individual,T-S-012,T-Shirt #12,2660.0,2,2,24.04.2025,Delivered to buyer,2025-04-25 12:55:00,Яндекс.Маркет (Софьино),Казань,5320.0,,2026-01-05T10:00:00+00:00,demo
ORD-100604,23.04.2025,Sale to individual,T-S-011,T-Shirt #11,2370.0,1,1,24.04.2025,Delivered to buyer,2025-04-24 12:55:00,Яндекс.Маркет (Софьино),Казань,2014.5,,2026-01-05T10:00:00+00:00,demo
ORD-100605,23.04.2025,Sale to individual,CAP-001,Cap #1,1630.0,2,2,26.04.2025,Delivered to buyer,2025-04-24 14:38:00,Яндекс.Маркет (Софьино),Санкт-Петербург,3260.0,,2026-01-05T10:00:00+00:00,demo
ORD-100605,23.04.2025,Sale to individual,CAP-002,Cap #2,1800.0,2,2,26.04.2025,Delivered to buyer,2025-04-26 14:38:00,Яндекс.Маркет (Софьино),Санкт-Петербург,3600.0,,2026-01-05T10:00:00+00:00,demo
ORD-100606,23.04.2025,Sale to individual,T-S-009,T-Shirt #9,2030.0,2,2,24.04.2025,Delivered to buyer,2025-04-27 17:05:00,Яндекс.Маркет (Софьино),Санкт-Петербург,3857.0,,2026-01-05T10:00:00+00:00,demo
ORD-100607,24.04.2025,Sale to individual,T-S-008,T-Shirt #8,2110.0,1,1,26.04.2025,Delivered to buyer,2025-04-26 21:47:00,Яндекс.Маркет (Софьино),Екатеринбург,2004.5,,2026-01-05T10:00:00+00:00,demo
ORD-100608,24.04.2025,Sale to individual,CAP-005,Cap #5,1800.0,1,1,26.04.2025,Delivered to buyer,2025-04-25 14:23:00,Яндекс.Маркет (Софьино),Екатеринбург,1800.0,,2026-01-05T10:00:00+00:00,demo
ORD-100608,24.04.2025,Sale to individual,ACC-003,Accessorie #3,1190.0,1,1,26.04.2025,Delivered to buyer,2025-04-28 14:23:00,Яндекс.Маркет (Софьино),Екатеринбург,1190.0,,2026-01-05T10:00:00+00:00,demo
ORD-100609,24.04.2025,Sale to individual,T-S-011,T-Shirt #11,2370.0,1,1,26.04.2025,Delivered to buyer,2025-04-25 12:44:00,Яндекс.Маркет (Софьино),Новосибирск,2370.0,,2026-01-05T10:00:00+00:00,demo
ORD-100610,24.04.2025,Sale to individual,CAP-002,Cap #2,1800.0,2,2,25.04.2025,Delivered to buyer,2025-04-25 10:36:00,Яндекс.Маркет (Софьино),Новосибирск,3240.0,,2026-01-05T10:00:00+00:00,demo
ORD-100611,24.04.2025,Sale to individual,T-S-010,T-Shirt #10,2800.0,2,2,26.04.2025,Delivered to buyer,2025-04-28 19:13:00,Яндекс.Маркет (Софьино),Новосибирск,5600.0,,2026-01-05T10:00:00+00:00,demo
ORD-100612,24.04.2025,Sale to individual,HOO-008,Hoodie #8,5940.0,1,1,27.04.2025,Delivered to buyer,2025-04-27 17:13:00,Яндекс.Маркет (Софьино),Санкт-Петербург,5643.0,,2026-01-05T10:00:00+00:00,demo
ORD-100612,24.04.2025,Sale to individual,T-S-011,T-Shirt #11,2370.0,1,1,27.04.2025,Delivered to buyer,2025-04-28 17:13:00,Яндекс.Маркет (Софьино),Санкт-Петербург,2014.5,,2026-01-05T10:00:00+00:00,demo
ORD-100612,24.04.2025,Sale to individual,T-S-011,T-Shirt #11,2370.0,1,1,27.04.2025,Delivered to buyer,2025-04-29 17:13:00,Яндекс.Маркет (Софьино),Санкт-Петербург,2251.5,,2026-01-05T10:00:00+00:00,demo
ORD-100613,24.04.2025,Sale to individual,T-S-012,T-Shirt #12,2660.0,2,0,,Cancelled,2025-04-28 18:29:00,Яндекс.Маркет (Софьино),Казань,,,2026-01-05T10:00:00+00:00,demo
ORD-100614,24.04.2025,Sale to individual,T-S-004,T-Shirt #4,1960.0,1,0,,Cancelled,2025-04-26 14:47:00,Яндекс.Маркет (Софьино),Москва,,,2026-01-05T10:00:00+00:00,demo
ORD-100615,25.04.2025,Sale to individual,T-S-009,T-Shirt #9,2030.0,2,2,26.04.2025,Delivered to buyer,2025-04-29 18:51:00,Яндекс.Маркет (Софьино),Екатеринбург,3857.0,,2026-01-05T10:00:00+00:00,demo
ORD-100616,25.04.2025,Sale to individual,T-S-008,T-Shirt #8,2110.0,1,0,,Cancelled,2025-04-27 13:08:00,Яндекс.Маркет (Софьино),Новосибирск,,,2026-01-05T10:00:00+00:00,demo
ORD-100616,25.04.2025,Sale to individual,T-S-007,T-Shirt #7,2890.0,1,0,,Cancelled,2025-04-30 13:08:00,Яндекс.Маркет (Софьино),Новосибирск,,,2026-01-05T10:00:00+00:00,demo
ORD-100617,25.04.2025,Sale to individual,T-S-002,T-Shirt #2,2190.0,2,2,26.04.2025,Delivered to buyer,2025-04-28 10:16:00,Яндекс.Маркет (Софьино),Санкт-Петербург,4161.0,,2026-01-05T10:00:00+00:00,demo
ORD-100618,25.04.2025,Sale to individual,CAP-004,Cap #4,1680.0,1,1,28.04.2025,Delivered to buyer,2025-04-27 12:57:00,Яндекс.Маркет (Софьино),Екатеринбург,1512.0,,2026-01-05T10:00:00+00:00,demo
ORD-100618,25.04.2025,Sale to individual,ACC-003,Accessorie #3,1190.0,1,1,28.04.2025,Delivered to buyer,2025-04-27 12:57:00,Яндекс.Маркет (Софьино),Екатеринбург,1071.0,,2026-01-05T10:00:00+00:00,demo
ORD-100619,25.04.2025,Sale to individual,T-S-008,T-Shirt #8,2110.0,1,1,29.04.2025,Delivered to buyer,2025-04-26 21:59:00,Яндекс.Маркет (Софьино),Москва,2110.0,,2026-01-05T10:00:00+00:00,demo
ORD-100620,26.04.2025,Sale to individual,T-S-005,T-Shirt #5,1950.0,1,1,30.04.2025,Delivered to buyer,2025-04-29 12:10:00,Яндекс.Маркет (Софьино),Новосибирск,1755.0,,2026-01-05T10:00:00+00:00,demo
ORD-100620,26.04.2025,Sale to individual,ACC-002,Accessorie #2,1440.0,2,2,30.04.2025,Delivered to buyer,2025-04-30 12:10:00,Яндекс.Маркет (Софьино),Новосибирск,2592.0,,2026-01-05T10:00:00+00:00,demo
ORD-100621,26.04.2025,Sale to individual,T-S-010,T-Shirt #10,2800.0,1,1,28.04.2025,Delivered to buyer,2025-04-28 21:46:00,Яндекс.Маркет (Софьино),Санкт-Петербург,2800.0,,2026-01-05T10:00:00+00:00,demo
ORD-100622,26.04.2025,Sale to individual,ACC-002,Accessorie #2,1440.0,1,1,29.04.2025,Return received in warehouse,2025-05-01 16:52:00,Яндекс.Маркет (Софьино),Екатеринбург,1224.0,1224.0,2026-01-05T10:00:00+00:00,demo
ORD-100622,26.04.2025,Sale to individual,HOO-005,Hoodie #5,4850.0,1,1,29.04.2025,Return received in warehouse,2025-04-27 16:52:00,Яндекс.Маркет (Софьино),Екатеринбург,4365.0,4365.0,2026-01-05T10:00:00+00:00,demo
ORD-100623,26.04.2025,Sale to individual,T-S-002,T-Shirt #2,2190.0,2,2,27.04.2025,Delivered to buyer,2025-05-01 20:31:00,Яндекс.Маркет (Софьино),Москва,4161.0,,2026-01-05T10:00:00+00:00,demo
ORD-100624,26.04.2025,Sale to individual,T-S-003,T-Shirt #3,2990.0,2,2,28.04.2025,Delivered to buyer,2025-05-01 21:20:00,Яндекс.Маркет (Софьино),Новосибирск,5681.0,,2026-01-05T10:00:00+00:00,demo
ORD-100625,26.04.2025,Sale to individual,HOO-006,Hoodie #6,6060.0,1,1,27.04.2025,Delivered to buyer,2025-04-27 08:21:00,Яндекс.Маркет (Софьино),Екатеринбург,6060.0,,2026-01-05T10:00:00+00:00,demo
ORD-100625,26.04.2025,Sale to individual,T-S-012,T-Shirt #12,2660.0,1,1,27.04.2025,Delivered to buyer,2025-04-27 08:21:00,Яндекс.Маркет (Софьино),Екатеринбург,2527.0,,2026-01-05T10:00:00+00:00,demo
ORD-100625,26.04.2025,Sale to individual,ACC-003,Accessorie #3,1190.0,1,1,27.04.2025,Delivered to buyer,2025-05-01 08:21:00,Яндекс.Маркет (Софьино),Екатеринбург,1011.5,,2026-01-05T10:00:00+00:00,demo
ORD-100626,26.04.2025,Sale to individual,T-S-009,T-Shirt #9,2030.0,1,1,29.04.2025,Delivered to buyer,2025-04-28 09:25:00,Яндекс.Маркет (Софьино),Новосибирск,2030.0,,2026-01-05T10:00:00+00:00,demo
ORD-100627,26.04.2025,Sale to individual,HOO-007,Hoodie #7,6730.0,1,1,30.04.2025,Delivered to buyer,2025-04-30 14:49:00,Яндекс.Маркет (Софьино),Санкт-Петербург,6393.5,,2026-01-05T10:00:00+00:00,demo
ORD-100628,27.04.2025,Sale to individual,HOO-008,Hoodie #8,5940.0,1,1,29.04.2025,Delivered to buyer,2025-05-01 22:43:00,Яндекс.Маркет (Софьино),Казань,5346.0,,2026-01-05T10:00:00+00:00,demo
ORD-100629,27.04.2025,Sale to individual,CAP-002,Cap #2,1800.0,1,1,01.05.2025,Delivered to buyer,2025-05-01 15:17:00,Яндекс.Маркет (Софьино),Казань,1620.0,,2026-01-05T10:00:00+00:00,demo
ORD-100630,27.04.2025,Sale to individual,HOO-008,Hoodie #8,5940.0,2,2,30.04.2025,Delivered to buyer,2025-05-02 08:32:00,Яндекс.Маркет (Софьино),Санкт-Петербург,10098.0,,2026-01-05T10:00:00+00:00,demo
ORD-100630,27.04.2025,Sale to individual,HOO-007,Hoodie #7,6730.0,1,1,30.04.2025,Delivered to buyer,2025-05-01 08:32:00,Яндекс.Маркет (Софьино),Санкт-Петербург,6393.5,,2026-01-05T10:00:00+00:00,demo
ORD-100631,27.04.2025,Sale to individual,T-S-007,T-Shirt #7,2890.0,1,1,01.05.2025,Delivered to buyer,2025-05-02 09:58:00,Яндекс.Маркет (Софьино),Санкт-Петербург,2890.0,,2026-01-05T10:00:00+00:00,demo
ORD-100632,27.04.2025,Sale to individual,T-S-003,T-Shirt #3,2990.0,2,2,28.04.2025,Delivered to buyer,2025-04-28 12:36:00,Яндекс.Маркет (Софьино),Москва,5382.0,,2026-01-05T10:00:00+00:00,demo
ORD-100632,27.04.2025,Sale to individual,T-S-002,T-Shirt #2,2190.0,2,2,28.04.2025,Delivered to buyer,2025-04-30 12:36:00,Яндекс.Маркет (Софьино),Москва,3723.0,,2026-01-05T10:00:00+00:00,demo
ORD-100633,27.04.2025,Sale to individual,T-S-002,T-Shirt #2,2190.0,1,1,28.04.2025,Delivered to buyer,2025-05-01 12:37:00,Яндекс.Маркет (Софьино),Новосибирск,2190.0,,2026-01-05T10:00:00+00:00,demo
ORD-100633,27.04.2025,Sale to individual,CAP-002,Cap #2,1800.0,1,1,28.04.2025,Delivered to buyer,2025-05-01 12:37:00,Яндекс.Маркет (Софьино),Новосибирск,1800.0,,2026-01-05T10:00:00+00:00,demo
ORD-100634,27.04.2025,Sale to individual,T-S-012,T-Shirt #12,2660.0,1,0,,Cancelled,2025-04-28 12:20:00,Яндекс.Маркет (Софьино),Санкт-Петербург,,,2026-01-05T10:00:00+00:00,demo
ORD-100634,27.04.2025,Sale to individual,CAP-004,Cap #4,1680.0,1,0,,Cancelled,2025-05-01 12:20:00,Яндекс.Маркет (Софьино),Санкт-Петербург,,,2026-01-05T10:00:00+00:00,demo
ORD-100634,27.04.2025,Sale to individual,T-S-010,T-Shirt #10,2800.0,1,0,,Cancelled,2025-05-01 12:20:00,Яндекс.Маркет (Софьино),Санкт-Петербург,,,2026-01-05T10:00:00+00:00,demo
ORD-100635,27.04.2025,Sale to individual,CAP-001,Cap #1,1630.0,2,2,01.05.2025,Delivered to buyer,2025-05-02 08:10:00,Яндекс.Маркет (Софьино),Екатеринбург,3097.0,,2026-01-05T10:00:00+00:00,demo
ORD-100635,27.04.2025,Sale to individual,CAP-005,Cap #5,1800.0,1,1,01.05.2025,Delivered to buyer,2025-04-30 08:10:00,Яндекс.Маркет (Софьино),Екатеринбург,1620.0,,2026-01-05T10:00:00+00:00,demo
ORD-100636,28.04.2025,Sale to individual,T-S-005,T-Shirt #5,1950.0,1,1,29.04.2025,Delivered to buyer,2025-04-30 10:08:00,Яндекс.Маркет (Софьино),Москва,1950.0,,2026-01-05T10:00:00+00:00,demo
ORD-100637,28.04.2025,Sale to individual,CAP-004,Cap #4,1680.0,1,1,30.04.2025,Delivered to buyer,2025-05-01 18:09:00,Яндекс.Маркет (Софьино),Екатеринбург,1680.0,,2026-01-05T10:00:00+00:00,demo
ORD-100637,28.04.2025,Sale to individual,CAP-005,Cap #5,1800.0,2,2,30.04.2025,Delivered to buyer,2025-05-02 18:09:00,Яндекс.Маркет (Софьино),Екатеринбург,3600.0,,2026-01-05T10:00:00+00:00,demo
ORD-100638,28.04.2025,Sale to individual,CAP-002,Cap #2,1800.0,2,2,30.04.2025,Delivered to buyer,2025-04-29 08:07:00,Яндекс.Маркет (Софьино),Новосибирск,3240.0,,2026-01-05T10:00:00+00:00,demo
ORD-100639,28.04.2025,Sale to individual,HOO-004,Hoodie #4,5110.0,1,1,30.04.2025,Delivered to buyer,2025-04-29 17:15:00,Яндекс.Маркет (Софьино),Новосибирск,4854.5,,2026-01-05T10:00:00+00:00,demo
ORD-100640,29.04.2025,Sale to individual,HOO-005,Hoodie #5,4850.0,2,2,03.05.2025,Delivered to buyer,2025-05-03 14:54:00,Яндекс.Маркет (Софьино),Москва,8730.0,,2026-01-05T10:00:00+00:00,demo
ORD-100640,29.04.2025,Sale to individual,CAP-002,Cap #2,1800.0,2,2,03.05.2025,Delivered to buyer,2025-04-30 14:54:00,Яндекс.Маркет (Софьино),Москва,3600.0,,2026-01-05T10:00:00+00:00,demo
ORD-100640,29.04.2025,Sale to individual,ACC-005,Accessorie #5,1220.0,1,1,03.05.2025,Delivered to buyer,2025-05-04 14:54:00,Яндекс.Маркет (Софьино),Москва,1098.0,,2026-01-05T10:00:00+00:00,demo
ORD-100641,29.04.2025,Sale to individual,T-S-011,T-Shirt #11,2370.0,2,2,02.05.2025,Delivered to buyer,2025-04-30 16:04:00,Яндекс.Маркет (Софьино),Казань,4266.0,,2026-01-05T10:00:00+00:00,demo
ORD-100641,29.04.2025,Sale to individual,T-S-012,T-Shirt #12,2660.0,1,1,02.05.2025,Delivered to buyer,2025-05-01 16:04:00,Яндекс.Маркет (Софьино),Казань,2527.0,,2026-01-05T10:00:00+00:00,demo
ORD-100641,29.04.2025,Sale to individual,T-S-012,T-Shirt #12,2660.0,2,2,02.05.2025,Delivered to buyer,2025-05-03 16:04:00,Яндекс.Маркет (Софьино),Казань,5054.0,,2026-01-05T10:00:00+00:00,demo
ORD-100642,29.04.2025,Sale to individual,CAP-005,Cap #5,1800.0,1,1,02.05.2025,Delivered to buyer,2025-05-03 16:14:00,Яндекс.Маркет (Софьино),Новосибирск,1710.0,,2026-01-05T10:00:00+00:00,demo
ORD-100642,29.04.2025,Sale to individual,CAP-002,Cap #2,1800.0,2,2,02.05.2025,Delivered to buyer,2025-05-03 16:14:00,Яндекс.Маркет (Софьино),Новосибирск,3420.0,,2026-01-05T10:00:00+00:00,demo
ORD-100643,29.04.2025,Sale to individual,CAP-002,Cap #2,1800.0,1,1,02.05.2025,Delivered to buyer,2025-05-03 17:13:00,Яндекс.Маркет (Софьино),Санкт-Петербург,1530.0,,2026-01-05T10:00:00+00:00,demo
ORD-100643,29.04.2025,Sale to individual,HOO-008,Hoodie #8,5940.0,1,1,02.05.2025,Delivered to buyer,2025-05-03 17:13:00,Яндекс.Маркет (Софьино),Санкт-Петербург,5346.0,,2026-01-05T10:00:00+00:00,demo
ORD-100643,29.04.2025,Sale to individual,T-S-006,T-Shirt #6,2570.0,1,1,02.05.2025,Delivered to buyer,2025-05-01 17:13:00,Яндекс.Маркет (Софьино),Санкт-Петербург,2570.0,,2026-01-05T10:00:00+00:00,demo
ORD-100644,29.04.2025,Sale to individual,T-S-010,T-Shirt #10,2800.0,1,1,02.05.2025,Delivered to buyer,2025-04-30 08:01:00,Яндекс.Маркет (Софьино),Санкт-Петербург,2380.0,,2026-01-05T10:00:00+00:00,demo
ORD-100645,29.04.2025,Sale to individual,T-S-008,T-Shirt #8,2110.0,1,1,30.04.2025,Delivered to buyer,2025-05-02 13:27:00,Яндекс.Маркет (Софьино),Новосибирск,2004.5,,2026-01-05T10:00:00+00:00,demo
ORD-100645,29.04.2025,Sale to individual,HOO-004,Hoodie #4,5110.0,1,1,30.04.2025,Delivered to buyer,2025-05-02 13:27:00,Яндекс.Маркет (Софьино),Новосибирск,4343.5,,2026-01-05T10:00:00+00:00,demo
ORD-100646,29.04.2025,Sale to individual,T-S-002,T-Shirt #2,2190.0,1,1,30.04.2025,Delivered to buyer,2025-05-04 21:44:00,Яндекс.Маркет (Софьино),Москва,1861.5,,2026-01-05T10:00:00+00:00,demo
ORD-100646,29.04.2025,Sale to individual,ACC-003,Accessorie #3,1190.0,1,1,30.04.2025,Delivered to buyer,2025-04-30 21:44:00,Яндекс.Маркет (Софьино),Москва,1011.5,,2026-01-05T10:00:00+00:00,demo
ORD-100646,29.04.2025,Sale to individual,CAP-004,Cap #4,1680.0,1,1,30.04.2025,Delivered to buyer,2025-04-30 21:44:00,Яндекс.Маркет (Софьино),Москва,1680.0,,2026-01-05T10:00:00+00:00,demo
ORD-100647,29.04.2025,Sale to individual,T-S-010,T-Shirt #10,2800.0,1,1,01.05.2025,Delivered to buyer,2025-05-02 22:23:00,Яндекс.Маркет (Софьино),Москва,2660.0,,2026-01-05T10:00:00+00:00,demo
ORD-100647,29.04.2025,Sale to individual,T-S-012,T-Shirt #12,2660.0,1,1,01.05.2025,Delivered to buyer,2025-05-01 22:23:00,Яндекс.Маркет (Софьино),Москва,2660.0,,2026-01-05T10:00:00+00:00,demo
ORD-100647,29.04.2025,Sale to individual,HOO-001,Hoodie #1,5990.0,2,2,01.05.2025,Delivered to buyer,2025-04-30 22:23:00,Яндекс.Маркет (Софьино),Москва,10782.0,,2026-01-05T10:00:00+00:00,demo
ORD-100648,29.04.2025,Sale to individual,T-S-010,T-Shirt #10,2800.0,1,1,03.05.2025,Delivered to buyer,2025-05-02 21:51:00,Яндекс.Маркет (Софьино),Санкт-Петербург,2660.0,,2026-01-05T10:00:00+00:00,demo
ORD-100649,29.04.2025,Sale to individual,HOO-008,Hoodie #8,5940.0,1,0,,Cancelled,2025-05-03 20:26:00,Яндекс.Маркет (Софьино),Новосибирск,,,2026-01-05T10:00:00+00:00,demo
ORD-100649,29.04.2025,Sale to individual,T-S-007,T-Shirt #7,2890.0,2,0,,Cancelled,2025-05-03 20:26:00,Яндекс.Маркет (Софьино),Новосибирск,,,2026-01-05T10:00:00+00:00,demo
ORD-100649,29.04.2025,Sale to individual,CAP-002,Cap #2,1800.0,1,0,,Cancelled,2025-05-03 20:26:00,Яндекс.Маркет (Софьино),Новосибирск,,,2026-01-05T10:00:00+00:00,demo
ORD-100650,30.04.2025,Sale to individual,T-S-010,T-Shirt #10,2800.0,1,1,01.05.2025,Delivered to buyer,2025-05-01 20:00:00,Яндекс.Маркет (Софьино),Новосибирск,2520.0,,2026-01-05T10:00:00+00:00,demo
ORD-100651,30.04.2025,Sale to individual,T-S-002,T-Shirt #2,2190.0,1,1,02.05.2025,Delivered to buyer,2025-05-04 20:02:00,Яндекс.Маркет (Софьино),Екатеринбург,1971.0,,2026-01-05T10:00:00+00:00,demo
ORD-100651,30.04.2025,Sale to individual,HOO-007,Hoodie #7,6730.0,1,1,02.05.2025,Delivered to buyer,2025-05-03 20:02:00,Яндекс.Маркет (Софьино),Екатеринбург,6393.5,,2026-01-05T10:00:00+00:00,demo
ORD-100652,30.04.2025,Sale to individual,T-S-011,T-Shirt #11,2370.0,2,2,02.05.2025,Delivered to buyer,2025-05-04 21:17:00,Яндекс.Маркет (Софьино),Екатеринбург,4503.0,,2026-01-05T10:00:00+00:00,demo
ORD-100652,30.04.2025,Sale to individual,HOO-007,Hoodie #7,6730.0,1,1,02.05.2025,Delivered to buyer,2025-05-01 21:17:00,Яндекс.Маркет (Софьино),Екатеринбург,6393.5,,2026-01-05T10:00:00+00:00,demo
ORD-100652,30.04.2025,Sale to individual,ACC-002,Accessorie #2,1440.0,1,1,02.05.2025,Delivered to buyer,2025-05-03 21:17:00,Яндекс.Маркет (Софьино),Екатеринбург,1224.0,,2026-01-05T10:00:00+00:00,demo
ORD-100653,30.04.2025,Sale to individual,ACC-005,Accessorie #5,1220.0,1,1,02.05.2025,Delivered to buyer,2025-05-03 19:46:00,Яндекс.Маркет (Софьино),Москва,1037.0,,2026-01-05T10:00:00+00:00,demo
ORD-100653,30.04.2025,Sale to individual,T-S-010,T-Shirt #10,2800.0,1,1,02.05.2025,Delivered to buyer,2025-05-01 19:46:00,Яндекс.Маркет (Софьино),Москва,2800.0,,2026-01-05T10:00:00+00:00,demo
ORD-100654,30.04.2025,Sale to individual,CAP-002,Cap #2,1800.0,1,1,02.05.2025,Delivered to buyer,2025-05-03 17:16:00,Яндекс.Маркет (Софьино),Екатеринбург,1800.0,,2026-01-05T10:00:00+00:00,demo
ORD-100655,30.04.2025,Sale to individual,T-S-002,T-Shirt #2,2190.0,2,2,03.05.2025,Delivered to buyer,2025-05-05 18:32:00,Яндекс.Маркет (Софьино),Москва,4161.0,,2026-01-05T10:00:00+00:00,demo
ORD-100656,30.04.2025,Sale to individual,CAP-004,Cap #4,1680.0,1,1,03.05.2025,Return received in warehouse,2025-05-03 08:29:00,Яндекс.Маркет (Софьино),Екатеринбург,1596.0,1596.0,2026-01-05T10:00:00+00:00,demo
ORD-100657,30.04.2025,Sale to individual,T-S-010,T-Shirt #10,2800.0,1,1,02.05.2025,Delivered to buyer,2025-05-04 18:50:00,Яндекс.Маркет (Софьино),Екатеринбург,2660.0,,2026-01-05T10:00:00+00:00,demo
ORD-100657,30.04.2025,Sale to individual,CAP-002,Cap #2,1800.0,1,1,02.05.2025,Delivered to buyer,2025-05-04 18:50:00,Яндекс.Маркет (Софьино),Екатеринбург,1800.0,,2026-01-05T10:00:00+00:00,demo
ORD-100657,30.04.2025,Sale to individual,T-S-004,T-Shirt #4,1960.0,2,2,02.05.2025,Delivered to buyer,2025-05-01 18:50:00,Яндекс.Маркет (Софьино),Екатеринбург,3920.0,,2026-01-05T10:00:00+00:00,demo
ORD-100658,30.04.2025,Sale to individual,T-S-008,T-Shirt #8,2110.0,2,2,02.05.2025,Delivered to buyer,2025-05-05 14:56:00,Яндекс.Маркет (Софьино),Екатеринбург,3587.0,,2026-01-05T10:00:00+00:00,demo
ORD-100658,30.04.2025,Sale to individual,T-S-003,T-Shirt #3,2990.0,2,2,02.05.2025,Delivered to buyer,2025-05-05 14:56:00,Яндекс.Маркет (Софьино),Екатеринбург,5681.0,,2026-01-05T10:00:00+00:00,demo
ORD-100659,30.04.2025,Sale to individual,ACC-003,Accessorie #3,1190.0,1,1,04.05.2025,Delivered to buyer,2025-05-02 18:27:00,Яндекс.Маркет (Софьино),Санкт-Петербург,1011.5,,2026-01-05T10:00:00+00:00,demo
ORD-100659,30.04.2025,Sale to individual,T-S-012,T-Shirt #12,2660.0,2,2,04.05.2025,Delivered to buyer,2025-05-02 18:27:00,Яндекс.Маркет (Софьино),Санкт-Петербург,4788.0,,2026-01-05T10:00:00+00:00,demo
ORD-100659,30.04.2025,Sale to individual,ACC-004,Accessorie #4,1120.0,1,1,04.05.2025,Delivered to buyer,2025-05-04 18:27:00,Яндекс.Маркет (Софьино),Санкт-Петербург,1120.0,,2026-01-05T10:00:00+00:00,demo
ORD-100660,01.05.2025,Sale to individual,CAP-005,Cap #5,1800.0,1,1,02.05.2025,Delivered to buyer,2025-05-06 13:58:00,Яндекс.Маркет (Софьино),Казань,1800.0,,2026-01-05T10:00:00+00:00,demo
ORD-100660,01.05.2025,Sale to individual,T-S-005,T-Shirt #5,1950.0,1,1,02.05.2025,Delivered to buyer,2025-05-04 13:58:00,Яндекс.Маркет (Софьино),Казань,1950.0,,2026-01-05T10:00:00+00:00,demo
ORD-100661,01.05.2025,Sale to individual,T-S-002,T-Shirt #2,2190.0,2,2,04.05.2025,Delivered to buyer,2025-05-04 13:19:00,Яндекс.Маркет (Софьино),Екатеринбург,4380.0,,2026-01-05T10:00:00+00:00,demo
ORD-100661,01.05.2025,Sale to individual,T-S-007,T-Shirt #7,2890.0,1,1,04.05.2025,Delivered to buyer,2025-05-03 13:19:00,Яндекс.Маркет (Софьино),Екатеринбург,2890.0,,2026-01-05T10:00:00+00:00,demo
ORD-100662,01.05.2025,Sale to individual,T-S-010,T-Shirt #10,2800.0,2,2,02.05.2025,Return received in warehouse,2025-05-04 15:00:00,Яндекс.Маркет (Софьино),Новосибирск,4760.0,4760.0,2026-01-05T10:00:00+00:00,demo
ORD-100662,01.05.2025,Sale to individual,CAP-005,Cap #5,1800.0,2,2,02.05.2025,Return received in warehouse,2025-05-05 15:00:00,Яндекс.Маркет (Софьино),Новосибирск,3420.0,3420.0,2026-01-05T10:00:00+00:00,demo
ORD-100663,01.05.2025,Sale to individual,HOO-001,Hoodie #1,5990.0,2,2,03.05.2025,Delivered to buyer,2025-05-03 21:46:00,Яндекс.Маркет (Софьино),Новосибирск,10782.0,,2026-01-05T10:00:00+00:00,demo
ORD-100664,02.05.2025,Sale to individual,T-S-009,T-Shirt #9,2030.0,1,1,06.05.2025,Return received in warehouse,2025-05-05 13:05:00,Яндекс.Маркет (Софьино),Екатеринбург,1827.0,1827.0,2026-01-05T10:00:00+00:00,demo
ORD-100664,02.05.2025,Sale to individual,T-S-011,T-Shirt #11,2370.0,1,1,06.05.2025,Return received in warehouse,2025-05-03 13:05:00,Яндекс.Маркет (Софьино),Екатеринбург,2370.0,2370.0,2026-01-05T10:00:00+00:00,demo
ORD-100665,02.05.2025,Sale to individual,HOO-007,Hoodie #7,6730.0,1,1,05.05.2025,Delivered to buyer,2025-05-07 18:50:00,Яндекс.Маркет (Софьино),Москва,5720.5,,2026-01-05T10:00:00+00:00,demo
ORD-100665,02.05.2025,Sale to individual,HOO-007,Hoodie #7,6730.0,1,1,05.05.2025,Delivered to buyer,2025-05-07 18:50:00,Яндекс.Маркет (Софьино),Москва,5720.5,,2026-01-05T10:00:00+00:00,demo
ORD-100666,02.05.2025,Sale to individual,HOO-007,Hoodie #7,6730.0,1,1,03.05.2025,Delivered to buyer,2025-05-05 20:30:00,Яндекс.Маркет (Софьино),Екатеринбург,6730.0,,2026-01-05T10:00:00+00:00,demo
ORD-100667,02.05.2025,Sale to individual,CAP-004,Cap #4,1680.0,1,1,06.05.2025,Delivered to buyer,2025-05-07 11:53:00,Яндекс.Маркет (Софьино),Екатеринбург,1512.0,,2026-01-05T10:00:00+00:00,demo
ORD-100668,02.05.2025,Sale to individual,T-S-012,T-Shirt #12,2660.0,1,1,03.05.2025,Delivered to buyer,2025-05-05 15:55:00,Яндекс.Маркет (Софьино),Новосибирск,2261.0,,2026-01-05T10:00:00+00:00,demo
ORD-100669,02.05.2025,Sale to individual,HOO-003,Hoodie #3,4420.0,1,1,03.05.2025,Delivered to buyer,2025-05-05 12:05:00,Яндекс.Маркет (Софьино),Казань,4420.0,,2026-01-05T10:00:00+00:00,demo
ORD-100670,02.05.2025,Sale to individual,HOO-008,Hoodie #8,5940.0,1,1,05.05.2025,Return received in warehouse,2025-05-03 09:09:00,Яндекс.Маркет (Софьино),Казань,5940.0,5940.0,2026-01-05T10:00:00+00:00,demo
ORD-100670,02.05.2025,Sale to individual,T-S-002,T-Shirt #2,2190.0,1,1,05.05.2025,Return received in warehouse,2025-05-03 09:09:00,Яндекс.Маркет (Софьино),Казань,1971.0,1971.0,2026-01-05T10:00:00+00:00,demo
ORD-100671,02.05.2025,Sale to individual,T-S-010,T-Shirt #10,2800.0,1,1,05.05.2025,Delivered to buyer,2025-05-04 10:26:00,Яндекс.Маркет (Софьино),Москва,2800.0,,2026-01-05T10:00:00+00:00,demo
ORD-100672,03.05.2025,Sale to individual,T-S-009,T-Shirt #9,2030.0,2,2,07.05.2025,Delivered to buyer,2025-05-07 16:48:00,Яндекс.Маркет (Софьино),Казань,3451.0,,2026-01-05T10:00:00+00:00,demo
ORD-100673,03.05.2025,Sale to individual,T-S-009,T-Shirt #9,2030.0,1,1,07.05.2025,Delivered to buyer,2025-05-08 15:01:00,Яндекс.Маркет (Софьино),Екатеринбург,2030.0,,2026-01-05T10:00:00+00:00,demo
ORD-100673,03.05.2025,Sale to individual,ACC-001,Accessorie #1,990.0,1,1,07.05.2025,Delivered to buyer,2025-05-08 15:01:00,Яндекс.Маркет (Софьино),Екатеринбург,940.5,,2026-01-05T10:00:00+00:00,demo
ORD-100673,03.05.2025,Sale to individual,T-S-009,T-Shirt #9,2030.0,2,2,07.05.2025,Delivered to buyer,2025-05-04 15:01:00,Яндекс.Маркет (Софьино),Екатеринбург,3654.0,,2026-01-05T10:00:00+00:00,demo
ORD-100674,03.05.2025,Sale to individual,HOO-003,Hoodie #3,4420.0,1,1,05.05.2025,Delivered to buyer,2025-05-07 16:13:00,Яндекс.Маркет (Софьино),Санкт-Петербург,3757.0,,2026-01-05T10:00:00+00:00,demo
ORD-100675,03.05.2025,Sale to individual,ACC-004,Accessorie #4,1120.0,1,1,04.05.2025,Delivered to buyer,2025-05-07 15:02:00,Яндекс.Маркет (Софьино),Санкт-Петербург,1120.0,,2026-01-05T10:00:00+00:00,demo
ORD-100675,03.05.2025,Sale to individual,HOO-006,Hoodie #6,6060.0,1,1,04.05.2025,Delivered to buyer,2025-05-06 15:02:00,Яндекс.Маркет (Софьино),Санкт-Петербург,5151.0,,2026-01-05T10:00:00+00:00,demo
ORD-100676,03.05.2025,Sale to individual,CAP-004,Cap #4,1680.0,1,0,,Cancelled,2025-05-04 14:22:00,Яндекс.Маркет (Софьино),Санкт-Петербург,,,2026-01-05T10:00:00+00:00,demo
ORD-100676,03.05.2025,Sale to individual,T-S-010,T-Shirt #10,2800.0,2,0,,Cancelled,2025-05-05 14:22:00,Яндекс.Маркет (Софьино),Санкт-Петербург,,,2026-01-05T10:00:00+00:00,demo
ORD-100677,03.05.2025,Sale to individual,HOO-006,Hoodie #6,6060.0,1,0,,Cancelled,2025-05-07 16:17:00,Яндекс.Маркет (Софьино),Казань,,,2026-01-05T10:00:00+00:00,demo
ORD-100678,03.05.2025,Sale to individual,T-S-008,T-Shirt #8,2110.0,1,1,06.05.2025,Delivered to buyer,2025-05-05 11:42:00,Яндекс.Маркет (Софьино),Екатеринбург,2110.0,,2026-01-05T10:00:00+00:00,demo
ORD-100679,04.05.2025,Sale to individual,ACC-002,Accessorie #2,1440.0,2,2,08.05.2025,Delivered to buyer,2025-05-08 22:00:00,Яндекс.Маркет (Софьино),Санкт-Петербург,2448.0,,2026-01-05T10:00:00+00:00,demo
ORD-100680,04.05.2025,Sale to individual,HOO-007,Hoodie #7,6730.0,1,1,05.05.2025,Return received in warehouse,2025-05-08 14:34:00,Яндекс.Маркет (Софьино),Новосибирск,6393.5,6393.5,2026-01-05T10:00:00+00:00,demo
ORD-100680,04.05.2025,Sale to individual,HOO-003,Hoodie #3,4420.0,1,1,05.05.2025,Return received in warehouse,2025-05-06 14:34:00,Яндекс.Маркет (Софьино),Новосибирск,3978.0,3978.0,2026-01-05T10:00:00+00:00,demo
ORD-100680,04.05.2025,Sale to individual,ACC-002,Accessorie #2,1440.0,1,1,05.05.2025,Return received in warehouse,2025-05-08 14:34:00,Яндекс.Маркет (Софьино),Новосибирск,1440.0,1440.0,2026-01-05T10:00:00+00:00,demo
ORD-100681,04.05.2025,Sale to individual,T-S-008,T-Shirt #8,2110.0,1,1,08.05.2025,Delivered to buyer,2025-05-06 22:12:00,Яндекс.Маркет (Софьино),Москва,2004.5,,2026-01-05T10:00:00+00:00,demo
ORD-100682,04.05.2025,Sale to individual,T-S-008,T-Shirt #8,2110.0,1,1,07.05.2025,Delivered to buyer,2025-05-09 21:39:00,Яндекс.Маркет (Софьино),Москва,1899.0,,2026-01-05T10:00:00+00:00,demo
ORD-100682,04.05.2025,Sale to individual,ACC-004,Accessorie #4,1120.0,1,1,07.05.2025,Delivered to buyer,2025-05-06 21:39:00,Яндекс.Маркет (Софьино),Москва,1120.0,,2026-01-05T10:00:00+00:00,demo
ORD-100682,04.05.2025,Sale to individual,ACC-004,Accessorie #4,1120.0,2,2,07.05.2025,Delivered to buyer,2025-05-07 21:39:00,Яндекс.Маркет (Софьино),Москва,2240.0,,2026-01-05T10:00:00+00:00,demo
ORD-100683,04.05.2025,Sale to individual,T-S-008,T-Shirt #8,2110.0,1,1,06.05.2025,Delivered to buyer,2025-05-09 16:31:00,Яндекс.Маркет (Софьино),Екатеринбург,2110.0,,2026-01-05T10:00:00+00:00,demo
ORD-100683,04.05.2025,Sale to individual,CAP-002,Cap #2,1800.0,1,1,06.05.2025,Delivered to buyer,2025-05-06 16:31:00,Яндекс.Маркет (Софьино),Екатеринбург,1800.0,,2026-01-05T10:00:00+00:00,demo
ORD-100684,05.05.2025,Sale to individual,CAP-004,Cap #4,1680.0,1,1,08.05.2025,Delivered to buyer,2025-05-09 22:33:00,Яндекс.Маркет (Софьино),Москва,1428.0,,2026-01-05T10:00:00+00:00,demo
ORD-100685,05.05.2025,Sale to individual,T-S-011,T-Shirt #11,2370.0,1,1,06.05.2025,Delivered to buyer,2025-05-10 14:41:00,Яндекс.Маркет (Софьино),Новосибирск,2370.0,,2026-01-05T10:00:00+00:00,demo
ORD-100686,05.05.2025,Sale to individual,T-S-008,T-Shirt #8,2110.0,1,1,06.05.2025,Delivered to buyer,2025-05-09 15:23:00,Яндекс.Маркет (Софьино),Новосибирск,2110.0,,2026-01-05T10:00:00+00:00,demo
ORD-100686,05.05.2025,Sale to individual,T-S-009,T-Shirt #9,2030.0,1,1,06.05.2025,Delivered to buyer,2025-05-06 15:23:00,Яндекс.Маркет (Софьино),Новосибирск,1928.5,,2026-01-05T10:00:00+00:00,demo
ORD-100686,05.05.2025,Sale to individual,T-S-011,T-Shirt #11,2370.0,1,1,06.05.2025,Delivered to buyer,2025-05-09 15:23:00,Яндекс.Маркет (Софьино),Новосибирск,2370.0,,2026-01-05T10:00:00+00:00,demo
ORD-100687,05.05.2025,Sale to individual,T-S-010,T-Shirt #10,2800.0,1,1,07.05.2025,Delivered to buyer,2025-05-09 22:15:00,Яндекс.Маркет (Софьино),Москва,2800.0,,2026-01-05T10:00:00+00:00,demo
ORD-100688,05.05.2025,Sale to individual,T-S-009,T-Shirt #9,2030.0,1,1,08.05.2025,Delivered to buyer,2025-05-06 20:01:00,Яндекс.Маркет (Софьино),Новосибирск,1928.5,,2026-01-05T10:00:00+00:00,demo
ORD-100689,05.05.2025,Sale to individual,CAP-003,Cap #3,1680.0,2,2,07.05.2025,Delivered to buyer,2025-05-09 16:50:00,Яндекс.Маркет (Софьино),Екатеринбург,3360.0,,2026-01-05T10:00:00+00:00,demo
ORD-100690,05.05.2025,Sale to individual,T-S-010,T-Shirt #10,2800.0,1,1,06.05.2025,Delivered to buyer,2025-05-09 09:05:00,Яндекс.Маркет (Софьино),Москва,2800.0,,2026-01-05T10:00:00+00:00,demo
ORD-100691,06.05.2025,Sale to individual,T-S-004,T-Shirt #4,1960.0,1,1,10.05.2025,Delivered to buyer,2025-05-10 12:39:00,Яндекс.Маркет (Софьино),Москва,1862.0,,2026-01-05T10:00:00+00:00,demo
ORD-100692,06.05.2025,Sale to individual,CAP-005,Cap #5,1800.0,1,1,10.05.2025,Delivered to buyer,2025-05-10 09:39:00,Яндекс.Маркет (Софьино),Екатеринбург,1620.0,,2026-01-05T10:00:00+00:00,demo
ORD-100693,06.05.2025,Sale to individual,HOO-007,Hoodie #7,6730.0,2,2,07.05.2025,Delivered to buyer,2025-05-09 20:27:00,Яндекс.Маркет (Софьино),Москва,11441.0,,2026-01-05T10:00:00+00:00,demo
ORD-100694,06.05.2025,Sale to individual,HOO-005,Hoodie #5,4850.0,1,1,07.05.2025,Delivered to buyer,2025-05-08 11:06:00,Яндекс.Маркет (Софьино),Москва,4122.5,,2026-01-05T10:00:00+00:00,demo
ORD-100695,06.05.2025,Sale to individual,T-S-012,T-Shirt #12,2660.0,1,1,09.05.2025,Delivered to buyer,2025-05-07 16:16:00,Яндекс.Маркет (Софьино),Санкт-Петербург,2660.0,,2026-01-05T10:00:00+00:00,demo
ORD-100695,06.05.2025,Sale to individual,HOO-006,Hoodie #6,6060.0,1,1,09.05.2025,Delivered to buyer,2025-05-09 16:16:00,Яндекс.Маркет (Софьино),Санкт-Петербург,6060.0,,2026-01-05T10:00:00+00:00,demo
ORD-100696,06.05.2025,Sale to individual,HOO-005,Hoodie #5,4850.0,1,1,09.05.2025,Delivered to buyer,2025-05-10 14:32:00,Яндекс.Маркет (Софьино),Екатеринбург,4850.0,,2026-01-05T10:00:00+00:00,demo
ORD-100697,06.05.2025,Sale to individual,ACC-004,Accessorie #4,1120.0,1,1,09.05.2025,Delivered to buyer,2025-05-08 17:21:00,Яндекс.Маркет (Софьино),Екатеринбург,1120.0,,2026-01-05T10:00:00+00:00,demo
ORD-100698,06.05.2025,Sale to individual,T-S-010,T-Shirt #10,2800.0,1,1,07.05.2025,Delivered to buyer,2025-05-08 21:53:00,Яндекс.Маркет (Софьино),Санкт-Петербург,2660.0,,2026-01-05T10:00:00+00:00,demo
ORD-100698,06.05.2025,Sale to individual,ACC-004,Accessorie #4,1120.0,2,2,07.05.2025,Delivered to buyer,2025-05-11 21:53:00,Яндекс.Маркет (Софьино),Санкт-Петербург,2016.0,,2026-01-05T10:00:00+00:00,demo
ORD-100699,06.05.2025,Sale to individual,T-S-010,T-Shirt #10,2800.0,2,0,,Cancelled,2025-05-10 13:54:00,Яндекс.Маркет (Софьино),Москва,,,2026-01-05T10:00:00+00:00,demo
ORD-100699,06.05.2025,Sale to individual,T-S-010,T-Shirt #10,2800.0,1,0,,Cancelled,2025-05-08 13:54:00,Яндекс.Маркет (Софьино),Москва,,,2026-01-05T10:00:00+00:00,demo
ORD-100700,06.05.2025,Sale to individual,T-S-012,T-Shirt #12,2660.0,2,0,,Cancelled,2025-05-10 11:29:00,Яндекс.Маркет (Софьино),Казань,,,2026-01-05T10:00:00+00:00,demo
ORD-100701,07.05.2025,Sale to individual,HOO-004,Hoodie #4,5110.0,1,1,10.05.2025,Delivered to buyer,2025-05-09 08:04:00,Яндекс.Маркет (Софьино),Санкт-Петербург,4599.0,,2026-01-05T10:00:00+00:00,demo
ORD-100702,07.05.2025,Sale to individual,ACC-004,Accessorie #4,1120.0,1,1,10.05.2025,Delivered to buyer,2025-05-09 17:58:00,Яндекс.Маркет (Софьино),Санкт-Петербург,1064.0,,2026-01-05T10:00:00+00:00,demo
ORD-100703,07.05.2025,Sale to individual,CAP-004,Cap #4,1680.0,1,1,09.05.2025,Delivered to buyer,2025-05-08 22:16:00,Яндекс.Маркет (Софьино),Санкт-Петербург,1680.0,,2026-01-05T10:00:00+00:00,demo
ORD-100704,07.05.2025,Sale to individual,CAP-004,Cap #4,1680.0,2,2,08.05.2025,Delivered to buyer,2025-05-10 21:16:00,Яндекс.Маркет (Софьино),Санкт-Петербург,3360.0,,2026-01-05T10:00:00+00:00,demo
ORD-100705,07.05.2025,Sale to individual,CAP-004,Cap #4,1680.0,2,2,09.05.2025,Delivered to buyer,2025-05-08 12:29:00,Яндекс.Маркет (Софьино),Санкт-Петербург,3360.0,,2026-01-05T10:00:00+00:00,demo
ORD-100706,07.05.2025,Sale to individual,T-S-008,T-Shirt #8,2110.0,1,1,09.05.2025,Delivered to buyer,2025-05-12 22:59:00,Яндекс.Маркет (Софьино),Новосибирск,2004.5,,2026-01-05T10:00:00+00:00,demo
ORD-100707,07.05.2025,Sale to individual,HOO-005,Hoodie #5,4850.0,1,1,08.05.2025,Delivered to buyer,2025-05-09 18:15:00,Яндекс.Маркет (Софьино),Казань,4607.5,,2026-01-05T10:00:00+00:00,demo
ORD-100707,07.05.2025,Sale to individual,CAP-005,Cap #5,1800.0,1,1,08.05.2025,Delivered to buyer,2025-05-09 18:15:00,Яндекс.Маркет (Софьино),Казань,1710.0,,2026-01-05T10:00:00+00:00,demo
ORD-100708,07.05.2025,Sale to individual,CAP-002,Cap #2,1800.0,1,1,11.05.2025,Delivered to buyer,2025-05-12 17:56:00,Яндекс.Маркет (Софьино),Новосибирск,1800.0,,2026-01-05T10:00:00+00:00,demo
ORD-100709,07.05.2025,Sale to individual,HOO-002,Hoodie #2,4910.0,2,2,10.05.2025,Delivered to buyer,2025-05-11 20:56:00,Яндекс.Маркет (Софьино),Казань,8838.0,,2026-01-05T10:00:00+00:00,demo
ORD-100709,07.05.2025,Sale to individual,T-S-008,T-Shirt #8,2110.0,1,1,10.05.2025,Delivered to buyer,2025-05-11 20:56:00,Яндекс.Маркет (Софьино),Казань,1793.5,,2026-01-05T10:00:00+00:00,demo
ORD-100710,07.05.2025,Sale to individual,T-S-008,T-Shirt #8,2110.0,2,2,08.05.2025,Delivered to buyer,2025-05-11 22:50:00,Яндекс.Маркет (Софьино),Санкт-Петербург,4220.0,,2026-01-05T10:00:00+00:00,demo
ORD-100711,08.05.2025,Sale to individual,T-S-007,T-Shirt #7,2890.0,1,1,12.05.2025,Delivered to buyer,2025-05-09 12:27:00,Яндекс.Маркет (Софьино),Казань,2890.0,,2026-01-05T10:00:00+00:00,demo
ORD-100711,08.05.2025,Sale to individual,CAP-004,Cap #4,1680.0,1,1,12.05.2025,Delivered to buyer,2025-05-13 12:27:00,Яндекс.Маркет (Софьино),Казань,1512.0,,2026-01-05T10:00:00+00:00,demo
ORD-100712,08.05.2025,Sale to individual,HOO-001,Hoodie #1,5990.0,2,2,09.05.2025,Delivered to buyer,2025-05-12 11:37:00,Яндекс.Маркет (Софьино),Новосибирск,10782.0,,2026-01-05T10:00:00+00:00,demo
ORD-100712,08.05.2025,Sale to individual,T-S-010,T-Shirt #10,2800.0,1,1,09.05.2025,Delivered to buyer,2025-05-11 11:37:00,Яндекс.Маркет (Софьино),Новосибирск,2520.0,,2026-01-05T10:00:00+00:00,demo
ORD-100713,08.05.2025,Sale to individual,T-S-009,T-Shirt #9,2030.0,1,1,10.05.2025,Delivered to buyer,2025-05-13 14:01:00,Яндекс.Маркет (Софьино),Казань,1928.5,,2026-01-05T10:00:00+00:00,demo
ORD-100713,08.05.2025,Sale to individual,HOO-007,Hoodie #7,6730.0,1,1,10.05.2025,Delivered to buyer,2025-05-10 14:01:00,Яндекс.Маркет (Софьино),Казань,6393.5,,2026-01-05T10:00:00+00:00,demo
ORD-100714,08.05.2025,Sale to individual,HOO-003,Hoodie #3,4420.0,1,1,11.05.2025,Delivered to buyer,2025-05-11 09:04:00,Яндекс.Маркет (Софьино),Казань,4199.0,,2026-01-05T10:00:00+00:00,demo
ORD-100715,08.05.2025,Sale to individual,CAP-002,Cap #2,1800.0,1,1,11.05.2025,Delivered to buyer,2025-05-11 19:52:00,Яндекс.Маркет (Софьино),Санкт-Петербург,1800.0,,2026-01-05T10:00:00+00:00,demo
ORD-100716,08.05.2025,Sale to individual,CAP-004,Cap #4,1680.0,2,2,12.05.2025,Delivered to buyer,2025-05-10 21:22:00,Яндекс.Маркет (Софьино),Москва,2856.0,,2026-01-05T10:00:00+00:00,demo
ORD-100716,08.05.2025,Sale to individual,CAP-002,Cap #2,1800.0,2,2,12.05.2025,Delivered to buyer,2025-05-10 21:22:00,Яндекс.Маркет (Софьино),Москва,3600.0,,2026-01-05T10:00:00+00:00,demo
ORD-100717,08.05.2025,Sale to individual,HOO-001,Hoodie #1,5990.0,2,0,,Cancelled,2025-05-11 19:13:00,Яндекс.Маркет (Софьино),Екатеринбург,,,2026-01-05T10:00:00+00:00,demo
ORD-100718,08.05.2025,Sale to individual,CAP-003,Cap #3,1680.0,2,2,10.05.2025,Delivered to buyer,2025-05-13 13:54:00,Яндекс.Маркет (Софьино),Санкт-Петербург,3024.0,,2026-01-05T10:00:00+00:00,demo
ORD-100718,08.05.2025,Sale to individual,CAP-001,Cap #1,1630.0,1,1,10.05.2025,Delivered to buyer,2025-05-10 13:54:00,Яндекс.Маркет (Софьино),Санкт-Петербург,1548.5,,2026-01-05T10:00:00+00:00,demo
ORD-100719,08.05.2025,Sale to individual,T-S-001,T-Shirt #1,2690.0,1,1,11.05.2025,Delivered to buyer,2025-05-12 21:08:00,Яндекс.Маркет (Софьино),Казань,2421.0,,2026-01-05T10:00:00+00:00,demo
ORD-100719,08.05.2025,Sale to individual,CAP-004,Cap #4,1680.0,2,2,11.05.2025,Delivered to buyer,2025-05-11 21:08:00,Яндекс.Маркет (Софьино),Казань,2856.0,,2026-01-05T10:00:00+00:00,demo
ORD-100719,08.05.2025,Sale to individual,CAP-004,Cap #4,1680.0,1,1,11.05.2025,Delivered to buyer,2025-05-09 21:08:00,Яндекс.Маркет (Софьино),Казань,1428.0,,2026-01-05T10:00:00+00:00,demo
ORD-100720,08.05.2025,Sale to individual,ACC-004,Accessorie #4,1120.0,2,2,10.05.2025,Delivered to buyer,2025-05-10 20:02:00,Яндекс.Маркет (Софьино),Казань,2016.0,,2026-01-05T10:00:00+00:00,demo
ORD-100721,08.05.2025,Sale to individual,T-S-012,T-Shirt #12,2660.0,2,2,12.05.2025,Delivered to buyer,2025-05-09 09:34:00,Яндекс.Маркет (Софьино),Казань,5054.0,,2026-01-05T10:00:00+00:00,demo
ORD-100722,08.05.2025,Sale to individual,CAP-004,Cap #4,1680.0,2,2,10.05.2025,Delivered to buyer,2025-05-10 09:43:00,Яндекс.Маркет (Софьино),Екатеринбург,3360.0,,2026-01-05T10:00:00+00:00,demo
ORD-100723,08.05.2025,Sale to individual,T-S-008,T-Shirt #8,2110.0,1,1,12.05.2025,Delivered to buyer,2025-05-09 09:58:00,Яндекс.Маркет (Софьино),Казань,1899.0,,2026-01-05T10:00:00+00:00,demo
ORD-100724,09.05.2025,Sale to individual,T-S-007,T-Shirt #7,2890.0,2,2,13.05.2025,Delivered to buyer,2025-05-10 21:58:00,Яндекс.Маркет (Софьино),Екатеринбург,5202.0,,2026-01-05T10:00:00+00:00,demo
ORD-100724,09.05.2025,Sale to individual,T-S-005,T-Shirt #5,1950.0,2,2,13.05.2025,Delivered to buyer,2025-05-11 21:58:00,Яндекс.Маркет (Софьино),Екатеринбург,3900.0,,2026-01-05T10:00:00+00:00,demo
ORD-100725,09.05.2025,Sale to individual,HOO-005,Hoodie #5,4850.0,1,1,13.05.2025,Delivered to buyer,2025-05-13 12:27:00,Яндекс.Маркет (Софьино),Казань,4122.5,,2026-01-05T10:00:00+00:00,demo
ORD-100726,09.05.2025,Sale to individual,T-S-002,T-Shirt #2,2190.0,1,1,11.05.2025,Delivered to buyer,2025-05-13 11:00:00,Яндекс.Маркет (Софьино),Санкт-Петербург,1861.5,,2026-01-05T10:00:00+00:00,demo
ORD-100726,09.05.2025,Sale to individual,T-S-011,T-Shirt #11,2370.0,2,2,11.05.2025,Delivered to buyer,2025-05-14 11:00:00,Яндекс.Маркет (Софьино),Санкт-Петербург,4266.0,,2026-01-05T10:00:00+00:00,demo
ORD-100727,09.05.2025,Sale to individual,ACC-001,Accessorie #1,990.0,2,2,12.05.2025,Delivered to buyer,2025-05-11 19:05:00,Яндекс.Маркет (Софьино),Казань,1683.0,,2026-01-05T10:00:00+00:00,demo
ORD-100727,09.05.2025,Sale to individual,T-S-012,T-Shirt #12,2660.0,2,2,12.05.2025,Delivered to buyer,2025-05-11 19:05:00,Яндекс.Маркет (Софьино),Казань,5320.0,,2026-01-05T10:00:00+00:00,demo
ORD-100727,09.05.2025,Sale to individual,CAP-001,Cap #1,1630.0,2,2,12.05.2025,Delivered to buyer,2025-05-13 19:05:00,Яндекс.Маркет (Софьино),Казань,2934.0,,2026-01-05T10:00:00+00:00,demo
ORD-100728,09.05.2025,Sale to individual,CAP-001,Cap #1,1630.0,1,1,10.05.2025,Delivered to buyer,2025-05-12 10:44:00,Яндекс.Маркет (Софьино),Санкт-Петербург,1385.5,,2026-01-05T10:00:00+00:00,demo
ORD-100728,09.05.2025,Sale to individual,T-S-002,T-Shirt #2,2190.0,1,1,10.05.2025,Delivered to buyer,2025-05-13 10:44:00,Яндекс.Маркет (Софьино),Санкт-Петербург,2190.0,,2026-01-05T10:00:00+00:00,demo
ORD-100729,09.05.2025,Sale to individual,T-S-003,T-Shirt #3,2990.0,1,1,10.05.2025,Delivered to buyer,2025-05-13 20:35:00,Яндекс.Маркет (Софьино),Москва,2691.0,,2026-01-05T10:00:00+00:00,demo
ORD-100730,09.05.2025,Sale to individual,T-S-002,T-Shirt #2,2190.0,2,2,10.05.2025,Delivered to buyer,2025-05-13 12:13:00,Яндекс.Маркет (Софьино),Новосибирск,4161.0,,2026-01-05T10:00:00+00:00,demo
ORD-100730,09.05.2025,Sale to individual,HOO-007,Hoodie #7,6730.0,1,1,10.05.2025,Delivered to buyer,2025-05-10 12:13:00,Яндекс.Маркет (Софьино),Новосибирск,6057.0,,2026-01-05T10:00:00+00:00,demo
ORD-100731,10.05.2025,Sale to individual,HOO-008,Hoodie #8,5940.0,2,2,12.05.2025,Delivered to buyer,2025-05-11 12:07:00,Яндекс.Маркет (Софьино),Новосибирск,10692.0,,2026-01-05T10:00:00+00:00,demo
ORD-100732,10.05.2025,Sale to individual,ACC-003,Accessorie #3,1190.0,1,1,12.05.2025,Delivered to buyer,2025-05-15 16:42:00,Яндекс.Маркет (Софьино),Санкт-Петербург,1190.0,,2026-01-05T10:00:00+00:00,demo
ORD-100732,10.05.2025,Sale to individual,T-S-007,T-Shirt #7,2890.0,1,1,12.05.2025,Delivered to buyer,2025-05-13 16:42:00,Яндекс.Маркет (Софьино),Санкт-Петербург,2890.0,,2026-01-05T10:00:00+00:00,demo
ORD-100732,10.05.2025,Sale to individual,CAP-004,Cap #4,1680.0,1,1,12.05.2025,Delivered to buyer,2025-05-14 16:42:00,Яндекс.Маркет (Софьино),Санкт-Петербург,1428.0,,2026-01-05T10:00:00+00:00,demo
ORD-100733,10.05.2025,Sale to individual,T-S-009,T-Shirt #9,2030.0,1,1,11.05.2025,Delivered to buyer,2025-05-11 09:42:00,Яндекс.Маркет (Софьино),Москва,1827.0,,2026-01-05T10:00:00+00:00,demo
ORD-100733,10.05.2025,Sale to individual,T-S-012,T-Shirt #12,2660.0,1,1,11.05.2025,Delivered to buyer,2025-05-13 09:42:00,Яндекс.Маркет (Софьино),Москва,2394.0,,2026-01-05T10:00:00+00:00,demo
ORD-100733,10.05.2025,Sale to individual,T-S-008,T-Shirt #8,2110.0,2,2,11.05.2025,Delivered to buyer,2025-05-15 09:42:00,Яндекс.Маркет (Софьино),Москва,4220.0,,2026-01-05T10:00:00+00:00,demo
ORD-100734,10.05.2025,Sale to individual,ACC-003,Accessorie #3,1190.0,1,1,14.05.2025,Delivered to buyer,2025-05-11 08:49:00,Яндекс.Маркет (Софьино),Казань,1190.0,,2026-01-05T10:00:00+00:00,demo
ORD-100735,10.05.2025,Sale to individual,CAP-004,Cap #4,1680.0,1,1,11.05.2025,Delivered to buyer,2025-05-12 14:01:00,Яндекс.Маркет (Софьино),Москва,1680.0,,2026-01-05T10:00:00+00:00,demo
ORD-100736,10.05.2025,Sale to individual,T-S-005,T-Shirt #5,1950.0,1,0,,Cancelled,2025-05-12 10:02:00,Яндекс.Маркет (Софьино),Екатеринбург,,,2026-01-05T10:00:00+00:00,demo
ORD-100736,10.05.2025,Sale to individual,T-S-010,T-Shirt #10,2800.0,2,0,,Cancelled,2025-05-11 10:02:00,Яндекс.Маркет (Софьино),Екатеринбург,,,2026-01-05T10:00:00+00:00,demo
ORD-100737,10.05.2025,Sale to individual,T-S-008,T-Shirt #8,2110.0,1,1,13.05.2025,Delivered to buyer,2025-05-14 11:06:00,Яндекс.Маркет (Софьино),Новосибирск,2110.0,,2026-01-05T10:00:00+00:00,demo
ORD-100738,10.05.2025,Sale to individual,CAP-004,Cap #4,1680.0,1,1,11.05.2025,Delivered to buyer,2025-05-13 15:14:00,Яндекс.Маркет (Софьино),Москва,1512.0,,2026-01-05T10:00:00+00:00,demo
ORD-100738,10.05.2025,Sale to individual,HOO-007,Hoodie #7,6730.0,2,2,11.05.2025,Delivered to buyer,2025-05-15 15:14:00,Яндекс.Маркет (Софьино),Москва,13460.0,,2026-01-05T10:00:00+00:00,demo
ORD-100738,10.05.2025,Sale to individual,T-S-010,T-Shirt #10,2800.0,1,1,11.05.2025,Delivered to buyer,2025-05-11 15:14:00,Яндекс.Маркет (Софьино),Москва,2660.0,,2026-01-05T10:00:00+00:00,demo
ORD-100739,11.05.2025,Sale to individual,T-S-008,T-Shirt #8,2110.0,2,0,,Cancelled,2025-05-14 14:43:00,Яндекс.Маркет (Софьино),Казань,,,2026-01-05T10:00:00+00:00,demo
ORD-100740,11.05.2025,Sale to individual,HOO-001,Hoodie #1,5990.0,1,1,15.05.2025,Delivered to buyer,2025-05-12 17:58:00,Яндекс.Маркет (Софьино),Екатеринбург,5990.0,,2026-01-05T10:00:00+00:00,demo
ORD-100740,11.05.2025,Sale to individual,CAP-002,Cap #2,1800.0,1,1,15.05.2025,Delivered to buyer,2025-05-13 17:58:00,Яндекс.Маркет (Софьино),Екатеринбург,1710.0,,2026-01-05T10:00:00+00:00,demo
ORD-100741,11.05.2025,Sale to individual,T-S-003,T-Shirt #3,2990.0,1,1,13.05.2025,Return received in warehouse,2025-05-13 14:48:00,Яндекс.Маркет (Софьино),Новосибирск,2990.0,2990.0,2026-01-05T10:00:00+00:00,demo
ORD-100741,11.05.2025,Sale to individual,T-S-007,T-Shirt #7,2890.0,2,2,13.05.2025,Return received in warehouse,2025-05-12 14:48:00,Яндекс.Маркет (Софьино),Новосибирск,5780.0,5780.0,2026-01-05T10:00:00+00:00,demo
ORD-100742,12.05.2025,Sale to individual,ACC-001,Accessorie #1,990.0,2,2,16.05.2025,Delivered to buyer,2025-05-13 22:46:00,Яндекс.Маркет (Софьино),Москва,1881.0,,2026-01-05T10:00:00+00:00,demo
ORD-100742,12.05.2025,Sale to individual,T-S-007,T-Shirt #7,2890.0,1,1,16.05.2025,Delivered to buyer,2025-05-15 22:46:00,Яндекс.Маркет (Софьино),Москва,2745.5,,2026-01-05T10:00:00+00:00,demo
ORD-100742,12.05.2025,Sale to individual,T-S-010,T-Shirt #10,2800.0,1,1,16.05.2025,Delivered to buyer,2025-05-17 22:46:00,Яндекс.Маркет (Софьино),Москва,2800.0,,2026-01-05T10:00:00+00:00,demo
ORD-100743,12.05.2025,Sale to individual,CAP-001,Cap #1,1630.0,1,1,14.05.2025,Delivered to buyer,2025-05-16 22:58:00,Яндекс.Маркет (Софьино),Екатеринбург,1630.0,,2026-01-05T10:00:00+00:00,demo
ORD-100743,12.05.2025,Sale to individual,T-S-008,T-Shirt #8,2110.0,1,1,14.05.2025,Delivered to buyer,2025-05-16 22:58:00,Яндекс.Маркет (Софьино),Екатеринбург,2110.0,,2026-01-05T10:00:00+00:00,demo
ORD-100743,12.05.2025,Sale to individual,CAP-005,Cap #5,1800.0,1,1,14.05.2025,Delivered to buyer,2025-05-13 22:58:00,Яндекс.Маркет (Софьино),Екатеринбург,1800.0,,2026-01-05T10:00:00+00:00,demo
ORD-100744,12.05.2025,Sale to individual,T-S-008,T-Shirt #8,2110.0,1,1,14.05.2025,Delivered to buyer,2025-05-17 10:13:00,Яндекс.Маркет (Софьино),Екатеринбург,2110.0,,2026-01-05T10:00:00+00:00,demo
ORD-100745,12.05.2025,Sale to individual,T-S-007,T-Shirt #7,2890.0,1,1,16.05.2025,Delivered to buyer,2025-05-14 14:46:00,Яндекс.Маркет (Софьино),Санкт-Петербург,2601.0,,2026-01-05T10:00:00+00:00,demo
ORD-100746,13.05.2025,Sale to individual,CAP-005,Cap #5,1800.0,1,1,15.05.2025,Delivered to buyer,2025-05-17 15:40:00,Яндекс.Маркет (Софьино),Новосибирск,1710.0,,2026-01-05T10:00:00+00:00,demo
ORD-100747,13.05.2025,Sale to individual,HOO-001,Hoodie #1,5990.0,2,2,17.05.2025,Delivered to buyer,2025-05-17 10:30:00,Яндекс.Маркет (Софьино),Санкт-Петербург,11980.0,,2026-01-05T10:00:00+00:00,demo
ORD-100747,13.05.2025,Sale to individual,CAP-002,Cap #2,1800.0,2,2,17.05.2025,Delivered to buyer,2025-05-16 10:30:00,Яндекс.Маркет (Софьино),Санкт-Петербург,3600.0,,2026-01-05T10:00:00+00:00,demo
ORD-100748,13.05.2025,Sale to individual,T-S-010,T-Shirt #10,2800.0,2,2,15.05.2025,Delivered to buyer,2025-05-17 16:09:00,Яндекс.Маркет (Софьино),Казань,5320.0,,2026-01-05T10:00:00+00:00,demo
ORD-100749,13.05.2025,Sale to individual,T-S-007,T-Shirt #7,2890.0,1,1,14.05.2025,Delivered to buyer,2025-05-15 17:30:00,Яндекс.Маркет (Софьино),Новосибирск,2890.0,,2026-01-05T10:00:00+00:00,demo
ORD-100750,13.05.2025,Sale to individual,T-S-011,T-Shirt #11,2370.0,1,1,16.05.2025,Delivered to buyer,2025-05-17 08:55:00,Яндекс.Маркет (Софьино),Новосибирск,2133.0,,2026-01-05T10:00:00+00:00,demo
ORD-100750,13.05.2025,Sale to individual,T-S-011,T-Shirt #11,2370.0,1,1,16.05.2025,Delivered to buyer,2025-05-14 08:55:00,Яндекс.Маркет (Софьино),Новосибирск,2014.5,,2026-01-05T10:00:00+00:00,demo
ORD-100751,13.05.2025,Sale to individual,ACC-003,Accessorie #3,1190.0,1,1,14.05.2025,Delivered to buyer,2025-05-18 22:02:00,Яндекс.Маркет (Софьино),Новосибирск,1130.5,,2026-01-05T10:00:00+00:00,demo
ORD-100751,13.05.2025,Sale to individual,T-S-007,T-Shirt #7,2890.0,2,2,14.05.2025,Delivered to buyer,2025-05-14 22:02:00,Яндекс.Маркет (Софьино),Новосибирск,5491.0,,2026-01-05T10:00:00+00:00,demo
ORD-100752,14.05.2025,Sale to individual,T-S-009,T-Shirt #9,2030.0,1,1,18.05.2025,Delivered to buyer,2025-05-17 14:59:00,Яндекс.Маркет (Софьино),Казань,2030.0,,2026-01-05T10:00:00+00:00,demo
ORD-100752,14.05.2025,Sale to individual,T-S-012,T-Shirt #12,2660.0,2,2,18.05.2025,Delivered to buyer,2025-05-17 14:59:00,Яндекс.Маркет (Софьино),Казань,5320.0,,2026-01-05T10:00:00+00:00,demo
ORD-100752,14.05.2025,Sale to individual,ACC-003,Accessorie #3,1190.0,1,1,18.05.2025,Delivered to buyer,2025-05-19 14:59:00,Яндекс.Маркет (Софьино),Казань,1011.5,,2026-01-05T10:00:00+00:00,demo
ORD-100753,14.05.2025,Sale to individual,CAP-003,Cap #3,1680.0,2,2,15.05.2025,Delivered to buyer,2025-05-15 21:10:00,Яндекс.Маркет (Софьино),Новосибирск,2856.0,,2026-01-05T10:00:00+00:00,demo
ORD-100754,14.05.2025,Sale to individual,CAP-004,Cap #4,1680.0,1,1,18.05.2025,Delivered to buyer,2025-05-19 22:12:00,Яндекс.Маркет (Софьино),Казань,1428.0,,2026-01-05T10:00:00+00:00,demo
ORD-100755,14.05.2025,Sale to individual,T-S-011,T-Shirt #11,2370.0,1,1,17.05.2025,Delivered to buyer,2025-05-17 22:24:00,Яндекс.Маркет (Софьино),Москва,2014.5,,2026-01-05T10:00:00+00:00,demo
ORD-100755,14.05.2025,Sale to individual,CAP-005,Cap #5,1800.0,1,1,17.05.2025,Delivered to buyer,2025-05-16 22:24:00,Яндекс.Маркет (Софьино),Москва,1710.0,,2026-01-05T10:00:00+00:00,demo
ORD-100755,14.05.2025,Sale to individual,CAP-002,Cap #2,1800.0,2,2,17.05.2025,Delivered to buyer,2025-05-15 22:24:00,Яндекс.Маркет (Софьино),Москва,3420.0,,2026-01-05T10:00:00+00:00,demo
ORD-100756,14.05.2025,Sale to individual,T-S-002,T-Shirt #2,2190.0,2,2,15.05.2025,Delivered to buyer,2025-05-18 21:31:00,Яндекс.Маркет (Софьино),Новосибирск,4161.0,,2026-01-05T10:00:00+00:00,demo
ORD-100757,14.05.2025,Sale to individual,T-S-007,T-Shirt #7,2890.0,2,2,16.05.2025,Delivered to buyer,2025-05-16 10:23:00,Яндекс.Маркет (Софьино),Москва,4913.0,,2026-01-05T10:00:00+00:00,demo
ORD-100757,14.05.2025,Sale to individual,T-S-012,T-Shirt #12,2660.0,1,1,16.05.2025,Delivered to buyer,2025-05-15 10:23:00,Яндекс.Маркет (Софьино),Москва,2660.0,,2026-01-05T10:00:00+00:00,demo
ORD-100757,14.05.2025,Sale to individual,HOO-001,Hoodie #1,5990.0,1,1,16.05.2025,Delivered to buyer,2025-05-17 10:23:00,Яндекс.Маркет (Софьино),Москва,5990.0,,2026-01-05T10:00:00+00:00,demo
ORD-100758,15.05.2025,Sale to individual,T-S-007,T-Shirt #7,2890.0,1,1,16.05.2025,Delivered to buyer,2025-05-16 18:58:00,Яндекс.Маркет (Софьино),Казань,2745.5,,2026-01-05T10:00:00+00:00,demo
ORD-100758,15.05.2025,Sale to individual,T-S-010,T-Shirt #10,2800.0,1,1,16.05.2025,Delivered to buyer,2025-05-19 18:58:00,Яндекс.Маркет (Софьино),Казань,2520.0,,2026-01-05T10:00:00+00:00,demo
ORD-100758,15.05.2025,Sale to individual,T-S-010,T-Shirt #10,2800.0,1,1,16.05.2025,Delivered to buyer,2025-05-16 18:58:00,Яндекс.Маркет (Софьино),Казань,2800.0,,2026-01-05T10:00:00+00:00,demo
ORD-100759,15.05.2025,Sale to individual,T-S-008,T-Shirt #8,2110.0,2,2,16.05.2025,Delivered to buyer,2025-05-20 20:00:00,Яндекс.Маркет (Софьино),Москва,3587.0,,2026-01-05T10:00:00+00:00,demo
ORD-100760,15.05.2025,Sale to individual,CAP-002,Cap #2,1800.0,1,1,19.05.2025,Return received in warehouse,2025-05-18 12:59:00,Яндекс.Маркет (Софьино),Казань,1710.0,1710.0,2026-01-05T10:00:00+00:00,demo
ORD-100760,15.05.2025,Sale to individual,HOO-005,Hoodie #5,4850.0,1,1,19.05.2025,Return received in warehouse,2025-05-19 12:59:00,Яндекс.Маркет (Софьино),Казань,4607.5,4607.5,2026-01-05T10:00:00+00:00,demo
ORD-100761,15.05.2025,Sale to individual,CAP-004,Cap #4,1680.0,2,2,18.05.2025,Delivered to buyer,2025-05-17 17:03:00,Яндекс.Маркет (Софьино),Москва,3024.0,,2026-01-05T10:00:00+00:00,demo
ORD-100762,15.05.2025,Sale to individual,CAP-002,Cap #2,1800.0,2,2,18.05.2025,Delivered to buyer,2025-05-16 17:07:00,Яндекс.Маркет (Софьино),Новосибирск,3600.0,,2026-01-05T10:00:00+00:00,demo
ORD-100762,15.05.2025,Sale to individual,T-S-009,T-Shirt #9,2030.0,1,1,18.05.2025,Delivered to buyer,2025-05-18 17:07:00,Яндекс.Маркет (Софьино),Новосибирск,2030.0,,2026-01-05T10:00:00+00:00,demo
ORD-100762,15.05.2025,Sale to individual,T-S-012,T-Shirt #12,2660.0,1,1,18.05.2025,Delivered to buyer,2025-05-19 17:07:00,Яндекс.Маркет (Софьино),Новосибирск,2527.0,,2026-01-05T10:00:00+00:00,demo
ORD-100763,15.05.2025,Sale to individual,HOO-006,Hoodie #6,6060.0,1,1,19.05.2025,Delivered to buyer,2025-05-18 17:31:00,Яндекс.Маркет (Софьино),Новосибирск,5454.0,,2026-01-05T10:00:00+00:00,demo
ORD-100763,15.05.2025,Sale to individual,T-S-003,T-Shirt #3,2990.0,1,1,19.05.2025,Delivered to buyer,2025-05-20 17:31:00,Яндекс.Маркет (Софьино),Новосибирск,2990.0,,2026-01-05T10:00:00+00:00,demo
ORD-100763,15.05.2025,Sale to individual,T-S-011,T-Shirt #11,2370.0,1,1,19.05.2025,Delivered to buyer,2025-05-19 17:31:00,Яндекс.Маркет (Софьино),Новосибирск,2370.0,,2026-01-05T10:00:00+00:00,demo
ORD-100764,15.05.2025,Sale to individual,ACC-002,Accessorie #2,1440.0,2,2,19.05.2025,Delivered to buyer,2025-05-17 12:53:00,Яндекс.Маркет (Софьино),Москва,2448.0,,2026-01-05T10:00:00+00:00,demo
ORD-100765,15.05.2025,Sale to individual,T-S-012,T-Shirt #12,2660.0,1,1,16.05.2025,Delivered to buyer,2025-05-19 11:10:00,Яндекс.Маркет (Софьино),Москва,2527.0,,2026-01-05T10:00:00+00:00,demo
ORD-100766,15.05.2025,Sale to individual,T-S-012,T-Shirt #12,2660.0,2,2,18.05.2025,Return received in warehouse,2025-05-18 12:14:00,Яндекс.Маркет (Софьино),Санкт-Петербург,5320.0,5320.0,2026-01-05T10:00:00+00:00,demo
ORD-100766,15.05.2025,Sale to individual,ACC-002,Accessorie #2,1440.0,1,1,18.05.2025,Return received in warehouse,2025-05-20 12:14:00,Яндекс.Маркет (Софьино),Санкт-Петербург,1224.0,1224.0,2026-01-05T10:00:00+00:00,demo
ORD-100766,15.05.2025,Sale to individual,T-S-006,T-Shirt #6,2570.0,1,1,18.05.2025,Return received in warehouse,2025-05-19 12:14:00,Яндекс.Маркет (Софьино),Санкт-Петербург,2441.5,2441.5,2026-01-05T10:00:00+00:00,demo
ORD-100767,15.05.2025,Sale to individual,HOO-007,Hoodie #7,6730.0,1,0,,Cancelled,2025-05-16 19:47:00,Яндекс.Маркет (Софьино),Санкт-Петербург,,,2026-01-05T10:00:00+00:00,demo
ORD-100767,15.05.2025,Sale to individual,HOO-004,Hoodie #4,5110.0,1,0,,Cancelled,2025-05-16 19:47:00,Яндекс.Маркет (Софьино),Санкт-Петербург,,,2026-01-05T10:00:00+00:00,demo
ORD-100767,15.05.2025,Sale to individual,CAP-005,Cap #5,1800.0,1,0,,Cancelled,2025-05-20 19:47:00,Яндекс.Маркет (Софьино),Санкт-Петербург,,,2026-01-05T10:00:00+00:00,demo
ORD-100768,15.05.2025,Sale to individual,CAP-005,Cap #5,1800.0,1,1,18.05.2025,Delivered to buyer,2025-05-16 19:07:00,Яндекс.Маркет (Софьино),Новосибирск,1710.0,,2026-01-05T10:00:00+00:00,demo
ORD-100769,15.05.2025,Sale to individual,T-S-010,T-Shirt #10,2800.0,1,1,19.05.2025,Delivered to buyer,2025-05-19 16:12:00,Яндекс.Маркет (Софьино),Санкт-Петербург,2800.0,,2026-01-05T10:00:00+00:00,demo
ORD-100769,15.05.2025,Sale to individual,T-S-010,T-Shirt #10,2800.0,1,1,19.05.2025,Delivered to buyer,2025-05-19 16:12:00,Яндекс.Маркет (Софьино),Санкт-Петербург,2380.0,,2026-01-05T10:00:00+00:00,demo
ORD-100770,16.05.2025,Sale to individual,T-S-012,T-Shirt #12,2660.0,1,1,19.05.2025,Delivered to buyer,2025-05-19 10:52:00,Яндекс.Маркет (Софьино),Новосибирск,2261.0,,2026-01-05T10:00:00+00:00,demo
ORD-100771,16.05.2025,Sale to individual,T-S-010,T-Shirt #10,2800.0,1,1,17.05.2025,Delivered to buyer,2025-05-20 19:42:00,Яндекс.Маркет (Софьино),Москва,2380.0,,2026-01-05T10:00:00+00:00,demo
ORD-100771,16.05.2025,Sale to individual,HOO-001,Hoodie #1,5990.0,1,1,17.05.2025,Delivered to buyer,2025-05-19 19:42:00,Яндекс.Маркет (Софьино),Москва,5391.0,,2026-01-05T10:00:00+00:00,demo
ORD-100772,16.05.2025,Sale to individual,CAP-004,Cap #4,1680.0,1,0,,Cancelled,2025-05-18 14:03:00,Яндекс.Маркет (Софьино),Санкт-Петербург,,,2026-01-05T10:00:00+00:00,demo
ORD-100773,16.05.2025,Sale to individual,ACC-002,Accessorie #2,1440.0,1,1,19.05.2025,Delivered to buyer,2025-05-20 19:25:00,Яндекс.Маркет (Софьино),Новосибирск,1296.0,,2026-01-05T10:00:00+00:00,demo
ORD-100773,16.05.2025,Sale to individual,T-S-007,T-Shirt #7,2890.0,1,1,19.05.2025,Delivered to buyer,2025-05-20 19:25:00,Яндекс.Маркет (Софьино),Новосибирск,2601.0,,2026-01-05T10:00:00+00:00,demo
ORD-100773,16.05.2025,Sale to individual,T-S-002,T-Shirt #2,2190.0,1,1,19.05.2025,Delivered to buyer,2025-05-19 19:25:00,Яндекс.Маркет (Софьино),Новосибирск,1861.5,,2026-01-05T10:00:00+00:00,demo
ORD-100774,16.05.2025,Sale to individual,CAP-005,Cap #5,1800.0,1,1,18.05.2025,Delivered to buyer,2025-05-20 19:59:00,Яндекс.Маркет (Софьино),Екатеринбург,1710.0,,2026-01-05T10:00:00+00:00,demo
ORD-100774,16.05.2025,Sale to individual,T-S-011,T-Shirt #11,2370.0,1,1,18.05.2025,Delivered to buyer,2025-05-18 19:59:00,Яндекс.Маркет (Софьино),Екатеринбург,2014.5,,2026-01-05T10:00:00+00:00,demo
ORD-100774,16.05.2025,Sale to individual,T-S-006,T-Shirt #6,2570.0,2,2,18.05.2025,Delivered to buyer,2025-05-19 19:59:00,Яндекс.Маркет (Софьино),Екатеринбург,4626.0,,2026-01-05T10:00:00+00:00,demo
ORD-100775,16.05.2025,Sale to individual,HOO-007,Hoodie #7,6730.0,1,1,18.05.2025,Delivered to buyer,2025-05-20 11:13:00,Яндекс.Маркет (Софьино),Москва,6057.0,,2026-01-05T10:00:00+00:00,demo
ORD-100775,16.05.2025,Sale to individual,T-S-010,T-Shirt #10,2800.0,1,1,18.05.2025,Delivered to buyer,2025-05-17 11:13:00,Яндекс.Маркет (Софьино),Москва,2800.0,,2026-01-05T10:00:00+00:00,demo
ORD-100775,16.05.2025,Sale to individual,CAP-005,Cap #5,1800.0,1,1,18.05.2025,Delivered to buyer,2025-05-18 11:13:00,Яндекс.Маркет (Софьино),Москва,1620.0,,2026-01-05T10:00:00+00:00,demo
ORD-100776,16.05.2025,Sale to individual,T-S-012,T-Shirt #12,2660.0,1,1,19.05.2025,Delivered to buyer,2025-05-17 09:32:00,Яндекс.Маркет (Софьино),Новосибирск,2660.0,,2026-01-05T10:00:00+00:00,demo
ORD-100776,16.05.2025,Sale to individual,T-S-007,T-Shirt #7,2890.0,1,1,19.05.2025,Delivered to buyer,2025-05-20 09:32:00,Яндекс.Маркет (Софьино),Новосибирск,2601.0,,2026-01-05T10:00:00+00:00,demo
ORD-100777,17.05.2025,Sale to individual,ACC-005,Accessorie #5,1220.0,2,2,21.05.2025,Delivered to buyer,2025-05-21 18:47:00,Яндекс.Маркет (Софьино),Новосибирск,2318.0,,2026-01-05T10:00:00+00:00,demo
ORD-100777,17.05.2025,Sale to individual,HOO-008,Hoodie #8,5940.0,1,1,21.05.2025,Delivered to buyer,2025-05-18 18:47:00,Яндекс.Маркет (Софьино),Новосибирск,5940.0,,2026-01-05T10:00:00+00:00,demo
ORD-100777,17.05.2025,Sale to individual,T-S-004,T-Shirt #4,1960.0,1,1,21.05.2025,Delivered to buyer,2025-05-18 18:47:00,Яндекс.Маркет (Софьино),Новосибирск,1960.0,,2026-01-05T10:00:00+00:00,demo
ORD-100778,17.05.2025,Sale to individual,HOO-005,Hoodie #5,4850.0,2,2,19.05.2025,Delivered to buyer,2025-05-18 18:42:00,Яндекс.Маркет (Софьино),Екатеринбург,9215.0,,2026-01-05T10:00:00+00:00,demo
ORD-100779,17.05.2025,Sale to individual,CAP-002,Cap #2,1800.0,1,1,21.05.2025,Delivered to buyer,2025-05-19 10:24:00,Яндекс.Маркет (Софьино),Казань,1530.0,,2026-01-05T10:00:00+00:00,demo
ORD-100779,17.05.2025,Sale to individual,T-S-010,T-Shirt #10,2800.0,2,2,21.05.2025,Delivered to buyer,2025-05-21 10:24:00,Яндекс.Маркет (Софьино),Казань,5600.0,,2026-01-05T10:00:00+00:00,demo
ORD-100779,17.05.2025,Sale to individual,T-S-006,T-Shirt #6,2570.0,2,2,21.05.2025,Delivered to buyer,2025-05-22 10:24:00,Яндекс.Маркет (Софьино),Казань,5140.0,,2026-01-05T10:00:00+00:00,demo
ORD-100780,17.05.2025,Sale to individual,ACC-004,Accessorie #4,1120.0,1,1,18.05.2025,Delivered to buyer,2025-05-19 16:45:00,Яндекс.Маркет (Софьино),Москва,952.0,,2026-01-05T10:00:00+00:00,demo
ORD-100781,17.05.2025,Sale to individual,T-S-002,T-Shirt #2,2190.0,1,1,20.05.2025,Delivered to buyer,2025-05-18 16:28:00,Яндекс.Маркет (Софьино),Екатеринбург,2190.0,,2026-01-05T10:00:00+00:00,demo
ORD-100782,17.05.2025,Sale to individual,ACC-004,Accessorie #4,1120.0,1,1,18.05.2025,Delivered to buyer,2025-05-22 12:54:00,Яндекс.Маркет (Софьино),Екатеринбург,1064.0,,2026-01-05T10:00:00+00:00,demo
ORD-100783,17.05.2025,Sale to individual,T-S-010,T-Shirt #10,2800.0,1,1,18.05.2025,Delivered to buyer,2025-05-21 14:42:00,Яндекс.Маркет (Софьино),Екатеринбург,2380.0,,2026-01-05T10:00:00+00:00,demo
ORD-100784,18.05.2025,Sale to individual,ACC-002,Accessorie #2,1440.0,1,1,21.05.2025,Delivered to buyer,2025-05-19 17:31:00,Яндекс.Маркет (Софьино),Екатеринбург,1440.0,,2026-01-05T10:00:00+00:00,demo
ORD-100784,18.05.2025,Sale to individual,ACC-005,Accessorie #5,1220.0,1,1,21.05.2025,Delivered to buyer,2025-05-20 17:31:00,Яндекс.Маркет (Софьино),Екатеринбург,1220.0,,2026-01-05T10:00:00+00:00,demo
ORD-100785,18.05.2025,Sale to individual,HOO-005,Hoodie #5,4850.0,1,1,20.05.2025,Delivered to buyer,2025-05-20 12:54:00,Яндекс.Маркет (Софьино),Санкт-Петербург,4607.5,,2026-01-05T10:00:00+00:00,demo
ORD-100786,18.05.2025,Sale to individual,T-S-009,T-Shirt #9,2030.0,2,2,19.05.2025,Return received in warehouse,2025-05-19 17:27:00,Яндекс.Маркет (Софьино),Санкт-Петербург,3654.0,3654.0,2026-01-05T10:00:00+00:00,demo
ORD-100786,18.05.2025,Sale to individual,T-S-010,T-Shirt #10,2800.0,1,1,19.05.2025,Return received in warehouse,2025-05-20 17:27:00,Яндекс.Маркет (Софьино),Санкт-Петербург,2520.0,2520.0,2026-01-05T10:00:00+00:00,demo
ORD-100787,18.05.2025,Sale to individual,CAP-001,Cap #1,1630.0,1,1,21.05.2025,Delivered to buyer,2025-05-20 11:04:00,Яндекс.Маркет (Софьино),Екатеринбург,1467.0,,2026-01-05T10:00:00+00:00,demo
ORD-100787,18.05.2025,Sale to individual,T-S-008,T-Shirt #8,2110.0,1,1,21.05.2025,Delivered to buyer,2025-05-22 11:04:00,Яндекс.Маркет (Софьино),Екатеринбург,1899.0,,2026-01-05T10:00:00+00:00,demo
ORD-100787,18.05.2025,Sale to individual,T-S-010,T-Shirt #10,2800.0,1,1,21.05.2025,Delivered to buyer,2025-05-20 11:04:00,Яндекс.Маркет (Софьино),Екатеринбург,2380.0,,2026-01-05T10:00:00+00:00,demo
ORD-100788,18.05.2025,Sale to individual,HOO-003,Hoodie #3,4420.0,1,1,19.05.2025,Delivered to buyer,2025-05-20 12:07:00,Яндекс.Маркет (Софьино),Казань,4199.0,,2026-01-05T10:00:00+00:00,demo
ORD-100788,18.05.2025,Sale to individual,T-S-002,T-Shirt #2,2190.0,1,1,19.05.2025,Delivered to buyer,2025-05-19 12:07:00,Яндекс.Маркет (Софьино),Казань,2080.5,,2026-01-05T10:00:00+00:00,demo
ORD-100788,18.05.2025,Sale to individual,HOO-007,Hoodie #7,6730.0,1,1,19.05.2025,Delivered to buyer,2025-05-20 12:07:00,Яндекс.Маркет (Софьино),Казань,6057.0,,2026-01-05T10:00:00+00:00,demo
ORD-100789,18.05.2025,Sale to individual,HOO-002,Hoodie #2,4910.0,2,2,19.05.2025,Delivered to buyer,2025-05-23 09:50:00,Яндекс.Маркет (Софьино),Казань,9820.0,,2026-01-05T10:00:00+00:00,demo
ORD-100790,18.05.2025,Sale to individual,T-S-009,T-Shirt #9,2030.0,1,1,21.05.2025,Delivered to buyer,2025-05-22 19:36:00,Яндекс.Маркет (Софьино),Москва,1928.5,,2026-01-05T10:00:00+00:00,demo
ORD-100790,18.05.2025,Sale to individual,T-S-004,T-Shirt #4,1960.0,1,1,21.05.2025,Delivered to buyer,2025-05-23 19:36:00,Яндекс.Маркет (Софьино),Москва,1862.0,,2026-01-05T10:00:00+00:00,demo
ORD-100791,18.05.2025,Sale to individual,HOO-005,Hoodie #5,4850.0,1,1,22.05.2025,Delivered to buyer,2025-05-20 17:56:00,Яндекс.Маркет (Софьино),Екатеринбург,4850.0,,2026-01-05T10:00:00+00:00,demo
ORD-100791,18.05.2025,Sale to individual,T-S-009,T-Shirt #9,2030.0,2,2,22.05.2025,Delivered to buyer,2025-05-21 17:56:00,Яндекс.Маркет (Софьино),Екатеринбург,3451.0,,2026-01-05T10:00:00+00:00,demo
ORD-100792,18.05.2025,Sale to individual,CAP-003,Cap #3,1680.0,1,1,21.05.2025,Delivered to buyer,2025-05-21 22:46:00,Яндекс.Маркет (Софьино),Новосибирск,1512.0,,2026-01-05T10:00:00+00:00,demo
ORD-100792,18.05.2025,Sale to individual,HOO-008,Hoodie #8,5940.0,2,2,21.05.2025,Delivered to buyer,2025-05-21 22:46:00,Яндекс.Маркет (Софьино),Новосибирск,10098.0,,2026-01-05T10:00:00+00:00,demo
ORD-100792,18.05.2025,Sale to individual,T-S-011,T-Shirt #11,2370.0,1,1,21.05.2025,Delivered to buyer,2025-05-23 22:46:00,Яндекс.Маркет (Софьино),Новосибирск,2133.0,,2026-01-05T10:00:00+00:00,demo
ORD-100793,18.05.2025,Sale to individual,HOO-007,Hoodie #7,6730.0,1,0,,Cancelled,2025-05-21 22:59:00,Яндекс.Маркет (Софьино),Москва,,,2026-01-05T10:00:00+00:00,demo
ORD-100794,19.05.2025,Sale to individual,HOO-005,Hoodie #5,4850.0,1,1,20.05.2025,Delivered to buyer,2025-05-23 19:15:00,Яндекс.Маркет (Софьино),Москва,4122.5,,2026-01-05T10:00:00+00:00,demo
ORD-100795,19.05.2025,Sale to individual,T-S-012,T-Shirt #12,2660.0,1,1,21.05.2025,Delivered to buyer,2025-05-20 14:43:00,Яндекс.Маркет (Софьино),Екатеринбург,2394.0,,2026-01-05T10:00:00+00:00,demo
ORD-100795,19.05.2025,Sale to individual,CAP-001,Cap #1,1630.0,1,1,21.05.2025,Delivered to buyer,2025-05-23 14:43:00,Яндекс.Маркет (Софьино),Екатеринбург,1630.0,,2026-01-05T10:00:00+00:00,demo
ORD-100796,19.05.2025,Sale to individual,ACC-005,Accessorie #5,1220.0,1,0,,Cancelled,2025-05-23 16:47:00,Яндекс.Маркет (Софьино),Екатеринбург,,,2026-01-05T10:00:00+00:00,demo
ORD-100797,19.05.2025,Sale to individual,T-S-002,T-Shirt #2,2190.0,1,1,21.05.2025,Delivered to buyer,2025-05-23 18:59:00,Яндекс.Маркет (Софьино),Санкт-Петербург,2190.0,,2026-01-05T10:00:00+00:00,demo
ORD-100798,19.05.2025,Sale to individual,T-S-010,T-Shirt #10,2800.0,1,1,22.05.2025,Delivered to buyer,2025-05-22 14:10:00,Яндекс.Маркет (Софьино),Санкт-Петербург,2660.0,,2026-01-05T10:00:00+00:00,demo
ORD-100799,19.05.2025,Sale to individual,CAP-002,Cap #2,1800.0,2,2,21.05.2025,Delivered to buyer,2025-05-22 12:16:00,Яндекс.Маркет (Софьино),Екатеринбург,3600.0,,2026-01-05T10:00:00+00:00,demo
ORD-100800,19.05.2025,Sale to individual,ACC-002,Accessorie #2,1440.0,1,1,20.05.2025,Delivered to buyer,2025-05-24 16:52:00,Яндекс.Маркет (Софьино),Москва,1440.0,,2026-01-05T10:00:00+00:00,demo
ORD-100800,19.05.2025,Sale to individual,CAP-005,Cap #5,1800.0,2,2,20.05.2025,Delivered to buyer,2025-05-22 16:52:00,Яндекс.Маркет (Софьино),Москва,3420.0,,2026-01-05T10:00:00+00:00,demo
ORD-100801,19.05.2025,Sale to individual,T-S-008,T-Shirt #8,2110.0,1,1,22.05.2025,Delivered to buyer,2025-05-24 09:00:00,Яндекс.Маркет (Софьино),Новосибирск,2110.0,,2026-01-05T10:00:00+00:00,demo
ORD-100801,19.05.2025,Sale to individual,T-S-010,T-Shirt #10,2800.0,1,1,22.05.2025,Delivered to buyer,2025-05-20 09:00:00,Яндекс.Маркет (Софьино),Новосибирск,2520.0,,2026-01-05T10:00:00+00:00,demo
ORD-100801,19.05.2025,Sale to individual,T-S-004,T-Shirt #4,1960.0,2,2,22.05.2025,Delivered to buyer,2025-05-21 09:00:00,Яндекс.Маркет (Софьино),Новосибирск,3920.0,,2026-01-05T10:00:00+00:00,demo
ORD-100802,19.05.2025,Sale to individual,T-S-011,T-Shirt #11,2370.0,1,1,21.05.2025,Return received in warehouse,2025-05-22 18:16:00,Яндекс.Маркет (Софьино),Новосибирск,2014.5,2014.5,2026-01-05T10:00:00+00:00,demo
ORD-100802,19.05.2025,Sale to individual,T-S-010,T-Shirt #10,2800.0,1,1,21.05.2025,Return received in warehouse,2025-05-23 18:16:00,Яндекс.Маркет (Софьино),Новосибирск,2520.0,2520.0,2026-01-05T10:00:00+00:00,demo
ORD-100803,20.05.2025,Sale to individual,T-S-010,T-Shirt #10,2800.0,1,1,24.05.2025,Delivered to buyer,2025-05-23 10:22:00,Яндекс.Маркет (Софьино),Санкт-Петербург,2800.0,,2026-01-05T10:00:00+00:00,demo
ORD-100804,20.05.2025,Sale to individual,T-S-010,T-Shirt #10,2800.0,1,1,24.05.2025,Delivered to buyer,2025-05-24 10:25:00,Яндекс.Маркет (Софьино),Новосибирск,2800.0,,2026-01-05T10:00:00+00:00,demo
ORD-100804,20.05.2025,Sale to individual,T-S-002,T-Shirt #2,2190.0,2,2,24.05.2025,Delivered to buyer,2025-05-24 10:25:00,Яндекс.Маркет (Софьино),Новосибирск,3723.0,,2026-01-05T10:00:00+00:00,demo
ORD-100804,20.05.2025,Sale to individual,HOO-008,Hoodie #8,5940.0,1,1,24.05.2025,Delivered to buyer,2025-05-24 10:25:00,Яндекс.Маркет (Софьино),Новосибирск,5643.0,,2026-01-05T10:00:00+00:00,demo
ORD-100805,20.05.2025,Sale to individual,T-S-005,T-Shirt #5,1950.0,1,1,24.05.2025,Delivered to buyer,2025-05-22 19:59:00,Яндекс.Маркет (Софьино),Москва,1950.0,,2026-01-05T10:00:00+00:00,demo
ORD-100806,20.05.2025,Sale to individual,HOO-008,Hoodie #8,5940.0,2,2,22.05.2025,Delivered to buyer,2025-05-21 16:00:00,Яндекс.Маркет (Софьино),Казань,10098.0,,2026-01-05T10:00:00+00:00,demo
ORD-100807,20.05.2025,Sale to individual,T-S-003,T-Shirt #3,2990.0,1,1,23.05.2025,Delivered to buyer,2025-05-22 15:18:00,Яндекс.Маркет (Софьино),Екатеринбург,2541.5,,2026-01-05T10:00:00+00:00,demo
ORD-100807,20.05.2025,Sale to individual,T-S-011,T-Shirt #11,2370.0,1,1,23.05.2025,Delivered to buyer,2025-05-21 15:18:00,Яндекс.Маркет (Софьино),Екатеринбург,2251.5,,2026-01-05T10:00:00+00:00,demo
ORD-100808,21.05.2025,Sale to individual,T-S-012,T-Shirt #12,2660.0,1,1,25.05.2025,Delivered to buyer,2025-05-26 18:52:00,Яндекс.Маркет (Софьино),Москва,2660.0,,2026-01-05T10:00:00+00:00,demo
ORD-100809,21.05.2025,Sale to individual,T-S-007,T-Shirt #7,2890.0,1,1,23.05.2025,Delivered to buyer,2025-05-23 18:09:00,Яндекс.Маркет (Софьино),Москва,2890.0,,2026-01-05T10:00:00+00:00,demo
ORD-100810,21.05.2025,Sale to individual,CAP-005,Cap #5,1800.0,2,2,23.05.2025,Delivered to buyer,2025-05-24 08:39:00,Яндекс.Маркет (Софьино),Новосибирск,3060.0,,2026-01-05T10:00:00+00:00,demo
ORD-100811,21.05.2025,Sale to individual,T-S-011,T-Shirt #11,2370.0,2,0,,Cancelled,2025-05-24 18:14:00,Яндекс.Маркет (Софьино),Москва,,,2026-01-05T10:00:00+00:00,demo
ORD-100812,21.05.2025,Sale to individual,CAP-002,Cap #2,1800.0,1,1,24.05.2025,Delivered to buyer,2025-05-23 12:23:00,Яндекс.Маркет (Софьино),Санкт-Петербург,1800.0,,2026-01-05T10:00:00+00:00,demo
ORD-100813,21.05.2025,Sale to individual,T-S-010,T-Shirt #10,2800.0,1,1,24.05.2025,Delivered to buyer,2025-05-23 08:03:00,Яндекс.Маркет (Софьино),Казань,2520.0,,2026-01-05T10:00:00+00:00,demo
ORD-100814,21.05.2025,Sale to individual,T-S-005,T-Shirt #5,1950.0,1,1,24.05.2025,Delivered to buyer,2025-05-24 15:23:00,Яндекс.Маркет (Софьино),Москва,1852.5,,2026-01-05T10:00:00+00:00,demo
ORD-100815,21.05.2025,Sale to individual,HOO-007,Hoodie #7,6730.0,2,2,24.05.2025,Return received in warehouse,2025-05-22 20:23:00,Яндекс.Маркет (Софьино),Санкт-Петербург,13460.0,13460.0,2026-01-05T10:00:00+00:00,demo
ORD-100816,21.05.2025,Sale to individual,HOO-005,Hoodie #5,4850.0,1,1,22.05.2025,Delivered to buyer,2025-05-22 18:47:00,Яндекс.Маркет (Софьино),Санкт-Петербург,4365.0,,2026-01-05T10:00:00+00:00,demo
ORD-100817,21.05.2025,Sale to individual,CAP-002,Cap #2,1800.0,1,1,24.05.2025,Delivered to buyer,2025-05-23 16:39:00,Яндекс.Маркет (Софьино),Санкт-Петербург,1800.0,,2026-01-05T10:00:00+00:00,demo
ORD-100818,21.05.2025,Sale to individual,ACC-004,Accessorie #4,1120.0,1,1,24.05.2025,Delivered to buyer,2025-05-22 14:35:00,Яндекс.Маркет (Софьино),Новосибирск,1008.0,,2026-01-05T10:00:00+00:00,demo
ORD-100818,21.05.2025,Sale to individual,ACC-002,Accessorie #2,1440.0,2,2,24.05.2025,Delivered to buyer,2025-05-26 14:35:00,Яндекс.Маркет (Софьино),Новосибирск,2592.0,,2026-01-05T10:00:00+00:00,demo
ORD-100819,21.05.2025,Sale to individual,T-S-009,T-Shirt #9,2030.0,1,1,23.05.2025,Delivered to buyer,2025-05-22 20:01:00,Яндекс.Маркет (Софьино),Казань,1725.5,,2026-01-05T10:00:00+00:00,demo
ORD-100819,21.05.2025,Sale to individual,ACC-004,Accessorie #4,1120.0,1,1,23.05.2025,Delivered to buyer,2025-05-25 20:01:00,Яндекс.Маркет (Софьино),Казань,1008.0,,2026-01-05T10:00:00+00:00,demo
ORD-100820,22.05.2025,Sale to individual,T-S-012,T-Shirt #12,2660.0,2,0,,Cancelled,2025-05-26 16:55:00,Яндекс.Маркет (Софьино),Екатеринбург,,,2026-01-05T10:00:00+00:00,demo
ORD-100821,22.05.2025,Sale to individual,T-S-001,T-Shirt #1,2690.0,1,1,24.05.2025,Delivered to buyer,2025-05-23 17:17:00,Яндекс.Маркет (Софьино),Екатеринбург,2286.5,,2026-01-05T10:00:00+00:00,demo
ORD-100822,22.05.2025,Sale to individual,CAP-005,Cap #5,1800.0,1,1,25.05.2025,Delivered to buyer,2025-05-23 15:32:00,Яндекс.Маркет (Софьино),Казань,1530.0,,2026-01-05T10:00:00+00:00,demo
ORD-100823,23.05.2025,Sale to individual,ACC-003,Accessorie #3,1190.0,1,1,25.05.2025,Delivered to buyer,2025-05-25 12:02:00,Яндекс.Маркет (Софьино),Казань,1190.0,,2026-01-05T10:00:00+00:00,demo
ORD-100824,23.05.2025,Sale to individual,HOO-005,Hoodie #5,4850.0,1,1,26.05.2025,Delivered to buyer,2025-05-27 09:00:00,Яндекс.Маркет (Софьино),Екатеринбург,4850.0,,2026-01-05T10:00:00+00:00,demo
ORD-100824,23.05.2025,Sale to individual,T-S-010,T-Shirt #10,2800.0,1,1,26.05.2025,Delivered to buyer,2025-05-24 09:00:00,Яндекс.Маркет (Софьино),Екатеринбург,2660.0,,2026-01-05T10:00:00+00:00,demo
ORD-100824,23.05.2025,Sale to individual,T-S-003,T-Shirt #3,2990.0,1,1,26.05.2025,Delivered to buyer,2025-05-25 09:00:00,Яндекс.Маркет (Софьино),Екатеринбург,2840.5,,2026-01-05T10:00:00+00:00,demo
ORD-100825,23.05.2025,Sale to individual,HOO-003,Hoodie #3,4420.0,1,1,26.05.2025,Return received in warehouse,2025-05-26 12:11:00,Яндекс.Маркет (Софьино),Екатеринбург,3978.0,3978.0,2026-01-05T10:00:00+00:00,demo
ORD-100826,23.05.2025,Sale to individual,T-S-008,T-Shirt #8,2110.0,2,2,25.05.2025,Delivered to buyer,2025-05-27 18:38:00,Яндекс.Маркет (Софьино),Екатеринбург,4220.0,,2026-01-05T10:00:00+00:00,demo
ORD-100826,23.05.2025,Sale to individual,T-S-009,T-Shirt #9,2030.0,1,1,25.05.2025,Delivered to buyer,2025-05-26 18:38:00,Яндекс.Маркет (Софьино),Екатеринбург,1827.0,,2026-01-05T10:00:00+00:00,demo
ORD-100827,23.05.2025,Sale to individual,T-S-008,T-Shirt #8,2110.0,1,1,24.05.2025,Delivered to buyer,2025-05-27 22:30:00,Яндекс.Маркет (Софьино),Санкт-Петербург,1793.5,,2026-01-05T10:00:00+00:00,demo
ORD-100827,23.05.2025,Sale to individual,T-S-008,T-Shirt #8,2110.0,1,1,24.05.2025,Delivered to buyer,2025-05-24 22:30:00,Яндекс.Маркет (Софьино),Санкт-Петербург,2004.5,,2026-01-05T10:00:00+00:00,demo
ORD-100828,23.05.2025,Sale to individual,CAP-001,Cap #1,1630.0,1,1,25.05.2025,Delivered to buyer,2025-05-25 10:56:00,Яндекс.Маркет (Софьино),Санкт-Петербург,1467.0,,2026-01-05T10:00:00+00:00,demo
ORD-100828,23.05.2025,Sale to individual,T-S-008,T-Shirt #8,2110.0,2,2,25.05.2025,Delivered to buyer,2025-05-24 10:56:00,Яндекс.Маркет (Софьино),Санкт-Петербург,3798.0,,2026-01-05T10:00:00+00:00,demo
ORD-100829,23.05.2025,Sale to individual,T-S-004,T-Shirt #4,1960.0,1,0,,Cancelled,2025-05-25 16:08:00,Яндекс.Маркет (Софьино),Москва,,,2026-01-05T10:00:00+00:00,demo
ORD-100829,23.05.2025,Sale to individual,T-S-010,T-Shirt #10,2800.0,1,0,,Cancelled,2025-05-26 16:08:00,Яндекс.Маркет (Софьино),Москва,,,2026-01-05T10:00:00+00:00,demo
ORD-100830,23.05.2025,Sale to individual,ACC-004,Accessorie #4,1120.0,1,1,24.05.2025,Delivered to buyer,2025-05-25 18:38:00,Яндекс.Маркет (Софьино),Москва,1120.0,,2026-01-05T10:00:00+00:00,demo
ORD-100831,24.05.2025,Sale to individual,T-S-010,T-Shirt #10,2800.0,1,1,28.05.2025,Delivered to buyer,2025-05-25 15:48:00,Яндекс.Маркет (Софьино),Новосибирск,2800.0,,2026-01-05T10:00:00+00:00,demo
ORD-100832,24.05.2025,Sale to individual,CAP-004,Cap #4,1680.0,1,1,25.05.2025,Delivered to buyer,2025-05-29 19:17:00,Яндекс.Маркет (Софьино),Москва,1680.0,,2026-01-05T10:00:00+00:00,demo
ORD-100833,24.05.2025,Sale to individual,T-S-008,T-Shirt #8,2110.0,1,1,26.05.2025,Delivered to buyer,2025-05-27 10:00:00,Яндекс.Маркет (Софьино),Новосибирск,2004.5,,2026-01-05T10:00:00+00:00,demo
ORD-100834,24.05.2025,Sale to individual,ACC-001,Accessorie #1,990.0,1,1,28.05.2025,Delivered to buyer,2025-05-25 22:56:00,Яндекс.Маркет (Софьино),Санкт-Петербург,990.0,,2026-01-05T10:00:00+00:00,demo
ORD-100834,24.05.2025,Sale to individual,CAP-004,Cap #4,1680.0,1,1,28.05.2025,Delivered to buyer,2025-05-25 22:56:00,Яндекс.Маркет (Софьино),Санкт-Петербург,1596.0,,2026-01-05T10:00:00+00:00,demo
ORD-100834,24.05.2025,Sale to individual,T-S-005,T-Shirt #5,1950.0,1,1,28.05.2025,Delivered to buyer,2025-05-27 22:56:00,Яндекс.Маркет (Софьино),Санкт-Петербург,1950.0,,2026-01-05T10:00:00+00:00,demo
ORD-100835,24.05.2025,Sale to individual,T-S-011,T-Shirt #11,2370.0,1,1,26.05.2025,Delivered to buyer,2025-05-26 22:02:00,Яндекс.Маркет (Софьино),Казань,2133.0,,2026-01-05T10:00:00+00:00,demo
ORD-100836,24.05.2025,Sale to individual,CAP-005,Cap #5,1800.0,2,0,,Cancelled,2025-05-27 18:19:00,Яндекс.Маркет (Софьино),Казань,,,2026-01-05T10:00:00+00:00,demo
ORD-100837,24.05.2025,Sale to individual,CAP-003,Cap #3,1680.0,1,0,,Cancelled,2025-05-28 20:04:00,Яндекс.Маркет (Софьино),Санкт-Петербург,,,2026-01-05T10:00:00+00:00,demo
ORD-100838,24.05.2025,Sale to individual,T-S-005,T-Shirt #5,1950.0,1,1,28.05.2025,Delivered to buyer,2025-05-25 19:50:00,Яндекс.Маркет (Софьино),Новосибирск,1950.0,,2026-01-05T10:00:00+00:00,demo
ORD-100839,25.05.2025,Sale to individual,T-S-011,T-Shirt #11,2370.0,1,1,28.05.2025,Return received in warehouse,2025-05-27 14:22:00,Яндекс.Маркет (Софьино),Новосибирск,2370.0,2370.0,2026-01-05T10:00:00+00:00,demo
ORD-100839,25.05.2025,Sale to individual,CAP-001,Cap #1,1630.0,2,2,28.05.2025,Return received in warehouse,2025-05-30 14:22:00,Яндекс.Маркет (Софьино),Новосибирск,2934.0,2934.0,2026-01-05T10:00:00+00:00,demo
ORD-100840,25.05.2025,Sale to individual,HOO-003,Hoodie #3,4420.0,2,2,29.05.2025,Delivered to buyer,2025-05-30 16:34:00,Яндекс.Маркет (Софьино),Москва,7514.0,,2026-01-05T10:00:00+00:00,demo
ORD-100840,25.05.2025,Sale to individual,T-S-009,T-Shirt #9,2030.0,1,1,29.05.2025,Delivered to buyer,2025-05-27 16:34:00,Яндекс.Маркет (Софьино),Москва,2030.0,,2026-01-05T10:00:00+00:00,demo
ORD-100841,25.05.2025,Sale to individual,HOO-004,Hoodie #4,5110.0,1,1,26.05.2025,Delivered to buyer,2025-05-28 08:13:00,Яндекс.Маркет (Софьино),Санкт-Петербург,5110.0,,2026-01-05T10:00:00+00:00,demo
ORD-100842,25.05.2025,Sale to individual,T-S-012,T-Shirt #12,2660.0,2,2,27.05.2025,Delivered to buyer,2025-05-27 21:54:00,Яндекс.Маркет (Софьино),Екатеринбург,5320.0,,2026-01-05T10:00:00+00:00,demo
ORD-100843,25.05.2025,Sale to individual,ACC-004,Accessorie #4,1120.0,2,2,27.05.2025,Delivered to buyer,2025-05-29 08:47:00,Яндекс.Маркет (Софьино),Санкт-Петербург,2240.0,,2026-01-05T10:00:00+00:00,demo
ORD-100844,25.05.2025,Sale to individual,HOO-005,Hoodie #5,4850.0,1,1,26.05.2025,Delivered to buyer,2025-05-28 08:44:00,Яндекс.Маркет (Софьино),Санкт-Петербург,4850.0,,2026-01-05T10:00:00+00:00,demo
ORD-100844,25.05.2025,Sale to individual,T-S-012,T-Shirt #12,2660.0,1,1,26.05.2025,Delivered to buyer,2025-05-27 08:44:00,Яндекс.Маркет (Софьино),Санкт-Петербург,2660.0,,2026-01-05T10:00:00+00:00,demo
ORD-100844,25.05.2025,Sale to individual,HOO-005,Hoodie #5,4850.0,1,1,26.05.2025,Delivered to buyer,2025-05-30 08:44:00,Яндекс.Маркет (Софьино),Санкт-Петербург,4850.0,,2026-01-05T10:00:00+00:00,demo
ORD-100845,25.05.2025,Sale to individual,CAP-002,Cap #2,1800.0,2,2,27.05.2025,Delivered to buyer,2025-05-28 10:48:00,Яндекс.Маркет (Софьино),Казань,3240.0,,2026-01-05T10:00:00+00:00,demo
ORD-100845,25.05.2025,Sale to individual,CAP-002,Cap #2,1800.0,2,2,27.05.2025,Delivered to buyer,2025-05-28 10:48:00,Яндекс.Маркет (Софьино),Казань,3600.0,,2026-01-05T10:00:00+00:00,demo
ORD-100846,26.05.2025,Sale to individual,CAP-002,Cap #2,1800.0,2,2,27.05.2025,Delivered to buyer,2025-05-30 10:03:00,Яндекс.Маркет (Софьино),Москва,3240.0,,2026-01-05T10:00:00+00:00,demo
ORD-100846,26.05.2025,Sale to individual,HOO-001,Hoodie #1,5990.0,1,1,27.05.2025,Delivered to buyer,2025-05-31 10:03:00,Яндекс.Маркет (Софьино),Москва,5091.5,,2026-01-05T10:00:00+00:00,demo
ORD-100847,26.05.2025,Sale to individual,T-S-009,T-Shirt #9,2030.0,2,2,30.05.2025,Delivered to buyer,2025-05-28 19:14:00,Яндекс.Маркет (Софьино),Москва,4060.0,,2026-01-05T10:00:00+00:00,demo
ORD-100848,26.05.2025,Sale to individual,T-S-008,T-Shirt #8,2110.0,1,1,28.05.2025,Delivered to buyer,2025-05-30 17:03:00,Яндекс.Маркет (Софьино),Екатеринбург,1899.0,,2026-01-05T10:00:00+00:00,demo
ORD-100848,26.05.2025,Sale to individual,CAP-002,Cap #2,1800.0,1,1,28.05.2025,Delivered to buyer,2025-05-30 17:03:00,Яндекс.Маркет (Софьино),Екатеринбург,1620.0,,2026-01-05T10:00:00+00:00,demo
ORD-100849,26.05.2025,Sale to individual,T-S-011,T-Shirt #11,2370.0,1,1,29.05.2025,Delivered to buyer,2025-05-28 08:51:00,Яндекс.Маркет (Софьино),Казань,2370.0,,2026-01-05T10:00:00+00:00,demo
ORD-100849,26.05.2025,Sale to individual,T-S-009,T-Shirt #9,2030.0,1,1,29.05.2025,Delivered to buyer,2025-05-31 08:51:00,Яндекс.Маркет (Софьино),Казань,2030.0,,2026-01-05T10:00:00+00:00,demo
ORD-100849,26.05.2025,Sale to individual,T-S-004,T-Shirt #4,1960.0,1,1,29.05.2025,Delivered to buyer,2025-05-28 08:51:00,Яндекс.Маркет (Софьино),Казань,1960.0,,2026-01-05T10:00:00+00:00,demo
ORD-100850,26.05.2025,Sale to individual,HOO-004,Hoodie #4,5110.0,1,1,29.05.2025,Delivered to buyer,2025-05-27 08:48:00,Яндекс.Маркет (Софьино),Москва,4854.5,,2026-01-05T10:00:00+00:00,demo
ORD-100851,26.05.2025,Sale to individual,T-S-002,T-Shirt #2,2190.0,1,1,30.05.2025,Delivered to buyer,2025-05-29 17:02:00,Яндекс.Маркет (Софьино),Москва,2190.0,,2026-01-05T10:00:00+00:00,demo
ORD-100852,26.05.2025,Sale to individual,CAP-002,Cap #2,1800.0,1,1,28.05.2025,Return received in warehouse,2025-05-29 12:25:00,Яндекс.Маркет (Софьино),Казань,1800.0,1800.0,2026-01-05T10:00:00+00:00,demo
ORD-100853,26.05.2025,Sale to individual,CAP-004,Cap #4,1680.0,2,2,27.05.2025,Delivered to buyer,2025-05-31 22:47:00,Яндекс.Маркет (Софьино),Екатеринбург,3024.0,,2026-01-05T10:00:00+00:00,demo
ORD-100853,26.05.2025,Sale to individual,T-S-007,T-Shirt #7,2890.0,1,1,27.05.2025,Delivered to buyer,2025-05-28 22:47:00,Яндекс.Маркет (Софьино),Екатеринбург,2745.5,,2026-01-05T10:00:00+00:00,demo
ORD-100854,26.05.2025,Sale to individual,T-S-004,T-Shirt #4,1960.0,1,1,27.05.2025,Delivered to buyer,2025-05-31 18:29:00,Яндекс.Маркет (Софьино),Санкт-Петербург,1666.0,,2026-01-05T10:00:00+00:00,demo
ORD-100854,26.05.2025,Sale to individual,CAP-002,Cap #2,1800.0,1,1,27.05.2025,Delivered to buyer,2025-05-28 18:29:00,Яндекс.Маркет (Софьино),Санкт-Петербург,1620.0,,2026-01-05T10:00:00+00:00,demo
ORD-100854,26.05.2025,Sale to individual,ACC-001,Accessorie #1,990.0,1,1,27.05.2025,Delivered to buyer,2025-05-29 18:29:00,Яндекс.Маркет (Софьино),Санкт-Петербург,940.5,,2026-01-05T10:00:00+00:00,demo
ORD-100855,27.05.2025,Sale to individual,T-S-008,T-Shirt #8,2110.0,1,1,31.05.2025,Delivered to buyer,2025-06-01 22:45:00,Яндекс.Маркет (Софьино),Екатеринбург,2110.0,,2026-01-05T10:00:00+00:00,demo
ORD-100856,27.05.2025,Sale to individual,CAP-003,Cap #3,1680.0,1,1,28.05.2025,Delivered to buyer,2025-05-28 15:06:00,Яндекс.Маркет (Софьино),Казань,1512.0,,2026-01-05T10:00:00+00:00,demo
ORD-100857,27.05.2025,Sale to individual,T-S-002,T-Shirt #2,2190.0,1,1,30.05.2025,Delivered to buyer,2025-05-28 13:10:00,Яндекс.Маркет (Софьино),Екатеринбург,2080.5,,2026-01-05T10:00:00+00:00,demo
ORD-100858,27.05.2025,Sale to individual,ACC-004,Accessorie #4,1120.0,2,2,31.05.2025,Delivered to buyer,2025-05-28 10:45:00,Яндекс.Маркет (Софьино),Казань,2240.0,,2026-01-05T10:00:00+00:00,demo
ORD-100859,28.05.2025,Sale to individual,T-S-011,T-Shirt #11,2370.0,1,1,31.05.2025,Delivered to buyer,2025-05-31 15:02:00,Яндекс.Маркет (Софьино),Екатеринбург,2133.0,,2026-01-05T10:00:00+00:00,demo
ORD-100860,28.05.2025,Sale to individual,T-S-003,T-Shirt #3,2990.0,2,2,31.05.2025,Delivered to buyer,2025-05-29 21:39:00,Яндекс.Маркет (Софьино),Новосибирск,5681.0,,2026-01-05T10:00:00+00:00,demo
ORD-100861,28.05.2025,Sale to individual,CAP-004,Cap #4,1680.0,2,2,30.05.2025,Delivered to buyer,2025-06-02 18:03:00,Яндекс.Маркет (Софьино),Казань,3360.0,,2026-01-05T10:00:00+00:00,demo
ORD-100861,28.05.2025,Sale to individual,T-S-001,T-Shirt #1,2690.0,2,2,30.05.2025,Delivered to buyer,2025-05-30 18:03:00,Яндекс.Маркет (Софьино),Казань,5380.0,,2026-01-05T10:00:00+00:00,demo
ORD-100861,28.05.2025,Sale to individual,CAP-005,Cap #5,1800.0,2,2,30.05.2025,Delivered to buyer,2025-05-29 18:03:00,Яндекс.Маркет (Софьино),Казань,3240.0,,2026-01-05T10:00:00+00:00,demo
ORD-100862,28.05.2025,Sale to individual,T-S-003,T-Shirt #3,2990.0,2,2,01.06.2025,Delivered to buyer,2025-05-30 15:29:00,Яндекс.Маркет (Софьино),Москва,5382.0,,2026-01-05T10:00:00+00:00,demo
ORD-100863,29.05.2025,Sale to individual,CAP-002,Cap #2,1800.0,1,1,31.05.2025,Delivered to buyer,2025-05-31 17:31:00,Яндекс.Маркет (Софьино),Екатеринбург,1620.0,,2026-01-05T10:00:00+00:00,demo
ORD-100863,29.05.2025,Sale to individual,T-S-005,T-Shirt #5,1950.0,1,1,31.05.2025,Delivered to buyer,2025-06-03 17:31:00,Яндекс.Маркет (Софьино),Екатеринбург,1852.5,,2026-01-05T10:00:00+00:00,demo
ORD-100863,29.05.2025,Sale to individual,T-S-012,T-Shirt #12,2660.0,1,1,31.05.2025,Delivered to buyer,2025-06-02 17:31:00,Яндекс.Маркет (Софьино),Екатеринбург,2261.0,,2026-01-05T10:00:00+00:00,demo
ORD-100864,29.05.2025,Sale to individual,ACC-004,Accessorie #4,1120.0,1,1,01.06.2025,Delivered to buyer,2025-06-01 22:51:00,Яндекс.Маркет (Софьино),Санкт-Петербург,1008.0,,2026-01-05T10:00:00+00:00,demo
ORD-100864,29.05.2025,Sale to individual,T-S-008,T-Shirt #8,2110.0,1,1,01.06.2025,Delivered to buyer,2025-05-30 22:51:00,Яндекс.Маркет (Софьино),Санкт-Петербург,2110.0,,2026-01-05T10:00:00+00:00,demo
ORD-100865,29.05.2025,Sale to individual,T-S-010,T-Shirt #10,2800.0,2,2,02.06.2025,Delivered to buyer,2025-05-31 09:17:00,Яндекс.Маркет (Софьино),Новосибирск,4760.0,,2026-01-05T10:00:00+00:00,demo
ORD-100866,29.05.2025,Sale to individual,T-S-004,T-Shirt #4,1960.0,1,0,,Cancelled,2025-05-31 22:16:00,Яндекс.Маркет (Софьино),Новосибирск,,,2026-01-05T10:00:00+00:00,demo
ORD-100867,29.05.2025,Sale to individual,HOO-003,Hoodie #3,4420.0,1,1,02.06.2025,Delivered to buyer,2025-06-02 13:26:00,Яндекс.Маркет (Софьино),Новосибирск,3757.0,,2026-01-05T10:00:00+00:00,demo
ORD-100867,29.05.2025,Sale to individual,CAP-004,Cap #4,1680.0,1,1,02.06.2025,Delivered to buyer,2025-06-03 13:26:00,Яндекс.Маркет (Софьино),Новосибирск,1428.0,,2026-01-05T10:00:00+00:00,demo
ORD-100868,29.05.2025,Sale to individual,HOO-008,Hoodie #8,5940.0,1,1,31.05.2025,Delivered to buyer,2025-06-02 09:46:00,Яндекс.Маркет (Софьино),Казань,5940.0,,2026-01-05T10:00:00+00:00,demo
ORD-100869,29.05.2025,Sale to individual,CAP-004,Cap #4,1680.0,1,1,01.06.2025,Delivered to buyer,2025-05-30 15:55:00,Яндекс.Маркет (Софьино),Новосибирск,1428.0,,2026-01-05T10:00:00+00:00,demo
ORD-100870,30.05.2025,Sale to individual,T-S-012,T-Shirt #12,2660.0,1,1,01.06.2025,Delivered to buyer,2025-06-04 21:54:00,Яндекс.Маркет (Софьино),Санкт-Петербург,2394.0,,2026-01-05T10:00:00+00:00,demo
ORD-100870,30.05.2025,Sale to individual,ACC-004,Accessorie #4,1120.0,1,1,01.06.2025,Delivered to buyer,2025-06-03 21:54:00,Яндекс.Маркет (Софьино),Санкт-Петербург,952.0,,2026-01-05T10:00:00+00:00,demo
ORD-100870,30.05.2025,Sale to individual,T-S-004,T-Shirt #4,1960.0,1,1,01.06.2025,Delivered to buyer,2025-06-01 21:54:00,Яндекс.Маркет (Софьино),Санкт-Петербург,1862.0,,2026-01-05T10:00:00+00:00,demo
ORD-100871,30.05.2025,Sale to individual,CAP-004,Cap #4,1680.0,1,1,31.05.2025,Delivered to buyer,2025-06-04 18:36:00,Яндекс.Маркет (Софьино),Москва,1596.0,,2026-01-05T10:00:00+00:00,demo
ORD-100872,30.05.2025,Sale to individual,T-S-011,T-Shirt #11,2370.0,2,2,03.06.2025,Delivered to buyer,2025-06-02 19:31:00,Яндекс.Маркет (Софьино),Екатеринбург,4029.0,,2026-01-05T10:00:00+00:00,demo
ORD-100872,30.05.2025,Sale to individual,T-S-010,T-Shirt #10,2800.0,1,1,03.06.2025,Delivered to buyer,2025-06-03 19:31:00,Яндекс.Маркет (Софьино),Екатеринбург,2800.0,,2026-01-05T10:00:00+00:00,demo
ORD-100873,30.05.2025,Sale to individual,T-S-012,T-Shirt #12,2660.0,1,1,01.06.2025,Delivered to buyer,2025-05-31 13:11:00,Яндекс.Маркет (Софьино),Новосибирск,2261.0,,2026-01-05T10:00:00+00:00,demo
ORD-100873,30.05.2025,Sale to individual,T-S-010,T-Shirt #10,2800.0,1,1,01.06.2025,Delivered to buyer,2025-05-31 13:11:00,Яндекс.Маркет (Софьино),Новосибирск,2800.0,,2026-01-05T10:00:00+00:00,demo
ORD-100874,30.05.2025,Sale to individual,T-S-012,T-Shirt #12,2660.0,1,1,03.06.2025,Delivered to buyer,2025-06-04 08:39:00,Яндекс.Маркет (Софьино),Екатеринбург,2394.0,,2026-01-05T10:00:00+00:00,demo
ORD-100875,30.05.2025,Sale to individual,T-S-008,T-Shirt #8,2110.0,2,2,02.06.2025,Delivered to buyer,2025-06-01 20:02:00,Яндекс.Маркет (Софьино),Екатеринбург,4220.0,,2026-01-05T10:00:00+00:00,demo
ORD-100875,30.05.2025,Sale to individual,CAP-003,Cap #3,1680.0,2,2,02.06.2025,Delivered to buyer,2025-06-02 20:02:00,Яндекс.Маркет (Софьино),Екатеринбург,3360.0,,2026-01-05T10:00:00+00:00,demo
ORD-100876,30.05.2025,Sale to individual,ACC-003,Accessorie #3,1190.0,1,1,03.06.2025,Delivered to buyer,2025-06-02 14:58:00,Яндекс.Маркет (Софьино),Санкт-Петербург,1130.5,,2026-01-05T10:00:00+00:00,demo
ORD-100877,30.05.2025,Sale to individual,T-S-009,T-Shirt #9,2030.0,1,1,03.06.2025,Delivered to buyer,2025-06-02 21:57:00,Яндекс.Маркет (Софьино),Москва,2030.0,,2026-01-05T10:00:00+00:00,demo
ORD-100877,30.05.2025,Sale to individual,ACC-002,Accessorie #2,1440.0,1,1,03.06.2025,Delivered to buyer,2025-06-01 21:57:00,Яндекс.Маркет (Софьино),Москва,1368.0,,2026-01-05T10:00:00+00:00,demo
ORD-100877,30.05.2025,Sale to individual,T-S-011,T-Shirt #11,2370.0,2,2,03.06.2025,Delivered to buyer,2025-06-04 21:57:00,Яндекс.Маркет (Софьино),Москва,4740.0,,2026-01-05T10:00:00+00:00,demo
ORD-100878,31.05.2025,Sale to individual,T-S-011,T-Shirt #11,2370.0,1,1,01.06.2025,Delivered to buyer,2025-06-03 14:53:00,Яндекс.Маркет (Софьино),Новосибирск,2133.0,,2026-01-05T10:00:00+00:00,demo
ORD-100878,31.05.2025,Sale to individual,ACC-003,Accessorie #3,1190.0,1,1,01.06.2025,Delivered to buyer,2025-06-02 14:53:00,Яндекс.Маркет (Софьино),Новосибирск,1071.0,,2026-01-05T10:00:00+00:00,demo
ORD-100879,31.05.2025,Sale to individual,T-S-006,T-Shirt #6,2570.0,1,1,02.06.2025,Delivered to buyer,2025-06-02 19:51:00,Яндекс.Маркет (Софьино),Новосибирск,2184.5,,2026-01-05T10:00:00+00:00,demo
ORD-100879,31.05.2025,Sale to individual,HOO-005,Hoodie #5,4850.0,1,1,02.06.2025,Delivered to buyer,2025-06-01 19:51:00,Яндекс.Маркет (Софьино),Новосибирск,4850.0,,2026-01-05T10:00:00+00:00,demo
ORD-100880,31.05.2025,Sale to individual,CAP-003,Cap #3,1680.0,1,1,01.06.2025,Delivered to buyer,2025-06-04 08:27:00,Яндекс.Маркет (Софьино),Екатеринбург,1428.0,,2026-01-05T10:00:00+00:00,demo
ORD-100880,31.05.2025,Sale to individual,T-S-007,T-Shirt #7,2890.0,1,1,01.06.2025,Delivered to buyer,2025-06-04 08:27:00,Яндекс.Маркет (Софьино),Екатеринбург,2890.0,,2026-01-05T10:00:00+00:00,demo
ORD-100880,31.05.2025,Sale to individual,HOO-006,Hoodie #6,6060.0,1,1,01.06.2025,Delivered to buyer,2025-06-02 08:27:00,Яндекс.Маркет (Софьино),Екатеринбург,6060.0,,2026-01-05T10:00:00+00:00,demo
ORD-100881,31.05.2025,Sale to individual,HOO-003,Hoodie #3,4420.0,2,2,03.06.2025,Delivered to buyer,2025-06-01 22:14:00,Яндекс.Маркет (Софьино),Санкт-Петербург,8398.0,,2026-01-05T10:00:00+00:00,demo
ORD-100882,31.05.2025,Sale to individual,T-S-002,T-Shirt #2,2190.0,2,2,02.06.2025,Delivered to buyer,2025-06-01 09:59:00,Яндекс.Маркет (Софьино),Москва,3723.0,,2026-01-05T10:00:00+00:00,demo
ORD-100882,31.05.2025,Sale to individual,ACC-004,Accessorie #4,1120.0,1,1,02.06.2025,Delivered to buyer,2025-06-03 09:59:00,Яндекс.Маркет (Софьино),Москва,1120.0,,2026-01-05T10:00:00+00:00,demo
ORD-100882,31.05.2025,Sale to individual,CAP-005,Cap #5,1800.0,1,1,02.06.2025,Delivered to buyer,2025-06-01 09:59:00,Яндекс.Маркет (Софьино),Москва,1800.0,,2026-01-05T10:00:00+00:00,demo
ORD-100883,31.05.2025,Sale to individual,T-S-010,T-Shirt #10,2800.0,1,1,03.06.2025,Delivered to buyer,2025-06-01 15:54:00,Яндекс.Маркет (Софьино),Новосибирск,2520.0,,2026-01-05T10:00:00+00:00,demo
ORD-100884,31.05.2025,Sale to individual,T-S-011,T-Shirt #11,2370.0,1,1,02.06.2025,Delivered to buyer,2025-06-03 18:04:00,Яндекс.Маркет (Софьино),Новосибирск,2370.0,,2026-01-05T10:00:00+00:00,demo
ORD-100884,31.05.2025,Sale to individual,ACC-002,Accessorie #2,1440.0,1,1,02.06.2025,Delivered to buyer,2025-06-05 18:04:00,Яндекс.Маркет (Софьино),Новосибирск,1440.0,,2026-01-05T10:00:00+00:00,demo
ORD-100884,31.05.2025,Sale to individual,HOO-007,Hoodie #7,6730.0,1,1,02.06.2025,Delivered to buyer,2025-06-03 18:04:00,Яндекс.Маркет (Софьино),Новосибирск,6730.0,,2026-01-05T10:00:00+00:00,demo
ORD-100885,31.05.2025,Sale to individual,HOO-002,Hoodie #2,4910.0,1,1,01.06.2025,Delivered to buyer,2025-06-05 15:39:00,Яндекс.Маркет (Софьино),Казань,4910.0,,2026-01-05T10:00:00+00:00,demo
ORD-100886,31.05.2025,Sale to individual,CAP-005,Cap #5,1800.0,1,1,02.06.2025,Delivered to buyer,2025-06-03 16:01:00,Яндекс.Маркет (Софьино),Москва,1800.0,,2026-01-05T10:00:00+00:00,demo
ORD-100887,01.06.2025,Sale to individual,T-S-009,T-Shirt #9,2030.0,1,1,03.06.2025,Delivered to buyer,2025-06-06 11:05:00,Яндекс.Маркет (Софьино),Санкт-Петербург,1928.5,,2026-01-05T10:00:00+00:00,demo
ORD-100888,01.06.2025,Sale to individual,HOO-001,Hoodie #1,5990.0,1,1,05.06.2025,Delivered to buyer,2025-06-03 12:29:00,Яндекс.Маркет (Софьино),Санкт-Петербург,5990.0,,2026-01-05T10:00:00+00:00,demo
ORD-100888,01.06.2025,Sale to individual,T-S-011,T-Shirt #11,2370.0,1,1,05.06.2025,Delivered to buyer,2025-06-02 12:29:00,Яндекс.Маркет (Софьино),Санкт-Петербург,2133.0,,2026-01-05T10:00:00+00:00,demo
ORD-100889,01.06.2025,Sale to individual,CAP-004,Cap #4,1680.0,2,2,04.06.2025,Delivered to buyer,2025-06-05 20:49:00,Яндекс.Маркет (Софьино),Новосибирск,3024.0,,2026-01-05T10:00:00+00:00,demo
ORD-100890,01.06.2025,Sale to individual,T-S-005,T-Shirt #5,1950.0,1,1,04.06.2025,Delivered to buyer,2025-06-02 19:17:00,Яндекс.Маркет (Софьино),Санкт-Петербург,1852.5,,2026-01-05T10:00:00+00:00,demo
ORD-100890,01.06.2025,Sale to individual,T-S-010,T-Shirt #10,2800.0,2,2,04.06.2025,Delivered to buyer,2025-06-02 19:17:00,Яндекс.Маркет (Софьино),Санкт-Петербург,5600.0,,2026-01-05T10:00:00+00:00,demo
ORD-100891,01.06.2025,Sale to individual,HOO-005,Hoodie #5,4850.0,1,1,05.06.2025,Delivered to buyer,2025-06-02 12:37:00,Яндекс.Маркет (Софьино),Екатеринбург,4365.0,,2026-01-05T10:00:00+00:00,demo
ORD-100892,01.06.2025,Sale to individual,CAP-004,Cap #4,1680.0,1,1,04.06.2025,Delivered to buyer,2025-06-04 10:51:00,Яндекс.Маркет (Софьино),Москва,1596.0,,2026-01-05T10:00:00+00:00,demo
ORD-100892,01.06.2025,Sale to individual,T-S-010,T-Shirt #10,2800.0,1,1,04.06.2025,Delivered to buyer,2025-06-02 10:51:00,Яндекс.Маркет (Софьино),Москва,2660.0,,2026-01-05T10:00:00+00:00,demo
ORD-100893,01.06.2025,Sale to individual,T-S-010,T-Shirt #10,2800.0,1,1,02.06.2025,Delivered to buyer,2025-06-04 13:44:00,Яндекс.Маркет (Софьино),Санкт-Петербург,2520.0,,2026-01-05T10:00:00+00:00,demo
ORD-100893,01.06.2025,Sale to individual,T-S-012,T-Shirt #12,2660.0,1,1,02.06.2025,Delivered to buyer,2025-06-03 13:44:00,Яндекс.Маркет (Софьино),Санкт-Петербург,2261.0,,2026-01-05T10:00:00+00:00,demo
ORD-100893,01.06.2025,Sale to individual,CAP-004,Cap #4,1680.0,1,1,02.06.2025,Delivered to buyer,2025-06-04 13:44:00,Яндекс.Маркет (Софьино),Санкт-Петербург,1428.0,,2026-01-05T10:00:00+00:00,demo
ORD-100894,02.06.2025,Sale to individual,CAP-002,Cap #2,1800.0,1,0,,Cancelled,2025-06-06 09:36:00,Яндекс.Маркет (Софьино),Санкт-Петербург,,,2026-01-05T10:00:00+00:00,demo
ORD-100894,02.06.2025,Sale to individual,T-S-010,T-Shirt #10,2800.0,1,0,,Cancelled,2025-06-06 09:36:00,Яндекс.Маркет (Софьино),Санкт-Петербург,,,2026-01-05T10:00:00+00:00,demo
ORD-100894,02.06.2025,Sale to individual,T-S-010,T-Shirt #10,2800.0,1,0,,Cancelled,2025-06-06 09:36:00,Яндекс.Маркет (Софьино),Санкт-Петербург,,,2026-01-05T10:00:00+00:00,demo
ORD-100895,02.06.2025,Sale to individual,HOO-005,Hoodie #5,4850.0,1,1,06.06.2025,Delivered to buyer,2025-06-03 17:20:00,Яндекс.Маркет (Софьино),Казань,4122.5,,2026-01-05T10:00:00+00:00,demo
ORD-100896,02.06.2025,Sale to individual,ACC-002,Accessorie #2,1440.0,1,1,06.06.2025,Delivered to buyer,2025-06-03 12:08:00,Яндекс.Маркет (Софьино),Екатеринбург,1368.0,,2026-01-05T10:00:00+00:00,demo
ORD-100897,02.06.2025,Sale to individual,T-S-010,T-Shirt #10,2800.0,1,1,06.06.2025,Delivered to buyer,2025-06-07 15:06:00,Яндекс.Маркет (Софьино),Москва,2520.0,,2026-01-05T10:00:00+00:00,demo
ORD-100897,02.06.2025,Sale to individual,T-S-010,T-Shirt #10,2800.0,1,1,06.06.2025,Delivered to buyer,2025-06-05 15:06:00,Яндекс.Маркет (Софьино),Москва,2520.0,,2026-01-05T10:00:00+00:00,demo
ORD-100897,02.06.2025,Sale to individual,T-S-010,T-Shirt #10,2800.0,2,2,06.06.2025,Delivered to buyer,2025-06-03 15:06:00,Яндекс.Маркет (Софьино),Москва,5040.0,,2026-01-05T10:00:00+00:00,demo
ORD-100898,02.06.2025,Sale to individual,T-S-002,T-Shirt #2,2190.0,1,1,03.06.2025,Delivered to buyer,2025-06-05 17:06:00,Яндекс.Маркет (Софьино),Москва,2190.0,,2026-01-05T10:00:00+00:00,demo
ORD-100899,02.06.2025,Sale to individual,T-S-003,T-Shirt #3,2990.0,1,0,,Cancelled,2025-06-05 19:27:00,Яндекс.Маркет (Софьино),Казань,,,2026-01-05T10:00:00+00:00,demo
ORD-100900,02.06.2025,Sale to individual,T-S-009,T-Shirt #9,2030.0,2,2,05.06.2025,Delivered to buyer,2025-06-04 09:03:00,Яндекс.Маркет (Софьино),Екатеринбург,3857.0,,2026-01-05T10:00:00+00:00,demo
ORD-100901,03.06.2025,Sale to individual,T-S-010,T-Shirt #10,2800.0,2,2,04.06.2025,Delivered to buyer,2025-06-04 17:29:00,Яндекс.Маркет (Софьино),Санкт-Петербург,5040.0,,2026-01-05T10:00:00+00:00,demo
ORD-100902,03.06.2025,Sale to individual,T-S-012,T-Shirt #12,2660.0,1,1,07.06.2025,Delivered to buyer,2025-06-06 16:15:00,Яндекс.Маркет (Софьино),Новосибирск,2660.0,,2026-01-05T10:00:00+00:00,demo
ORD-100902,03.06.2025,Sale to individual,T-S-010,T-Shirt #10,2800.0,1,1,07.06.2025,Delivered to buyer,2025-06-06 16:15:00,Яндекс.Маркет (Софьино),Новосибирск,2800.0,,2026-01-05T10:00:00+00:00,demo
ORD-100902,03.06.2025,Sale to individual,CAP-003,Cap #3,1680.0,1,1,07.06.2025,Delivered to buyer,2025-06-04 16:15:00,Яндекс.Маркет (Софьино),Новосибирск,1680.0,,2026-01-05T10:00:00+00:00,demo
ORD-100903,03.06.2025,Sale to individual,HOO-008,Hoodie #8,5940.0,2,2,05.06.2025,Delivered to buyer,2025-06-07 15:03:00,Яндекс.Маркет (Софьино),Новосибирск,11880.0,,2026-01-05T10:00:00+00:00,demo
ORD-100904,04.06.2025,Sale to individual,CAP-002,Cap #2,1800.0,1,1,07.06.2025,Delivered to buyer,2025-06-06 20:33:00,Яндекс.Маркет (Софьино),Санкт-Петербург,1800.0,,2026-01-05T10:00:00+00:00,demo
ORD-100905,04.06.2025,Sale to individual,T-S-008,T-Shirt #8,2110.0,1,1,06.06.2025,Delivered to buyer,2025-06-05 14:28:00,Яндекс.Маркет (Софьино),Санкт-Петербург,1793.5,,2026-01-05T10:00:00+00:00,demo
ORD-100905,04.06.2025,Sale to individual,T-S-009,T-Shirt #9,2030.0,1,1,06.06.2025,Delivered to buyer,2025-06-05 14:28:00,Яндекс.Маркет (Софьино),Санкт-Петербург,1827.0,,2026-01-05T10:00:00+00:00,demo
ORD-100906,04.06.2025,Sale to individual,T-S-008,T-Shirt #8,2110.0,2,2,05.06.2025,Return received in warehouse,2025-06-07 09:15:00,Яндекс.Маркет (Софьино),Екатеринбург,4009.0,4009.0,2026-01-05T10:00:00+00:00,demo
ORD-100906,04.06.2025,Sale to individual,T-S-002,T-Shirt #2,2190.0,1,1,05.06.2025,Return received in warehouse,2025-06-05 09:15:00,Яндекс.Маркет (Софьино),Екатеринбург,1861.5,1861.5,2026-01-05T10:00:00+00:00,demo
ORD-100907,04.06.2025,Sale to individual,T-S-012,T-Shirt #12,2660.0,2,2,06.06.2025,Delivered to buyer,2025-06-07 14:13:00,Яндекс.Маркет (Софьино),Москва,5054.0,,2026-01-05T10:00:00+00:00,demo
ORD-100907,04.06.2025,Sale to individual,HOO-001,Hoodie #1,5990.0,1,1,06.06.2025,Delivered to buyer,2025-06-08 14:13:00,Яндекс.Маркет (Софьино),Москва,5990.0,,2026-01-05T10:00:00+00:00,demo
ORD-100908,04.06.2025,Sale to individual,T-S-008,T-Shirt #8,2110.0,1,1,06.06.2025,Return received in warehouse,2025-06-09 22:27:00,Яндекс.Маркет (Софьино),Санкт-Петербург,1793.5,1793.5,2026-01-05T10:00:00+00:00,demo
ORD-100909,04.06.2025,Sale to individual,T-S-002,T-Shirt #2,2190.0,1,1,05.06.2025,Delivered to buyer,2025-06-09 16:27:00,Яндекс.Маркет (Софьино),Москва,2190.0,,2026-01-05T10:00:00+00:00,demo
ORD-100909,04.06.2025,Sale to individual,T-S-009,T-Shirt #9,2030.0,1,1,05.06.2025,Delivered to buyer,2025-06-05 16:27:00,Яндекс.Маркет (Софьино),Москва,2030.0,,2026-01-05T10:00:00+00:00,demo
ORD-100909,04.06.2025,Sale to individual,T-S-005,T-Shirt #5,1950.0,1,1,05.06.2025,Delivered to buyer,2025-06-06 16:27:00,Яндекс.Маркет (Софьино),Москва,1852.5,,2026-01-05T10:00:00+00:00,demo
ORD-100910,04.06.2025,Sale to individual,T-S-010,T-Shirt #10,2800.0,2,2,08.06.2025,Delivered to buyer,2025-06-06 19:45:00,Яндекс.Маркет (Софьино),Казань,5600.0,,2026-01-05T10:00:00+00:00,demo
ORD-100910,04.06.2025,Sale to individual,T-S-008,T-Shirt #8,2110.0,1,1,08.06.2025,Delivered to buyer,2025-06-07 19:45:00,Яндекс.Маркет (Софьино),Казань,2004.5,,2026-01-05T10:00:00+00:00,demo
ORD-100911,04.06.2025,Sale to individual,T-S-008,T-Shirt #8,2110.0,2,0,,Cancelled,2025-06-06 17:18:00,Яндекс.Маркет (Софьино),Екатеринбург,,,2026-01-05T10:00:00+00:00,demo
ORD-100912,04.06.2025,Sale to individual,T-S-008,T-Shirt #8,2110.0,1,1,05.06.2025,Delivered to buyer,2025-06-08 13:43:00,Яндекс.Маркет (Софьино),Новосибирск,2110.0,,2026-01-05T10:00:00+00:00,demo
ORD-100913,05.06.2025,Sale to individual,ACC-001,Accessorie #1,990.0,1,1,07.06.2025,Delivered to buyer,2025-06-08 13:01:00,Яндекс.Маркет (Софьино),Санкт-Петербург,841.5,,2026-01-05T10:00:00+00:00,demo
ORD-100914,05.06.2025,Sale to individual,T-S-012,T-Shirt #12,2660.0,1,1,09.06.2025,Delivered to buyer,2025-06-08 17:00:00,Яндекс.Маркет (Софьино),Москва,2261.0,,2026-01-05T10:00:00+00:00,demo
ORD-100915,05.06.2025,Sale to individual,CAP-003,Cap #3,1680.0,1,1,07.06.2025,Delivered to buyer,2025-06-09 16:32:00,Яндекс.Маркет (Софьино),Москва,1596.0,,2026-01-05T10:00:00+00:00,demo
ORD-100916,05.06.2025,Sale to individual,T-S-012,T-Shirt #12,2660.0,1,1,08.06.2025,Delivered to buyer,2025-06-10 19:22:00,Яндекс.Маркет (Софьино),Казань,2527.0,,2026-01-05T10:00:00+00:00,demo
ORD-100916,05.06.2025,Sale to individual,T-S-010,T-Shirt #10,2800.0,2,2,08.06.2025,Delivered to buyer,2025-06-08 19:22:00,Яндекс.Маркет (Софьино),Казань,5600.0,,2026-01-05T10:00:00+00:00,demo
ORD-100916,05.06.2025,Sale to individual,T-S-001,T-Shirt #1,2690.0,1,1,08.06.2025,Delivered to buyer,2025-06-09 19:22:00,Яндекс.Маркет (Софьино),Казань,2690.0,,2026-01-05T10:00:00+00:00,demo
ORD-100917,05.06.2025,Sale to individual,T-S-002,T-Shirt #2,2190.0,1,1,08.06.2025,Delivered to buyer,2025-06-06 18:09:00,Яндекс.Маркет (Софьино),Новосибирск,2190.0,,2026-01-05T10:00:00+00:00,demo
ORD-100917,05.06.2025,Sale to individual,HOO-005,Hoodie #5,4850.0,1,1,08.06.2025,Delivered to buyer,2025-06-06 18:09:00,Яндекс.Маркет (Софьино),Новосибирск,4365.0,,2026-01-05T10:00:00+00:00,demo
ORD-100918,05.06.2025,Sale to individual,T-S-008,T-Shirt #8,2110.0,1,1,09.06.2025,Delivered to buyer,2025-06-10 22:40:00,Яндекс.Маркет (Софьино),Казань,1899.0,,2026-01-05T10:00:00+00:00,demo
ORD-100918,05.06.2025,Sale to individual,ACC-002,Accessorie #2,1440.0,2,2,09.06.2025,Delivered to buyer,2025-06-08 22:40:00,Яндекс.Маркет (Софьино),Казань,2736.0,,2026-01-05T10:00:00+00:00,demo
ORD-100919,05.06.2025,Sale to individual,T-S-006,T-Shirt #6,2570.0,1,1,08.06.2025,Delivered to buyer,2025-06-06 08:37:00,Яндекс.Маркет (Софьино),Екатеринбург,2441.5,,2026-01-05T10:00:00+00:00,demo
ORD-100919,05.06.2025,Sale to individual,CAP-004,Cap #4,1680.0,1,1,08.06.2025,Delivered to buyer,2025-06-07 08:37:00,Яндекс.Маркет (Софьино),Екатеринбург,1512.0,,2026-01-05T10:00:00+00:00,demo
ORD-100920,05.06.2025,Sale to individual,HOO-004,Hoodie #4,5110.0,1,1,08.06.2025,Delivered to buyer,2025-06-08 18:09:00,Яндекс.Маркет (Софьино),Новосибирск,5110.0,,2026-01-05T10:00:00+00:00,demo
ORD-100920,05.06.2025,Sale to individual,T-S-007,T-Shirt #7,2890.0,1,1,08.06.2025,Delivered to buyer,2025-06-06 18:09:00,Яндекс.Маркет (Софьино),Новосибирск,2601.0,,2026-01-05T10:00:00+00:00,demo
ORD-100921,06.06.2025,Sale to individual,T-S-011,T-Shirt #11,2370.0,1,1,09.06.2025,Delivered to buyer,2025-06-08 08:31:00,Яндекс.Маркет (Софьино),Москва,2251.5,,2026-01-05T10:00:00+00:00,demo
ORD-100922,06.06.2025,Sale to individual,CAP-002,Cap #2,1800.0,1,1,08.06.2025,Delivered to buyer,2025-06-11 22:18:00,Яндекс.Маркет (Софьино),Санкт-Петербург,1620.0,,2026-01-05T10:00:00+00:00,demo
ORD-100923,06.06.2025,Sale to individual,ACC-003,Accessorie #3,1190.0,2,2,07.06.2025,Delivered to buyer,2025-06-07 12:14:00,Яндекс.Маркет (Софьино),Новосибирск,2142.0,,2026-01-05T10:00:00+00:00,demo
ORD-100923,06.06.2025,Sale to individual,T-S-009,T-Shirt #9,2030.0,1,1,07.06.2025,Delivered to buyer,2025-06-11 12:14:00,Яндекс.Маркет (Софьино),Новосибирск,1928.5,,2026-01-05T10:00:00+00:00,demo
ORD-100924,06.06.2025,Sale to individual,CAP-005,Cap #5,1800.0,1,1,10.06.2025,Delivered to buyer,2025-06-10 10:36:00,Яндекс.Маркет (Софьино),Санкт-Петербург,1800.0,,2026-01-05T10:00:00+00:00,demo
ORD-100924,06.06.2025,Sale to individual,CAP-004,Cap #4,1680.0,1,1,10.06.2025,Delivered to buyer,2025-06-09 10:36:00,Яндекс.Маркет (Софьино),Санкт-Петербург,1596.0,,2026-01-05T10:00:00+00:00,demo
ORD-100924,06.06.2025,Sale to individual,T-S-007,T-Shirt #7,2890.0,1,1,10.06.2025,Delivered to buyer,2025-06-11 10:36:00,Яндекс.Маркет (Софьино),Санкт-Петербург,2745.5,,2026-01-05T10:00:00+00:00,demo
ORD-100925,06.06.2025,Sale to individual,CAP-004,Cap #4,1680.0,1,1,08.06.2025,Delivered to buyer,2025-06-10 15:34:00,Яндекс.Маркет (Софьино),Москва,1428.0,,2026-01-05T10:00:00+00:00,demo
ORD-100925,06.06.2025,Sale to individual,CAP-004,Cap #4,1680.0,1,1,08.06.2025,Delivered to buyer,2025-06-09 15:34:00,Яндекс.Маркет (Софьино),Москва,1428.0,,2026-01-05T10:00:00+00:00,demo
ORD-100926,06.06.2025,Sale to individual,ACC-004,Accessorie #4,1120.0,1,1,10.06.2025,Delivered to buyer,2025-06-07 13:27:00,Яндекс.Маркет (Софьино),Екатеринбург,1008.0,,2026-01-05T10:00:00+00:00,demo
ORD-100926,06.06.2025,Sale to individual,T-S-012,T-Shirt #12,2660.0,1,1,10.06.2025,Delivered to buyer,2025-06-09 13:27:00,Яндекс.Маркет (Софьино),Екатеринбург,2261.0,,2026-01-05T10:00:00+00:00,demo
ORD-100927,06.06.2025,Sale to individual,HOO-006,Hoodie #6,6060.0,1,1,09.06.2025,Delivered to buyer,2025-06-10 17:32:00,Яндекс.Маркет (Софьино),Екатеринбург,6060.0,,2026-01-05T10:00:00+00:00,demo
ORD-100928,06.06.2025,Sale to individual,CAP-004,Cap #4,1680.0,1,1,07.06.2025,Delivered to buyer,2025-06-07 14:42:00,Яндекс.Маркет (Софьино),Новосибирск,1680.0,,2026-01-05T10:00:00+00:00,demo
ORD-100928,06.06.2025,Sale to individual,CAP-005,Cap #5,1800.0,1,1,07.06.2025,Delivered to buyer,2025-06-09 14:42:00,Яндекс.Маркет (Софьино),Новосибирск,1800.0,,2026-01-05T10:00:00+00:00,demo
ORD-100929,07.06.2025,Sale to individual,T-S-012,T-Shirt #12,2660.0,1,1,10.06.2025,Delivered to buyer,2025-06-12 09:52:00,Яндекс.Маркет (Софьино),Москва,2261.0,,2026-01-05T10:00:00+00:00,demo
ORD-100929,07.06.2025,Sale to individual,T-S-010,T-Shirt #10,2800.0,1,1,10.06.2025,Delivered to buyer,2025-06-12 09:52:00,Яндекс.Маркет (Софьино),Москва,2800.0,,2026-01-05T10:00:00+00:00,demo
ORD-100930,07.06.2025,Sale to individual,T-S-008,T-Shirt #8,2110.0,1,1,11.06.2025,Delivered to buyer,2025-06-08 16:47:00,Яндекс.Маркет (Софьино),Санкт-Петербург,2004.5,,2026-01-05T10:00:00+00:00,demo
ORD-100931,07.06.2025,Sale to individual,T-S-002,T-Shirt #2,2190.0,1,1,09.06.2025,Delivered to buyer,2025-06-08 17:44:00,Яндекс.Маркет (Софьино),Санкт-Петербург,1861.5,,2026-01-05T10:00:00+00:00,demo
ORD-100932,07.06.2025,Sale to individual,CAP-004,Cap #4,1680.0,2,2,11.06.2025,Delivered to buyer,2025-06-08 11:06:00,Яндекс.Маркет (Софьино),Новосибирск,3360.0,,2026-01-05T10:00:00+00:00,demo
ORD-100933,07.06.2025,Sale to individual,CAP-004,Cap #4,1680.0,1,1,09.06.2025,Delivered to buyer,2025-06-11 14:30:00,Яндекс.Маркет (Софьино),Екатеринбург,1428.0,,2026-01-05T10:00:00+00:00,demo
ORD-100934,07.06.2025,Sale to individual,HOO-007,Hoodie #7,6730.0,1,1,11.06.2025,Delivered to buyer,2025-06-09 17:07:00,Яндекс.Маркет (Софьино),Санкт-Петербург,6730.0,,2026-01-05T10:00:00+00:00,demo
ORD-100935,07.06.2025,Sale to individual,T-S-012,T-Shirt #12,2660.0,2,2,09.06.2025,Delivered to buyer,2025-06-10 19:44:00,Яндекс.Маркет (Софьино),Москва,5054.0,,2026-01-05T10:00:00+00:00,demo
ORD-100935,07.06.2025,Sale to individual,T-S-010,T-Shirt #10,2800.0,2,2,09.06.2025,Delivered to buyer,2025-06-08 19:44:00,Яндекс.Маркет (Софьино),Москва,5040.0,,2026-01-05T10:00:00+00:00,demo
ORD-100936,07.06.2025,Sale to individual,T-S-002,T-Shirt #2,2190.0,1,1,11.06.2025,Delivered to buyer,2025-06-11 14:52:00,Яндекс.Маркет (Софьино),Новосибирск,1861.5,,2026-01-05T10:00:00+00:00,demo
ORD-100937,07.06.2025,Sale to individual,HOO-007,Hoodie #7,6730.0,1,1,08.06.2025,Delivered to buyer,2025-06-11 17:19:00,Яндекс.Маркет (Софьино),Казань,6057.0,,2026-01-05T10:00:00+00:00,demo
ORD-100937,07.06.2025,Sale to individual,HOO-007,Hoodie #7,6730.0,1,1,08.06.2025,Delivered to buyer,2025-06-09 17:19:00,Яндекс.Маркет (Софьино),Казань,6730.0,,2026-01-05T10:00:00+00:00,demo
ORD-100937,07.06.2025,Sale to individual,T-S-012,T-Shirt #12,2660.0,1,1,08.06.2025,Delivered to buyer,2025-06-12 17:19:00,Яндекс.Маркет (Софьино),Казань,2261.0,,2026-01-05T10:00:00+00:00,demo
ORD-100938,07.06.2025,Sale to individual,T-S-002,T-Shirt #2,2190.0,1,1,11.06.2025,Delivered to buyer,2025-06-09 13:57:00,Яндекс.Маркет (Софьино),Казань,1971.0,,2026-01-05T10:00:00+00:00,demo
ORD-100938,07.06.2025,Sale to individual,HOO-007,Hoodie #7,6730.0,1,1,11.06.2025,Delivered to buyer,2025-06-11 13:57:00,Яндекс.Маркет (Софьино),Казань,6393.5,,2026-01-05T10:00:00+00:00,demo
ORD-100939,07.06.2025,Sale to individual,ACC-004,Accessorie #4,1120.0,1,1,11.06.2025,Delivered to buyer,2025-06-10 22:53:00,Яндекс.Маркет (Софьино),Санкт-Петербург,1120.0,,2026-01-05T10:00:00+00:00,demo
ORD-100939,07.06.2025,Sale to individual,HOO-005,Hoodie #5,4850.0,1,1,11.06.2025,Delivered to buyer,2025-06-12 22:53:00,Яндекс.Маркет (Софьино),Санкт-Петербург,4122.5,,2026-01-05T10:00:00+00:00,demo
ORD-100940,08.06.2025,Sale to individual,T-S-004,T-Shirt #4,1960.0,2,2,10.06.2025,Delivered to buyer,2025-06-11 21:46:00,Яндекс.Маркет (Софьино),Москва,3528.0,,2026-01-05T10:00:00+00:00,demo
ORD-100941,08.06.2025,Sale to individual,ACC-002,Accessorie #2,1440.0,2,2,10.06.2025,Return received in warehouse,2025-06-09 11:49:00,Яндекс.Маркет (Софьино),Санкт-Петербург,2592.0,2592.0,2026-01-05T10:00:00+00:00,demo
ORD-100942,08.06.2025,Sale to individual,CAP-004,Cap #4,1680.0,2,2,09.06.2025,Delivered to buyer,2025-06-13 17:16:00,Яндекс.Маркет (Софьино),Москва,3192.0,,2026-01-05T10:00:00+00:00,demo
ORD-100943,08.06.2025,Sale to individual,T-S-005,T-Shirt #5,1950.0,2,2,10.06.2025,Delivered to buyer,2025-06-13 21:01:00,Яндекс.Маркет (Софьино),Новосибирск,3900.0,,2026-01-05T10:00:00+00:00,demo
ORD-100944,08.06.2025,Sale to individual,T-S-012,T-Shirt #12,2660.0,1,1,11.06.2025,Delivered to buyer,2025-06-13 11:12:00,Яндекс.Маркет (Софьино),Санкт-Петербург,2394.0,,2026-01-05T10:00:00+00:00,demo
ORD-100944,08.06.2025,Sale to individual,T-S-010,T-Shirt #10,2800.0,1,1,11.06.2025,Delivered to buyer,2025-06-13 11:12:00,Яндекс.Маркет (Софьино),Санкт-Петербург,2800.0,,2026-01-05T10:00:00+00:00,demo
ORD-100945,08.06.2025,Sale to individual,T-S-002,T-Shirt #2,2190.0,1,1,09.06.2025,Delivered to buyer,2025-06-12 18:42:00,Яндекс.Маркет (Софьино),Санкт-Петербург,2080.5,,2026-01-05T10:00:00+00:00,demo
ORD-100946,08.06.2025,Sale to individual,T-S-008,T-Shirt #8,2110.0,2,2,09.06.2025,Delivered to buyer,2025-06-10 16:55:00,Яндекс.Маркет (Софьино),Екатеринбург,4220.0,,2026-01-05T10:00:00+00:00,demo
ORD-100947,08.06.2025,Sale to individual,HOO-006,Hoodie #6,6060.0,1,1,11.06.2025,Delivered to buyer,2025-06-12 21:30:00,Яндекс.Маркет (Софьино),Екатеринбург,6060.0,,2026-01-05T10:00:00+00:00,demo
ORD-100948,09.06.2025,Sale to individual,T-S-003,T-Shirt #3,2990.0,1,1,10.06.2025,Delivered to buyer,2025-06-13 18:24:00,Яндекс.Маркет (Софьино),Казань,2990.0,,2026-01-05T10:00:00+00:00,demo
ORD-100948,09.06.2025,Sale to individual,CAP-004,Cap #4,1680.0,1,1,10.06.2025,Delivered to buyer,2025-06-14 18:24:00,Яндекс.Маркет (Софьино),Казань,1680.0,,2026-01-05T10:00:00+00:00,demo
ORD-100949,09.06.2025,Sale to individual,ACC-003,Accessorie #3,1190.0,2,2,11.06.2025,Delivered to buyer,2025-06-10 13:01:00,Яндекс.Маркет (Софьино),Казань,2261.0,,2026-01-05T10:00:00+00:00,demo
ORD-100950,09.06.2025,Sale to individual,ACC-003,Accessorie #3,1190.0,1,1,11.06.2025,Delivered to buyer,2025-06-10 12:04:00,Яндекс.Маркет (Софьино),Новосибирск,1011.5,,2026-01-05T10:00:00+00:00,demo
ORD-100950,09.06.2025,Sale to individual,T-S-012,T-Shirt #12,2660.0,2,2,11.06.2025,Delivered to buyer,2025-06-10 12:04:00,Яндекс.Маркет (Софьино),Новосибирск,5054.0,,2026-01-05T10:00:00+00:00,demo
ORD-100951,09.06.2025,Sale to individual,T-S-010,T-Shirt #10,2800.0,1,1,12.06.2025,Delivered to buyer,2025-06-14 13:26:00,Яндекс.Маркет (Софьино),Москва,2800.0,,2026-01-05T10:00:00+00:00,demo
ORD-100952,09.06.2025,Sale to individual,T-S-012,T-Shirt #12,2660.0,1,1,10.06.2025,Return received in warehouse,2025-06-10 13:59:00,Яндекс.Маркет (Софьино),Екатеринбург,2527.0,2527.0,2026-01-05T10:00:00+00:00,demo
ORD-100953,09.06.2025,Sale to individual,T-S-012,T-Shirt #12,2660.0,1,1,10.06.2025,Delivered to buyer,2025-06-13 17:47:00,Яндекс.Маркет (Софьино),Москва,2660.0,,2026-01-05T10:00:00+00:00,demo
ORD-100953,09.06.2025,Sale to individual,T-S-006,T-Shirt #6,2570.0,1,1,10.06.2025,Delivered to buyer,2025-06-13 17:47:00,Яндекс.Маркет (Софьино),Москва,2441.5,,2026-01-05T10:00:00+00:00,demo
ORD-100954,09.06.2025,Sale to individual,ACC-003,Accessorie #3,1190.0,1,1,11.06.2025,Delivered to buyer,2025-06-14 12:50:00,Яндекс.Маркет (Софьино),Москва,1011.5,,2026-01-05T10:00:00+00:00,demo
ORD-100955,10.06.2025,Sale to individual,T-S-010,T-Shirt #10,2800.0,1,1,14.06.2025,Return received in warehouse,2025-06-14 08:35:00,Яндекс.Маркет (Софьино),Новосибирск,2520.0,2520.0,2026-01-05T10:00:00+00:00,demo
ORD-100956,10.06.2025,Sale to individual,ACC-002,Accessorie #2,1440.0,1,1,14.06.2025,Delivered to buyer,2025-06-13 10:07:00,Яндекс.Маркет (Софьино),Казань,1440.0,,2026-01-05T10:00:00+00:00,demo
ORD-100957,10.06.2025,Sale to individual,T-S-004,T-Shirt #4,1960.0,1,1,12.06.2025,Delivered to buyer,2025-06-15 22:03:00,Яндекс.Маркет (Софьино),Москва,1764.0,,2026-01-05T10:00:00+00:00,demo
ORD-100958,10.06.2025,Sale to individual,T-S-009,T-Shirt #9,2030.0,1,1,11.06.2025,Delivered to buyer,2025-06-11 08:51:00,Яндекс.Маркет (Софьино),Новосибирск,1928.5,,2026-01-05T10:00:00+00:00,demo
ORD-100958,10.06.2025,Sale to individual,T-S-002,T-Shirt #2,2190.0,1,1,11.06.2025,Delivered to buyer,2025-06-15 08:51:00,Яндекс.Маркет (Софьино),Новосибирск,2080.5,,2026-01-05T10:00:00+00:00,demo
ORD-100958,10.06.2025,Sale to individual,T-S-002,T-Shirt #2,2190.0,1,1,11.06.2025,Delivered to buyer,2025-06-12 08:51:00,Яндекс.Маркет (Софьино),Новосибирск,2080.5,,2026-01-05T10:00:00+00:00,demo
ORD-100959,10.06.2025,Sale to individual,T-S-003,T-Shirt #3,2990.0,1,1,11.06.2025,Delivered to buyer,2025-06-14 14:30:00,Яндекс.Маркет (Софьино),Новосибирск,2990.0,,2026-01-05T10:00:00+00:00,demo
ORD-100959,10.06.2025,Sale to individual,T-S-009,T-Shirt #9,2030.0,1,1,11.06.2025,Delivered to buyer,2025-06-15 14:30:00,Яндекс.Маркет (Софьино),Новосибирск,1928.5,,2026-01-05T10:00:00+00:00,demo
ORD-100959,10.06.2025,Sale to individual,HOO-003,Hoodie #3,4420.0,1,1,11.06.2025,Delivered to buyer,2025-06-15 14:30:00,Яндекс.Маркет (Софьино),Новосибирск,4420.0,,2026-01-05T10:00:00+00:00,demo
ORD-100960,10.06.2025,Sale to individual,T-S-010,T-Shirt #10,2800.0,2,2,11.06.2025,Delivered to buyer,2025-06-11 13:44:00,Яндекс.Маркет (Софьино),Новосибирск,5320.0,,2026-01-05T10:00:00+00:00,demo
ORD-100961,10.06.2025,Sale to individual,CAP-002,Cap #2,1800.0,1,1,12.06.2025,Delivered to buyer,2025-06-12 22:08:00,Яндекс.Маркет (Софьино),Санкт-Петербург,1710.0,,2026-01-05T10:00:00+00:00,demo
ORD-100962,10.06.2025,Sale to individual,CAP-002,Cap #2,1800.0,1,1,14.06.2025,Delivered to buyer,2025-06-15 11:44:00,Яндекс.Маркет (Софьино),Москва,1710.0,,2026-01-05T10:00:00+00:00,demo
ORD-100962,10.06.2025,Sale to individual,ACC-003,Accessorie #3,1190.0,2,2,14.06.2025,Delivered to buyer,2025-06-11 11:44:00,Яндекс.Маркет (Софьино),Москва,2261.0,,2026-01-05T10:00:00+00:00,demo
ORD-100962,10.06.2025,Sale to individual,T-S-002,T-Shirt #2,2190.0,1,1,14.06.2025,Delivered to buyer,2025-06-15 11:44:00,Яндекс.Маркет (Софьино),Москва,2080.5,,2026-01-05T10:00:00+00:00,demo
ORD-100963,10.06.2025,Sale to individual,T-S-012,T-Shirt #12,2660.0,1,1,14.06.2025,Delivered to buyer,2025-06-15 15:01:00,Яндекс.Маркет (Софьино),Новосибирск,2394.0,,2026-01-05T10:00:00+00:00,demo
ORD-100963,10.06.2025,Sale to individual,T-S-008,T-Shirt #8,2110.0,1,1,14.06.2025,Delivered to buyer,2025-06-11 15:01:00,Яндекс.Маркет (Софьино),Новосибирск,2004.5,,2026-01-05T10:00:00+00:00,demo
ORD-100964,10.06.2025,Sale to individual,CAP-002,Cap #2,1800.0,1,1,11.06.2025,Delivered to buyer,2025-06-13 20:22:00,Яндекс.Маркет (Софьино),Казань,1800.0,,2026-01-05T10:00:00+00:00,demo
ORD-100964,10.06.2025,Sale to individual,T-S-010,T-Shirt #10,2800.0,2,2,11.06.2025,Delivered to buyer,2025-06-11 20:22:00,Яндекс.Маркет (Софьино),Казань,5040.0,,2026-01-05T10:00:00+00:00,demo
ORD-100965,11.06.2025,Sale to individual,T-S-012,T-Shirt #12,2660.0,1,1,14.06.2025,Delivered to buyer,2025-06-15 16:24:00,Яндекс.Маркет (Софьино),Екатеринбург,2660.0,,2026-01-05T10:00:00+00:00,demo
ORD-100965,11.06.2025,Sale to individual,HOO-004,Hoodie #4,5110.0,2,2,14.06.2025,Delivered to buyer,2025-06-13 16:24:00,Яндекс.Маркет (Софьино),Екатеринбург,10220.0,,2026-01-05T10:00:00+00:00,demo
ORD-100966,11.06.2025,Sale to individual,ACC-005,Accessorie #5,1220.0,1,1,14.06.2025,Delivered to buyer,2025-06-16 12:51:00,Яндекс.Маркет (Софьино),Екатеринбург,1159.0,,2026-01-05T10:00:00+00:00,demo
ORD-100967,11.06.2025,Sale to individual,T-S-009,T-Shirt #9,2030.0,1,1,14.06.2025,Delivered to buyer,2025-06-14 08:39:00,Яндекс.Маркет (Софьино),Казань,2030.0,,2026-01-05T10:00:00+00:00,demo
ORD-100968,11.06.2025,Sale to individual,T-S-012,T-Shirt #12,2660.0,2,2,14.06.2025,Delivered to buyer,2025-06-15 18:20:00,Яндекс.Маркет (Софьино),Москва,5320.0,,2026-01-05T10:00:00+00:00,demo
ORD-100969,11.06.2025,Sale to individual,T-S-002,T-Shirt #2,2190.0,1,1,13.06.2025,Delivered to buyer,2025-06-15 13:30:00,Яндекс.Маркет (Софьино),Казань,2190.0,,2026-01-05T10:00:00+00:00,demo
ORD-100969,11.06.2025,Sale to individual,ACC-003,Accessorie #3,1190.0,1,1,13.06.2025,Delivered to buyer,2025-06-14 13:30:00,Яндекс.Маркет (Софьино),Казань,1130.5,,2026-01-05T10:00:00+00:00,demo
ORD-100970,12.06.2025,Sale to individual,HOO-007,Hoodie #7,6730.0,1,1,14.06.2025,Delivered to buyer,2025-06-16 18:11:00,Яндекс.Маркет (Софьино),Москва,5720.5,,2026-01-05T10:00:00+00:00,demo
ORD-100970,12.06.2025,Sale to individual,T-S-009,T-Shirt #9,2030.0,1,1,14.06.2025,Delivered to buyer,2025-06-17 18:11:00,Яндекс.Маркет (Софьино),Москва,2030.0,,2026-01-05T10:00:00+00:00,demo
ORD-100971,12.06.2025,Sale to individual,T-S-002,T-Shirt #2,2190.0,1,0,,Cancelled,2025-06-14 11:03:00,Яндекс.Маркет (Софьино),Казань,,,2026-01-05T10:00:00+00:00,demo
ORD-100972,12.06.2025,Sale to individual,HOO-001,Hoodie #1,5990.0,1,1,16.06.2025,Delivered to buyer,2025-06-17 09:04:00,Яндекс.Маркет (Софьино),Санкт-Петербург,5690.5,,2026-01-05T10:00:00+00:00,demo
ORD-100973,12.06.2025,Sale to individual,HOO-007,Hoodie #7,6730.0,1,1,16.06.2025,Delivered to buyer,2025-06-15 21:52:00,Яндекс.Маркет (Софьино),Казань,6730.0,,2026-01-05T10:00:00+00:00,demo
ORD-100974,12.06.2025,Sale to individual,ACC-002,Accessorie #2,1440.0,1,1,15.06.2025,Delivered to buyer,2025-06-15 20:23:00,Яндекс.Маркет (Софьино),Казань,1440.0,,2026-01-05T10:00:00+00:00,demo
ORD-100974,12.06.2025,Sale to individual,T-S-010,T-Shirt #10,2800.0,1,1,15.06.2025,Delivered to buyer,2025-06-14 20:23:00,Яндекс.Маркет (Софьино),Казань,2660.0,,2026-01-05T10:00:00+00:00,demo
ORD-100975,12.06.2025,Sale to individual,HOO-001,Hoodie #1,5990.0,1,1,14.06.2025,Delivered to buyer,2025-06-16 08:06:00,Яндекс.Маркет (Софьино),Екатеринбург,5990.0,,2026-01-05T10:00:00+00:00,demo
ORD-100976,12.06.2025,Sale to individual,CAP-002,Cap #2,1800.0,1,1,14.06.2025,Delivered to buyer,2025-06-17 08:42:00,Яндекс.Маркет (Софьино),Москва,1530.0,,2026-01-05T10:00:00+00:00,demo
ORD-100976,12.06.2025,Sale to individual,HOO-007,Hoodie #7,6730.0,2,2,14.06.2025,Delivered to buyer,2025-06-13 08:42:00,Яндекс.Маркет (Софьино),Москва,11441.0,,2026-01-05T10:00:00+00:00,demo
ORD-100977,13.06.2025,Sale to individual,HOO-002,Hoodie #2,4910.0,1,1,17.06.2025,Delivered to buyer,2025-06-16 20:03:00,Яндекс.Маркет (Софьино),Екатеринбург,4910.0,,2026-01-05T10:00:00+00:00,demo
ORD-100977,13.06.2025,Sale to individual,T-S-012,T-Shirt #12,2660.0,1,1,17.06.2025,Delivered to buyer,2025-06-15 20:03:00,Яндекс.Маркет (Софьино),Екатеринбург,2527.0,,2026-01-05T10:00:00+00:00,demo
ORD-100977,13.06.2025,Sale to individual,T-S-009,T-Shirt #9,2030.0,2,2,17.06.2025,Delivered to buyer,2025-06-14 20:03:00,Яндекс.Маркет (Софьино),Екатеринбург,3857.0,,2026-01-05T10:00:00+00:00,demo
ORD-100978,13.06.2025,Sale to individual,T-S-003,T-Shirt #3,2990.0,1,0,,Cancelled,2025-06-17 11:28:00,Яндекс.Маркет (Софьино),Екатеринбург,,,2026-01-05T10:00:00+00:00,demo
ORD-100979,13.06.2025,Sale to individual,HOO-004,Hoodie #4,5110.0,1,1,17.06.2025,Delivered to buyer,2025-06-18 11:28:00,Яндекс.Маркет (Софьино),Санкт-Петербург,4599.0,,2026-01-05T10:00:00+00:00,demo
ORD-100980,13.06.2025,Sale to individual,T-S-010,T-Shirt #10,2800.0,1,0,,Cancelled,2025-06-17 10:38:00,Яндекс.Маркет (Софьино),Москва,,,2026-01-05T10:00:00+00:00,demo
ORD-100981,13.06.2025,Sale to individual,ACC-001,Accessorie #1,990.0,1,1,17.06.2025,Delivered to buyer,2025-06-14 10:36:00,Яндекс.Маркет (Софьино),Новосибирск,990.0,,2026-01-05T10:00:00+00:00,demo
ORD-100981,13.06.2025,Sale to individual,T-S-008,T-Shirt #8,2110.0,2,2,17.06.2025,Delivered to buyer,2025-06-18 10:36:00,Яндекс.Маркет (Софьино),Новосибирск,4009.0,,2026-01-05T10:00:00+00:00,demo
ORD-100981,13.06.2025,Sale to individual,T-S-008,T-Shirt #8,2110.0,2,2,17.06.2025,Delivered to buyer,2025-06-15 10:36:00,Яндекс.Маркет (Софьино),Новосибирск,4220.0,,2026-01-05T10:00:00+00:00,demo
ORD-100982,13.06.2025,Sale to individual,T-S-007,T-Shirt #7,2890.0,2,2,14.06.2025,Delivered to buyer,2025-06-16 21:27:00,Яндекс.Маркет (Софьино),Екатеринбург,5202.0,,2026-01-05T10:00:00+00:00,demo
ORD-100982,13.06.2025,Sale to individual,T-S-002,T-Shirt #2,2190.0,1,1,14.06.2025,Delivered to buyer,2025-06-18 21:27:00,Яндекс.Маркет (Софьино),Екатеринбург,1971.0,,2026-01-05T10:00:00+00:00,demo
ORD-100982,13.06.2025,Sale to individual,HOO-001,Hoodie #1,5990.0,1,1,14.06.2025,Delivered to buyer,2025-06-14 21:27:00,Яндекс.Маркет (Софьино),Екатеринбург,5690.5,,2026-01-05T10:00:00+00:00,demo
ORD-100983,13.06.2025,Sale to individual,HOO-006,Hoodie #6,6060.0,1,1,16.06.2025,Delivered to buyer,2025-06-17 22:52:00,Яндекс.Маркет (Софьино),Москва,5757.0,,2026-01-05T10:00:00+00:00,demo
ORD-100983,13.06.2025,Sale to individual,T-S-005,T-Shirt #5,1950.0,2,2,16.06.2025,Delivered to buyer,2025-06-17 22:52:00,Яндекс.Маркет (Софьино),Москва,3510.0,,2026-01-05T10:00:00+00:00,demo
ORD-100984,13.06.2025,Sale to individual,T-S-008,T-Shirt #8,2110.0,1,1,15.06.2025,Delivered to buyer,2025-06-14 20:30:00,Яндекс.Маркет (Софьино),Екатеринбург,2110.0,,2026-01-05T10:00:00+00:00,demo
ORD-100984,13.06.2025,Sale to individual,CAP-003,Cap #3,1680.0,1,1,15.06.2025,Delivered to buyer,2025-06-17 20:30:00,Яндекс.Маркет (Софьино),Екатеринбург,1512.0,,2026-01-05T10:00:00+00:00,demo
ORD-100984,13.06.2025,Sale to individual,ACC-003,Accessorie #3,1190.0,1,1,15.06.2025,Delivered to buyer,2025-06-15 20:30:00,Яндекс.Маркет (Софьино),Екатеринбург,1071.0,,2026-01-05T10:00:00+00:00,demo
ORD-100985,13.06.2025,Sale to individual,T-S-009,T-Shirt #9,2030.0,1,1,16.06.2025,Delivered to buyer,2025-06-18 19:37:00,Яндекс.Маркет (Софьино),Новосибирск,2030.0,,2026-01-05T10:00:00+00:00,demo
ORD-100986,13.06.2025,Sale to individual,T-S-010,T-Shirt #10,2800.0,1,1,17.06.2025,Delivered to buyer,2025-06-14 22:33:00,Яндекс.Маркет (Софьино),Казань,2800.0,,2026-01-05T10:00:00+00:00,demo
ORD-100987,14.06.2025,Sale to individual,ACC-001,Accessorie #1,990.0,1,1,17.06.2025,Return received in warehouse,2025-06-15 11:27:00,Яндекс.Маркет (Софьино),Казань,990.0,990.0,2026-01-05T10:00:00+00:00,demo
ORD-100987,14.06.2025,Sale to individual,T-S-010,T-Shirt #10,2800.0,1,1,17.06.2025,Return received in warehouse,2025-06-18 11:27:00,Яндекс.Маркет (Софьино),Казань,2660.0,2660.0,2026-01-05T10:00:00+00:00,demo
ORD-100988,14.06.2025,Sale to individual,ACC-003,Accessorie #3,1190.0,1,1,16.06.2025,Delivered to buyer,2025-06-17 11:56:00,Яндекс.Маркет (Софьино),Казань,1190.0,,2026-01-05T10:00:00+00:00,demo
ORD-100989,14.06.2025,Sale to individual,HOO-005,Hoodie #5,4850.0,1,1,16.06.2025,Delivered to buyer,2025-06-18 09:13:00,Яндекс.Маркет (Софьино),Москва,4850.0,,2026-01-05T10:00:00+00:00,demo
ORD-100990,14.06.2025,Sale to individual,T-S-011,T-Shirt #11,2370.0,2,2,17.06.2025,Delivered to buyer,2025-06-15 13:13:00,Яндекс.Маркет (Софьино),Санкт-Петербург,4503.0,,2026-01-05T10:00:00+00:00,demo
ORD-100990,14.06.2025,Sale to individual,T-S-012,T-Shirt #12,2660.0,1,1,17.06.2025,Delivered to buyer,2025-06-18 13:13:00,Яндекс.Маркет (Софьино),Санкт-Петербург,2394.0,,2026-01-05T10:00:00+00:00,demo
ORD-100991,14.06.2025,Sale to individual,CAP-002,Cap #2,1800.0,1,1,16.06.2025,Delivered to buyer,2025-06-16 12:05:00,Яндекс.Маркет (Софьино),Москва,1800.0,,2026-01-05T10:00:00+00:00,demo
ORD-100992,14.06.2025,Sale to individual,T-S-010,T-Shirt #10,2800.0,1,1,16.06.2025,Return received in warehouse,2025-06-15 09:20:00,Яндекс.Маркет (Софьино),Екатеринбург,2660.0,2660.0,2026-01-05T10:00:00+00:00,demo
ORD-100992,14.06.2025,Sale to individual,T-S-012,T-Shirt #12,2660.0,2,2,16.06.2025,Return received in warehouse,2025-06-19 09:20:00,Яндекс.Маркет (Софьино),Екатеринбург,5320.0,5320.0,2026-01-05T10:00:00+00:00,demo
ORD-100993,14.06.2025,Sale to individual,HOO-007,Hoodie #7,6730.0,1,1,15.06.2025,Delivered to buyer,2025-06-18 11:53:00,Яндекс.Маркет (Софьино),Санкт-Петербург,6393.5,,2026-01-05T10:00:00+00:00,demo
ORD-100993,14.06.2025,Sale to individual,T-S-009,T-Shirt #9,2030.0,1,1,15.06.2025,Delivered to buyer,2025-06-16 11:53:00,Яндекс.Маркет (Софьино),Санкт-Петербург,1827.0,,2026-01-05T10:00:00+00:00,demo
ORD-100993,14.06.2025,Sale to individual,HOO-005,Hoodie #5,4850.0,2,2,15.06.2025,Delivered to buyer,2025-06-16 11:53:00,Яндекс.Маркет (Софьино),Санкт-Петербург,9215.0,,2026-01-05T10:00:00+00:00,demo
ORD-100994,14.06.2025,Sale to individual,CAP-005,Cap #5,1800.0,2,2,15.06.2025,Delivered to buyer,2025-06-18 18:56:00,Яндекс.Маркет (Софьино),Москва,3600.0,,2026-01-05T10:00:00+00:00,demo
ORD-100994,14.06.2025,Sale to individual,CAP-002,Cap #2,1800.0,1,1,15.06.2025,Delivered to buyer,2025-06-15 18:56:00,Яндекс.Маркет (Софьино),Москва,1800.0,,2026-01-05T10:00:00+00:00,demo
ORD-100995,14.06.2025,Sale to individual,HOO-005,Hoodie #5,4850.0,1,1,18.06.2025,Delivered to buyer,2025-06-17 19:16:00,Яндекс.Маркет (Софьино),Санкт-Петербург,4850.0,,2026-01-05T10:00:00+00:00,demo
ORD-100995,14.06.2025,Sale to individual,HOO-007,Hoodie #7,6730.0,2,2,18.06.2025,Delivered to buyer,2025-06-18 19:16:00,Яндекс.Маркет (Софьино),Санкт-Петербург,12114.0,,2026-01-05T10:00:00+00:00,demo
ORD-100995,14.06.2025,Sale to individual,T-S-012,T-Shirt #12,2660.0,1,1,18.06.2025,Delivered to buyer,2025-06-18 19:16:00,Яндекс.Маркет (Софьино),Санкт-Петербург,2261.0,,2026-01-05T10:00:00+00:00,demo
ORD-100996,15.06.2025,Sale to individual,T-S-011,T-Shirt #11,2370.0,1,1,16.06.2025,Delivered to buyer,2025-06-19 09:14:00,Яндекс.Маркет (Софьино),Новосибирск,2370.0,,2026-01-05T10:00:00+00:00,demo
ORD-100997,15.06.2025,Sale to individual,T-S-005,T-Shirt #5,1950.0,2,2,18.06.2025,Delivered to buyer,2025-06-19 10:29:00,Яндекс.Маркет (Софьино),Новосибирск,3315.0,,2026-01-05T10:00:00+00:00,demo
ORD-100997,15.06.2025,Sale to individual,CAP-001,Cap #1,1630.0,1,1,18.06.2025,Delivered to buyer,2025-06-18 10:29:00,Яндекс.Маркет (Софьино),Новосибирск,1630.0,,2026-01-05T10:00:00+00:00,demo
ORD-100997,15.06.2025,Sale to individual,CAP-002,Cap #2,1800.0,1,1,18.06.2025,Delivered to buyer,2025-06-17 10:29:00,Яндекс.Маркет (Софьино),Новосибирск,1530.0,,2026-01-05T10:00:00+00:00,demo
ORD-100998,15.06.2025,Sale to individual,HOO-008,Hoodie #8,5940.0,2,2,18.06.2025,Delivered to buyer,2025-06-19 08:35:00,Яндекс.Маркет (Софьино),Новосибирск,10692.0,,2026-01-05T10:00:00+00:00,demo
ORD-100999,15.06.2025,Sale to individual,T-S-012,T-Shirt #12,2660.0,1,1,16.06.2025,Delivered to buyer,2025-06-18 12:58:00,Яндекс.Маркет (Софьино),Санкт-Петербург,2660.0,,2026-01-05T10:00:00+00:00,demo
ORD-101000,15.06.2025,Sale to individual,T-S-008,T-Shirt #8,2110.0,1,1,17.06.2025,Delivered to buyer,2025-06-20 14:14:00,Яндекс.Маркет (Софьино),Екатеринбург,2110.0,,2026-01-05T10:00:00+00:00,demo
ORD-101000,15.06.2025,Sale to individual,HOO-007,Hoodie #7,6730.0,1,1,17.06.2025,Delivered to buyer,2025-06-19 14:14:00,Яндекс.Маркет (Софьино),Екатеринбург,6730.0,,2026-01-05T10:00:00+00:00,demo
ORD-101001,16.06.2025,Sale to individual,T-S-002,T-Shirt #2,2190.0,2,2,17.06.2025,Delivered to buyer,2025-06-19 20:49:00,Яндекс.Маркет (Софьино),Санкт-Петербург,4380.0,,2026-01-05T10:00:00+00:00,demo
ORD-101001,16.06.2025,Sale to individual,T-S-008,T-Shirt #8,2110.0,1,1,17.06.2025,Delivered to buyer,2025-06-19 20:49:00,Яндекс.Маркет (Софьино),Санкт-Петербург,2004.5,,2026-01-05T10:00:00+00:00,demo
ORD-101001,16.06.2025,Sale to individual,HOO-003,Hoodie #3,4420.0,2,2,17.06.2025,Delivered to buyer,2025-06-21 20:49:00,Яндекс.Маркет (Софьино),Санкт-Петербург,8840.0,,2026-01-05T10:00:00+00:00,demo
ORD-101002,16.06.2025,Sale to individual,CAP-002,Cap #2,1800.0,1,1,17.06.2025,Return received in warehouse,2025-06-20 11:00:00,Яндекс.Маркет (Софьино),Екатеринбург,1530.0,1530.0,2026-01-05T10:00:00+00:00,demo
ORD-101003,16.06.2025,Sale to individual,T-S-002,T-Shirt #2,2190.0,1,1,19.06.2025,Delivered to buyer,2025-06-17 08:10:00,Яндекс.Маркет (Софьино),Санкт-Петербург,2080.5,,2026-01-05T10:00:00+00:00,demo
ORD-101004,16.06.2025,Sale to individual,CAP-005,Cap #5,1800.0,2,2,18.06.2025,Delivered to buyer,2025-06-17 18:25:00,Яндекс.Маркет (Софьино),Екатеринбург,3600.0,,2026-01-05T10:00:00+00:00,demo
ORD-101004,16.06.2025,Sale to individual,CAP-005,Cap #5,1800.0,1,1,18.06.2025,Delivered to buyer,2025-06-21 18:25:00,Яндекс.Маркет (Софьино),Екатеринбург,1800.0,,2026-01-05T10:00:00+00:00,demo
ORD-101004,16.06.2025,Sale to individual,T-S-003,T-Shirt #3,2990.0,2,2,18.06.2025,Delivered to buyer,2025-06-21 18:25:00,Яндекс.Маркет (Софьино),Екатеринбург,5980.0,,2026-01-05T10:00:00+00:00,demo
ORD-101005,16.06.2025,Sale to individual,CAP-002,Cap #2,1800.0,1,1,20.06.2025,Delivered to buyer,2025-06-19 20:20:00,Яндекс.Маркет (Софьино),Новосибирск,1800.0,,2026-01-05T10:00:00+00:00,demo
ORD-101005,16.06.2025,Sale to individual,T-S-010,T-Shirt #10,2800.0,2,2,20.06.2025,Delivered to buyer,2025-06-19 20:20:00,Яндекс.Маркет (Софьино),Новосибирск,5040.0,,2026-01-05T10:00:00+00:00,demo
ORD-101006,16.06.2025,Sale to individual,T-S-009,T-Shirt #9,2030.0,1,1,20.06.2025,Delivered to buyer,2025-06-17 09:14:00,Яндекс.Маркет (Софьино),Екатеринбург,1827.0,,2026-01-05T10:00:00+00:00,demo
ORD-101006,16.06.2025,Sale to individual,T-S-010,T-Shirt #10,2800.0,2,2,20.06.2025,Delivered to buyer,2025-06-19 09:14:00,Яндекс.Маркет (Софьино),Екатеринбург,5040.0,,2026-01-05T10:00:00+00:00,demo
ORD-101007,16.06.2025,Sale to individual,T-S-008,T-Shirt #8,2110.0,1,1,17.06.2025,Return received in warehouse,2025-06-19 16:45:00,Яндекс.Маркет (Софьино),Новосибирск,1899.0,1899.0,2026-01-05T10:00:00+00:00,demo
ORD-101007,16.06.2025,Sale to individual,ACC-004,Accessorie #4,1120.0,2,2,17.06.2025,Return received in warehouse,2025-06-17 16:45:00,Яндекс.Маркет (Софьино),Новосибирск,1904.0,1904.0,2026-01-05T10:00:00+00:00,demo
ORD-101008,16.06.2025,Sale to individual,ACC-004,Accessorie #4,1120.0,1,1,18.06.2025,Delivered to buyer,2025-06-18 12:21:00,Яндекс.Маркет (Софьино),Новосибирск,1120.0,,2026-01-05T10:00:00+00:00,demo
ORD-101008,16.06.2025,Sale to individual,T-S-004,T-Shirt #4,1960.0,2,2,18.06.2025,Delivered to buyer,2025-06-20 12:21:00,Яндекс.Маркет (Софьино),Новосибирск,3332.0,,2026-01-05T10:00:00+00:00,demo
ORD-101008,16.06.2025,Sale to individual,T-S-007,T-Shirt #7,2890.0,1,1,18.06.2025,Delivered to buyer,2025-06-20 12:21:00,Яндекс.Маркет (Софьино),Новосибирск,2890.0,,2026-01-05T10:00:00+00:00,demo
ORD-101009,16.06.2025,Sale to individual,T-S-002,T-Shirt #2,2190.0,2,2,19.06.2025,Delivered to buyer,2025-06-19 14:19:00,Яндекс.Маркет (Софьино),Екатеринбург,4380.0,,2026-01-05T10:00:00+00:00,demo
ORD-101010,16.06.2025,Sale to individual,T-S-012,T-Shirt #12,2660.0,1,0,,Cancelled,2025-06-20 11:48:00,Яндекс.Маркет (Софьино),Санкт-Петербург,,,2026-01-05T10:00:00+00:00,demo
ORD-101010,16.06.2025,Sale to individual,ACC-004,Accessorie #4,1120.0,1,0,,Cancelled,2025-06-20 11:48:00,Яндекс.Маркет (Софьино),Санкт-Петербург,,,2026-01-05T10:00:00+00:00,demo
ORD-101011,17.06.2025,Sale to individual,T-S-007,T-Shirt #7,2890.0,1,0,,Cancelled,2025-06-21 09:24:00,Яндекс.Маркет (Софьино),Москва,,,2026-01-05T10:00:00+00:00,demo
ORD-101012,17.06.2025,Sale to individual,T-S-008,T-Shirt #8,2110.0,1,1,21.06.2025,Delivered to buyer,2025-06-21 08:56:00,Яндекс.Маркет (Софьино),Новосибирск,1793.5,,2026-01-05T10:00:00+00:00,demo
ORD-101012,17.06.2025,Sale to individual,CAP-004,Cap #4,1680.0,2,2,21.06.2025,Delivered to buyer,2025-06-20 08:56:00,Яндекс.Маркет (Софьино),Новосибирск,3360.0,,2026-01-05T10:00:00+00:00,demo
ORD-101013,17.06.2025,Sale to individual,T-S-010,T-Shirt #10,2800.0,1,1,20.06.2025,Delivered to buyer,2025-06-20 14:18:00,Яндекс.Маркет (Софьино),Екатеринбург,2800.0,,2026-01-05T10:00:00+00:00,demo
ORD-101013,17.06.2025,Sale to individual,ACC-002,Accessorie #2,1440.0,1,1,20.06.2025,Delivered to buyer,2025-06-20 14:18:00,Яндекс.Маркет (Софьино),Екатеринбург,1224.0,,2026-01-05T10:00:00+00:00,demo
ORD-101014,17.06.2025,Sale to individual,T-S-008,T-Shirt #8,2110.0,1,1,21.06.2025,Delivered to buyer,2025-06-21 17:16:00,Яндекс.Маркет (Софьино),Санкт-Петербург,1793.5,,2026-01-05T10:00:00+00:00,demo
ORD-101014,17.06.2025,Sale to individual,T-S-010,T-Shirt #10,2800.0,1,1,21.06.2025,Delivered to buyer,2025-06-21 17:16:00,Яндекс.Маркет (Софьино),Санкт-Петербург,2660.0,,2026-01-05T10:00:00+00:00,demo
ORD-101015,17.06.2025,Sale to individual,T-S-010,T-Shirt #10,2800.0,1,1,18.06.2025,Delivered to buyer,2025-06-22 10:30:00,Яндекс.Маркет (Софьино),Санкт-Петербург,2800.0,,2026-01-05T10:00:00+00:00,demo
ORD-101016,17.06.2025,Sale to individual,T-S-012,T-Shirt #12,2660.0,1,1,18.06.2025,Delivered to buyer,2025-06-18 13:06:00,Яндекс.Маркет (Софьино),Казань,2527.0,,2026-01-05T10:00:00+00:00,demo
ORD-101016,17.06.2025,Sale to individual,T-S-007,T-Shirt #7,2890.0,1,1,18.06.2025,Delivered to buyer,2025-06-20 13:06:00,Яндекс.Маркет (Софьино),Казань,2745.5,,2026-01-05T10:00:00+00:00,demo
ORD-101017,17.06.2025,Sale to individual,HOO-007,Hoodie #7,6730.0,1,1,20.06.2025,Delivered to buyer,2025-06-22 17:46:00,Яндекс.Маркет (Софьино),Новосибирск,5720.5,,2026-01-05T10:00:00+00:00,demo
ORD-101018,17.06.2025,Sale to individual,T-S-007,T-Shirt #7,2890.0,1,1,18.06.2025,Delivered to buyer,2025-06-22 18:12:00,Яндекс.Маркет (Софьино),Казань,2745.5,,2026-01-05T10:00:00+00:00,demo
ORD-101018,17.06.2025,Sale to individual,CAP-002,Cap #2,1800.0,1,1,18.06.2025,Delivered to buyer,2025-06-22 18:12:00,Яндекс.Маркет (Софьино),Казань,1800.0,,2026-01-05T10:00:00+00:00,demo
ORD-101019,17.06.2025,Sale to individual,HOO-005,Hoodie #5,4850.0,1,1,21.06.2025,Delivered to buyer,2025-06-21 18:49:00,Яндекс.Маркет (Софьино),Екатеринбург,4122.5,,2026-01-05T10:00:00+00:00,demo
ORD-101020,18.06.2025,Sale to individual,T-S-007,T-Shirt #7,2890.0,1,1,20.06.2025,Delivered to buyer,2025-06-19 11:05:00,Яндекс.Маркет (Софьино),Москва,2890.0,,2026-01-05T10:00:00+00:00,demo
ORD-101021,18.06.2025,Sale to individual,HOO-008,Hoodie #8,5940.0,1,1,22.06.2025,Delivered to buyer,2025-06-23 16:51:00,Яндекс.Маркет (Софьино),Екатеринбург,5940.0,,2026-01-05T10:00:00+00:00,demo
ORD-101021,18.06.2025,Sale to individual,T-S-010,T-Shirt #10,2800.0,2,2,22.06.2025,Delivered to buyer,2025-06-22 16:51:00,Яндекс.Маркет (Софьино),Екатеринбург,5040.0,,2026-01-05T10:00:00+00:00,demo
ORD-101022,18.06.2025,Sale to individual,T-S-010,T-Shirt #10,2800.0,1,0,,Cancelled,2025-06-21 15:22:00,Яндекс.Маркет (Софьино),Екатеринбург,,,2026-01-05T10:00:00+00:00,demo
ORD-101022,18.06.2025,Sale to individual,T-S-003,T-Shirt #3,2990.0,1,0,,Cancelled,2025-06-23 15:22:00,Яндекс.Маркет (Софьино),Екатеринбург,,,2026-01-05T10:00:00+00:00,demo
ORD-101023,18.06.2025,Sale to individual,T-S-006,T-Shirt #6,2570.0,1,1,21.06.2025,Delivered to buyer,2025-06-22 15:44:00,Яндекс.Маркет (Софьино),Санкт-Петербург,2441.5,,2026-01-05T10:00:00+00:00,demo
ORD-101023,18.06.2025,Sale to individual,ACC-002,Accessorie #2,1440.0,1,1,21.06.2025,Delivered to buyer,2025-06-20 15:44:00,Яндекс.Маркет (Софьино),Санкт-Петербург,1296.0,,2026-01-05T10:00:00+00:00,demo
ORD-101023,18.06.2025,Sale to individual,HOO-007,Hoodie #7,6730.0,1,1,21.06.2025,Delivered to buyer,2025-06-21 15:44:00,Яндекс.Маркет (Софьино),Санкт-Петербург,6057.0,,2026-01-05T10:00:00+00:00,demo
ORD-101024,18.06.2025,Sale to individual,T-S-012,T-Shirt #12,2660.0,1,1,19.06.2025,Delivered to buyer,2025-06-23 22:47:00,Яндекс.Маркет (Софьино),Екатеринбург,2660.0,,2026-01-05T10:00:00+00:00,demo
ORD-101025,18.06.2025,Sale to individual,HOO-001,Hoodie #1,5990.0,1,1,21.06.2025,Delivered to buyer,2025-06-21 13:06:00,Яндекс.Маркет (Софьино),Москва,5990.0,,2026-01-05T10:00:00+00:00,demo
ORD-101026,18.06.2025,Sale to individual,CAP-002,Cap #2,1800.0,1,1,19.06.2025,Delivered to buyer,2025-06-23 15:25:00,Яндекс.Маркет (Софьино),Екатеринбург,1620.0,,2026-01-05T10:00:00+00:00,demo
ORD-101026,18.06.2025,Sale to individual,T-S-009,T-Shirt #9,2030.0,2,2,19.06.2025,Delivered to buyer,2025-06-20 15:25:00,Яндекс.Маркет (Софьино),Екатеринбург,3654.0,,2026-01-05T10:00:00+00:00,demo
ORD-101026,18.06.2025,Sale to individual,T-S-002,T-Shirt #2,2190.0,2,2,19.06.2025,Delivered to buyer,2025-06-19 15:25:00,Яндекс.Маркет (Софьино),Екатеринбург,3723.0,,2026-01-05T10:00:00+00:00,demo
ORD-101027,18.06.2025,Sale to individual,CAP-002,Cap #2,1800.0,1,1,20.06.2025,Delivered to buyer,2025-06-22 13:01:00,Яндекс.Маркет (Софьино),Новосибирск,1800.0,,2026-01-05T10:00:00+00:00,demo
ORD-101027,18.06.2025,Sale to individual,CAP-005,Cap #5,1800.0,1,1,20.06.2025,Delivered to buyer,2025-06-19 13:01:00,Яндекс.Маркет (Софьино),Новосибирск,1710.0,,2026-01-05T10:00:00+00:00,demo
ORD-101027,18.06.2025,Sale to individual,T-S-007,T-Shirt #7,2890.0,1,1,20.06.2025,Delivered to buyer,2025-06-23 13:01:00,Яндекс.Маркет (Софьино),Новосибирск,2890.0,,2026-01-05T10:00:00+00:00,demo
ORD-101028,19.06.2025,Sale to individual,T-S-007,T-Shirt #7,2890.0,1,1,22.06.2025,Return received in warehouse,2025-06-23 08:21:00,Яндекс.Маркет (Софьино),Казань,2601.0,2601.0,2026-01-05T10:00:00+00:00,demo
ORD-101028,19.06.2025,Sale to individual,ACC-004,Accessorie #4,1120.0,1,1,22.06.2025,Return received in warehouse,2025-06-21 08:21:00,Яндекс.Маркет (Софьино),Казань,1120.0,1120.0,2026-01-05T10:00:00+00:00,demo
ORD-101028,19.06.2025,Sale to individual,CAP-002,Cap #2,1800.0,1,1,22.06.2025,Return received in warehouse,2025-06-20 08:21:00,Яндекс.Маркет (Софьино),Казань,1710.0,1710.0,2026-01-05T10:00:00+00:00,demo
ORD-101029,19.06.2025,Sale to individual,T-S-008,T-Shirt #8,2110.0,1,1,22.06.2025,Delivered to buyer,2025-06-22 15:02:00,Яндекс.Маркет (Софьино),Санкт-Петербург,2004.5,,2026-01-05T10:00:00+00:00,demo
ORD-101029,19.06.2025,Sale to individual,HOO-001,Hoodie #1,5990.0,1,1,22.06.2025,Delivered to buyer,2025-06-22 15:02:00,Яндекс.Маркет (Софьино),Санкт-Петербург,5990.0,,2026-01-05T10:00:00+00:00,demo
ORD-101030,19.06.2025,Sale to individual,ACC-003,Accessorie #3,1190.0,1,1,20.06.2025,Delivered to buyer,2025-06-21 17:53:00,Яндекс.Маркет (Софьино),Москва,1190.0,,2026-01-05T10:00:00+00:00,demo
ORD-101030,19.06.2025,Sale to individual,T-S-003,T-Shirt #3,2990.0,1,1,20.06.2025,Delivered to buyer,2025-06-20 17:53:00,Яндекс.Маркет (Софьино),Москва,2541.5,,2026-01-05T10:00:00+00:00,demo
ORD-101031,19.06.2025,Sale to individual,HOO-007,Hoodie #7,6730.0,1,1,20.06.2025,Return received in warehouse,2025-06-22 10:50:00,Яндекс.Маркет (Софьино),Новосибирск,6730.0,6730.0,2026-01-05T10:00:00+00:00,demo
ORD-101032,19.06.2025,Sale to individual,CAP-002,Cap #2,1800.0,1,0,,Cancelled,2025-06-21 18:57:00,Яндекс.Маркет (Софьино),Казань,,,2026-01-05T10:00:00+00:00,demo
ORD-101032,19.06.2025,Sale to individual,T-S-007,T-Shirt #7,2890.0,1,0,,Cancelled,2025-06-21 18:57:00,Яндекс.Маркет (Софьино),Казань,,,2026-01-05T10:00:00+00:00,demo
ORD-101032,19.06.2025,Sale to individual,T-S-002,T-Shirt #2,2190.0,1,0,,Cancelled,2025-06-21 18:57:00,Яндекс.Маркет (Софьино),Казань,,,2026-01-05T10:00:00+00:00,demo
ORD-101033,19.06.2025,Sale to individual,T-S-004,T-Shirt #4,1960.0,1,1,23.06.2025,Delivered to buyer,2025-06-24 12:16:00,Яндекс.Маркет (Софьино),Казань,1862.0,,2026-01-05T10:00:00+00:00,demo
ORD-101034,19.06.2025,Sale to individual,ACC-003,Accessorie #3,1190.0,2,2,21.06.2025,Delivered to buyer,2025-06-24 21:40:00,Яндекс.Маркет (Софьино),Екатеринбург,2380.0,,2026-01-05T10:00:00+00:00,demo
ORD-101035,19.06.2025,Sale to individual,HOO-007,Hoodie #7,6730.0,1,1,23.06.2025,Delivered to buyer,2025-06-24 11:44:00,Яндекс.Маркет (Софьино),Казань,6393.5,,2026-01-05T10:00:00+00:00,demo
ORD-101036,20.06.2025,Sale to individual,T-S-008,T-Shirt #8,2110.0,1,1,22.06.2025,Delivered to buyer,2025-06-25 09:32:00,Яндекс.Маркет (Софьино),Казань,2110.0,,2026-01-05T10:00:00+00:00,demo
ORD-101037,20.06.2025,Sale to individual,T-S-012,T-Shirt #12,2660.0,1,1,24.06.2025,Delivered to buyer,2025-06-24 18:11:00,Яндекс.Маркет (Софьино),Казань,2261.0,,2026-01-05T10:00:00+00:00,demo
ORD-101038,20.06.2025,Sale to individual,CAP-001,Cap #1,1630.0,1,1,21.06.2025,Delivered to buyer,2025-06-24 17:57:00,Яндекс.Маркет (Софьино),Казань,1630.0,,2026-01-05T10:00:00+00:00,demo
ORD-101039,20.06.2025,Sale to individual,ACC-003,Accessorie #3,1190.0,1,1,21.06.2025,Delivered to buyer,2025-06-25 13:21:00,Яндекс.Маркет (Софьино),Казань,1071.0,,2026-01-05T10:00:00+00:00,demo
ORD-101040,21.06.2025,Sale to individual,T-S-012,T-Shirt #12,2660.0,2,2,25.06.2025,Delivered to buyer,2025-06-23 20:01:00,Яндекс.Маркет (Софьино),Новосибирск,4788.0,,2026-01-05T10:00:00+00:00,demo
ORD-101040,21.06.2025,Sale to individual,HOO-005,Hoodie #5,4850.0,1,1,25.06.2025,Delivered to buyer,2025-06-26 20:01:00,Яндекс.Маркет (Софьино),Новосибирск,4607.5,,2026-01-05T10:00:00+00:00,demo
ORD-101041,21.06.2025,Sale to individual,T-S-002,T-Shirt #2,2190.0,1,1,25.06.2025,Delivered to buyer,2025-06-25 15:43:00,Яндекс.Маркет (Софьино),Санкт-Петербург,1971.0,,2026-01-05T10:00:00+00:00,demo
ORD-101042,21.06.2025,Sale to individual,T-S-002,T-Shirt #2,2190.0,1,1,25.06.2025,Return received in warehouse,2025-06-23 12:36:00,Яндекс.Маркет (Софьино),Казань,1861.5,1861.5,2026-01-05T10:00:00+00:00,demo
ORD-101042,21.06.2025,Sale to individual,HOO-001,Hoodie #1,5990.0,1,1,25.06.2025,Return received in warehouse,2025-06-22 12:36:00,Яндекс.Маркет (Софьино),Казань,5690.5,5690.5,2026-01-05T10:00:00+00:00,demo
ORD-101043,21.06.2025,Sale to individual,T-S-012,T-Shirt #12,2660.0,2,2,23.06.2025,Delivered to buyer,2025-06-23 12:50:00,Яндекс.Маркет (Софьино),Санкт-Петербург,5320.0,,2026-01-05T10:00:00+00:00,demo
ORD-101044,21.06.2025,Sale to individual,T-S-003,T-Shirt #3,2990.0,1,1,24.06.2025,Delivered to buyer,2025-06-22 22:11:00,Яндекс.Маркет (Софьино),Санкт-Петербург,2691.0,,2026-01-05T10:00:00+00:00,demo
ORD-101045,21.06.2025,Sale to individual,T-S-012,T-Shirt #12,2660.0,1,0,,Cancelled,2025-06-26 11:09:00,Яндекс.Маркет (Софьино),Казань,,,2026-01-05T10:00:00+00:00,demo
ORD-101046,22.06.2025,Sale to individual,T-S-009,T-Shirt #9,2030.0,1,1,26.06.2025,Delivered to buyer,2025-06-25 18:24:00,Яндекс.Маркет (Софьино),Казань,1827.0,,2026-01-05T10:00:00+00:00,demo
ORD-101046,22.06.2025,Sale to individual,ACC-003,Accessorie #3,1190.0,1,1,26.06.2025,Delivered to buyer,2025-06-27 18:24:00,Яндекс.Маркет (Софьино),Казань,1071.0,,2026-01-05T10:00:00+00:00,demo
ORD-101046,22.06.2025,Sale to individual,T-S-010,T-Shirt #10,2800.0,2,2,26.06.2025,Delivered to buyer,2025-06-23 18:24:00,Яндекс.Маркет (Софьино),Казань,4760.0,,2026-01-05T10:00:00+00:00,demo
ORD-101047,22.06.2025,Sale to individual,ACC-001,Accessorie #1,990.0,1,1,23.06.2025,Delivered to buyer,2025-06-25 15:42:00,Яндекс.Маркет (Софьино),Санкт-Петербург,940.5,,2026-01-05T10:00:00+00:00,demo
ORD-101048,22.06.2025,Sale to individual,HOO-005,Hoodie #5,4850.0,1,1,23.06.2025,Delivered to buyer,2025-06-26 16:52:00,Яндекс.Маркет (Софьино),Москва,4850.0,,2026-01-05T10:00:00+00:00,demo
ORD-101048,22.06.2025,Sale to individual,T-S-011,T-Shirt #11,2370.0,1,1,23.06.2025,Delivered to buyer,2025-06-24 16:52:00,Яндекс.Маркет (Софьино),Москва,2370.0,,2026-01-05T10:00:00+00:00,demo
ORD-101049,22.06.2025,Sale to individual,HOO-007,Hoodie #7,6730.0,1,1,25.06.2025,Delivered to buyer,2025-06-26 14:05:00,Яндекс.Маркет (Софьино),Казань,6057.0,,2026-01-05T10:00:00+00:00,demo
ORD-101049,22.06.2025,Sale to individual,T-S-011,T-Shirt #11,2370.0,1,1,25.06.2025,Delivered to buyer,2025-06-26 14:05:00,Яндекс.Маркет (Софьино),Казань,2251.5,,2026-01-05T10:00:00+00:00,demo
ORD-101050,22.06.2025,Sale to individual,CAP-004,Cap #4,1680.0,2,2,23.06.2025,Delivered to buyer,2025-06-24 10:25:00,Яндекс.Маркет (Софьино),Москва,3360.0,,2026-01-05T10:00:00+00:00,demo
ORD-101050,22.06.2025,Sale to individual,T-S-010,T-Shirt #10,2800.0,1,1,23.06.2025,Delivered to buyer,2025-06-27 10:25:00,Яндекс.Маркет (Софьино),Москва,2800.0,,2026-01-05T10:00:00+00:00,demo
ORD-101051,22.06.2025,Sale to individual,T-S-012,T-Shirt #12,2660.0,2,2,26.06.2025,Delivered to buyer,2025-06-25 14:43:00,Яндекс.Маркет (Софьино),Новосибирск,5320.0,,2026-01-05T10:00:00+00:00,demo
ORD-101052,23.06.2025,Sale to individual,CAP-004,Cap #4,1680.0,1,1,24.06.2025,Delivered to buyer,2025-06-26 12:47:00,Яндекс.Маркет (Софьино),Екатеринбург,1512.0,,2026-01-05T10:00:00+00:00,demo
ORD-101052,23.06.2025,Sale to individual,ACC-002,Accessorie #2,1440.0,1,1,24.06.2025,Delivered to buyer,2025-06-25 12:47:00,Яндекс.Маркет (Софьино),Екатеринбург,1440.0,,2026-01-05T10:00:00+00:00,demo
ORD-101053,23.06.2025,Sale to individual,T-S-003,T-Shirt #3,2990.0,1,1,27.06.2025,Delivered to buyer,2025-06-28 16:48:00,Яндекс.Маркет (Софьино),Екатеринбург,2990.0,,2026-01-05T10:00:00+00:00,demo
ORD-101053,23.06.2025,Sale to individual,T-S-001,T-Shirt #1,2690.0,2,2,27.06.2025,Delivered to buyer,2025-06-24 16:48:00,Яндекс.Маркет (Софьино),Екатеринбург,4842.0,,2026-01-05T10:00:00+00:00,demo
ORD-101053,23.06.2025,Sale to individual,ACC-003,Accessorie #3,1190.0,2,2,27.06.2025,Delivered to buyer,2025-06-24 16:48:00,Яндекс.Маркет (Софьино),Екатеринбург,2261.0,,2026-01-05T10:00:00+00:00,demo
ORD-101054,23.06.2025,Sale to individual,T-S-002,T-Shirt #2,2190.0,1,1,27.06.2025,Delivered to buyer,2025-06-27 21:31:00,Яндекс.Маркет (Софьино),Екатеринбург,2080.5,,2026-01-05T10:00:00+00:00,demo
ORD-101055,23.06.2025,Sale to individual,T-S-009,T-Shirt #9,2030.0,1,1,24.06.2025,Delivered to buyer,2025-06-26 18:18:00,Яндекс.Маркет (Софьино),Новосибирск,1827.0,,2026-01-05T10:00:00+00:00,demo
ORD-101055,23.06.2025,Sale to individual,T-S-010,T-Shirt #10,2800.0,1,1,24.06.2025,Delivered to buyer,2025-06-28 18:18:00,Яндекс.Маркет (Софьино),Новосибирск,2800.0,,2026-01-05T10:00:00+00:00,demo
ORD-101056,23.06.2025,Sale to individual,CAP-002,Cap #2,1800.0,1,1,24.06.2025,Delivered to buyer,2025-06-25 13:46:00,Яндекс.Маркет (Софьино),Москва,1800.0,,2026-01-05T10:00:00+00:00,demo
ORD-101056,23.06.2025,Sale to individual,T-S-009,T-Shirt #9,2030.0,2,2,24.06.2025,Delivered to buyer,2025-06-26 13:46:00,Яндекс.Маркет (Софьино),Москва,3654.0,,2026-01-05T10:00:00+00:00,demo
ORD-101057,24.06.2025,Sale to individual,T-S-003,T-Shirt #3,2990.0,1,1,28.06.2025,Delivered to buyer,2025-06-29 11:58:00,Яндекс.Маркет (Софьино),Казань,2990.0,,2026-01-05T10:00:00+00:00,demo
ORD-101058,24.06.2025,Sale to individual,HOO-001,Hoodie #1,5990.0,1,0,,Cancelled,2025-06-28 18:51:00,Яндекс.Маркет (Софьино),Казань,,,2026-01-05T10:00:00+00:00,demo
ORD-101058,24.06.2025,Sale to individual,CAP-002,Cap #2,1800.0,1,0,,Cancelled,2025-06-27 18:51:00,Яндекс.Маркет (Софьино),Казань,,,2026-01-05T10:00:00+00:00,demo
ORD-101059,24.06.2025,Sale to individual,ACC-004,Accessorie #4,1120.0,1,0,,Cancelled,2025-06-29 18:47:00,Яндекс.Маркет (Софьино),Екатеринбург,,,2026-01-05T10:00:00+00:00,demo
ORD-101059,24.06.2025,Sale to individual,CAP-004,Cap #4,1680.0,1,0,,Cancelled,2025-06-27 18:47:00,Яндекс.Маркет (Софьино),Екатеринбург,,,2026-01-05T10:00:00+00:00,demo
ORD-101060,24.06.2025,Sale to individual,CAP-002,Cap #2,1800.0,1,1,28.06.2025,Delivered to buyer,2025-06-25 15:13:00,Яндекс.Маркет (Софьино),Санкт-Петербург,1530.0,,2026-01-05T10:00:00+00:00,demo
ORD-101061,24.06.2025,Sale to individual,T-S-010,T-Shirt #10,2800.0,1,1,26.06.2025,Delivered to buyer,2025-06-27 14:58:00,Яндекс.Маркет (Софьино),Новосибирск,2660.0,,2026-01-05T10:00:00+00:00,demo
ORD-101061,24.06.2025,Sale to individual,T-S-001,T-Shirt #1,2690.0,2,2,26.06.2025,Delivered to buyer,2025-06-27 14:58:00,Яндекс.Маркет (Софьино),Новосибирск,4573.0,,2026-01-05T10:00:00+00:00,demo
ORD-101061,24.06.2025,Sale to individual,T-S-008,T-Shirt #8,2110.0,1,1,26.06.2025,Delivered to buyer,2025-06-26 14:58:00,Яндекс.Маркет (Софьино),Новосибирск,2110.0,,2026-01-05T10:00:00+00:00,demo
ORD-101062,24.06.2025,Sale to individual,HOO-006,Hoodie #6,6060.0,2,2,26.06.2025,Delivered to buyer,2025-06-28 19:20:00,Яндекс.Маркет (Софьино),Екатеринбург,10302.0,,2026-01-05T10:00:00+00:00,demo
ORD-101063,25.06.2025,Sale to individual,ACC-003,Accessorie #3,1190.0,1,1,29.06.2025,Delivered to buyer,2025-06-29 17:21:00,Яндекс.Маркет (Софьино),Казань,1130.5,,2026-01-05T10:00:00+00:00,demo
ORD-101063,25.06.2025,Sale to individual,T-S-001,T-Shirt #1,2690.0,1,1,29.06.2025,Delivered to buyer,2025-06-29 17:21:00,Яндекс.Маркет (Софьино),Казань,2421.0,,2026-01-05T10:00:00+00:00,demo
ORD-101064,25.06.2025,Sale to individual,T-S-010,T-Shirt #10,2800.0,1,1,27.06.2025,Delivered to buyer,2025-06-30 16:44:00,Яндекс.Маркет (Софьино),Екатеринбург,2520.0,,2026-01-05T10:00:00+00:00,demo
ORD-101064,25.06.2025,Sale to individual,T-S-011,T-Shirt #11,2370.0,1,1,27.06.2025,Delivered to buyer,2025-06-27 16:44:00,Яндекс.Маркет (Софьино),Екатеринбург,2370.0,,2026-01-05T10:00:00+00:00,demo
ORD-101064,25.06.2025,Sale to individual,HOO-007,Hoodie #7,6730.0,1,1,27.06.2025,Delivered to buyer,2025-06-28 16:44:00,Яндекс.Маркет (Софьино),Екатеринбург,6393.5,,2026-01-05T10:00:00+00:00,demo
ORD-101065,25.06.2025,Sale to individual,T-S-007,T-Shirt #7,2890.0,1,1,29.06.2025,Return received in warehouse,2025-06-28 13:28:00,Яндекс.Маркет (Софьино),Екатеринбург,2456.5,2456.5,2026-01-05T10:00:00+00:00,demo
ORD-101066,25.06.2025,Sale to individual,HOO-004,Hoodie #4,5110.0,1,1,26.06.2025,Delivered to buyer,2025-06-30 14:26:00,Яндекс.Маркет (Софьино),Новосибирск,4599.0,,2026-01-05T10:00:00+00:00,demo
ORD-101067,25.06.2025,Sale to individual,T-S-011,T-Shirt #11,2370.0,1,1,26.06.2025,Delivered to buyer,2025-06-28 14:38:00,Яндекс.Маркет (Софьино),Санкт-Петербург,2014.5,,2026-01-05T10:00:00+00:00,demo
ORD-101068,25.06.2025,Sale to individual,T-S-011,T-Shirt #11,2370.0,1,1,29.06.2025,Delivered to buyer,2025-06-28 21:10:00,Яндекс.Маркет (Софьино),Новосибирск,2251.5,,2026-01-05T10:00:00+00:00,demo
ORD-101068,25.06.2025,Sale to individual,CAP-002,Cap #2,1800.0,1,1,29.06.2025,Delivered to buyer,2025-06-30 21:10:00,Яндекс.Маркет (Софьино),Новосибирск,1710.0,,2026-01-05T10:00:00+00:00,demo
ORD-101069,25.06.2025,Sale to individual,T-S-012,T-Shirt #12,2660.0,1,1,27.06.2025,Delivered to buyer,2025-06-29 16:25:00,Яндекс.Маркет (Софьино),Новосибирск,2660.0,,2026-01-05T10:00:00+00:00,demo
ORD-101069,25.06.2025,Sale to individual,T-S-012,T-Shirt #12,2660.0,1,1,27.06.2025,Delivered to buyer,2025-06-30 16:25:00,Яндекс.Маркет (Софьино),Новосибирск,2660.0,,2026-01-05T10:00:00+00:00,demo
ORD-101070,25.06.2025,Sale to individual,ACC-002,Accessorie #2,1440.0,2,2,27.06.2025,Delivered to buyer,2025-06-26 20:29:00,Яндекс.Маркет (Софьино),Новосибирск,2880.0,,2026-01-05T10:00:00+00:00,demo
ORD-101070,25.06.2025,Sale to individual,T-S-010,T-Shirt #10,2800.0,1,1,27.06.2025,Delivered to buyer,2025-06-30 20:29:00,Яндекс.Маркет (Софьино),Новосибирск,2800.0,,2026-01-05T10:00:00+00:00,demo
ORD-101070,25.06.2025,Sale to individual,HOO-007,Hoodie #7,6730.0,1,1,27.06.2025,Delivered to buyer,2025-06-30 20:29:00,Яндекс.Маркет (Софьино),Новосибирск,5720.5,,2026-01-05T10:00:00+00:00,demo
ORD-101071,25.06.2025,Sale to individual,T-S-009,T-Shirt #9,2030.0,1,1,28.06.2025,Return received in warehouse,2025-06-26 14:01:00,Яндекс.Маркет (Софьино),Новосибирск,1928.5,1928.5,2026-01-05T10:00:00+00:00,demo
ORD-101071,25.06.2025,Sale to individual,HOO-004,Hoodie #4,5110.0,2,2,28.06.2025,Return received in warehouse,2025-06-30 14:01:00,Яндекс.Маркет (Софьино),Новосибирск,8687.0,8687.0,2026-01-05T10:00:00+00:00,demo
ORD-101072,26.06.2025,Sale to individual,T-S-012,T-Shirt #12,2660.0,1,1,28.06.2025,Delivered to buyer,2025-06-29 15:23:00,Яндекс.Маркет (Софьино),Санкт-Петербург,2660.0,,2026-01-05T10:00:00+00:00,demo
ORD-101073,26.06.2025,Sale to individual,T-S-012,T-Shirt #12,2660.0,2,2,28.06.2025,Delivered to buyer,2025-06-28 22:01:00,Яндекс.Маркет (Софьино),Екатеринбург,5320.0,,2026-01-05T10:00:00+00:00,demo
ORD-101073,26.06.2025,Sale to individual,T-S-009,T-Shirt #9,2030.0,2,2,28.06.2025,Delivered to buyer,2025-06-27 22:01:00,Яндекс.Маркет (Софьино),Екатеринбург,3451.0,,2026-01-05T10:00:00+00:00,demo
ORD-101074,26.06.2025,Sale to individual,T-S-012,T-Shirt #12,2660.0,1,1,28.06.2025,Delivered to buyer,2025-06-30 21:21:00,Яндекс.Маркет (Софьино),Москва,2660.0,,2026-01-05T10:00:00+00:00,demo
ORD-101075,26.06.2025,Sale to individual,CAP-004,Cap #4,1680.0,1,1,30.06.2025,Delivered to buyer,2025-07-01 15:55:00,Яндекс.Маркет (Софьино),Казань,1428.0,,2026-01-05T10:00:00+00:00,demo
ORD-101076,26.06.2025,Sale to individual,T-S-002,T-Shirt #2,2190.0,1,0,,Cancelled,2025-07-01 08:28:00,Яндекс.Маркет (Софьино),Москва,,,2026-01-05T10:00:00+00:00,demo
ORD-101076,26.06.2025,Sale to individual,CAP-004,Cap #4,1680.0,2,0,,Cancelled,2025-06-27 08:28:00,Яндекс.Маркет (Софьино),Москва,,,2026-01-05T10:00:00+00:00,demo
ORD-101076,26.06.2025,Sale to individual,CAP-004,Cap #4,1680.0,1,0,,Cancelled,2025-06-29 08:28:00,Яндекс.Маркет (Софьино),Москва,,,2026-01-05T10:00:00+00:00,demo
ORD-101077,26.06.2025,Sale to individual,T-S-007,T-Shirt #7,2890.0,2,2,27.06.2025,Return received in warehouse,2025-06-29 21:37:00,Яндекс.Маркет (Софьино),Санкт-Петербург,5780.0,5780.0,2026-01-05T10:00:00+00:00,demo
ORD-101077,26.06.2025,Sale to individual,T-S-011,T-Shirt #11,2370.0,1,1,27.06.2025,Return received in warehouse,2025-06-27 21:37:00,Яндекс.Маркет (Софьино),Санкт-Петербург,2251.5,2251.5,2026-01-05T10:00:00+00:00,demo
ORD-101077,26.06.2025,Sale to individual,T-S-010,T-Shirt #10,2800.0,2,2,27.06.2025,Return received in warehouse,2025-06-28 21:37:00,Яндекс.Маркет (Софьино),Санкт-Петербург,5040.0,5040.0,2026-01-05T10:00:00+00:00,demo
ORD-101078,26.06.2025,Sale to individual,T-S-012,T-Shirt #12,2660.0,1,1,29.06.2025,Return received in warehouse,2025-06-27 12:21:00,Яндекс.Маркет (Софьино),Екатеринбург,2261.0,2261.0,2026-01-05T10:00:00+00:00,demo
ORD-101078,26.06.2025,Sale to individual,CAP-004,Cap #4,1680.0,1,1,29.06.2025,Return received in warehouse,2025-07-01 12:21:00,Яндекс.Маркет (Софьино),Екатеринбург,1680.0,1680.0,2026-01-05T10:00:00+00:00,demo
ORD-101078,26.06.2025,Sale to individual,CAP-001,Cap #1,1630.0,1,1,29.06.2025,Return received in warehouse,2025-06-28 12:21:00,Яндекс.Маркет (Софьино),Екатеринбург,1630.0,1630.0,2026-01-05T10:00:00+00:00,demo
ORD-101079,26.06.2025,Sale to individual,ACC-003,Accessorie #3,1190.0,1,1,29.06.2025,Delivered to buyer,2025-06-30 17:23:00,Яндекс.Маркет (Софьино),Санкт-Петербург,1071.0,,2026-01-05T10:00:00+00:00,demo
ORD-101080,26.06.2025,Sale to individual,HOO-006,Hoodie #6,6060.0,1,0,,Cancelled,2025-06-27 12:09:00,Яндекс.Маркет (Софьино),Новосибирск,,,2026-01-05T10:00:00+00:00,demo
ORD-101081,26.06.2025,Sale to individual,T-S-001,T-Shirt #1,2690.0,2,2,28.06.2025,Delivered to buyer,2025-07-01 17:19:00,Яндекс.Маркет (Софьино),Екатеринбург,4842.0,,2026-01-05T10:00:00+00:00,demo
ORD-101081,26.06.2025,Sale to individual,T-S-010,T-Shirt #10,2800.0,1,1,28.06.2025,Delivered to buyer,2025-06-28 17:19:00,Яндекс.Маркет (Софьино),Екатеринбург,2660.0,,2026-01-05T10:00:00+00:00,demo
ORD-101082,27.06.2025,Sale to individual,T-S-010,T-Shirt #10,2800.0,1,1,30.06.2025,Delivered to buyer,2025-07-01 21:32:00,Яндекс.Маркет (Софьино),Новосибирск,2380.0,,2026-01-05T10:00:00+00:00,demo
ORD-101082,27.06.2025,Sale to individual,CAP-005,Cap #5,1800.0,1,1,30.06.2025,Delivered to buyer,2025-07-01 21:32:00,Яндекс.Маркет (Софьино),Новосибирск,1620.0,,2026-01-05T10:00:00+00:00,demo
ORD-101083,27.06.2025,Sale to individual,T-S-010,T-Shirt #10,2800.0,1,1,30.06.2025,Delivered to buyer,2025-07-02 18:04:00,Яндекс.Маркет (Софьино),Санкт-Петербург,2660.0,,2026-01-05T10:00:00+00:00,demo
ORD-101084,27.06.2025,Sale to individual,T-S-008,T-Shirt #8,2110.0,1,1,28.06.2025,Return received in warehouse,2025-06-30 19:50:00,Яндекс.Маркет (Софьино),Москва,2110.0,2110.0,2026-01-05T10:00:00+00:00,demo
ORD-101084,27.06.2025,Sale to individual,T-S-012,T-Shirt #12,2660.0,1,1,28.06.2025,Return received in warehouse,2025-06-28 19:50:00,Яндекс.Маркет (Софьино),Москва,2394.0,2394.0,2026-01-05T10:00:00+00:00,demo
ORD-101084,27.06.2025,Sale to individual,HOO-004,Hoodie #4,5110.0,1,1,28.06.2025,Return received in warehouse,2025-06-28 19:50:00,Яндекс.Маркет (Софьино),Москва,4343.5,4343.5,2026-01-05T10:00:00+00:00,demo
ORD-101085,27.06.2025,Sale to individual,T-S-012,T-Shirt #12,2660.0,1,1,28.06.2025,Delivered to buyer,2025-06-30 16:34:00,Яндекс.Маркет (Софьино),Екатеринбург,2660.0,,2026-01-05T10:00:00+00:00,demo
ORD-101086,28.06.2025,Sale to individual,CAP-002,Cap #2,1800.0,1,1,30.06.2025,Delivered to buyer,2025-06-30 21:15:00,Яндекс.Маркет (Софьино),Казань,1800.0,,2026-01-05T10:00:00+00:00,demo
ORD-101086,28.06.2025,Sale to individual,T-S-008,T-Shirt #8,2110.0,1,1,30.06.2025,Delivered to buyer,2025-07-03 21:15:00,Яндекс.Маркет (Софьино),Казань,2110.0,,2026-01-05T10:00:00+00:00,demo
ORD-101086,28.06.2025,Sale to individual,ACC-004,Accessorie #4,1120.0,1,1,30.06.2025,Delivered to buyer,2025-06-30 21:15:00,Яндекс.Маркет (Софьино),Казань,1120.0,,2026-01-05T10:00:00+00:00,demo
ORD-101087,28.06.2025,Sale to individual,T-S-004,T-Shirt #4,1960.0,1,1,02.07.2025,Delivered to buyer,2025-06-30 11:37:00,Яндекс.Маркет (Софьино),Москва,1960.0,,2026-01-05T10:00:00+00:00,demo
ORD-101087,28.06.2025,Sale to individual,ACC-001,Accessorie #1,990.0,2,2,02.07.2025,Delivered to buyer,2025-07-02 11:37:00,Яндекс.Маркет (Софьино),Москва,1980.0,,2026-01-05T10:00:00+00:00,demo
ORD-101088,28.06.2025,Sale to individual,HOO-005,Hoodie #5,4850.0,1,1,29.06.2025,Delivered to buyer,2025-07-02 15:12:00,Яндекс.Маркет (Софьино),Казань,4122.5,,2026-01-05T10:00:00+00:00,demo
ORD-101088,28.06.2025,Sale to individual,HOO-005,Hoodie #5,4850.0,1,1,29.06.2025,Delivered to buyer,2025-06-30 15:12:00,Яндекс.Маркет (Софьино),Казань,4365.0,,2026-01-05T10:00:00+00:00,demo
ORD-101089,28.06.2025,Sale to individual,T-S-009,T-Shirt #9,2030.0,1,1,02.07.2025,Delivered to buyer,2025-06-30 20:40:00,Яндекс.Маркет (Софьино),Новосибирск,1827.0,,2026-01-05T10:00:00+00:00,demo
ORD-101090,28.06.2025,Sale to individual,T-S-010,T-Shirt #10,2800.0,1,1,01.07.2025,Delivered to buyer,2025-06-29 16:30:00,Яндекс.Маркет (Софьино),Казань,2520.0,,2026-01-05T10:00:00+00:00,demo
ORD-101090,28.06.2025,Sale to individual,CAP-005,Cap #5,1800.0,1,1,01.07.2025,Delivered to buyer,2025-06-29 16:30:00,Яндекс.Маркет (Софьино),Казань,1620.0,,2026-01-05T10:00:00+00:00,demo
ORD-101090,28.06.2025,Sale to individual,T-S-009,T-Shirt #9,2030.0,1,1,01.07.2025,Delivered to buyer,2025-07-02 16:30:00,Яндекс.Маркет (Софьино),Казань,1725.5,,2026-01-05T10:00:00+00:00,demo
ORD-101091,28.06.2025,Sale to individual,HOO-008,Hoodie #8,5940.0,1,1,29.06.2025,Delivered to buyer,2025-06-30 10:11:00,Яндекс.Маркет (Софьино),Новосибирск,5049.0,,2026-01-05T10:00:00+00:00,demo
ORD-101091,28.06.2025,Sale to individual,T-S-004,T-Shirt #4,1960.0,1,1,29.06.2025,Delivered to buyer,2025-06-30 10:11:00,Яндекс.Маркет (Софьино),Новосибирск,1960.0,,2026-01-05T10:00:00+00:00,demo
ORD-101092,28.06.2025,Sale to individual,CAP-003,Cap #3,1680.0,1,1,01.07.2025,Delivered to buyer,2025-07-03 12:32:00,Яндекс.Маркет (Софьино),Новосибирск,1596.0,,2026-01-05T10:00:00+00:00,demo
ORD-101093,28.06.2025,Sale to individual,T-S-007,T-Shirt #7,2890.0,1,1,30.06.2025,Delivered to buyer,2025-07-03 17:43:00,Яндекс.Маркет (Софьино),Новосибирск,2890.0,,2026-01-05T10:00:00+00:00,demo
ORD-101094,29.06.2025,Sale to individual,HOO-005,Hoodie #5,4850.0,1,1,03.07.2025,Delivered to buyer,2025-07-02 10:20:00,Яндекс.Маркет (Софьино),Санкт-Петербург,4365.0,,2026-01-05T10:00:00+00:00,demo
ORD-101094,29.06.2025,Sale to individual,T-S-011,T-Shirt #11,2370.0,1,1,03.07.2025,Delivered to buyer,2025-07-02 10:20:00,Яндекс.Маркет (Софьино),Санкт-Петербург,2370.0,,2026-01-05T10:00:00+00:00,demo
ORD-101094,29.06.2025,Sale to individual,CAP-002,Cap #2,1800.0,1,1,03.07.2025,Delivered to buyer,2025-07-02 10:20:00,Яндекс.Маркет (Софьино),Санкт-Петербург,1710.0,,2026-01-05T10:00:00+00:00,demo
ORD-101095,29.06.2025,Sale to individual,T-S-001,T-Shirt #1,2690.0,2,2,03.07.2025,Delivered to buyer,2025-07-01 12:27:00,Яндекс.Маркет (Софьино),Москва,5111.0,,2026-01-05T10:00:00+00:00,demo
ORD-101095,29.06.2025,Sale to individual,ACC-003,Accessorie #3,1190.0,2,2,03.07.2025,Delivered to buyer,2025-06-30 12:27:00,Яндекс.Маркет (Софьино),Москва,2261.0,,2026-01-05T10:00:00+00:00,demo
ORD-101096,29.06.2025,Sale to individual,CAP-004,Cap #4,1680.0,1,0,,Cancelled,2025-07-03 11:13:00,Яндекс.Маркет (Софьино),Москва,,,2026-01-05T10:00:00+00:00,demo
ORD-101097,29.06.2025,Sale to individual,HOO-006,Hoodie #6,6060.0,1,1,01.07.2025,Delivered to buyer,2025-06-30 16:35:00,Яндекс.Маркет (Софьино),Новосибирск,6060.0,,2026-01-05T10:00:00+00:00,demo
ORD-101098,29.06.2025,Sale to individual,HOO-005,Hoodie #5,4850.0,2,2,03.07.2025,Delivered to buyer,2025-07-02 10:20:00,Яндекс.Маркет (Софьино),Новосибирск,9700.0,,2026-01-05T10:00:00+00:00,demo
ORD-101098,29.06.2025,Sale to individual,ACC-003,Accessorie #3,1190.0,2,2,03.07.2025,Delivered to buyer,2025-06-30 10:20:00,Яндекс.Маркет (Софьино),Новосибирск,2380.0,,2026-01-05T10:00:00+00:00,demo
ORD-101098,29.06.2025,Sale to individual,ACC-003,Accessorie #3,1190.0,1,1,03.07.2025,Delivered to buyer,2025-07-02 10:20:00,Яндекс.Маркет (Софьино),Новосибирск,1130.5,,2026-01-05T10:00:00+00:00,demo
ORD-101099,29.06.2025,Sale to individual,T-S-012,T-Shirt #12,2660.0,1,1,02.07.2025,Delivered to buyer,2025-07-01 13:28:00,Яндекс.Маркет (Софьино),Москва,2394.0,,2026-01-05T10:00:00+00:00,demo
ORD-101100,30.06.2025,Sale to individual,T-S-009,T-Shirt #9,2030.0,1,1,01.07.2025,Delivered to buyer,2025-07-02 11:35:00,Яндекс.Маркет (Софьино),Казань,2030.0,,2026-01-05T10:00:00+00:00,demo
ORD-101100,30.06.2025,Sale to individual,HOO-004,Hoodie #4,5110.0,1,1,01.07.2025,Delivered to buyer,2025-07-03 11:35:00,Яндекс.Маркет (Софьино),Казань,4854.5,,2026-01-05T10:00:00+00:00,demo
ORD-101101,30.06.2025,Sale to individual,T-S-010,T-Shirt #10,2800.0,2,2,02.07.2025,Return received in warehouse,2025-07-03 15:47:00,Яндекс.Маркет (Софьино),Санкт-Петербург,5320.0,5320.0,2026-01-05T10:00:00+00:00,demo
ORD-101102,30.06.2025,Sale to individual,HOO-005,Hoodie #5,4850.0,1,1,03.07.2025,Delivered to buyer,2025-07-04 18:45:00,Яндекс.Маркет (Софьино),Москва,4850.0,,2026-01-05T10:00:00+00:00,demo
ORD-101103,30.06.2025,Sale to individual,CAP-004,Cap #4,1680.0,1,1,04.07.2025,Delivered to buyer,2025-07-05 14:51:00,Яндекс.Маркет (Софьино),Москва,1680.0,,2026-01-05T10:00:00+00:00,demo
ORD-101104,30.06.2025,Sale to individual,T-S-012,T-Shirt #12,2660.0,1,1,03.07.2025,Delivered to buyer,2025-07-01 08:32:00,Яндекс.Маркет (Софьино),Москва,2261.0,,2026-01-05T10:00:00+00:00,demo
ORD-101104,30.06.2025,Sale to individual,HOO-005,Hoodie #5,4850.0,1,1,03.07.2025,Delivered to buyer,2025-07-02 08:32:00,Яндекс.Маркет (Софьино),Москва,4122.5,,2026-01-05T10:00:00+00:00,demo
ORD-101105,30.06.2025,Sale to individual,ACC-003,Accessorie #3,1190.0,1,1,01.07.2025,Delivered to buyer,2025-07-03 21:54:00,Яндекс.Маркет (Софьино),Санкт-Петербург,1071.0,,2026-01-05T10:00:00+00:00,demo
ORD-101105,30.06.2025,Sale to individual,HOO-006,Hoodie #6,6060.0,2,2,01.07.2025,Delivered to buyer,2025-07-02 21:54:00,Яндекс.Маркет (Софьино),Санкт-Петербург,10908.0,,2026-01-05T10:00:00+00:00,demo
ORD-101106,30.06.2025,Sale to individual,HOO-005,Hoodie #5,4850.0,1,1,02.07.2025,Delivered to buyer,2025-07-05 13:04:00,Яндекс.Маркет (Софьино),Новосибирск,4365.0,,2026-01-05T10:00:00+00:00,demo
ORD-101106,30.06.2025,Sale to individual,T-S-012,T-Shirt #12,2660.0,1,1,02.07.2025,Delivered to buyer,2025-07-05 13:04:00,Яндекс.Маркет (Софьино),Новосибирск,2660.0,,2026-01-05T10:00:00+00:00,demo
ORD-101106,30.06.2025,Sale to individual,CAP-004,Cap #4,1680.0,2,2,02.07.2025,Delivered to buyer,2025-07-01 13:04:00,Яндекс.Маркет (Софьино),Новосибирск,3360.0,,2026-01-05T10:00:00+00:00,demo
ORD-101107,30.06.2025,Sale to individual,CAP-005,Cap #5,1800.0,1,1,02.07.2025,Delivered to buyer,2025-07-04 13:27:00,Яндекс.Маркет (Софьино),Екатеринбург,1530.0,,2026-01-05T10:00:00+00:00,demo
ORD-101108,30.06.2025,Sale to individual,CAP-005,Cap #5,1800.0,1,1,03.07.2025,Delivered to buyer,2025-07-01 18:12:00,Яндекс.Маркет (Софьино),Санкт-Петербург,1800.0,,2026-01-05T10:00:00+00:00,demo
ORD-101108,30.06.2025,Sale to individual,T-S-007,T-Shirt #7,2890.0,1,1,03.07.2025,Delivered to buyer,2025-07-05 18:12:00,Яндекс.Маркет (Софьино),Санкт-Петербург,2456.5,,2026-01-05T10:00:00+00:00,demo
ORD-101108,30.06.2025,Sale to individual,CAP-003,Cap #3,1680.0,1,1,03.07.2025,Delivered to buyer,2025-07-05 18:12:00,Яндекс.Маркет (Софьино),Санкт-Петербург,1680.0,,2026-01-05T10:00:00+00:00,demo
ORD-101109,01.07.2025,Sale to individual,HOO-007,Hoodie #7,6730.0,1,1,04.07.2025,Delivered to buyer,2025-07-05 09:20:00,Яндекс.Маркет (Софьино),Санкт-Петербург,6730.0,,2026-01-05T10:00:00+00:00,demo
ORD-101110,01.07.2025,Sale to individual,T-S-002,T-Shirt #2,2190.0,1,1,03.07.2025,Delivered to buyer,2025-07-02 11:59:00,Яндекс.Маркет (Софьино),Новосибирск,1971.0,,2026-01-05T10:00:00+00:00,demo
ORD-101111,01.07.2025,Sale to individual,T-S-002,T-Shirt #2,2190.0,1,1,03.07.2025,Delivered to buyer,2025-07-06 21:47:00,Яндекс.Маркет (Софьино),Санкт-Петербург,1971.0,,2026-01-05T10:00:00+00:00,demo
ORD-101111,01.07.2025,Sale to individual,T-S-012,T-Shirt #12,2660.0,1,1,03.07.2025,Delivered to buyer,2025-07-03 21:47:00,Яндекс.Маркет (Софьино),Санкт-Петербург,2660.0,,2026-01-05T10:00:00+00:00,demo
ORD-101112,01.07.2025,Sale to individual,CAP-002,Cap #2,1800.0,2,2,02.07.2025,Delivered to buyer,2025-07-04 22:37:00,Яндекс.Маркет (Софьино),Москва,3060.0,,2026-01-05T10:00:00+00:00,demo
ORD-101113,01.07.2025,Sale to individual,ACC-004,Accessorie #4,1120.0,1,1,03.07.2025,Return received in warehouse,2025-07-04 13:26:00,Яндекс.Маркет (Софьино),Екатеринбург,1008.0,1008.0,2026-01-05T10:00:00+00:00,demo
ORD-101114,02.07.2025,Sale to individual,ACC-004,Accessorie #4,1120.0,1,1,06.07.2025,Delivered to buyer,2025-07-06 08:24:00,Яндекс.Маркет (Софьино),Казань,1120.0,,2026-01-05T10:00:00+00:00,demo
ORD-101114,02.07.2025,Sale to individual,T-S-004,T-Shirt #4,1960.0,1,1,06.07.2025,Delivered to buyer,2025-07-03 08:24:00,Яндекс.Маркет (Софьино),Казань,1960.0,,2026-01-05T10:00:00+00:00,demo
ORD-101115,02.07.2025,Sale to individual,T-S-002,T-Shirt #2,2190.0,1,1,06.07.2025,Delivered to buyer,2025-07-04 18:51:00,Яндекс.Маркет (Софьино),Казань,2190.0,,2026-01-05T10:00:00+00:00,demo
ORD-101115,02.07.2025,Sale to individual,ACC-004,Accessorie #4,1120.0,1,1,06.07.2025,Delivered to buyer,2025-07-03 18:51:00,Яндекс.Маркет (Софьино),Казань,952.0,,2026-01-05T10:00:00+00:00,demo
ORD-101116,03.07.2025,Sale to individual,T-S-012,T-Shirt #12,2660.0,1,1,05.07.2025,Delivered to buyer,2025-07-08 16:09:00,Яндекс.Маркет (Софьино),Санкт-Петербург,2527.0,,2026-01-05T10:00:00+00:00,demo
ORD-101116,03.07.2025,Sale to individual,T-S-002,T-Shirt #2,2190.0,2,2,05.07.2025,Delivered to buyer,2025-07-07 16:09:00,Яндекс.Маркет (Софьино),Санкт-Петербург,4380.0,,2026-01-05T10:00:00+00:00,demo
ORD-101116,03.07.2025,Sale to individual,HOO-005,Hoodie #5,4850.0,1,1,05.07.2025,Delivered to buyer,2025-07-08 16:09:00,Яндекс.Маркет (Софьино),Санкт-Петербург,4850.0,,2026-01-05T10:00:00+00:00,demo
ORD-101117,03.07.2025,Sale to individual,ACC-001,Accessorie #1,990.0,1,1,05.07.2025,Delivered to buyer,2025-07-07 19:51:00,Яндекс.Маркет (Софьино),Москва,990.0,,2026-01-05T10:00:00+00:00,demo
ORD-101118,03.07.2025,Sale to individual,HOO-006,Hoodie #6,6060.0,1,1,06.07.2025,Delivered to buyer,2025-07-04 12:25:00,Яндекс.Маркет (Софьино),Москва,5757.0,,2026-01-05T10:00:00+00:00,demo
ORD-101119,03.07.2025,Sale to individual,T-S-002,T-Shirt #2,2190.0,1,1,05.07.2025,Delivered to buyer,2025-07-04 08:47:00,Яндекс.Маркет (Софьино),Екатеринбург,2190.0,,2026-01-05T10:00:00+00:00,demo
ORD-101119,03.07.2025,Sale to individual,T-S-010,T-Shirt #10,2800.0,1,1,05.07.2025,Delivered to buyer,2025-07-05 08:47:00,Яндекс.Маркет (Софьино),Екатеринбург,2660.0,,2026-01-05T10:00:00+00:00,demo
ORD-101120,03.07.2025,Sale to individual,T-S-012,T-Shirt #12,2660.0,2,2,04.07.2025,Delivered to buyer,2025-07-08 14:04:00,Яндекс.Маркет (Софьино),Екатеринбург,5320.0,,2026-01-05T10:00:00+00:00,demo
ORD-101120,03.07.2025,Sale to individual,T-S-011,T-Shirt #11,2370.0,1,1,04.07.2025,Delivered to buyer,2025-07-07 14:04:00,Яндекс.Маркет (Софьино),Екатеринбург,2251.5,,2026-01-05T10:00:00+00:00,demo
ORD-101121,03.07.2025,Sale to individual,T-S-010,T-Shirt #10,2800.0,1,1,06.07.2025,Delivered to buyer,2025-07-04 22:57:00,Яндекс.Маркет (Софьино),Екатеринбург,2380.0,,2026-01-05T10:00:00+00:00,demo
ORD-101122,03.07.2025,Sale to individual,T-S-008,T-Shirt #8,2110.0,1,1,05.07.2025,Delivered to buyer,2025-07-04 15:47:00,Яндекс.Маркет (Софьино),Санкт-Петербург,2110.0,,2026-01-05T10:00:00+00:00,demo
ORD-101123,04.07.2025,Sale to individual,T-S-008,T-Shirt #8,2110.0,1,1,05.07.2025,Delivered to buyer,2025-07-08 22:39:00,Яндекс.Маркет (Софьино),Санкт-Петербург,2004.5,,2026-01-05T10:00:00+00:00,demo
ORD-101124,04.07.2025,Sale to individual,T-S-010,T-Shirt #10,2800.0,1,0,,Cancelled,2025-07-05 17:33:00,Яндекс.Маркет (Софьино),Казань,,,2026-01-05T10:00:00+00:00,demo
ORD-101125,04.07.2025,Sale to individual,T-S-002,T-Shirt #2,2190.0,1,1,08.07.2025,Return received in warehouse,2025-07-06 22:51:00,Яндекс.Маркет (Софьино),Санкт-Петербург,2190.0,2190.0,2026-01-05T10:00:00+00:00,demo
ORD-101125,04.07.2025,Sale to individual,T-S-008,T-Shirt #8,2110.0,2,2,08.07.2025,Return received in warehouse,2025-07-05 22:51:00,Яндекс.Маркет (Софьино),Санкт-Петербург,4009.0,4009.0,2026-01-05T10:00:00+00:00,demo
ORD-101125,04.07.2025,Sale to individual,T-S-008,T-Shirt #8,2110.0,2,2,08.07.2025,Return received in warehouse,2025-07-07 22:51:00,Яндекс.Маркет (Софьино),Санкт-Петербург,3798.0,3798.0,2026-01-05T10:00:00+00:00,demo
ORD-101126,04.07.2025,Sale to individual,ACC-005,Accessorie #5,1220.0,2,2,08.07.2025,Delivered to buyer,2025-07-07 18:55:00,Яндекс.Маркет (Софьино),Казань,2440.0,,2026-01-05T10:00:00+00:00,demo
ORD-101126,04.07.2025,Sale to individual,T-S-012,T-Shirt #12,2660.0,1,1,08.07.2025,Delivered to buyer,2025-07-06 18:55:00,Яндекс.Маркет (Софьино),Казань,2527.0,,2026-01-05T10:00:00+00:00,demo
ORD-101127,04.07.2025,Sale to individual,T-S-012,T-Shirt #12,2660.0,1,1,08.07.2025,Delivered to buyer,2025-07-07 13:51:00,Яндекс.Маркет (Софьино),Казань,2660.0,,2026-01-05T10:00:00+00:00,demo
ORD-101127,04.07.2025,Sale to individual,T-S-004,T-Shirt #4,1960.0,2,2,08.07.2025,Delivered to buyer,2025-07-09 13:51:00,Яндекс.Маркет (Софьино),Казань,3920.0,,2026-01-05T10:00:00+00:00,demo
ORD-101128,04.07.2025,Sale to individual,T-S-006,T-Shirt #6,2570.0,1,1,08.07.2025,Delivered to buyer,2025-07-07 09:14:00,Яндекс.Маркет (Софьино),Казань,2441.5,,2026-01-05T10:00:00+00:00,demo
ORD-101129,04.07.2025,Sale to individual,T-S-008,T-Shirt #8,2110.0,1,1,05.07.2025,Delivered to buyer,2025-07-06 14:35:00,Яндекс.Маркет (Софьино),Екатеринбург,2110.0,,2026-01-05T10:00:00+00:00,demo
ORD-101129,04.07.2025,Sale to individual,CAP-004,Cap #4,1680.0,1,1,05.07.2025,Delivered to buyer,2025-07-07 14:35:00,Яндекс.Маркет (Софьино),Екатеринбург,1680.0,,2026-01-05T10:00:00+00:00,demo
ORD-101130,05.07.2025,Sale to individual,CAP-005,Cap #5,1800.0,1,1,07.07.2025,Delivered to buyer,2025-07-07 17:49:00,Яндекс.Маркет (Софьино),Екатеринбург,1530.0,,2026-01-05T10:00:00+00:00,demo
ORD-101130,05.07.2025,Sale to individual,HOO-002,Hoodie #2,4910.0,1,1,07.07.2025,Delivered to buyer,2025-07-07 17:49:00,Яндекс.Маркет (Софьино),Екатеринбург,4664.5,,2026-01-05T10:00:00+00:00,demo
ORD-101131,05.07.2025,Sale to individual,T-S-007,T-Shirt #7,2890.0,1,1,07.07.2025,Delivered to buyer,2025-07-09 18:10:00,Яндекс.Маркет (Софьино),Санкт-Петербург,2890.0,,2026-01-05T10:00:00+00:00,demo
ORD-101131,05.07.2025,Sale to individual,ACC-003,Accessorie #3,1190.0,1,1,07.07.2025,Delivered to buyer,2025-07-10 18:10:00,Яндекс.Маркет (Софьино),Санкт-Петербург,1071.0,,2026-01-05T10:00:00+00:00,demo
ORD-101131,05.07.2025,Sale to individual,HOO-006,Hoodie #6,6060.0,2,2,07.07.2025,Delivered to buyer,2025-07-09 18:10:00,Яндекс.Маркет (Софьино),Санкт-Петербург,10908.0,,2026-01-05T10:00:00+00:00,demo
ORD-101132,05.07.2025,Sale to individual,T-S-002,T-Shirt #2,2190.0,1,1,08.07.2025,Delivered to buyer,2025-07-10 10:46:00,Яндекс.Маркет (Софьино),Екатеринбург,2190.0,,2026-01-05T10:00:00+00:00,demo
ORD-101133,05.07.2025,Sale to individual,T-S-007,T-Shirt #7,2890.0,1,1,09.07.2025,Delivered to buyer,2025-07-07 09:03:00,Яндекс.Маркет (Софьино),Санкт-Петербург,2601.0,,2026-01-05T10:00:00+00:00,demo
ORD-101134,06.07.2025,Sale to individual,T-S-008,T-Shirt #8,2110.0,1,1,09.07.2025,Delivered to buyer,2025-07-07 11:53:00,Яндекс.Маркет (Софьино),Казань,1899.0,,2026-01-05T10:00:00+00:00,demo
ORD-101135,06.07.2025,Sale to individual,T-S-012,T-Shirt #12,2660.0,1,0,,Cancelled,2025-07-07 19:37:00,Яндекс.Маркет (Софьино),Казань,,,2026-01-05T10:00:00+00:00,demo
ORD-101136,06.07.2025,Sale to individual,HOO-005,Hoodie #5,4850.0,2,2,07.07.2025,Delivered to buyer,2025-07-07 12:33:00,Яндекс.Маркет (Софьино),Москва,9700.0,,2026-01-05T10:00:00+00:00,demo
ORD-101136,06.07.2025,Sale to individual,T-S-009,T-Shirt #9,2030.0,1,1,07.07.2025,Delivered to buyer,2025-07-07 12:33:00,Яндекс.Маркет (Софьино),Москва,1928.5,,2026-01-05T10:00:00+00:00,demo
ORD-101136,06.07.2025,Sale to individual,T-S-012,T-Shirt #12,2660.0,2,2,07.07.2025,Delivered to buyer,2025-07-07 12:33:00,Яндекс.Маркет (Софьино),Москва,5054.0,,2026-01-05T10:00:00+00:00,demo
ORD-101137,06.07.2025,Sale to individual,CAP-001,Cap #1,1630.0,1,1,08.07.2025,Delivered to buyer,2025-07-11 15:27:00,Яндекс.Маркет (Софьино),Санкт-Петербург,1630.0,,2026-01-05T10:00:00+00:00,demo
ORD-101137,06.07.2025,Sale to individual,CAP-004,Cap #4,1680.0,1,1,08.07.2025,Delivered to buyer,2025-07-10 15:27:00,Яндекс.Маркет (Софьино),Санкт-Петербург,1680.0,,2026-01-05T10:00:00+00:00,demo
ORD-101137,06.07.2025,Sale to individual,CAP-002,Cap #2,1800.0,2,2,08.07.2025,Delivered to buyer,2025-07-07 15:27:00,Яндекс.Маркет (Софьино),Санкт-Петербург,3240.0,,2026-01-05T10:00:00+00:00,demo
ORD-101138,06.07.2025,Sale to individual,CAP-002,Cap #2,1800.0,2,2,09.07.2025,Delivered to buyer,2025-07-09 09:55:00,Яндекс.Маркет (Софьино),Казань,3420.0,,2026-01-05T10:00:00+00:00,demo
ORD-101138,06.07.2025,Sale to individual,ACC-002,Accessorie #2,1440.0,1,1,09.07.2025,Delivered to buyer,2025-07-07 09:55:00,Яндекс.Маркет (Софьино),Казань,1440.0,,2026-01-05T10:00:00+00:00,demo
ORD-101138,06.07.2025,Sale to individual,HOO-007,Hoodie #7,6730.0,2,2,09.07.2025,Delivered to buyer,2025-07-11 09:55:00,Яндекс.Маркет (Софьино),Казань,13460.0,,2026-01-05T10:00:00+00:00,demo
ORD-101139,06.07.2025,Sale to individual,T-S-009,T-Shirt #9,2030.0,2,2,10.07.2025,Delivered to buyer,2025-07-11 11:37:00,Яндекс.Маркет (Софьино),Новосибирск,3451.0,,2026-01-05T10:00:00+00:00,demo
ORD-101139,06.07.2025,Sale to individual,ACC-005,Accessorie #5,1220.0,2,2,10.07.2025,Delivered to buyer,2025-07-11 11:37:00,Яндекс.Маркет (Софьино),Новосибирск,2440.0,,2026-01-05T10:00:00+00:00,demo
ORD-101139,06.07.2025,Sale to individual,CAP-004,Cap #4,1680.0,1,1,10.07.2025,Delivered to buyer,2025-07-07 11:37:00,Яндекс.Маркет (Софьино),Новосибирск,1428.0,,2026-01-05T10:00:00+00:00,demo
ORD-101140,07.07.2025,Sale to individual,HOO-005,Hoodie #5,4850.0,2,2,09.07.2025,Delivered to buyer,2025-07-08 09:07:00,Яндекс.Маркет (Софьино),Екатеринбург,8730.0,,2026-01-05T10:00:00+00:00,demo
ORD-101141,07.07.2025,Sale to individual,HOO-004,Hoodie #4,5110.0,2,2,11.07.2025,Delivered to buyer,2025-07-09 18:50:00,Яндекс.Маркет (Софьино),Новосибирск,10220.0,,2026-01-05T10:00:00+00:00,demo
ORD-101141,07.07.2025,Sale to individual,HOO-002,Hoodie #2,4910.0,1,1,11.07.2025,Delivered to buyer,2025-07-10 18:50:00,Яндекс.Маркет (Софьино),Новосибирск,4910.0,,2026-01-05T10:00:00+00:00,demo
ORD-101142,07.07.2025,Sale to individual,CAP-002,Cap #2,1800.0,1,1,11.07.2025,Delivered to buyer,2025-07-10 12:58:00,Яндекс.Маркет (Софьино),Казань,1710.0,,2026-01-05T10:00:00+00:00,demo
ORD-101143,07.07.2025,Sale to individual,T-S-012,T-Shirt #12,2660.0,1,1,08.07.2025,Delivered to buyer,2025-07-12 12:28:00,Яндекс.Маркет (Софьино),Казань,2660.0,,2026-01-05T10:00:00+00:00,demo
ORD-101144,07.07.2025,Sale to individual,T-S-011,T-Shirt #11,2370.0,1,1,10.07.2025,Return received in warehouse,2025-07-10 21:35:00,Яндекс.Маркет (Софьино),Новосибирск,2251.5,2251.5,2026-01-05T10:00:00+00:00,demo
ORD-101144,07.07.2025,Sale to individual,T-S-010,T-Shirt #10,2800.0,1,1,10.07.2025,Return received in warehouse,2025-07-10 21:35:00,Яндекс.Маркет (Софьино),Новосибирск,2660.0,2660.0,2026-01-05T10:00:00+00:00,demo
ORD-101144,07.07.2025,Sale to individual,CAP-004,Cap #4,1680.0,1,1,10.07.2025,Return received in warehouse,2025-07-11 21:35:00,Яндекс.Маркет (Софьино),Новосибирск,1680.0,1680.0,2026-01-05T10:00:00+00:00,demo
ORD-101145,07.07.2025,Sale to individual,T-S-008,T-Shirt #8,2110.0,1,1,09.07.2025,Delivered to buyer,2025-07-11 17:31:00,Яндекс.Маркет (Софьино),Новосибирск,2004.5,,2026-01-05T10:00:00+00:00,demo
ORD-101145,07.07.2025,Sale to individual,CAP-005,Cap #5,1800.0,1,1,09.07.2025,Delivered to buyer,2025-07-09 17:31:00,Яндекс.Маркет (Софьино),Новосибирск,1800.0,,2026-01-05T10:00:00+00:00,demo
ORD-101146,08.07.2025,Sale to individual,HOO-003,Hoodie #3,4420.0,1,1,11.07.2025,Delivered to buyer,2025-07-09 12:58:00,Яндекс.Маркет (Софьино),Москва,4420.0,,2026-01-05T10:00:00+00:00,demo
ORD-101146,08.07.2025,Sale to individual,T-S-011,T-Shirt #11,2370.0,2,2,11.07.2025,Delivered to buyer,2025-07-10 12:58:00,Яндекс.Маркет (Софьино),Москва,4503.0,,2026-01-05T10:00:00+00:00,demo
ORD-101147,08.07.2025,Sale to individual,T-S-007,T-Shirt #7,2890.0,1,0,,Cancelled,2025-07-10 13:34:00,Яндекс.Маркет (Софьино),Казань,,,2026-01-05T10:00:00+00:00,demo
ORD-101147,08.07.2025,Sale to individual,T-S-010,T-Shirt #10,2800.0,2,0,,Cancelled,2025-07-10 13:34:00,Яндекс.Маркет (Софьино),Казань,,,2026-01-05T10:00:00+00:00,demo
ORD-101148,08.07.2025,Sale to individual,T-S-012,T-Shirt #12,2660.0,1,1,11.07.2025,Delivered to buyer,2025-07-12 10:42:00,Яндекс.Маркет (Софьино),Санкт-Петербург,2660.0,,2026-01-05T10:00:00+00:00,demo
ORD-101149,08.07.2025,Sale to individual,T-S-010,T-Shirt #10,2800.0,2,2,10.07.2025,Delivered to buyer,2025-07-12 20:13:00,Яндекс.Маркет (Софьино),Москва,5040.0,,2026-01-05T10:00:00+00:00,demo
ORD-101150,08.07.2025,Sale to individual,T-S-008,T-Shirt #8,2110.0,2,2,10.07.2025,Delivered to buyer,2025-07-11 16:36:00,Яндекс.Маркет (Софьино),Новосибирск,4009.0,,2026-01-05T10:00:00+00:00,demo
ORD-101150,08.07.2025,Sale to individual,HOO-002,Hoodie #2,4910.0,1,1,10.07.2025,Delivered to buyer,2025-07-11 16:36:00,Яндекс.Маркет (Софьино),Новосибирск,4419.0,,2026-01-05T10:00:00+00:00,demo
ORD-101151,08.07.2025,Sale to individual,HOO-003,Hoodie #3,4420.0,1,1,10.07.2025,Delivered to buyer,2025-07-10 22:59:00,Яндекс.Маркет (Софьино),Москва,4199.0,,2026-01-05T10:00:00+00:00,demo
ORD-101152,08.07.2025,Sale to individual,CAP-002,Cap #2,1800.0,1,1,09.07.2025,Delivered to buyer,2025-07-13 17:08:00,Яндекс.Маркет (Софьино),Москва,1710.0,,2026-01-05T10:00:00+00:00,demo
ORD-101152,08.07.2025,Sale to individual,HOO-003,Hoodie #3,4420.0,1,1,09.07.2025,Delivered to buyer,2025-07-11 17:08:00,Яндекс.Маркет (Софьино),Москва,3978.0,,2026-01-05T10:00:00+00:00,demo
ORD-101153,09.07.2025,Sale to individual,T-S-012,T-Shirt #12,2660.0,1,1,13.07.2025,Delivered to buyer,2025-07-14 21:03:00,Яндекс.Маркет (Софьино),Москва,2660.0,,2026-01-05T10:00:00+00:00,demo
ORD-101153,09.07.2025,Sale to individual,HOO-005,Hoodie #5,4850.0,2,2,13.07.2025,Delivered to buyer,2025-07-10 21:03:00,Яндекс.Маркет (Софьино),Москва,8245.0,,2026-01-05T10:00:00+00:00,demo
ORD-101154,09.07.2025,Sale to individual,HOO-008,Hoodie #8,5940.0,1,1,11.07.2025,Delivered to buyer,2025-07-12 15:55:00,Яндекс.Маркет (Софьино),Москва,5049.0,,2026-01-05T10:00:00+00:00,demo
ORD-101155,09.07.2025,Sale to individual,CAP-002,Cap #2,1800.0,1,1,13.07.2025,Return received in warehouse,2025-07-12 08:45:00,Яндекс.Маркет (Софьино),Новосибирск,1620.0,1620.0,2026-01-05T10:00:00+00:00,demo
ORD-101155,09.07.2025,Sale to individual,ACC-003,Accessorie #3,1190.0,1,1,13.07.2025,Return received in warehouse,2025-07-11 08:45:00,Яндекс.Маркет (Софьино),Новосибирск,1130.5,1130.5,2026-01-05T10:00:00+00:00,demo
ORD-101156,09.07.2025,Sale to individual,CAP-003,Cap #3,1680.0,1,1,13.07.2025,Delivered to buyer,2025-07-14 20:56:00,Яндекс.Маркет (Софьино),Екатеринбург,1680.0,,2026-01-05T10:00:00+00:00,demo
ORD-101157,09.07.2025,Sale to individual,T-S-006,T-Shirt #6,2570.0,1,1,12.07.2025,Delivered to buyer,2025-07-13 19:48:00,Яндекс.Маркет (Софьино),Екатеринбург,2184.5,,2026-01-05T10:00:00+00:00,demo
ORD-101157,09.07.2025,Sale to individual,ACC-004,Accessorie #4,1120.0,1,1,12.07.2025,Delivered to buyer,2025-07-11 19:48:00,Яндекс.Маркет (Софьино),Екатеринбург,1120.0,,2026-01-05T10:00:00+00:00,demo
ORD-101158,09.07.2025,Sale to individual,T-S-002,T-Shirt #2,2190.0,1,1,11.07.2025,Delivered to buyer,2025-07-10 20:48:00,Яндекс.Маркет (Софьино),Новосибирск,2080.5,,2026-01-05T10:00:00+00:00,demo
ORD-101159,09.07.2025,Sale to individual,T-S-010,T-Shirt #10,2800.0,1,1,13.07.2025,Delivered to buyer,2025-07-12 14:36:00,Яндекс.Маркет (Софьино),Казань,2800.0,,2026-01-05T10:00:00+00:00,demo
ORD-101159,09.07.2025,Sale to individual,T-S-012,T-Shirt #12,2660.0,1,1,13.07.2025,Delivered to buyer,2025-07-13 14:36:00,Яндекс.Маркет (Софьино),Казань,2660.0,,2026-01-05T10:00:00+00:00,demo
ORD-101160,09.07.2025,Sale to individual,T-S-011,T-Shirt #11,2370.0,1,1,11.07.2025,Delivered to buyer,2025-07-12 15:05:00,Яндекс.Маркет (Софьино),Санкт-Петербург,2370.0,,2026-01-05T10:00:00+00:00,demo
ORD-101161,10.07.2025,Sale to individual,T-S-002,T-Shirt #2,2190.0,1,1,11.07.2025,Delivered to buyer,2025-07-11 08:56:00,Яндекс.Маркет (Софьино),Санкт-Петербург,1861.5,,2026-01-05T10:00:00+00:00,demo
ORD-101161,10.07.2025,Sale to individual,T-S-010,T-Shirt #10,2800.0,1,1,11.07.2025,Delivered to buyer,2025-07-14 08:56:00,Яндекс.Маркет (Софьино),Санкт-Петербург,2660.0,,2026-01-05T10:00:00+00:00,demo
ORD-101162,10.07.2025,Sale to individual,ACC-003,Accessorie #3,1190.0,2,2,13.07.2025,Delivered to buyer,2025-07-15 08:51:00,Яндекс.Маркет (Софьино),Санкт-Петербург,2380.0,,2026-01-05T10:00:00+00:00,demo
ORD-101163,10.07.2025,Sale to individual,T-S-010,T-Shirt #10,2800.0,1,1,12.07.2025,Delivered to buyer,2025-07-12 13:06:00,Яндекс.Маркет (Софьино),Новосибирск,2380.0,,2026-01-05T10:00:00+00:00,demo
ORD-101163,10.07.2025,Sale to individual,T-S-008,T-Shirt #8,2110.0,2,2,12.07.2025,Delivered to buyer,2025-07-15 13:06:00,Яндекс.Маркет (Софьино),Новосибирск,4220.0,,2026-01-05T10:00:00+00:00,demo
ORD-101164,10.07.2025,Sale to individual,ACC-003,Accessorie #3,1190.0,1,1,11.07.2025,Delivered to buyer,2025-07-15 22:34:00,Яндекс.Маркет (Софьино),Москва,1190.0,,2026-01-05T10:00:00+00:00,demo
ORD-101165,10.07.2025,Sale to individual,T-S-008,T-Shirt #8,2110.0,1,1,11.07.2025,Delivered to buyer,2025-07-15 10:57:00,Яндекс.Маркет (Софьино),Екатеринбург,1899.0,,2026-01-05T10:00:00+00:00,demo
ORD-101165,10.07.2025,Sale to individual,T-S-007,T-Shirt #7,2890.0,2,2,11.07.2025,Delivered to buyer,2025-07-11 10:57:00,Яндекс.Маркет (Софьино),Екатеринбург,5202.0,,2026-01-05T10:00:00+00:00,demo
ORD-101166,10.07.2025,Sale to individual,T-S-010,T-Shirt #10,2800.0,2,0,,Cancelled,2025-07-14 16:04:00,Яндекс.Маркет (Софьино),Санкт-Петербург,,,2026-01-05T10:00:00+00:00,demo
ORD-101167,11.07.2025,Sale to individual,CAP-002,Cap #2,1800.0,1,1,15.07.2025,Delivered to buyer,2025-07-16 13:03:00,Яндекс.Маркет (Софьино),Екатеринбург,1710.0,,2026-01-05T10:00:00+00:00,demo
ORD-101167,11.07.2025,Sale to individual,CAP-004,Cap #4,1680.0,2,2,15.07.2025,Delivered to buyer,2025-07-13 13:03:00,Яндекс.Маркет (Софьино),Екатеринбург,2856.0,,2026-01-05T10:00:00+00:00,demo
ORD-101167,11.07.2025,Sale to individual,T-S-004,T-Shirt #4,1960.0,1,1,15.07.2025,Delivered to buyer,2025-07-13 13:03:00,Яндекс.Маркет (Софьино),Екатеринбург,1862.0,,2026-01-05T10:00:00+00:00,demo
ORD-101168,11.07.2025,Sale to individual,T-S-011,T-Shirt #11,2370.0,2,2,14.07.2025,Delivered to buyer,2025-07-14 20:12:00,Яндекс.Маркет (Софьино),Москва,4740.0,,2026-01-05T10:00:00+00:00,demo
ORD-101168,11.07.2025,Sale to individual,T-S-012,T-Shirt #12,2660.0,2,2,14.07.2025,Delivered to buyer,2025-07-15 20:12:00,Яндекс.Маркет (Софьино),Москва,4522.0,,2026-01-05T10:00:00+00:00,demo
ORD-101168,11.07.2025,Sale to individual,T-S-003,T-Shirt #3,2990.0,1,1,14.07.2025,Delivered to buyer,2025-07-14 20:12:00,Яндекс.Маркет (Софьино),Москва,2691.0,,2026-01-05T10:00:00+00:00,demo
ORD-101169,11.07.2025,Sale to individual,CAP-004,Cap #4,1680.0,1,1,12.07.2025,Return received in warehouse,2025-07-16 18:44:00,Яндекс.Маркет (Софьино),Москва,1428.0,1428.0,2026-01-05T10:00:00+00:00,demo
ORD-101169,11.07.2025,Sale to individual,T-S-008,T-Shirt #8,2110.0,1,1,12.07.2025,Return received in warehouse,2025-07-12 18:44:00,Яндекс.Маркет (Софьино),Москва,2004.5,2004.5,2026-01-05T10:00:00+00:00,demo
ORD-101170,11.07.2025,Sale to individual,T-S-008,T-Shirt #8,2110.0,2,2,14.07.2025,Delivered to buyer,2025-07-16 08:03:00,Яндекс.Маркет (Софьино),Москва,3587.0,,2026-01-05T10:00:00+00:00,demo
ORD-101170,11.07.2025,Sale to individual,ACC-004,Accessorie #4,1120.0,1,1,14.07.2025,Delivered to buyer,2025-07-14 08:03:00,Яндекс.Маркет (Софьино),Москва,952.0,,2026-01-05T10:00:00+00:00,demo
ORD-101171,11.07.2025,Sale to individual,T-S-012,T-Shirt #12,2660.0,1,0,,Cancelled,2025-07-12 19:02:00,Яндекс.Маркет (Софьино),Санкт-Петербург,,,2026-01-05T10:00:00+00:00,demo
ORD-101172,11.07.2025,Sale to individual,HOO-007,Hoodie #7,6730.0,1,0,,Cancelled,2025-07-14 11:31:00,Яндекс.Маркет (Софьино),Новосибирск,,,2026-01-05T10:00:00+00:00,demo
ORD-101172,11.07.2025,Sale to individual,T-S-002,T-Shirt #2,2190.0,1,0,,Cancelled,2025-07-14 11:31:00,Яндекс.Маркет (Софьино),Новосибирск,,,2026-01-05T10:00:00+00:00,demo
ORD-101173,11.07.2025,Sale to individual,ACC-003,Accessorie #3,1190.0,1,1,13.07.2025,Delivered to buyer,2025-07-13 14:52:00,Яндекс.Маркет (Софьино),Новосибирск,1190.0,,2026-01-05T10:00:00+00:00,demo
ORD-101174,12.07.2025,Sale to individual,HOO-004,Hoodie #4,5110.0,1,1,16.07.2025,Delivered to buyer,2025-07-13 22:59:00,Яндекс.Маркет (Софьино),Санкт-Петербург,4599.0,,2026-01-05T10:00:00+00:00,demo
ORD-101174,12.07.2025,Sale to individual,CAP-005,Cap #5,1800.0,2,2,16.07.2025,Delivered to buyer,2025-07-16 22:59:00,Яндекс.Маркет (Софьино),Санкт-Петербург,3240.0,,2026-01-05T10:00:00+00:00,demo
ORD-101174,12.07.2025,Sale to individual,HOO-007,Hoodie #7,6730.0,1,1,16.07.2025,Delivered to buyer,2025-07-16 22:59:00,Яндекс.Маркет (Софьино),Санкт-Петербург,6730.0,,2026-01-05T10:00:00+00:00,demo
ORD-101175,12.07.2025,Sale to individual,CAP-001,Cap #1,1630.0,1,1,16.07.2025,Delivered to buyer,2025-07-13 17:00:00,Яндекс.Маркет (Софьино),Новосибирск,1630.0,,2026-01-05T10:00:00+00:00,demo
ORD-101176,12.07.2025,Sale to individual,T-S-002,T-Shirt #2,2190.0,1,1,14.07.2025,Delivered to buyer,2025-07-15 09:07:00,Яндекс.Маркет (Софьино),Санкт-Петербург,1971.0,,2026-01-05T10:00:00+00:00,demo
ORD-101176,12.07.2025,Sale to individual,HOO-003,Hoodie #3,4420.0,1,1,14.07.2025,Delivered to buyer,2025-07-17 09:07:00,Яндекс.Маркет (Софьино),Санкт-Петербург,4199.0,,2026-01-05T10:00:00+00:00,demo
ORD-101177,12.07.2025,Sale to individual,CAP-004,Cap #4,1680.0,2,2,13.07.2025,Delivered to buyer,2025-07-14 09:48:00,Яндекс.Маркет (Софьино),Москва,3360.0,,2026-01-05T10:00:00+00:00,demo
ORD-101177,12.07.2025,Sale to individual,ACC-001,Accessorie #1,990.0,1,1,13.07.2025,Delivered to buyer,2025-07-16 09:48:00,Яндекс.Маркет (Софьино),Москва,891.0,,2026-01-05T10:00:00+00:00,demo
ORD-101178,12.07.2025,Sale to individual,T-S-008,T-Shirt #8,2110.0,1,1,13.07.2025,Delivered to buyer,2025-07-17 09:14:00,Яндекс.Маркет (Софьино),Москва,1899.0,,2026-01-05T10:00:00+00:00,demo
ORD-101178,12.07.2025,Sale to individual,CAP-002,Cap #2,1800.0,1,1,13.07.2025,Delivered to buyer,2025-07-14 09:14:00,Яндекс.Маркет (Софьино),Москва,1620.0,,2026-01-05T10:00:00+00:00,demo
ORD-101179,13.07.2025,Sale to individual,ACC-003,Accessorie #3,1190.0,1,1,14.07.2025,Delivered to buyer,2025-07-18 17:49:00,Яндекс.Маркет (Софьино),Санкт-Петербург,1190.0,,2026-01-05T10:00:00+00:00,demo
ORD-101179,13.07.2025,Sale to individual,CAP-003,Cap #3,1680.0,1,1,14.07.2025,Delivered to buyer,2025-07-16 17:49:00,Яндекс.Маркет (Софьино),Санкт-Петербург,1680.0,,2026-01-05T10:00:00+00:00,demo
ORD-101179,13.07.2025,Sale to individual,T-S-008,T-Shirt #8,2110.0,1,1,14.07.2025,Delivered to buyer,2025-07-16 17:49:00,Яндекс.Маркет (Софьино),Санкт-Петербург,2110.0,,2026-01-05T10:00:00+00:00,demo
ORD-101180,13.07.2025,Sale to individual,T-S-010,T-Shirt #10,2800.0,1,1,14.07.2025,Delivered to buyer,2025-07-15 11:57:00,Яндекс.Маркет (Софьино),Екатеринбург,2800.0,,2026-01-05T10:00:00+00:00,demo
ORD-101180,13.07.2025,Sale to individual,ACC-003,Accessorie #3,1190.0,1,1,14.07.2025,Delivered to buyer,2025-07-17 11:57:00,Яндекс.Маркет (Софьино),Екатеринбург,1130.5,,2026-01-05T10:00:00+00:00,demo
ORD-101181,13.07.2025,Sale to individual,HOO-005,Hoodie #5,4850.0,1,1,14.07.2025,Delivered to buyer,2025-07-18 21:28:00,Яндекс.Маркет (Софьино),Казань,4850.0,,2026-01-05T10:00:00+00:00,demo
ORD-101182,13.07.2025,Sale to individual,HOO-002,Hoodie #2,4910.0,1,1,14.07.2025,Delivered to buyer,2025-07-14 08:07:00,Яндекс.Маркет (Софьино),Санкт-Петербург,4664.5,,2026-01-05T10:00:00+00:00,demo
ORD-101182,13.07.2025,Sale to individual,T-S-002,T-Shirt #2,2190.0,1,1,14.07.2025,Delivered to buyer,2025-07-15 08:07:00,Яндекс.Маркет (Софьино),Санкт-Петербург,2190.0,,2026-01-05T10:00:00+00:00,demo
ORD-101183,13.07.2025,Sale to individual,CAP-003,Cap #3,1680.0,1,1,14.07.2025,Delivered to buyer,2025-07-18 14:00:00,Яндекс.Маркет (Софьино),Санкт-Петербург,1428.0,,2026-01-05T10:00:00+00:00,demo
ORD-101183,13.07.2025,Sale to individual,T-S-006,T-Shirt #6,2570.0,1,1,14.07.2025,Delivered to buyer,2025-07-17 14:00:00,Яндекс.Маркет (Софьино),Санкт-Петербург,2570.0,,2026-01-05T10:00:00+00:00,demo
ORD-101184,14.07.2025,Sale to individual,ACC-002,Accessorie #2,1440.0,1,1,18.07.2025,Delivered to buyer,2025-07-18 18:39:00,Яндекс.Маркет (Софьино),Новосибирск,1368.0,,2026-01-05T10:00:00+00:00,demo
ORD-101184,14.07.2025,Sale to individual,T-S-009,T-Shirt #9,2030.0,2,2,18.07.2025,Delivered to buyer,2025-07-18 18:39:00,Яндекс.Маркет (Софьино),Новосибирск,4060.0,,2026-01-05T10:00:00+00:00,demo
ORD-101185,14.07.2025,Sale to individual,T-S-010,T-Shirt #10,2800.0,2,2,16.07.2025,Delivered to buyer,2025-07-16 22:23:00,Яндекс.Маркет (Софьино),Санкт-Петербург,5320.0,,2026-01-05T10:00:00+00:00,demo
ORD-101186,14.07.2025,Sale to individual,T-S-007,T-Shirt #7,2890.0,2,2,18.07.2025,Delivered to buyer,2025-07-16 19:01:00,Яндекс.Маркет (Софьино),Новосибирск,4913.0,,2026-01-05T10:00:00+00:00,demo
ORD-101187,14.07.2025,Sale to individual,ACC-003,Accessorie #3,1190.0,2,2,17.07.2025,Delivered to buyer,2025-07-18 10:53:00,Яндекс.Маркет (Софьино),Новосибирск,2142.0,,2026-01-05T10:00:00+00:00,demo
ORD-101188,14.07.2025,Sale to individual,T-S-010,T-Shirt #10,2800.0,1,1,17.07.2025,Delivered to buyer,2025-07-16 14:29:00,Яндекс.Маркет (Софьино),Новосибирск,2380.0,,2026-01-05T10:00:00+00:00,demo
ORD-101189,14.07.2025,Sale to individual,T-S-008,T-Shirt #8,2110.0,1,1,16.07.2025,Delivered to buyer,2025-07-19 11:45:00,Яндекс.Маркет (Софьино),Екатеринбург,1899.0,,2026-01-05T10:00:00+00:00,demo
ORD-101189,14.07.2025,Sale to individual,CAP-005,Cap #5,1800.0,2,2,16.07.2025,Delivered to buyer,2025-07-17 11:45:00,Яндекс.Маркет (Софьино),Екатеринбург,3420.0,,2026-01-05T10:00:00+00:00,demo
ORD-101190,14.07.2025,Sale to individual,HOO-003,Hoodie #3,4420.0,1,1,18.07.2025,Delivered to buyer,2025-07-18 14:09:00,Яндекс.Маркет (Софьино),Новосибирск,3757.0,,2026-01-05T10:00:00+00:00,demo
ORD-101191,14.07.2025,Sale to individual,ACC-002,Accessorie #2,1440.0,2,2,17.07.2025,Delivered to buyer,2025-07-18 11:13:00,Яндекс.Маркет (Софьино),Екатеринбург,2880.0,,2026-01-05T10:00:00+00:00,demo
ORD-101191,14.07.2025,Sale to individual,HOO-007,Hoodie #7,6730.0,1,1,17.07.2025,Delivered to buyer,2025-07-18 11:13:00,Яндекс.Маркет (Софьино),Екатеринбург,6730.0,,2026-01-05T10:00:00+00:00,demo
ORD-101192,14.07.2025,Sale to individual,HOO-008,Hoodie #8,5940.0,1,1,17.07.2025,Delivered to buyer,2025-07-18 18:11:00,Яндекс.Маркет (Софьино),Екатеринбург,5940.0,,2026-01-05T10:00:00+00:00,demo
ORD-101192,14.07.2025,Sale to individual,CAP-003,Cap #3,1680.0,1,1,17.07.2025,Delivered to buyer,2025-07-16 18:11:00,Яндекс.Маркет (Софьино),Екатеринбург,1512.0,,2026-01-05T10:00:00+00:00,demo
ORD-101192,14.07.2025,Sale to individual,HOO-007,Hoodie #7,6730.0,1,1,17.07.2025,Delivered to buyer,2025-07-17 18:11:00,Яндекс.Маркет (Софьино),Екатеринбург,6057.0,,2026-01-05T10:00:00+00:00,demo
ORD-101193,14.07.2025,Sale to individual,T-S-004,T-Shirt #4,1960.0,1,1,15.07.2025,Delivered to buyer,2025-07-17 22:48:00,Яндекс.Маркет (Софьино),Москва,1960.0,,2026-01-05T10:00:00+00:00,demo
ORD-101193,14.07.2025,Sale to individual,T-S-002,T-Shirt #2,2190.0,1,1,15.07.2025,Delivered to buyer,2025-07-16 22:48:00,Яндекс.Маркет (Софьино),Москва,2190.0,,2026-01-05T10:00:00+00:00,demo
ORD-101193,14.07.2025,Sale to individual,T-S-002,T-Shirt #2,2190.0,1,1,15.07.2025,Delivered to buyer,2025-07-15 22:48:00,Яндекс.Маркет (Софьино),Москва,2080.5,,2026-01-05T10:00:00+00:00,demo
ORD-101194,15.07.2025,Sale to individual,ACC-002,Accessorie #2,1440.0,1,1,18.07.2025,Delivered to buyer,2025-07-18 17:58:00,Яндекс.Маркет (Софьино),Казань,1368.0,,2026-01-05T10:00:00+00:00,demo
ORD-101194,15.07.2025,Sale to individual,T-S-012,T-Shirt #12,2660.0,1,1,18.07.2025,Delivered to buyer,2025-07-17 17:58:00,Яндекс.Маркет (Софьино),Казань,2261.0,,2026-01-05T10:00:00+00:00,demo
ORD-101195,15.07.2025,Sale to individual,ACC-002,Accessorie #2,1440.0,2,2,16.07.2025,Delivered to buyer,2025-07-17 10:26:00,Яндекс.Маркет (Софьино),Екатеринбург,2736.0,,2026-01-05T10:00:00+00:00,demo
ORD-101195,15.07.2025,Sale to individual,T-S-011,T-Shirt #11,2370.0,1,1,16.07.2025,Delivered to buyer,2025-07-19 10:26:00,Яндекс.Маркет (Софьино),Екатеринбург,2370.0,,2026-01-05T10:00:00+00:00,demo
ORD-101196,15.07.2025,Sale to individual,T-S-012,T-Shirt #12,2660.0,1,1,17.07.2025,Delivered to buyer,2025-07-20 20:02:00,Яндекс.Маркет (Софьино),Москва,2394.0,,2026-01-05T10:00:00+00:00,demo
ORD-101196,15.07.2025,Sale to individual,T-S-012,T-Shirt #12,2660.0,1,1,17.07.2025,Delivered to buyer,2025-07-16 20:02:00,Яндекс.Маркет (Софьино),Москва,2394.0,,2026-01-05T10:00:00+00:00,demo
ORD-101197,15.07.2025,Sale to individual,ACC-004,Accessorie #4,1120.0,1,1,18.07.2025,Delivered to buyer,2025-07-17 18:36:00,Яндекс.Маркет (Софьино),Казань,1120.0,,2026-01-05T10:00:00+00:00,demo
ORD-101198,15.07.2025,Sale to individual,T-S-005,T-Shirt #5,1950.0,1,1,19.07.2025,Delivered to buyer,2025-07-16 12:43:00,Яндекс.Маркет (Софьино),Санкт-Петербург,1852.5,,2026-01-05T10:00:00+00:00,demo
ORD-101199,15.07.2025,Sale to individual,HOO-006,Hoodie #6,6060.0,2,2,19.07.2025,Delivered to buyer,2025-07-18 17:51:00,Яндекс.Маркет (Софьино),Екатеринбург,12120.0,,2026-01-05T10:00:00+00:00,demo
ORD-101200,16.07.2025,Sale to individual,T-S-010,T-Shirt #10,2800.0,1,1,17.07.2025,Delivered to buyer,2025-07-20 16:57:00,Яндекс.Маркет (Софьино),Санкт-Петербург,2660.0,,2026-01-05T10:00:00+00:00,demo
ORD-101200,16.07.2025,Sale to individual,T-S-007,T-Shirt #7,2890.0,2,2,17.07.2025,Delivered to buyer,2025-07-17 16:57:00,Яндекс.Маркет (Софьино),Санкт-Петербург,5491.0,,2026-01-05T10:00:00+00:00,demo
ORD-101201,16.07.2025,Sale to individual,T-S-003,T-Shirt #3,2990.0,1,1,20.07.2025,Delivered to buyer,2025-07-17 19:48:00,Яндекс.Маркет (Софьино),Екатеринбург,2541.5,,2026-01-05T10:00:00+00:00,demo
ORD-101201,16.07.2025,Sale to individual,HOO-004,Hoodie #4,5110.0,1,1,20.07.2025,Delivered to buyer,2025-07-18 19:48:00,Яндекс.Маркет (Софьино),Екатеринбург,4599.0,,2026-01-05T10:00:00+00:00,demo
ORD-101201,16.07.2025,Sale to individual,T-S-006,T-Shirt #6,2570.0,2,2,20.07.2025,Delivered to buyer,2025-07-20 19:48:00,Яндекс.Маркет (Софьино),Екатеринбург,4626.0,,2026-01-05T10:00:00+00:00,demo
ORD-101202,16.07.2025,Sale to individual,T-S-010,T-Shirt #10,2800.0,2,2,19.07.2025,Delivered to buyer,2025-07-18 19:43:00,Яндекс.Маркет (Софьино),Новосибирск,5320.0,,2026-01-05T10:00:00+00:00,demo
ORD-101202,16.07.2025,Sale to individual,T-S-010,T-Shirt #10,2800.0,1,1,19.07.2025,Delivered to buyer,2025-07-21 19:43:00,Яндекс.Маркет (Софьино),Новосибирск,2660.0,,2026-01-05T10:00:00+00:00,demo
ORD-101202,16.07.2025,Sale to individual,HOO-001,Hoodie #1,5990.0,1,1,19.07.2025,Delivered to buyer,2025-07-19 19:43:00,Яндекс.Маркет (Софьино),Новосибирск,5391.0,,2026-01-05T10:00:00+00:00,demo
ORD-101203,16.07.2025,Sale to individual,T-S-003,T-Shirt #3,2990.0,1,1,20.07.2025,Delivered to buyer,2025-07-18 09:58:00,Яндекс.Маркет (Софьино),Екатеринбург,2990.0,,2026-01-05T10:00:00+00:00,demo
ORD-101203,16.07.2025,Sale to individual,HOO-008,Hoodie #8,5940.0,1,1,20.07.2025,Delivered to buyer,2025-07-17 09:58:00,Яндекс.Маркет (Софьино),Екатеринбург,5940.0,,2026-01-05T10:00:00+00:00,demo
ORD-101203,16.07.2025,Sale to individual,T-S-010,T-Shirt #10,2800.0,1,1,20.07.2025,Delivered to buyer,2025-07-17 09:58:00,Яндекс.Маркет (Софьино),Екатеринбург,2660.0,,2026-01-05T10:00:00+00:00,demo
ORD-101204,16.07.2025,Sale to individual,CAP-005,Cap #5,1800.0,1,1,18.07.2025,Delivered to buyer,2025-07-21 17:51:00,Яндекс.Маркет (Софьино),Москва,1710.0,,2026-01-05T10:00:00+00:00,demo
ORD-101205,16.07.2025,Sale to individual,CAP-005,Cap #5,1800.0,1,1,20.07.2025,Delivered to buyer,2025-07-18 10:37:00,Яндекс.Маркет (Софьино),Москва,1800.0,,2026-01-05T10:00:00+00:00,demo
ORD-101205,16.07.2025,Sale to individual,CAP-004,Cap #4,1680.0,1,1,20.07.2025,Delivered to buyer,2025-07-17 10:37:00,Яндекс.Маркет (Софьино),Москва,1680.0,,2026-01-05T10:00:00+00:00,demo
ORD-101205,16.07.2025,Sale to individual,T-S-005,T-Shirt #5,1950.0,1,1,20.07.2025,Delivered to buyer,2025-07-20 10:37:00,Яндекс.Маркет (Софьино),Москва,1950.0,,2026-01-05T10:00:00+00:00,demo
ORD-101206,16.07.2025,Sale to individual,T-S-003,T-Shirt #3,2990.0,1,0,,Cancelled,2025-07-21 11:13:00,Яндекс.Маркет (Софьино),Новосибирск,,,2026-01-05T10:00:00+00:00,demo
ORD-101206,16.07.2025,Sale to individual,T-S-010,T-Shirt #10,2800.0,1,0,,Cancelled,2025-07-19 11:13:00,Яндекс.Маркет (Софьино),Новосибирск,,,2026-01-05T10:00:00+00:00,demo
ORD-101206,16.07.2025,Sale to individual,HOO-002,Hoodie #2,4910.0,1,0,,Cancelled,2025-07-18 11:13:00,Яндекс.Маркет (Софьино),Новосибирск,,,2026-01-05T10:00:00+00:00,demo
ORD-101207,16.07.2025,Sale to individual,T-S-009,T-Shirt #9,2030.0,1,1,18.07.2025,Delivered to buyer,2025-07-17 08:05:00,Яндекс.Маркет (Софьино),Екатеринбург,2030.0,,2026-01-05T10:00:00+00:00,demo
ORD-101208,17.07.2025,Sale to individual,T-S-007,T-Shirt #7,2890.0,1,1,20.07.2025,Delivered to buyer,2025-07-21 10:54:00,Яндекс.Маркет (Софьино),Екатеринбург,2456.5,,2026-01-05T10:00:00+00:00,demo
ORD-101209,17.07.2025,Sale to individual,T-S-009,T-Shirt #9,2030.0,1,1,19.07.2025,Delivered to buyer,2025-07-20 18:18:00,Яндекс.Маркет (Софьино),Санкт-Петербург,1928.5,,2026-01-05T10:00:00+00:00,demo
ORD-101209,17.07.2025,Sale to individual,T-S-010,T-Shirt #10,2800.0,1,1,19.07.2025,Delivered to buyer,2025-07-18 18:18:00,Яндекс.Маркет (Софьино),Санкт-Петербург,2800.0,,2026-01-05T10:00:00+00:00,demo
ORD-101210,17.07.2025,Sale to individual,CAP-002,Cap #2,1800.0,1,1,18.07.2025,Delivered to buyer,2025-07-20 15:22:00,Яндекс.Маркет (Софьино),Новосибирск,1800.0,,2026-01-05T10:00:00+00:00,demo
ORD-101210,17.07.2025,Sale to individual,T-S-011,T-Shirt #11,2370.0,1,1,18.07.2025,Delivered to buyer,2025-07-18 15:22:00,Яндекс.Маркет (Софьино),Новосибирск,2014.5,,2026-01-05T10:00:00+00:00,demo
ORD-101211,17.07.2025,Sale to individual,T-S-010,T-Shirt #10,2800.0,2,2,20.07.2025,Delivered to buyer,2025-07-21 12:46:00,Яндекс.Маркет (Софьино),Казань,5320.0,,2026-01-05T10:00:00+00:00,demo
ORD-101211,17.07.2025,Sale to individual,CAP-004,Cap #4,1680.0,1,1,20.07.2025,Delivered to buyer,2025-07-19 12:46:00,Яндекс.Маркет (Софьино),Казань,1428.0,,2026-01-05T10:00:00+00:00,demo
ORD-101212,17.07.2025,Sale to individual,T-S-010,T-Shirt #10,2800.0,2,2,18.07.2025,Delivered to buyer,2025-07-21 17:10:00,Яндекс.Маркет (Софьино),Новосибирск,5040.0,,2026-01-05T10:00:00+00:00,demo
ORD-101212,17.07.2025,Sale to individual,T-S-012,T-Shirt #12,2660.0,1,1,18.07.2025,Delivered to buyer,2025-07-21 17:10:00,Яндекс.Маркет (Софьино),Новосибирск,2660.0,,2026-01-05T10:00:00+00:00,demo
ORD-101212,17.07.2025,Sale to individual,T-S-012,T-Shirt #12,2660.0,2,2,18.07.2025,Delivered to buyer,2025-07-19 17:10:00,Яндекс.Маркет (Софьино),Новосибирск,5320.0,,2026-01-05T10:00:00+00:00,demo
ORD-101213,17.07.2025,Sale to individual,T-S-010,T-Shirt #10,2800.0,1,1,19.07.2025,Delivered to buyer,2025-07-19 14:55:00,Яндекс.Маркет (Софьино),Санкт-Петербург,2380.0,,2026-01-05T10:00:00+00:00,demo
ORD-101213,17.07.2025,Sale to individual,T-S-012,T-Shirt #12,2660.0,1,1,19.07.2025,Delivered to buyer,2025-07-18 14:55:00,Яндекс.Маркет (Софьино),Санкт-Петербург,2660.0,,2026-01-05T10:00:00+00:00,demo
ORD-101214,18.07.2025,Sale to individual,T-S-007,T-Shirt #7,2890.0,1,1,22.07.2025,Delivered to buyer,2025-07-20 11:01:00,Яндекс.Маркет (Софьино),Екатеринбург,2890.0,,2026-01-05T10:00:00+00:00,demo
ORD-101214,18.07.2025,Sale to individual,CAP-004,Cap #4,1680.0,2,2,22.07.2025,Delivered to buyer,2025-07-22 11:01:00,Яндекс.Маркет (Софьино),Екатеринбург,2856.0,,2026-01-05T10:00:00+00:00,demo
ORD-101215,18.07.2025,Sale to individual,ACC-004,Accessorie #4,1120.0,1,1,20.07.2025,Delivered to buyer,2025-07-22 14:54:00,Яндекс.Маркет (Софьино),Москва,1064.0,,2026-01-05T10:00:00+00:00,demo
ORD-101215,18.07.2025,Sale to individual,T-S-002,T-Shirt #2,2190.0,1,1,20.07.2025,Delivered to buyer,2025-07-20 14:54:00,Яндекс.Маркет (Софьино),Москва,2190.0,,2026-01-05T10:00:00+00:00,demo
ORD-101216,18.07.2025,Sale to individual,T-S-012,T-Shirt #12,2660.0,1,1,20.07.2025,Delivered to buyer,2025-07-23 15:51:00,Яндекс.Маркет (Софьино),Санкт-Петербург,2527.0,,2026-01-05T10:00:00+00:00,demo
ORD-101216,18.07.2025,Sale to individual,ACC-004,Accessorie #4,1120.0,2,2,20.07.2025,Delivered to buyer,2025-07-19 15:51:00,Яндекс.Маркет (Софьино),Санкт-Петербург,1904.0,,2026-01-05T10:00:00+00:00,demo
ORD-101217,18.07.2025,Sale to individual,CAP-002,Cap #2,1800.0,1,1,21.07.2025,Delivered to buyer,2025-07-22 10:33:00,Яндекс.Маркет (Софьино),Санкт-Петербург,1530.0,,2026-01-05T10:00:00+00:00,demo
ORD-101218,18.07.2025,Sale to individual,T-S-009,T-Shirt #9,2030.0,1,1,21.07.2025,Delivered to buyer,2025-07-21 08:28:00,Яндекс.Маркет (Софьино),Санкт-Петербург,1827.0,,2026-01-05T10:00:00+00:00,demo
ORD-101218,18.07.2025,Sale to individual,ACC-003,Accessorie #3,1190.0,1,1,21.07.2025,Delivered to buyer,2025-07-21 08:28:00,Яндекс.Маркет (Софьино),Санкт-Петербург,1011.5,,2026-01-05T10:00:00+00:00,demo
ORD-101219,18.07.2025,Sale to individual,CAP-004,Cap #4,1680.0,1,0,,Cancelled,2025-07-23 11:57:00,Яндекс.Маркет (Софьино),Екатеринбург,,,2026-01-05T10:00:00+00:00,demo
ORD-101220,19.07.2025,Sale to individual,HOO-004,Hoodie #4,5110.0,1,1,21.07.2025,Delivered to buyer,2025-07-21 21:52:00,Яндекс.Маркет (Софьино),Казань,4599.0,,2026-01-05T10:00:00+00:00,demo
ORD-101220,19.07.2025,Sale to individual,ACC-002,Accessorie #2,1440.0,1,1,21.07.2025,Delivered to buyer,2025-07-24 21:52:00,Яндекс.Маркет (Софьино),Казань,1440.0,,2026-01-05T10:00:00+00:00,demo
ORD-101221,19.07.2025,Sale to individual,T-S-012,T-Shirt #12,2660.0,1,1,22.07.2025,Delivered to buyer,2025-07-22 15:38:00,Яндекс.Маркет (Софьино),Санкт-Петербург,2660.0,,2026-01-05T10:00:00+00:00,demo
ORD-101222,19.07.2025,Sale to individual,HOO-007,Hoodie #7,6730.0,1,1,21.07.2025,Return received in warehouse,2025-07-23 08:30:00,Яндекс.Маркет (Софьино),Казань,5720.5,5720.5,2026-01-05T10:00:00+00:00,demo
ORD-101223,19.07.2025,Sale to individual,T-S-012,T-Shirt #12,2660.0,1,1,22.07.2025,Delivered to buyer,2025-07-24 10:50:00,Яндекс.Маркет (Софьино),Казань,2660.0,,2026-01-05T10:00:00+00:00,demo
ORD-101224,19.07.2025,Sale to individual,ACC-001,Accessorie #1,990.0,2,2,20.07.2025,Delivered to buyer,2025-07-20 09:18:00,Яндекс.Маркет (Софьино),Санкт-Петербург,1782.0,,2026-01-05T10:00:00+00:00,demo
ORD-101224,19.07.2025,Sale to individual,HOO-002,Hoodie #2,4910.0,1,1,20.07.2025,Delivered to buyer,2025-07-21 09:18:00,Яндекс.Маркет (Софьино),Санкт-Петербург,4664.5,,2026-01-05T10:00:00+00:00,demo
ORD-101224,19.07.2025,Sale to individual,HOO-001,Hoodie #1,5990.0,1,1,20.07.2025,Delivered to buyer,2025-07-20 09:18:00,Яндекс.Маркет (Софьино),Санкт-Петербург,5690.5,,2026-01-05T10:00:00+00:00,demo
ORD-101225,19.07.2025,Sale to individual,T-S-010,T-Shirt #10,2800.0,2,2,23.07.2025,Delivered to buyer,2025-07-24 18:41:00,Яндекс.Маркет (Софьино),Санкт-Петербург,5040.0,,2026-01-05T10:00:00+00:00,demo
ORD-101226,19.07.2025,Sale to individual,ACC-003,Accessorie #3,1190.0,1,1,22.07.2025,Delivered to buyer,2025-07-24 17:28:00,Яндекс.Маркет (Софьино),Новосибирск,1190.0,,2026-01-05T10:00:00+00:00,demo
ORD-101227,19.07.2025,Sale to individual,ACC-004,Accessorie #4,1120.0,1,1,21.07.2025,Delivered to buyer,2025-07-24 12:10:00,Яндекс.Маркет (Софьино),Москва,1064.0,,2026-01-05T10:00:00+00:00,demo
ORD-101228,20.07.2025,Sale to individual,T-S-012,T-Shirt #12,2660.0,1,0,,Cancelled,2025-07-23 14:35:00,Яндекс.Маркет (Софьино),Екатеринбург,,,2026-01-05T10:00:00+00:00,demo
ORD-101228,20.07.2025,Sale to individual,T-S-010,T-Shirt #10,2800.0,1,0,,Cancelled,2025-07-21 14:35:00,Яндекс.Маркет (Софьино),Екатеринбург,,,2026-01-05T10:00:00+00:00,demo
ORD-101228,20.07.2025,Sale to individual,T-S-008,T-Shirt #8,2110.0,1,0,,Cancelled,2025-07-21 14:35:00,Яндекс.Маркет (Софьино),Екатеринбург,,,2026-01-05T10:00:00+00:00,demo
ORD-101229,20.07.2025,Sale to individual,T-S-007,T-Shirt #7,2890.0,1,1,21.07.2025,Delivered to buyer,2025-07-23 10:09:00,Яндекс.Маркет (Софьино),Москва,2745.5,,2026-01-05T10:00:00+00:00,demo
ORD-101229,20.07.2025,Sale to individual,CAP-002,Cap #2,1800.0,1,1,21.07.2025,Delivered to buyer,2025-07-23 10:09:00,Яндекс.Маркет (Софьино),Москва,1620.0,,2026-01-05T10:00:00+00:00,demo
ORD-101230,20.07.2025,Sale to individual,T-S-002,T-Shirt #2,2190.0,1,1,24.07.2025,Return received in warehouse,2025-07-21 09:31:00,Яндекс.Маркет (Софьино),Новосибирск,1861.5,1861.5,2026-01-05T10:00:00+00:00,demo
ORD-101230,20.07.2025,Sale to individual,T-S-011,T-Shirt #11,2370.0,1,1,24.07.2025,Return received in warehouse,2025-07-22 09:31:00,Яндекс.Маркет (Софьино),Новосибирск,2133.0,2133.0,2026-01-05T10:00:00+00:00,demo
ORD-101231,20.07.2025,Sale to individual,T-S-009,T-Shirt #9,2030.0,1,1,23.07.2025,Delivered to buyer,2025-07-22 20:58:00,Яндекс.Маркет (Софьино),Екатеринбург,2030.0,,2026-01-05T10:00:00+00:00,demo
ORD-101232,20.07.2025,Sale to individual,ACC-003,Accessorie #3,1190.0,1,1,22.07.2025,Delivered to buyer,2025-07-24 08:02:00,Яндекс.Маркет (Софьино),Санкт-Петербург,1130.5,,2026-01-05T10:00:00+00:00,demo
ORD-101233,20.07.2025,Sale to individual,HOO-001,Hoodie #1,5990.0,2,2,24.07.2025,Return received in warehouse,2025-07-24 18:42:00,Яндекс.Маркет (Софьино),Казань,11980.0,11980.0,2026-01-05T10:00:00+00:00,demo
ORD-101234,21.07.2025,Sale to individual,T-S-002,T-Shirt #2,2190.0,1,1,23.07.2025,Delivered to buyer,2025-07-22 09:02:00,Яндекс.Маркет (Софьино),Новосибирск,2080.5,,2026-01-05T10:00:00+00:00,demo
ORD-101234,21.07.2025,Sale to individual,T-S-009,T-Shirt #9,2030.0,1,1,23.07.2025,Delivered to buyer,2025-07-23 09:02:00,Яндекс.Маркет (Софьино),Новосибирск,1725.5,,2026-01-05T10:00:00+00:00,demo
ORD-101235,21.07.2025,Sale to individual,CAP-002,Cap #2,1800.0,2,2,22.07.2025,Delivered to buyer,2025-07-23 11:09:00,Яндекс.Маркет (Софьино),Екатеринбург,3600.0,,2026-01-05T10:00:00+00:00,demo
ORD-101235,21.07.2025,Sale to individual,T-S-010,T-Shirt #10,2800.0,1,1,22.07.2025,Delivered to buyer,2025-07-23 11:09:00,Яндекс.Маркет (Софьино),Екатеринбург,2660.0,,2026-01-05T10:00:00+00:00,demo
ORD-101235,21.07.2025,Sale to individual,HOO-004,Hoodie #4,5110.0,1,1,22.07.2025,Delivered to buyer,2025-07-25 11:09:00,Яндекс.Маркет (Софьино),Екатеринбург,4854.5,,2026-01-05T10:00:00+00:00,demo
ORD-101236,21.07.2025,Sale to individual,T-S-012,T-Shirt #12,2660.0,2,2,25.07.2025,Delivered to buyer,2025-07-23 18:18:00,Яндекс.Маркет (Софьино),Екатеринбург,5320.0,,2026-01-05T10:00:00+00:00,demo
ORD-101237,21.07.2025,Sale to individual,ACC-003,Accessorie #3,1190.0,1,1,22.07.2025,Delivered to buyer,2025-07-24 08:24:00,Яндекс.Маркет (Софьино),Казань,1011.5,,2026-01-05T10:00:00+00:00,demo
ORD-101237,21.07.2025,Sale to individual,T-S-008,T-Shirt #8,2110.0,1,1,22.07.2025,Delivered to buyer,2025-07-22 08:24:00,Яндекс.Маркет (Софьино),Казань,1899.0,,2026-01-05T10:00:00+00:00,demo
ORD-101237,21.07.2025,Sale to individual,CAP-002,Cap #2,1800.0,1,1,22.07.2025,Delivered to buyer,2025-07-24 08:24:00,Яндекс.Маркет (Софьино),Казань,1530.0,,2026-01-05T10:00:00+00:00,demo
ORD-101238,21.07.2025,Sale to individual,T-S-008,T-Shirt #8,2110.0,1,1,24.07.2025,Delivered to buyer,2025-07-25 16:01:00,Яндекс.Маркет (Софьино),Санкт-Петербург,2110.0,,2026-01-05T10:00:00+00:00,demo
ORD-101239,21.07.2025,Sale to individual,ACC-004,Accessorie #4,1120.0,2,0,,Cancelled,2025-07-26 14:46:00,Яндекс.Маркет (Софьино),Санкт-Петербург,,,2026-01-05T10:00:00+00:00,demo
ORD-101239,21.07.2025,Sale to individual,HOO-005,Hoodie #5,4850.0,1,0,,Cancelled,2025-07-22 14:46:00,Яндекс.Маркет (Софьино),Санкт-Петербург,,,2026-01-05T10:00:00+00:00,demo
ORD-101240,21.07.2025,Sale to individual,HOO-006,Hoodie #6,6060.0,1,1,22.07.2025,Delivered to buyer,2025-07-24 09:56:00,Яндекс.Маркет (Софьино),Москва,6060.0,,2026-01-05T10:00:00+00:00,demo
ORD-101241,22.07.2025,Sale to individual,HOO-007,Hoodie #7,6730.0,1,1,25.07.2025,Delivered to buyer,2025-07-25 09:03:00,Яндекс.Маркет (Софьино),Новосибирск,6730.0,,2026-01-05T10:00:00+00:00,demo
ORD-101242,22.07.2025,Sale to individual,ACC-002,Accessorie #2,1440.0,1,1,25.07.2025,Delivered to buyer,2025-07-26 18:01:00,Яндекс.Маркет (Софьино),Казань,1368.0,,2026-01-05T10:00:00+00:00,demo
ORD-101243,22.07.2025,Sale to individual,T-S-008,T-Shirt #8,2110.0,2,2,23.07.2025,Delivered to buyer,2025-07-27 09:58:00,Яндекс.Маркет (Софьино),Санкт-Петербург,3587.0,,2026-01-05T10:00:00+00:00,demo
ORD-101243,22.07.2025,Sale to individual,T-S-005,T-Shirt #5,1950.0,1,1,23.07.2025,Delivered to buyer,2025-07-23 09:58:00,Яндекс.Маркет (Софьино),Санкт-Петербург,1852.5,,2026-01-05T10:00:00+00:00,demo
ORD-101244,22.07.2025,Sale to individual,CAP-001,Cap #1,1630.0,1,0,,Cancelled,2025-07-26 17:30:00,Яндекс.Маркет (Софьино),Новосибирск,,,2026-01-05T10:00:00+00:00,demo
ORD-101244,22.07.2025,Sale to individual,T-S-008,T-Shirt #8,2110.0,2,0,,Cancelled,2025-07-26 17:30:00,Яндекс.Маркет (Софьино),Новосибирск,,,2026-01-05T10:00:00+00:00,demo
ORD-101244,22.07.2025,Sale to individual,T-S-011,T-Shirt #11,2370.0,1,0,,Cancelled,2025-07-27 17:30:00,Яндекс.Маркет (Софьино),Новосибирск,,,2026-01-05T10:00:00+00:00,demo
ORD-101245,23.07.2025,Sale to individual,T-S-010,T-Shirt #10,2800.0,1,1,26.07.2025,Delivered to buyer,2025-07-25 18:04:00,Яндекс.Маркет (Софьино),Москва,2800.0,,2026-01-05T10:00:00+00:00,demo
ORD-101245,23.07.2025,Sale to individual,T-S-012,T-Shirt #12,2660.0,2,2,26.07.2025,Delivered to buyer,2025-07-24 18:04:00,Яндекс.Маркет (Софьино),Москва,5320.0,,2026-01-05T10:00:00+00:00,demo
ORD-101245,23.07.2025,Sale to individual,CAP-004,Cap #4,1680.0,2,2,26.07.2025,Delivered to buyer,2025-07-27 18:04:00,Яндекс.Маркет (Софьино),Москва,2856.0,,2026-01-05T10:00:00+00:00,demo
ORD-101246,23.07.2025,Sale to individual,T-S-010,T-Shirt #10,2800.0,1,1,24.07.2025,Delivered to buyer,2025-07-27 19:54:00,Яндекс.Маркет (Софьино),Екатеринбург,2520.0,,2026-01-05T10:00:00+00:00,demo
ORD-101247,23.07.2025,Sale to individual,HOO-004,Hoodie #4,5110.0,2,2,26.07.2025,Delivered to buyer,2025-07-28 10:23:00,Яндекс.Маркет (Софьино),Казань,10220.0,,2026-01-05T10:00:00+00:00,demo
ORD-101247,23.07.2025,Sale to individual,T-S-007,T-Shirt #7,2890.0,2,2,26.07.2025,Delivered to buyer,2025-07-27 10:23:00,Яндекс.Маркет (Софьино),Казань,5491.0,,2026-01-05T10:00:00+00:00,demo
ORD-101247,23.07.2025,Sale to individual,CAP-002,Cap #2,1800.0,1,1,26.07.2025,Delivered to buyer,2025-07-25 10:23:00,Яндекс.Маркет (Софьино),Казань,1710.0,,2026-01-05T10:00:00+00:00,demo
ORD-101248,23.07.2025,Sale to individual,HOO-003,Hoodie #3,4420.0,1,0,,Cancelled,2025-07-26 20:56:00,Яндекс.Маркет (Софьино),Екатеринбург,,,2026-01-05T10:00:00+00:00,demo
ORD-101248,23.07.2025,Sale to individual,T-S-010,T-Shirt #10,2800.0,1,0,,Cancelled,2025-07-27 20:56:00,Яндекс.Маркет (Софьино),Екатеринбург,,,2026-01-05T10:00:00+00:00,demo
ORD-101248,23.07.2025,Sale to individual,T-S-011,T-Shirt #11,2370.0,1,0,,Cancelled,2025-07-26 20:56:00,Яндекс.Маркет (Софьино),Екатеринбург,,,2026-01-05T10:00:00+00:00,demo
ORD-101249,23.07.2025,Sale to individual,T-S-010,T-Shirt #10,2800.0,1,1,25.07.2025,Delivered to buyer,2025-07-27 22:55:00,Яндекс.Маркет (Софьино),Санкт-Петербург,2800.0,,2026-01-05T10:00:00+00:00,demo
ORD-101249,23.07.2025,Sale to individual,HOO-007,Hoodie #7,6730.0,1,1,25.07.2025,Delivered to buyer,2025-07-24 22:55:00,Яндекс.Маркет (Софьино),Санкт-Петербург,6057.0,,2026-01-05T10:00:00+00:00,demo
ORD-101250,23.07.2025,Sale to individual,T-S-001,T-Shirt #1,2690.0,1,1,24.07.2025,Delivered to buyer,2025-07-27 16:02:00,Яндекс.Маркет (Софьино),Санкт-Петербург,2555.5,,2026-01-05T10:00:00+00:00,demo
ORD-101250,23.07.2025,Sale to individual,ACC-003,Accessorie #3,1190.0,1,1,24.07.2025,Delivered to buyer,2025-07-26 16:02:00,Яндекс.Маркет (Софьино),Санкт-Петербург,1130.5,,2026-01-05T10:00:00+00:00,demo
ORD-101251,23.07.2025,Sale to individual,HOO-005,Hoodie #5,4850.0,1,1,27.07.2025,Delivered to buyer,2025-07-27 22:25:00,Яндекс.Маркет (Софьино),Новосибирск,4850.0,,2026-01-05T10:00:00+00:00,demo
ORD-101252,23.07.2025,Sale to individual,T-S-001,T-Shirt #1,2690.0,2,2,25.07.2025,Delivered to buyer,2025-07-24 21:44:00,Яндекс.Маркет (Софьино),Москва,5380.0,,2026-01-05T10:00:00+00:00,demo
ORD-101252,23.07.2025,Sale to individual,CAP-004,Cap #4,1680.0,1,1,25.07.2025,Delivered to buyer,2025-07-27 21:44:00,Яндекс.Маркет (Софьино),Москва,1680.0,,2026-01-05T10:00:00+00:00,demo
ORD-101252,23.07.2025,Sale to individual,HOO-001,Hoodie #1,5990.0,1,1,25.07.2025,Delivered to buyer,2025-07-28 21:44:00,Яндекс.Маркет (Софьино),Москва,5990.0,,2026-01-05T10:00:00+00:00,demo
ORD-101253,24.07.2025,Sale to individual,T-S-006,T-Shirt #6,2570.0,1,1,25.07.2025,Delivered to buyer,2025-07-27 08:01:00,Яндекс.Маркет (Софьино),Санкт-Петербург,2570.0,,2026-01-05T10:00:00+00:00,demo
ORD-101254,24.07.2025,Sale to individual,T-S-011,T-Shirt #11,2370.0,1,1,27.07.2025,Delivered to buyer,2025-07-27 09:27:00,Яндекс.Маркет (Софьино),Новосибирск,2370.0,,2026-01-05T10:00:00+00:00,demo
ORD-101254,24.07.2025,Sale to individual,CAP-001,Cap #1,1630.0,2,2,27.07.2025,Delivered to buyer,2025-07-29 09:27:00,Яндекс.Маркет (Софьино),Новосибирск,2771.0,,2026-01-05T10:00:00+00:00,demo
ORD-101254,24.07.2025,Sale to individual,T-S-010,T-Shirt #10,2800.0,2,2,27.07.2025,Delivered to buyer,2025-07-29 09:27:00,Яндекс.Маркет (Софьино),Новосибирск,4760.0,,2026-01-05T10:00:00+00:00,demo
ORD-101255,24.07.2025,Sale to individual,T-S-010,T-Shirt #10,2800.0,2,2,25.07.2025,Delivered to buyer,2025-07-25 18:31:00,Яндекс.Маркет (Софьино),Новосибирск,4760.0,,2026-01-05T10:00:00+00:00,demo
ORD-101255,24.07.2025,Sale to individual,T-S-002,T-Shirt #2,2190.0,2,2,25.07.2025,Delivered to buyer,2025-07-29 18:31:00,Яндекс.Маркет (Софьино),Новосибирск,3723.0,,2026-01-05T10:00:00+00:00,demo
ORD-101256,24.07.2025,Sale to individual,T-S-002,T-Shirt #2,2190.0,2,2,25.07.2025,Delivered to buyer,2025-07-29 18:31:00,Яндекс.Маркет (Софьино),Москва,4161.0,,2026-01-05T10:00:00+00:00,demo
ORD-101256,24.07.2025,Sale to individual,T-S-012,T-Shirt #12,2660.0,1,1,25.07.2025,Delivered to buyer,2025-07-26 18:31:00,Яндекс.Маркет (Софьино),Москва,2660.0,,2026-01-05T10:00:00+00:00,demo
ORD-101257,25.07.2025,Sale to individual,T-S-010,T-Shirt #10,2800.0,2,0,,Cancelled,2025-07-28 21:45:00,Яндекс.Маркет (Софьино),Екатеринбург,,,2026-01-05T10:00:00+00:00,demo
ORD-101257,25.07.2025,Sale to individual,T-S-010,T-Shirt #10,2800.0,1,0,,Cancelled,2025-07-29 21:45:00,Яндекс.Маркет (Софьино),Екатеринбург,,,2026-01-05T10:00:00+00:00,demo
ORD-101258,25.07.2025,Sale to individual,HOO-008,Hoodie #8,5940.0,1,1,26.07.2025,Delivered to buyer,2025-07-29 17:26:00,Яндекс.Маркет (Софьино),Екатеринбург,5049.0,,2026-01-05T10:00:00+00:00,demo
ORD-101259,25.07.2025,Sale to individual,CAP-001,Cap #1,1630.0,1,1,29.07.2025,Delivered to buyer,2025-07-30 16:11:00,Яндекс.Маркет (Софьино),Новосибирск,1548.5,,2026-01-05T10:00:00+00:00,demo
ORD-101260,26.07.2025,Sale to individual,T-S-002,T-Shirt #2,2190.0,1,1,29.07.2025,Delivered to buyer,2025-07-27 22:28:00,Яндекс.Маркет (Софьино),Екатеринбург,1971.0,,2026-01-05T10:00:00+00:00,demo
ORD-101261,26.07.2025,Sale to individual,T-S-012,T-Shirt #12,2660.0,1,0,,Cancelled,2025-07-28 10:53:00,Яндекс.Маркет (Софьино),Санкт-Петербург,,,2026-01-05T10:00:00+00:00,demo
ORD-101262,26.07.2025,Sale to individual,T-S-008,T-Shirt #8,2110.0,2,2,29.07.2025,Return received in warehouse,2025-07-30 14:02:00,Яндекс.Маркет (Софьино),Екатеринбург,4220.0,4220.0,2026-01-05T10:00:00+00:00,demo
ORD-101263,26.07.2025,Sale to individual,T-S-007,T-Shirt #7,2890.0,1,0,,Cancelled,2025-07-30 22:07:00,Яндекс.Маркет (Софьино),Екатеринбург,,,2026-01-05T10:00:00+00:00,demo
ORD-101264,26.07.2025,Sale to individual,CAP-002,Cap #2,1800.0,1,1,30.07.2025,Delivered to buyer,2025-07-30 20:44:00,Яндекс.Маркет (Софьино),Казань,1620.0,,2026-01-05T10:00:00+00:00,demo
ORD-101265,26.07.2025,Sale to individual,T-S-002,T-Shirt #2,2190.0,1,1,30.07.2025,Delivered to buyer,2025-07-30 12:27:00,Яндекс.Маркет (Софьино),Казань,1971.0,,2026-01-05T10:00:00+00:00,demo
ORD-101266,26.07.2025,Sale to individual,T-S-002,T-Shirt #2,2190.0,1,1,28.07.2025,Delivered to buyer,2025-07-30 22:15:00,Яндекс.Маркет (Софьино),Москва,2190.0,,2026-01-05T10:00:00+00:00,demo
ORD-101267,26.07.2025,Sale to individual,T-S-002,T-Shirt #2,2190.0,2,2,29.07.2025,Delivered to buyer,2025-07-31 16:23:00,Яндекс.Маркет (Софьино),Санкт-Петербург,4380.0,,2026-01-05T10:00:00+00:00,demo
ORD-101267,26.07.2025,Sale to individual,CAP-004,Cap #4,1680.0,1,1,29.07.2025,Delivered to buyer,2025-07-28 16:23:00,Яндекс.Маркет (Софьино),Санкт-Петербург,1680.0,,2026-01-05T10:00:00+00:00,demo
ORD-101268,27.07.2025,Sale to individual,T-S-010,T-Shirt #10,2800.0,1,1,31.07.2025,Delivered to buyer,2025-08-01 12:08:00,Яндекс.Маркет (Софьино),Екатеринбург,2800.0,,2026-01-05T10:00:00+00:00,demo
ORD-101269,27.07.2025,Sale to individual,ACC-001,Accessorie #1,990.0,1,0,,Cancelled,2025-07-31 12:37:00,Яндекс.Маркет (Софьино),Санкт-Петербург,,,2026-01-05T10:00:00+00:00,demo
ORD-101270,27.07.2025,Sale to individual,T-S-012,T-Shirt #12,2660.0,1,1,31.07.2025,Delivered to buyer,2025-07-29 11:42:00,Яндекс.Маркет (Софьино),Новосибирск,2660.0,,2026-01-05T10:00:00+00:00,demo
ORD-101270,27.07.2025,Sale to individual,T-S-004,T-Shirt #4,1960.0,1,1,31.07.2025,Delivered to buyer,2025-07-31 11:42:00,Яндекс.Маркет (Софьино),Новосибирск,1960.0,,2026-01-05T10:00:00+00:00,demo
ORD-101271,27.07.2025,Sale to individual,HOO-007,Hoodie #7,6730.0,1,1,29.07.2025,Delivered to buyer,2025-07-30 09:36:00,Яндекс.Маркет (Софьино),Новосибирск,6730.0,,2026-01-05T10:00:00+00:00,demo
ORD-101272,27.07.2025,Sale to individual,CAP-005,Cap #5,1800.0,1,1,31.07.2025,Delivered to buyer,2025-07-30 08:48:00,Яндекс.Маркет (Софьино),Новосибирск,1800.0,,2026-01-05T10:00:00+00:00,demo
ORD-101273,27.07.2025,Sale to individual,ACC-002,Accessorie #2,1440.0,2,2,29.07.2025,Delivered to buyer,2025-07-29 15:38:00,Яндекс.Маркет (Софьино),Екатеринбург,2880.0,,2026-01-05T10:00:00+00:00,demo
ORD-101273,27.07.2025,Sale to individual,T-S-012,T-Shirt #12,2660.0,1,1,29.07.2025,Delivered to buyer,2025-07-28 15:38:00,Яндекс.Маркет (Софьино),Екатеринбург,2394.0,,2026-01-05T10:00:00+00:00,demo
ORD-101273,27.07.2025,Sale to individual,ACC-003,Accessorie #3,1190.0,2,2,29.07.2025,Delivered to buyer,2025-07-28 15:38:00,Яндекс.Маркет (Софьино),Екатеринбург,2023.0,,2026-01-05T10:00:00+00:00,demo
ORD-101274,27.07.2025,Sale to individual,ACC-002,Accessorie #2,1440.0,1,1,28.07.2025,Delivered to buyer,2025-07-30 09:35:00,Яндекс.Маркет (Софьино),Казань,1296.0,,2026-01-05T10:00:00+00:00,demo
ORD-101274,27.07.2025,Sale to individual,T-S-007,T-Shirt #7,2890.0,2,2,28.07.2025,Delivered to buyer,2025-07-30 09:35:00,Яндекс.Маркет (Софьино),Казань,5491.0,,2026-01-05T10:00:00+00:00,demo
ORD-101274,27.07.2025,Sale to individual,HOO-007,Hoodie #7,6730.0,1,1,28.07.2025,Delivered to buyer,2025-07-31 09:35:00,Яндекс.Маркет (Софьино),Казань,6393.5,,2026-01-05T10:00:00+00:00,demo
ORD-101275,27.07.2025,Sale to individual,T-S-010,T-Shirt #10,2800.0,1,1,29.07.2025,Delivered to buyer,2025-07-30 15:24:00,Яндекс.Маркет (Софьино),Казань,2660.0,,2026-01-05T10:00:00+00:00,demo
ORD-101275,27.07.2025,Sale to individual,CAP-001,Cap #1,1630.0,1,1,29.07.2025,Delivered to buyer,2025-08-01 15:24:00,Яндекс.Маркет (Софьино),Казань,1548.5,,2026-01-05T10:00:00+00:00,demo
ORD-101276,28.07.2025,Sale to individual,ACC-004,Accessorie #4,1120.0,1,1,30.07.2025,Delivered to buyer,2025-08-01 22:15:00,Яндекс.Маркет (Софьино),Санкт-Петербург,952.0,,2026-01-05T10:00:00+00:00,demo
ORD-101277,28.07.2025,Sale to individual,HOO-007,Hoodie #7,6730.0,1,1,01.08.2025,Delivered to buyer,2025-07-31 12:38:00,Яндекс.Маркет (Софьино),Санкт-Петербург,6730.0,,2026-01-05T10:00:00+00:00,demo
ORD-101277,28.07.2025,Sale to individual,CAP-003,Cap #3,1680.0,1,1,01.08.2025,Delivered to buyer,2025-08-01 12:38:00,Яндекс.Маркет (Софьино),Санкт-Петербург,1680.0,,2026-01-05T10:00:00+00:00,demo
ORD-101277,28.07.2025,Sale to individual,ACC-002,Accessorie #2,1440.0,1,1,01.08.2025,Delivered to buyer,2025-07-31 12:38:00,Яндекс.Маркет (Софьино),Санкт-Петербург,1440.0,,2026-01-05T10:00:00+00:00,demo
ORD-101278,28.07.2025,Sale to individual,ACC-002,Accessorie #2,1440.0,1,1,31.07.2025,Delivered to buyer,2025-08-01 11:13:00,Яндекс.Маркет (Софьино),Новосибирск,1440.0,,2026-01-05T10:00:00+00:00,demo
ORD-101279,28.07.2025,Sale to individual,T-S-010,T-Shirt #10,2800.0,1,1,01.08.2025,Delivered to buyer,2025-08-01 19:17:00,Яндекс.Маркет (Софьино),Москва,2800.0,,2026-01-05T10:00:00+00:00,demo
ORD-101279,28.07.2025,Sale to individual,T-S-009,T-Shirt #9,2030.0,2,2,01.08.2025,Delivered to buyer,2025-07-29 19:17:00,Яндекс.Маркет (Софьино),Москва,4060.0,,2026-01-05T10:00:00+00:00,demo
ORD-101280,28.07.2025,Sale to individual,T-S-012,T-Shirt #12,2660.0,1,1,31.07.2025,Delivered to buyer,2025-08-02 20:59:00,Яндекс.Маркет (Софьино),Екатеринбург,2261.0,,2026-01-05T10:00:00+00:00,demo
ORD-101280,28.07.2025,Sale to individual,ACC-005,Accessorie #5,1220.0,2,2,31.07.2025,Delivered to buyer,2025-07-31 20:59:00,Яндекс.Маркет (Софьино),Екатеринбург,2440.0,,2026-01-05T10:00:00+00:00,demo
ORD-101281,29.07.2025,Sale to individual,T-S-005,T-Shirt #5,1950.0,1,1,02.08.2025,Delivered to buyer,2025-07-31 14:40:00,Яндекс.Маркет (Софьино),Казань,1950.0,,2026-01-05T10:00:00+00:00,demo
ORD-101281,29.07.2025,Sale to individual,T-S-012,T-Shirt #12,2660.0,1,1,02.08.2025,Delivered to buyer,2025-07-30 14:40:00,Яндекс.Маркет (Софьино),Казань,2527.0,,2026-01-05T10:00:00+00:00,demo
ORD-101282,29.07.2025,Sale to individual,HOO-003,Hoodie #3,4420.0,1,1,01.08.2025,Delivered to buyer,2025-08-02 21:04:00,Яндекс.Маркет (Софьино),Казань,4420.0,,2026-01-05T10:00:00+00:00,demo
ORD-101283,29.07.2025,Sale to individual,T-S-005,T-Shirt #5,1950.0,1,1,30.07.2025,Delivered to buyer,2025-08-02 08:57:00,Яндекс.Маркет (Софьино),Екатеринбург,1852.5,,2026-01-05T10:00:00+00:00,demo
ORD-101284,29.07.2025,Sale to individual,T-S-010,T-Shirt #10,2800.0,1,1,01.08.2025,Delivered to buyer,2025-07-31 11:14:00,Яндекс.Маркет (Софьино),Москва,2800.0,,2026-01-05T10:00:00+00:00,demo
ORD-101284,29.07.2025,Sale to individual,T-S-009,T-Shirt #9,2030.0,2,2,01.08.2025,Delivered to buyer,2025-08-03 11:14:00,Яндекс.Маркет (Софьино),Москва,4060.0,,2026-01-05T10:00:00+00:00,demo
ORD-101285,29.07.2025,Sale to individual,CAP-002,Cap #2,1800.0,2,2,30.07.2025,Delivered to buyer,2025-07-30 08:10:00,Яндекс.Маркет (Софьино),Казань,3600.0,,2026-01-05T10:00:00+00:00,demo
ORD-101285,29.07.2025,Sale to individual,ACC-004,Accessorie #4,1120.0,1,1,30.07.2025,Delivered to buyer,2025-07-31 08:10:00,Яндекс.Маркет (Софьино),Казань,1008.0,,2026-01-05T10:00:00+00:00,demo
ORD-101286,29.07.2025,Sale to individual,ACC-003,Accessorie #3,1190.0,1,1,31.07.2025,Delivered to buyer,2025-07-31 15:39:00,Яндекс.Маркет (Софьино),Казань,1190.0,,2026-01-05T10:00:00+00:00,demo
ORD-101287,30.07.2025,Sale to individual,T-S-009,T-Shirt #9,2030.0,2,2,03.08.2025,Delivered to buyer,2025-08-03 21:24:00,Яндекс.Маркет (Софьино),Москва,3654.0,,2026-01-05T10:00:00+00:00,demo
ORD-101288,30.07.2025,Sale to individual,CAP-002,Cap #2,1800.0,1,1,03.08.2025,Delivered to buyer,2025-08-03 19:56:00,Яндекс.Маркет (Софьино),Казань,1620.0,,2026-01-05T10:00:00+00:00,demo
ORD-101288,30.07.2025,Sale to individual,T-S-002,T-Shirt #2,2190.0,1,1,03.08.2025,Delivered to buyer,2025-07-31 19:56:00,Яндекс.Маркет (Софьино),Казань,2080.5,,2026-01-05T10:00:00+00:00,demo
ORD-101289,30.07.2025,Sale to individual,HOO-005,Hoodie #5,4850.0,2,2,03.08.2025,Delivered to buyer,2025-08-03 16:39:00,Яндекс.Маркет (Софьино),Москва,9700.0,,2026-01-05T10:00:00+00:00,demo
ORD-101289,30.07.2025,Sale to individual,T-S-010,T-Shirt #10,2800.0,1,1,03.08.2025,Delivered to buyer,2025-08-02 16:39:00,Яндекс.Маркет (Софьино),Москва,2800.0,,2026-01-05T10:00:00+00:00,demo
ORD-101290,30.07.2025,Sale to individual,T-S-010,T-Shirt #10,2800.0,1,1,01.08.2025,Delivered to buyer,2025-08-01 14:17:00,Яндекс.Маркет (Софьино),Новосибирск,2380.0,,2026-01-05T10:00:00+00:00,demo
ORD-101290,30.07.2025,Sale to individual,T-S-009,T-Shirt #9,2030.0,1,1,01.08.2025,Delivered to buyer,2025-07-31 14:17:00,Яндекс.Маркет (Софьино),Новосибирск,1827.0,,2026-01-05T10:00:00+00:00,demo
ORD-101290,30.07.2025,Sale to individual,HOO-005,Hoodie #5,4850.0,2,2,01.08.2025,Delivered to buyer,2025-08-02 14:17:00,Яндекс.Маркет (Софьино),Новосибирск,8245.0,,2026-01-05T10:00:00+00:00,demo
ORD-101291,30.07.2025,Sale to individual,CAP-002,Cap #2,1800.0,2,2,03.08.2025,Delivered to buyer,2025-08-02 14:01:00,Яндекс.Маркет (Софьино),Москва,3420.0,,2026-01-05T10:00:00+00:00,demo
ORD-101291,30.07.2025,Sale to individual,ACC-002,Accessorie #2,1440.0,1,1,03.08.2025,Delivered to buyer,2025-08-02 14:01:00,Яндекс.Маркет (Софьино),Москва,1368.0,,2026-01-05T10:00:00+00:00,demo
ORD-101292,30.07.2025,Sale to individual,CAP-005,Cap #5,1800.0,1,1,01.08.2025,Delivered to buyer,2025-08-03 15:10:00,Яндекс.Маркет (Софьино),Екатеринбург,1800.0,,2026-01-05T10:00:00+00:00,demo
ORD-101293,31.07.2025,Sale to individual,CAP-002,Cap #2,1800.0,1,1,02.08.2025,Delivered to buyer,2025-08-05 08:48:00,Яндекс.Маркет (Софьино),Санкт-Петербург,1530.0,,2026-01-05T10:00:00+00:00,demo
ORD-101294,31.07.2025,Sale to individual,T-S-007,T-Shirt #7,2890.0,1,1,03.08.2025,Delivered to buyer,2025-08-02 12:05:00,Яндекс.Маркет (Софьино),Новосибирск,2890.0,,2026-01-05T10:00:00+00:00,demo
ORD-101294,31.07.2025,Sale to individual,T-S-007,T-Shirt #7,2890.0,2,2,03.08.2025,Delivered to buyer,2025-08-02 12:05:00,Яндекс.Маркет (Софьино),Новосибирск,5491.0,,2026-01-05T10:00:00+00:00,demo
ORD-101295,31.07.2025,Sale to individual,T-S-002,T-Shirt #2,2190.0,1,1,01.08.2025,Delivered to buyer,2025-08-04 09:14:00,Яндекс.Маркет (Софьино),Санкт-Петербург,1861.5,,2026-01-05T10:00:00+00:00,demo
ORD-101295,31.07.2025,Sale to individual,HOO-007,Hoodie #7,6730.0,2,2,01.08.2025,Delivered to buyer,2025-08-02 09:14:00,Яндекс.Маркет (Софьино),Санкт-Петербург,13460.0,,2026-01-05T10:00:00+00:00,demo
ORD-101296,31.07.2025,Sale to individual,CAP-003,Cap #3,1680.0,1,1,01.08.2025,Delivered to buyer,2025-08-01 20:12:00,Яндекс.Маркет (Софьино),Казань,1428.0,,2026-01-05T10:00:00+00:00,demo
ORD-101297,31.07.2025,Sale to individual,T-S-008,T-Shirt #8,2110.0,1,1,03.08.2025,Return received in warehouse,2025-08-03 15:35:00,Яндекс.Маркет (Софьино),Москва,2110.0,2110.0,2026-01-05T10:00:00+00:00,demo
ORD-101297,31.07.2025,Sale to individual,HOO-002,Hoodie #2,4910.0,1,1,03.08.2025,Return received in warehouse,2025-08-05 15:35:00,Яндекс.Маркет (Софьино),Москва,4173.5,4173.5,2026-01-05T10:00:00+00:00,demo
ORD-101297,31.07.2025,Sale to individual,T-S-008,T-Shirt #8,2110.0,1,1,03.08.2025,Return received in warehouse,2025-08-02 15:35:00,Яндекс.Маркет (Софьино),Москва,1899.0,1899.0,2026-01-05T10:00:00+00:00,demo
ORD-101298,01.08.2025,Sale to individual,CAP-004,Cap #4,1680.0,1,1,04.08.2025,Delivered to buyer,2025-08-03 11:55:00,Яндекс.Маркет (Софьино),Новосибирск,1680.0,,2026-01-05T10:00:00+00:00,demo
ORD-101298,01.08.2025,Sale to individual,T-S-012,T-Shirt #12,2660.0,1,1,04.08.2025,Delivered to buyer,2025-08-02 11:55:00,Яндекс.Маркет (Софьино),Новосибирск,2261.0,,2026-01-05T10:00:00+00:00,demo
ORD-101299,01.08.2025,Sale to individual,T-S-012,T-Shirt #12,2660.0,2,2,02.08.2025,Delivered to buyer,2025-08-06 14:08:00,Яндекс.Маркет (Софьино),Новосибирск,4522.0,,2026-01-05T10:00:00+00:00,demo
ORD-101300,01.08.2025,Sale to individual,ACC-003,Accessorie #3,1190.0,1,0,,Cancelled,2025-08-05 14:56:00,Яндекс.Маркет (Софьино),Новосибирск,,,2026-01-05T10:00:00+00:00,demo
ORD-101300,01.08.2025,Sale to individual,T-S-010,T-Shirt #10,2800.0,1,0,,Cancelled,2025-08-05 14:56:00,Яндекс.Маркет (Софьино),Новосибирск,,,2026-01-05T10:00:00+00:00,demo
ORD-101300,01.08.2025,Sale to individual,HOO-005,Hoodie #5,4850.0,1,0,,Cancelled,2025-08-03 14:56:00,Яндекс.Маркет (Софьино),Новосибирск,,,2026-01-05T10:00:00+00:00,demo
ORD-101301,01.08.2025,Sale to individual,HOO-005,Hoodie #5,4850.0,2,2,04.08.2025,Delivered to buyer,2025-08-04 17:23:00,Яндекс.Маркет (Софьино),Новосибирск,8730.0,,2026-01-05T10:00:00+00:00,demo
ORD-101302,01.08.2025,Sale to individual,CAP-002,Cap #2,1800.0,2,2,05.08.2025,Delivered to buyer,2025-08-05 08:20:00,Яндекс.Маркет (Софьино),Санкт-Петербург,3600.0,,2026-01-05T10:00:00+00:00,demo
ORD-101303,01.08.2025,Sale to individual,CAP-004,Cap #4,1680.0,2,2,03.08.2025,Delivered to buyer,2025-08-05 20:48:00,Яндекс.Маркет (Софьино),Санкт-Петербург,3192.0,,2026-01-05T10:00:00+00:00,demo
ORD-101303,01.08.2025,Sale to individual,T-S-011,T-Shirt #11,2370.0,2,2,03.08.2025,Delivered to buyer,2025-08-05 20:48:00,Яндекс.Маркет (Софьино),Санкт-Петербург,4266.0,,2026-01-05T10:00:00+00:00,demo
ORD-101303,01.08.2025,Sale to individual,T-S-007,T-Shirt #7,2890.0,1,1,03.08.2025,Delivered to buyer,2025-08-05 20:48:00,Яндекс.Маркет (Софьино),Санкт-Петербург,2890.0,,2026-01-05T10:00:00+00:00,demo
ORD-101304,01.08.2025,Sale to individual,ACC-002,Accessorie #2,1440.0,1,1,03.08.2025,Delivered to buyer,2025-08-02 14:03:00,Яндекс.Маркет (Софьино),Москва,1368.0,,2026-01-05T10:00:00+00:00,demo
ORD-101305,01.08.2025,Sale to individual,CAP-005,Cap #5,1800.0,2,2,05.08.2025,Delivered to buyer,2025-08-05 15:58:00,Яндекс.Маркет (Софьино),Екатеринбург,3600.0,,2026-01-05T10:00:00+00:00,demo
ORD-101305,01.08.2025,Sale to individual,T-S-003,T-Shirt #3,2990.0,1,1,05.08.2025,Delivered to buyer,2025-08-04 15:58:00,Яндекс.Маркет (Софьино),Екатеринбург,2840.5,,2026-01-05T10:00:00+00:00,demo
ORD-101305,01.08.2025,Sale to individual,T-S-010,T-Shirt #10,2800.0,1,1,05.08.2025,Delivered to buyer,2025-08-06 15:58:00,Яндекс.Маркет (Софьино),Екатеринбург,2660.0,,2026-01-05T10:00:00+00:00,demo
ORD-101306,02.08.2025,Sale to individual,CAP-002,Cap #2,1800.0,1,1,04.08.2025,Delivered to buyer,2025-08-06 08:06:00,Яндекс.Маркет (Софьино),Санкт-Петербург,1800.0,,2026-01-05T10:00:00+00:00,demo
ORD-101306,02.08.2025,Sale to individual,T-S-009,T-Shirt #9,2030.0,2,2,04.08.2025,Delivered to buyer,2025-08-07 08:06:00,Яндекс.Маркет (Софьино),Санкт-Петербург,3857.0,,2026-01-05T10:00:00+00:00,demo
ORD-101306,02.08.2025,Sale to individual,T-S-002,T-Shirt #2,2190.0,2,2,04.08.2025,Delivered to buyer,2025-08-07 08:06:00,Яндекс.Маркет (Софьино),Санкт-Петербург,4161.0,,2026-01-05T10:00:00+00:00,demo
ORD-101307,02.08.2025,Sale to individual,HOO-005,Hoodie #5,4850.0,2,2,03.08.2025,Delivered to buyer,2025-08-03 12:23:00,Яндекс.Маркет (Софьино),Новосибирск,8245.0,,2026-01-05T10:00:00+00:00,demo
ORD-101307,02.08.2025,Sale to individual,ACC-001,Accessorie #1,990.0,1,1,03.08.2025,Delivered to buyer,2025-08-06 12:23:00,Яндекс.Маркет (Софьино),Новосибирск,990.0,,2026-01-05T10:00:00+00:00,demo
ORD-101308,02.08.2025,Sale to individual,CAP-002,Cap #2,1800.0,1,1,06.08.2025,Delivered to buyer,2025-08-06 18:45:00,Яндекс.Маркет (Софьино),Санкт-Петербург,1530.0,,2026-01-05T10:00:00+00:00,demo
ORD-101308,02.08.2025,Sale to individual,T-S-009,T-Shirt #9,2030.0,1,1,06.08.2025,Delivered to buyer,2025-08-04 18:45:00,Яндекс.Маркет (Софьино),Санкт-Петербург,1827.0,,2026-01-05T10:00:00+00:00,demo
ORD-101308,02.08.2025,Sale to individual,T-S-007,T-Shirt #7,2890.0,1,1,06.08.2025,Delivered to buyer,2025-08-05 18:45:00,Яндекс.Маркет (Софьино),Санкт-Петербург,2890.0,,2026-01-05T10:00:00+00:00,demo
ORD-101309,02.08.2025,Sale to individual,T-S-008,T-Shirt #8,2110.0,2,2,06.08.2025,Delivered to buyer,2025-08-07 10:12:00,Яндекс.Маркет (Софьино),Санкт-Петербург,3587.0,,2026-01-05T10:00:00+00:00,demo
ORD-101309,02.08.2025,Sale to individual,CAP-004,Cap #4,1680.0,1,1,06.08.2025,Delivered to buyer,2025-08-03 10:12:00,Яндекс.Маркет (Софьино),Санкт-Петербург,1680.0,,2026-01-05T10:00:00+00:00,demo
ORD-101310,02.08.2025,Sale to individual,CAP-002,Cap #2,1800.0,1,1,03.08.2025,Delivered to buyer,2025-08-04 10:54:00,Яндекс.Маркет (Софьино),Москва,1620.0,,2026-01-05T10:00:00+00:00,demo
ORD-101311,02.08.2025,Sale to individual,T-S-012,T-Shirt #12,2660.0,2,0,,Cancelled,2025-08-07 15:07:00,Яндекс.Маркет (Софьино),Казань,,,2026-01-05T10:00:00+00:00,demo
ORD-101311,02.08.2025,Sale to individual,ACC-002,Accessorie #2,1440.0,1,0,,Cancelled,2025-08-07 15:07:00,Яндекс.Маркет (Софьино),Казань,,,2026-01-05T10:00:00+00:00,demo
ORD-101311,02.08.2025,Sale to individual,HOO-006,Hoodie #6,6060.0,1,0,,Cancelled,2025-08-07 15:07:00,Яндекс.Маркет (Софьино),Казань,,,2026-01-05T10:00:00+00:00,demo
ORD-101312,02.08.2025,Sale to individual,CAP-004,Cap #4,1680.0,2,0,,Cancelled,2025-08-05 12:51:00,Яндекс.Маркет (Софьино),Новосибирск,,,2026-01-05T10:00:00+00:00,demo
ORD-101313,02.08.2025,Sale to individual,ACC-003,Accessorie #3,1190.0,1,1,06.08.2025,Delivered to buyer,2025-08-04 12:31:00,Яндекс.Маркет (Софьино),Казань,1190.0,,2026-01-05T10:00:00+00:00,demo
ORD-101314,03.08.2025,Sale to individual,ACC-003,Accessorie #3,1190.0,1,1,07.08.2025,Delivered to buyer,2025-08-07 22:15:00,Яндекс.Маркет (Софьино),Екатеринбург,1071.0,,2026-01-05T10:00:00+00:00,demo
ORD-101315,03.08.2025,Sale to individual,T-S-009,T-Shirt #9,2030.0,2,2,06.08.2025,Delivered to buyer,2025-08-06 17:21:00,Яндекс.Маркет (Софьино),Екатеринбург,4060.0,,2026-01-05T10:00:00+00:00,demo
ORD-101316,03.08.2025,Sale to individual,T-S-011,T-Shirt #11,2370.0,1,1,07.08.2025,Delivered to buyer,2025-08-04 14:25:00,Яндекс.Маркет (Софьино),Москва,2251.5,,2026-01-05T10:00:00+00:00,demo
ORD-101317,04.08.2025,Sale to individual,HOO-005,Hoodie #5,4850.0,1,1,08.08.2025,Delivered to buyer,2025-08-09 11:31:00,Яндекс.Маркет (Софьино),Санкт-Петербург,4850.0,,2026-01-05T10:00:00+00:00,demo
ORD-101317,04.08.2025,Sale to individual,T-S-011,T-Shirt #11,2370.0,1,1,08.08.2025,Delivered to buyer,2025-08-06 11:31:00,Яндекс.Маркет (Софьино),Санкт-Петербург,2251.5,,2026-01-05T10:00:00+00:00,demo
ORD-101318,04.08.2025,Sale to individual,T-S-004,T-Shirt #4,1960.0,1,1,08.08.2025,Delivered to buyer,2025-08-09 13:37:00,Яндекс.Маркет (Софьино),Москва,1960.0,,2026-01-05T10:00:00+00:00,demo
ORD-101319,04.08.2025,Sale to individual,HOO-007,Hoodie #7,6730.0,1,1,05.08.2025,Delivered to buyer,2025-08-07 15:57:00,Яндекс.Маркет (Софьино),Санкт-Петербург,6730.0,,2026-01-05T10:00:00+00:00,demo
ORD-101319,04.08.2025,Sale to individual,ACC-005,Accessorie #5,1220.0,1,1,05.08.2025,Delivered to buyer,2025-08-09 15:57:00,Яндекс.Маркет (Софьино),Санкт-Петербург,1159.0,,2026-01-05T10:00:00+00:00,demo
ORD-101319,04.08.2025,Sale to individual,T-S-001,T-Shirt #1,2690.0,1,1,05.08.2025,Delivered to buyer,2025-08-06 15:57:00,Яндекс.Маркет (Софьино),Санкт-Петербург,2690.0,,2026-01-05T10:00:00+00:00,demo
ORD-101320,04.08.2025,Sale to individual,T-S-003,T-Shirt #3,2990.0,1,1,05.08.2025,Delivered to buyer,2025-08-08 13:06:00,Яндекс.Маркет (Софьино),Москва,2990.0,,2026-01-05T10:00:00+00:00,demo
ORD-101320,04.08.2025,Sale to individual,T-S-002,T-Shirt #2,2190.0,2,2,05.08.2025,Delivered to buyer,2025-08-07 13:06:00,Яндекс.Маркет (Софьино),Москва,4380.0,,2026-01-05T10:00:00+00:00,demo
ORD-101321,04.08.2025,Sale to individual,T-S-010,T-Shirt #10,2800.0,1,1,05.08.2025,Delivered to buyer,2025-08-09 12:39:00,Яндекс.Маркет (Софьино),Екатеринбург,2800.0,,2026-01-05T10:00:00+00:00,demo
ORD-101321,04.08.2025,Sale to individual,T-S-002,T-Shirt #2,2190.0,1,1,05.08.2025,Delivered to buyer,2025-08-09 12:39:00,Яндекс.Маркет (Софьино),Екатеринбург,1971.0,,2026-01-05T10:00:00+00:00,demo
ORD-101322,05.08.2025,Sale to individual,T-S-012,T-Shirt #12,2660.0,1,1,07.08.2025,Delivered to buyer,2025-08-09 21:21:00,Яндекс.Маркет (Софьино),Казань,2394.0,,2026-01-05T10:00:00+00:00,demo
ORD-101322,05.08.2025,Sale to individual,T-S-012,T-Shirt #12,2660.0,1,1,07.08.2025,Delivered to buyer,2025-08-08 21:21:00,Яндекс.Маркет (Софьино),Казань,2527.0,,2026-01-05T10:00:00+00:00,demo
ORD-101322,05.08.2025,Sale to individual,ACC-003,Accessorie #3,1190.0,1,1,07.08.2025,Delivered to buyer,2025-08-09 21:21:00,Яндекс.Маркет (Софьино),Казань,1190.0,,2026-01-05T10:00:00+00:00,demo
ORD-101323,05.08.2025,Sale to individual,T-S-002,T-Shirt #2,2190.0,1,1,06.08.2025,Delivered to buyer,2025-08-09 19:09:00,Яндекс.Маркет (Софьино),Москва,2190.0,,2026-01-05T10:00:00+00:00,demo
ORD-101324,05.08.2025,Sale to individual,CAP-003,Cap #3,1680.0,1,1,06.08.2025,Delivered to buyer,2025-08-09 10:46:00,Яндекс.Маркет (Софьино),Казань,1512.0,,2026-01-05T10:00:00+00:00,demo
ORD-101325,05.08.2025,Sale to individual,T-S-008,T-Shirt #8,2110.0,2,2,08.08.2025,Delivered to buyer,2025-08-08 09:59:00,Яндекс.Маркет (Софьино),Санкт-Петербург,4220.0,,2026-01-05T10:00:00+00:00,demo
ORD-101325,05.08.2025,Sale to individual,T-S-012,T-Shirt #12,2660.0,1,1,08.08.2025,Delivered to buyer,2025-08-06 09:59:00,Яндекс.Маркет (Софьино),Санкт-Петербург,2660.0,,2026-01-05T10:00:00+00:00,demo
ORD-101325,05.08.2025,Sale to individual,T-S-002,T-Shirt #2,2190.0,1,1,08.08.2025,Delivered to buyer,2025-08-07 09:59:00,Яндекс.Маркет (Софьино),Санкт-Петербург,1971.0,,2026-01-05T10:00:00+00:00,demo
ORD-101326,05.08.2025,Sale to individual,CAP-005,Cap #5,1800.0,1,1,09.08.2025,Delivered to buyer,2025-08-07 15:42:00,Яндекс.Маркет (Софьино),Новосибирск,1530.0,,2026-01-05T10:00:00+00:00,demo
ORD-101326,05.08.2025,Sale to individual,T-S-012,T-Shirt #12,2660.0,1,1,09.08.2025,Delivered to buyer,2025-08-08 15:42:00,Яндекс.Маркет (Софьино),Новосибирск,2660.0,,2026-01-05T10:00:00+00:00,demo
ORD-101326,05.08.2025,Sale to individual,CAP-004,Cap #4,1680.0,2,2,09.08.2025,Delivered to buyer,2025-08-09 15:42:00,Яндекс.Маркет (Софьино),Новосибирск,3360.0,,2026-01-05T10:00:00+00:00,demo
ORD-101327,05.08.2025,Sale to individual,HOO-001,Hoodie #1,5990.0,1,1,07.08.2025,Delivered to buyer,2025-08-07 10:02:00,Яндекс.Маркет (Софьино),Новосибирск,5990.0,,2026-01-05T10:00:00+00:00,demo
ORD-101328,05.08.2025,Sale to individual,T-S-010,T-Shirt #10,2800.0,1,1,06.08.2025,Delivered to buyer,2025-08-09 08:49:00,Яндекс.Маркет (Софьино),Казань,2800.0,,2026-01-05T10:00:00+00:00,demo
ORD-101328,05.08.2025,Sale to individual,T-S-010,T-Shirt #10,2800.0,1,1,06.08.2025,Delivered to buyer,2025-08-07 08:49:00,Яндекс.Маркет (Софьино),Казань,2800.0,,2026-01-05T10:00:00+00:00,demo
ORD-101328,05.08.2025,Sale to individual,HOO-006,Hoodie #6,6060.0,1,1,06.08.2025,Delivered to buyer,2025-08-08 08:49:00,Яндекс.Маркет (Софьино),Казань,5151.0,,2026-01-05T10:00:00+00:00,demo
ORD-101329,06.08.2025,Sale to individual,CAP-003,Cap #3,1680.0,2,2,08.08.2025,Delivered to buyer,2025-08-11 14:56:00,Яндекс.Маркет (Софьино),Москва,2856.0,,2026-01-05T10:00:00+00:00,demo
ORD-101329,06.08.2025,Sale to individual,CAP-002,Cap #2,1800.0,1,1,08.08.2025,Delivered to buyer,2025-08-10 14:56:00,Яндекс.Маркет (Софьино),Москва,1530.0,,2026-01-05T10:00:00+00:00,demo
ORD-101330,06.08.2025,Sale to individual,HOO-005,Hoodie #5,4850.0,2,2,07.08.2025,Delivered to buyer,2025-08-10 12:21:00,Яндекс.Маркет (Софьино),Москва,8730.0,,2026-01-05T10:00:00+00:00,demo
ORD-101330,06.08.2025,Sale to individual,ACC-004,Accessorie #4,1120.0,1,1,07.08.2025,Delivered to buyer,2025-08-11 12:21:00,Яндекс.Маркет (Софьино),Москва,1064.0,,2026-01-05T10:00:00+00:00,demo
ORD-101331,06.08.2025,Sale to individual,CAP-005,Cap #5,1800.0,1,1,09.08.2025,Delivered to buyer,2025-08-09 15:16:00,Яндекс.Маркет (Софьино),Екатеринбург,1620.0,,2026-01-05T10:00:00+00:00,demo
ORD-101331,06.08.2025,Sale to individual,CAP-004,Cap #4,1680.0,1,1,09.08.2025,Delivered to buyer,2025-08-08 15:16:00,Яндекс.Маркет (Софьино),Екатеринбург,1428.0,,2026-01-05T10:00:00+00:00,demo
ORD-101331,06.08.2025,Sale to individual,HOO-008,Hoodie #8,5940.0,1,1,09.08.2025,Delivered to buyer,2025-08-10 15:16:00,Яндекс.Маркет (Софьино),Екатеринбург,5940.0,,2026-01-05T10:00:00+00:00,demo
ORD-101332,06.08.2025,Sale to individual,ACC-004,Accessorie #4,1120.0,2,2,10.08.2025,Delivered to buyer,2025-08-11 14:00:00,Яндекс.Маркет (Софьино),Казань,2240.0,,2026-01-05T10:00:00+00:00,demo
ORD-101333,06.08.2025,Sale to individual,HOO-008,Hoodie #8,5940.0,1,1,09.08.2025,Return received in warehouse,2025-08-11 20:49:00,Яндекс.Маркет (Софьино),Екатеринбург,5049.0,5049.0,2026-01-05T10:00:00+00:00,demo
ORD-101333,06.08.2025,Sale to individual,T-S-012,T-Shirt #12,2660.0,1,1,09.08.2025,Return received in warehouse,2025-08-08 20:49:00,Яндекс.Маркет (Софьино),Екатеринбург,2660.0,2660.0,2026-01-05T10:00:00+00:00,demo
ORD-101334,06.08.2025,Sale to individual,HOO-003,Hoodie #3,4420.0,1,1,09.08.2025,Delivered to buyer,2025-08-07 16:46:00,Яндекс.Маркет (Софьино),Санкт-Петербург,3978.0,,2026-01-05T10:00:00+00:00,demo
ORD-101335,06.08.2025,Sale to individual,T-S-004,T-Shirt #4,1960.0,1,1,10.08.2025,Delivered to buyer,2025-08-09 18:15:00,Яндекс.Маркет (Софьино),Казань,1862.0,,2026-01-05T10:00:00+00:00,demo
ORD-101336,06.08.2025,Sale to individual,CAP-002,Cap #2,1800.0,1,1,10.08.2025,Delivered to buyer,2025-08-09 10:57:00,Яндекс.Маркет (Софьино),Казань,1710.0,,2026-01-05T10:00:00+00:00,demo
ORD-101337,07.08.2025,Sale to individual,CAP-005,Cap #5,1800.0,1,1,09.08.2025,Delivered to buyer,2025-08-10 09:04:00,Яндекс.Маркет (Софьино),Москва,1800.0,,2026-01-05T10:00:00+00:00,demo
ORD-101338,07.08.2025,Sale to individual,T-S-006,T-Shirt #6,2570.0,2,2,11.08.2025,Delivered to buyer,2025-08-08 09:48:00,Яндекс.Маркет (Софьино),Екатеринбург,4369.0,,2026-01-05T10:00:00+00:00,demo
ORD-101339,07.08.2025,Sale to individual,T-S-010,T-Shirt #10,2800.0,1,1,10.08.2025,Delivered to buyer,2025-08-11 18:39:00,Яндекс.Маркет (Софьино),Москва,2800.0,,2026-01-05T10:00:00+00:00,demo
ORD-101340,07.08.2025,Sale to individual,CAP-004,Cap #4,1680.0,1,1,08.08.2025,Delivered to buyer,2025-08-09 16:16:00,Яндекс.Маркет (Софьино),Москва,1680.0,,2026-01-05T10:00:00+00:00,demo
ORD-101340,07.08.2025,Sale to individual,CAP-004,Cap #4,1680.0,1,1,08.08.2025,Delivered to buyer,2025-08-12 16:16:00,Яндекс.Маркет (Софьино),Москва,1680.0,,2026-01-05T10:00:00+00:00,demo
ORD-101341,07.08.2025,Sale to individual,T-S-010,T-Shirt #10,2800.0,1,0,,Cancelled,2025-08-11 16:12:00,Яндекс.Маркет (Софьино),Новосибирск,,,2026-01-05T10:00:00+00:00,demo
ORD-101341,07.08.2025,Sale to individual,T-S-010,T-Shirt #10,2800.0,1,0,,Cancelled,2025-08-09 16:12:00,Яндекс.Маркет (Софьино),Новосибирск,,,2026-01-05T10:00:00+00:00,demo
ORD-101341,07.08.2025,Sale to individual,T-S-010,T-Shirt #10,2800.0,2,0,,Cancelled,2025-08-08 16:12:00,Яндекс.Маркет (Софьино),Новосибирск,,,2026-01-05T10:00:00+00:00,demo
ORD-101342,07.08.2025,Sale to individual,CAP-003,Cap #3,1680.0,1,1,11.08.2025,Return received in warehouse,2025-08-08 11:53:00,Яндекс.Маркет (Софьино),Казань,1680.0,1680.0,2026-01-05T10:00:00+00:00,demo
ORD-101342,07.08.2025,Sale to individual,T-S-010,T-Shirt #10,2800.0,2,2,11.08.2025,Return received in warehouse,2025-08-08 11:53:00,Яндекс.Маркет (Софьино),Казань,5600.0,5600.0,2026-01-05T10:00:00+00:00,demo
ORD-101343,07.08.2025,Sale to individual,T-S-010,T-Shirt #10,2800.0,2,2,10.08.2025,Delivered to buyer,2025-08-09 13:01:00,Яндекс.Маркет (Софьино),Казань,5600.0,,2026-01-05T10:00:00+00:00,demo
ORD-101343,07.08.2025,Sale to individual,CAP-002,Cap #2,1800.0,1,1,10.08.2025,Delivered to buyer,2025-08-12 13:01:00,Яндекс.Маркет (Софьино),Казань,1530.0,,2026-01-05T10:00:00+00:00,demo
ORD-101343,07.08.2025,Sale to individual,T-S-001,T-Shirt #1,2690.0,1,1,10.08.2025,Delivered to buyer,2025-08-09 13:01:00,Яндекс.Маркет (Софьино),Казань,2286.5,,2026-01-05T10:00:00+00:00,demo
ORD-101344,07.08.2025,Sale to individual,HOO-007,Hoodie #7,6730.0,1,1,10.08.2025,Delivered to buyer,2025-08-10 15:35:00,Яндекс.Маркет (Софьино),Москва,6730.0,,2026-01-05T10:00:00+00:00,demo
ORD-101345,07.08.2025,Sale to individual,CAP-005,Cap #5,1800.0,1,1,10.08.2025,Delivered to buyer,2025-08-10 21:27:00,Яндекс.Маркет (Софьино),Москва,1800.0,,2026-01-05T10:00:00+00:00,demo
ORD-101346,08.08.2025,Sale to individual,ACC-004,Accessorie #4,1120.0,1,1,11.08.2025,Delivered to buyer,2025-08-11 10:17:00,Яндекс.Маркет (Софьино),Казань,1008.0,,2026-01-05T10:00:00+00:00,demo
ORD-101346,08.08.2025,Sale to individual,ACC-004,Accessorie #4,1120.0,1,1,11.08.2025,Delivered to buyer,2025-08-09 10:17:00,Яндекс.Маркет (Софьино),Казань,1008.0,,2026-01-05T10:00:00+00:00,demo
ORD-101347,08.08.2025,Sale to individual,T-S-004,T-Shirt #4,1960.0,1,1,10.08.2025,Delivered to buyer,2025-08-09 12:20:00,Яндекс.Маркет (Софьино),Екатеринбург,1862.0,,2026-01-05T10:00:00+00:00,demo
ORD-101347,08.08.2025,Sale to individual,T-S-007,T-Shirt #7,2890.0,1,1,10.08.2025,Delivered to buyer,2025-08-11 12:20:00,Яндекс.Маркет (Софьино),Екатеринбург,2745.5,,2026-01-05T10:00:00+00:00,demo
ORD-101347,08.08.2025,Sale to individual,HOO-002,Hoodie #2,4910.0,1,1,10.08.2025,Delivered to buyer,2025-08-10 12:20:00,Яндекс.Маркет (Софьино),Екатеринбург,4910.0,,2026-01-05T10:00:00+00:00,demo
ORD-101348,08.08.2025,Sale to individual,T-S-002,T-Shirt #2,2190.0,1,1,09.08.2025,Delivered to buyer,2025-08-13 11:37:00,Яндекс.Маркет (Софьино),Казань,1861.5,,2026-01-05T10:00:00+00:00,demo
ORD-101349,08.08.2025,Sale to individual,ACC-002,Accessorie #2,1440.0,1,0,,Cancelled,2025-08-09 16:19:00,Яндекс.Маркет (Софьино),Москва,,,2026-01-05T10:00:00+00:00,demo
ORD-101350,08.08.2025,Sale to individual,T-S-002,T-Shirt #2,2190.0,1,1,09.08.2025,Delivered to buyer,2025-08-12 13:17:00,Яндекс.Маркет (Софьино),Екатеринбург,2190.0,,2026-01-05T10:00:00+00:00,demo
ORD-101351,08.08.2025,Sale to individual,HOO-003,Hoodie #3,4420.0,1,1,11.08.2025,Delivered to buyer,2025-08-11 15:51:00,Яндекс.Маркет (Софьино),Екатеринбург,4420.0,,2026-01-05T10:00:00+00:00,demo
ORD-101351,08.08.2025,Sale to individual,T-S-009,T-Shirt #9,2030.0,1,1,11.08.2025,Delivered to buyer,2025-08-13 15:51:00,Яндекс.Маркет (Софьино),Екатеринбург,2030.0,,2026-01-05T10:00:00+00:00,demo
ORD-101352,09.08.2025,Sale to individual,CAP-002,Cap #2,1800.0,1,1,11.08.2025,Delivered to buyer,2025-08-10 15:13:00,Яндекс.Маркет (Софьино),Екатеринбург,1620.0,,2026-01-05T10:00:00+00:00,demo
ORD-101353,09.08.2025,Sale to individual,CAP-004,Cap #4,1680.0,2,0,,Cancelled,2025-08-11 16:56:00,Яндекс.Маркет (Софьино),Санкт-Петербург,,,2026-01-05T10:00:00+00:00,demo
ORD-101353,09.08.2025,Sale to individual,CAP-003,Cap #3,1680.0,1,0,,Cancelled,2025-08-11 16:56:00,Яндекс.Маркет (Софьино),Санкт-Петербург,,,2026-01-05T10:00:00+00:00,demo
ORD-101354,09.08.2025,Sale to individual,T-S-010,T-Shirt #10,2800.0,2,2,11.08.2025,Delivered to buyer,2025-08-12 18:24:00,Яндекс.Маркет (Софьино),Екатеринбург,4760.0,,2026-01-05T10:00:00+00:00,demo
ORD-101354,09.08.2025,Sale to individual,T-S-007,T-Shirt #7,2890.0,1,1,11.08.2025,Delivered to buyer,2025-08-14 18:24:00,Яндекс.Маркет (Софьино),Екатеринбург,2890.0,,2026-01-05T10:00:00+00:00,demo
ORD-101355,09.08.2025,Sale to individual,HOO-005,Hoodie #5,4850.0,1,1,12.08.2025,Delivered to buyer,2025-08-11 19:26:00,Яндекс.Маркет (Софьино),Екатеринбург,4607.5,,2026-01-05T10:00:00+00:00,demo
ORD-101355,09.08.2025,Sale to individual,T-S-001,T-Shirt #1,2690.0,1,1,12.08.2025,Delivered to buyer,2025-08-10 19:26:00,Яндекс.Маркет (Софьино),Екатеринбург,2286.5,,2026-01-05T10:00:00+00:00,demo
ORD-101355,09.08.2025,Sale to individual,T-S-005,T-Shirt #5,1950.0,1,1,12.08.2025,Delivered to buyer,2025-08-10 19:26:00,Яндекс.Маркет (Софьино),Екатеринбург,1950.0,,2026-01-05T10:00:00+00:00,demo
ORD-101356,09.08.2025,Sale to individual,T-S-002,T-Shirt #2,2190.0,1,1,10.08.2025,Delivered to buyer,2025-08-10 11:47:00,Яндекс.Маркет (Софьино),Казань,1861.5,,2026-01-05T10:00:00+00:00,demo
ORD-101356,09.08.2025,Sale to individual,T-S-011,T-Shirt #11,2370.0,1,1,10.08.2025,Delivered to buyer,2025-08-10 11:47:00,Яндекс.Маркет (Софьино),Казань,2370.0,,2026-01-05T10:00:00+00:00,demo
ORD-101356,09.08.2025,Sale to individual,ACC-004,Accessorie #4,1120.0,2,2,10.08.2025,Delivered to buyer,2025-08-12 11:47:00,Яндекс.Маркет (Софьино),Казань,2240.0,,2026-01-05T10:00:00+00:00,demo
ORD-101357,09.08.2025,Sale to individual,HOO-007,Hoodie #7,6730.0,2,2,11.08.2025,Delivered to buyer,2025-08-12 15:09:00,Яндекс.Маркет (Софьино),Новосибирск,11441.0,,2026-01-05T10:00:00+00:00,demo
ORD-101357,09.08.2025,Sale to individual,T-S-006,T-Shirt #6,2570.0,2,2,11.08.2025,Delivered to buyer,2025-08-11 15:09:00,Яндекс.Маркет (Софьино),Новосибирск,5140.0,,2026-01-05T10:00:00+00:00,demo
ORD-101357,09.08.2025,Sale to individual,T-S-010,T-Shirt #10,2800.0,1,1,11.08.2025,Delivered to buyer,2025-08-12 15:09:00,Яндекс.Маркет (Софьино),Новосибирск,2520.0,,2026-01-05T10:00:00+00:00,demo
ORD-101358,10.08.2025,Sale to individual,T-S-012,T-Shirt #12,2660.0,1,1,12.08.2025,Delivered to buyer,2025-08-14 21:42:00,Яндекс.Маркет (Софьино),Москва,2660.0,,2026-01-05T10:00:00+00:00,demo
ORD-101358,10.08.2025,Sale to individual,T-S-009,T-Shirt #9,2030.0,2,2,12.08.2025,Delivered to buyer,2025-08-11 21:42:00,Яндекс.Маркет (Софьино),Москва,4060.0,,2026-01-05T10:00:00+00:00,demo
ORD-101359,10.08.2025,Sale to individual,T-S-011,T-Shirt #11,2370.0,1,1,13.08.2025,Delivered to buyer,2025-08-13 19:29:00,Яндекс.Маркет (Софьино),Казань,2251.5,,2026-01-05T10:00:00+00:00,demo
ORD-101360,10.08.2025,Sale to individual,CAP-004,Cap #4,1680.0,2,2,11.08.2025,Delivered to buyer,2025-08-13 14:49:00,Яндекс.Маркет (Софьино),Екатеринбург,3192.0,,2026-01-05T10:00:00+00:00,demo
ORD-101360,10.08.2025,Sale to individual,HOO-002,Hoodie #2,4910.0,1,1,11.08.2025,Delivered to buyer,2025-08-12 14:49:00,Яндекс.Маркет (Софьино),Екатеринбург,4419.0,,2026-01-05T10:00:00+00:00,demo
ORD-101361,10.08.2025,Sale to individual,T-S-009,T-Shirt #9,2030.0,1,0,,Cancelled,2025-08-12 21:17:00,Яндекс.Маркет (Софьино),Новосибирск,,,2026-01-05T10:00:00+00:00,demo
ORD-101361,10.08.2025,Sale to individual,T-S-012,T-Shirt #12,2660.0,2,0,,Cancelled,2025-08-12 21:17:00,Яндекс.Маркет (Софьино),Новосибирск,,,2026-01-05T10:00:00+00:00,demo
ORD-101362,10.08.2025,Sale to individual,T-S-009,T-Shirt #9,2030.0,1,1,12.08.2025,Delivered to buyer,2025-08-13 16:41:00,Яндекс.Маркет (Софьино),Казань,2030.0,,2026-01-05T10:00:00+00:00,demo
ORD-101363,11.08.2025,Sale to individual,HOO-004,Hoodie #4,5110.0,1,1,12.08.2025,Delivered to buyer,2025-08-14 19:25:00,Яндекс.Маркет (Софьино),Москва,4854.5,,2026-01-05T10:00:00+00:00,demo
ORD-101364,11.08.2025,Sale to individual,T-S-012,T-Shirt #12,2660.0,1,1,13.08.2025,Delivered to buyer,2025-08-15 20:42:00,Яндекс.Маркет (Софьино),Москва,2261.0,,2026-01-05T10:00:00+00:00,demo
ORD-101364,11.08.2025,Sale to individual,HOO-002,Hoodie #2,4910.0,1,1,13.08.2025,Delivered to buyer,2025-08-15 20:42:00,Яндекс.Маркет (Софьино),Москва,4910.0,,2026-01-05T10:00:00+00:00,demo
ORD-101364,11.08.2025,Sale to individual,T-S-007,T-Shirt #7,2890.0,1,1,13.08.2025,Delivered to buyer,2025-08-12 20:42:00,Яндекс.Маркет (Софьино),Москва,2890.0,,2026-01-05T10:00:00+00:00,demo
ORD-101365,11.08.2025,Sale to individual,CAP-001,Cap #1,1630.0,1,1,15.08.2025,Return received in warehouse,2025-08-16 12:46:00,Яндекс.Маркет (Софьино),Казань,1467.0,1467.0,2026-01-05T10:00:00+00:00,demo
ORD-101366,11.08.2025,Sale to individual,T-S-012,T-Shirt #12,2660.0,1,1,12.08.2025,Delivered to buyer,2025-08-14 17:22:00,Яндекс.Маркет (Софьино),Санкт-Петербург,2660.0,,2026-01-05T10:00:00+00:00,demo
ORD-101366,11.08.2025,Sale to individual,T-S-008,T-Shirt #8,2110.0,1,1,12.08.2025,Delivered to buyer,2025-08-13 17:22:00,Яндекс.Маркет (Софьино),Санкт-Петербург,1899.0,,2026-01-05T10:00:00+00:00,demo
ORD-101367,11.08.2025,Sale to individual,ACC-004,Accessorie #4,1120.0,1,1,13.08.2025,Delivered to buyer,2025-08-13 13:31:00,Яндекс.Маркет (Софьино),Москва,952.0,,2026-01-05T10:00:00+00:00,demo
ORD-101367,11.08.2025,Sale to individual,T-S-002,T-Shirt #2,2190.0,1,1,13.08.2025,Delivered to buyer,2025-08-12 13:31:00,Яндекс.Маркет (Софьино),Москва,1971.0,,2026-01-05T10:00:00+00:00,demo
ORD-101368,11.08.2025,Sale to individual,HOO-008,Hoodie #8,5940.0,2,2,12.08.2025,Delivered to buyer,2025-08-13 15:26:00,Яндекс.Маркет (Софьино),Екатеринбург,11880.0,,2026-01-05T10:00:00+00:00,demo
ORD-101369,11.08.2025,Sale to individual,T-S-002,T-Shirt #2,2190.0,2,2,14.08.2025,Return received in warehouse,2025-08-14 11:13:00,Яндекс.Маркет (Софьино),Москва,4380.0,4380.0,2026-01-05T10:00:00+00:00,demo
ORD-101370,11.08.2025,Sale to individual,T-S-004,T-Shirt #4,1960.0,1,1,15.08.2025,Delivered to buyer,2025-08-14 17:56:00,Яндекс.Маркет (Софьино),Санкт-Петербург,1960.0,,2026-01-05T10:00:00+00:00,demo
ORD-101371,12.08.2025,Sale to individual,T-S-012,T-Shirt #12,2660.0,1,1,14.08.2025,Delivered to buyer,2025-08-16 16:47:00,Яндекс.Маркет (Софьино),Казань,2660.0,,2026-01-05T10:00:00+00:00,demo
ORD-101372,12.08.2025,Sale to individual,T-S-003,T-Shirt #3,2990.0,1,1,15.08.2025,Delivered to buyer,2025-08-15 20:26:00,Яндекс.Маркет (Софьино),Екатеринбург,2541.5,,2026-01-05T10:00:00+00:00,demo
ORD-101373,12.08.2025,Sale to individual,CAP-002,Cap #2,1800.0,1,1,15.08.2025,Delivered to buyer,2025-08-13 14:44:00,Яндекс.Маркет (Софьино),Екатеринбург,1800.0,,2026-01-05T10:00:00+00:00,demo
ORD-101374,12.08.2025,Sale to individual,T-S-008,T-Shirt #8,2110.0,1,1,15.08.2025,Delivered to buyer,2025-08-14 17:01:00,Яндекс.Маркет (Софьино),Санкт-Петербург,2110.0,,2026-01-05T10:00:00+00:00,demo
ORD-101375,13.08.2025,Sale to individual,T-S-012,T-Shirt #12,2660.0,1,1,14.08.2025,Delivered to buyer,2025-08-17 12:29:00,Яндекс.Маркет (Софьино),Санкт-Петербург,2527.0,,2026-01-05T10:00:00+00:00,demo
ORD-101375,13.08.2025,Sale to individual,HOO-006,Hoodie #6,6060.0,1,1,14.08.2025,Delivered to buyer,2025-08-15 12:29:00,Яндекс.Маркет (Софьино),Санкт-Петербург,6060.0,,2026-01-05T10:00:00+00:00,demo
ORD-101375,13.08.2025,Sale to individual,T-S-002,T-Shirt #2,2190.0,2,2,14.08.2025,Delivered to buyer,2025-08-14 12:29:00,Яндекс.Маркет (Софьино),Санкт-Петербург,3942.0,,2026-01-05T10:00:00+00:00,demo
ORD-101376,13.08.2025,Sale to individual,CAP-004,Cap #4,1680.0,1,1,15.08.2025,Delivered to buyer,2025-08-15 13:02:00,Яндекс.Маркет (Софьино),Санкт-Петербург,1680.0,,2026-01-05T10:00:00+00:00,demo
ORD-101376,13.08.2025,Sale to individual,T-S-011,T-Shirt #11,2370.0,2,2,15.08.2025,Delivered to buyer,2025-08-17 13:02:00,Яндекс.Маркет (Софьино),Санкт-Петербург,4740.0,,2026-01-05T10:00:00+00:00,demo
ORD-101376,13.08.2025,Sale to individual,T-S-003,T-Shirt #3,2990.0,1,1,15.08.2025,Delivered to buyer,2025-08-16 13:02:00,Яндекс.Маркет (Софьино),Санкт-Петербург,2990.0,,2026-01-05T10:00:00+00:00,demo
ORD-101377,13.08.2025,Sale to individual,T-S-007,T-Shirt #7,2890.0,1,0,,Cancelled,2025-08-17 16:45:00,Яндекс.Маркет (Софьино),Екатеринбург,,,2026-01-05T10:00:00+00:00,demo
ORD-101377,13.08.2025,Sale to individual,ACC-005,Accessorie #5,1220.0,1,0,,Cancelled,2025-08-17 16:45:00,Яндекс.Маркет (Софьино),Екатеринбург,,,2026-01-05T10:00:00+00:00,demo
ORD-101378,13.08.2025,Sale to individual,CAP-004,Cap #4,1680.0,2,2,15.08.2025,Delivered to buyer,2025-08-17 13:16:00,Яндекс.Маркет (Софьино),Казань,2856.0,,2026-01-05T10:00:00+00:00,demo
ORD-101378,13.08.2025,Sale to individual,CAP-004,Cap #4,1680.0,1,1,15.08.2025,Delivered to buyer,2025-08-14 13:16:00,Яндекс.Маркет (Софьино),Казань,1428.0,,2026-01-05T10:00:00+00:00,demo
ORD-101378,13.08.2025,Sale to individual,T-S-008,T-Shirt #8,2110.0,1,1,15.08.2025,Delivered to buyer,2025-08-15 13:16:00,Яндекс.Маркет (Софьино),Казань,2110.0,,2026-01-05T10:00:00+00:00,demo
ORD-101379,13.08.2025,Sale to individual,T-S-012,T-Shirt #12,2660.0,1,1,14.08.2025,Return received in warehouse,2025-08-18 19:34:00,Яндекс.Маркет (Софьино),Екатеринбург,2660.0,2660.0,2026-01-05T10:00:00+00:00,demo
ORD-101379,13.08.2025,Sale to individual,ACC-002,Accessorie #2,1440.0,1,1,14.08.2025,Return received in warehouse,2025-08-15 19:34:00,Яндекс.Маркет (Софьино),Екатеринбург,1224.0,1224.0,2026-01-05T10:00:00+00:00,demo
ORD-101380,13.08.2025,Sale to individual,CAP-005,Cap #5,1800.0,1,1,14.08.2025,Delivered to buyer,2025-08-18 11:58:00,Яндекс.Маркет (Софьино),Москва,1530.0,,2026-01-05T10:00:00+00:00,demo
ORD-101380,13.08.2025,Sale to individual,HOO-003,Hoodie #3,4420.0,1,1,14.08.2025,Delivered to buyer,2025-08-18 11:58:00,Яндекс.Маркет (Софьино),Москва,4199.0,,2026-01-05T10:00:00+00:00,demo
ORD-101381,13.08.2025,Sale to individual,HOO-003,Hoodie #3,4420.0,1,1,16.08.2025,Delivered to buyer,2025-08-17 09:16:00,Яндекс.Маркет (Софьино),Санкт-Петербург,3978.0,,2026-01-05T10:00:00+00:00,demo
ORD-101382,14.08.2025,Sale to individual,HOO-007,Hoodie #7,6730.0,2,2,16.08.2025,Delivered to buyer,2025-08-15 10:51:00,Яндекс.Маркет (Софьино),Москва,11441.0,,2026-01-05T10:00:00+00:00,demo
ORD-101382,14.08.2025,Sale to individual,HOO-002,Hoodie #2,4910.0,1,1,16.08.2025,Delivered to buyer,2025-08-16 10:51:00,Яндекс.Маркет (Софьино),Москва,4419.0,,2026-01-05T10:00:00+00:00,demo
ORD-101382,14.08.2025,Sale to individual,HOO-007,Hoodie #7,6730.0,1,1,16.08.2025,Delivered to buyer,2025-08-15 10:51:00,Яндекс.Маркет (Софьино),Москва,6393.5,,2026-01-05T10:00:00+00:00,demo
ORD-101383,14.08.2025,Sale to individual,CAP-001,Cap #1,1630.0,1,1,15.08.2025,Delivered to buyer,2025-08-19 20:00:00,Яндекс.Маркет (Софьино),Москва,1630.0,,2026-01-05T10:00:00+00:00,demo
ORD-101383,14.08.2025,Sale to individual,CAP-005,Cap #5,1800.0,1,1,15.08.2025,Delivered to buyer,2025-08-16 20:00:00,Яндекс.Маркет (Софьино),Москва,1800.0,,2026-01-05T10:00:00+00:00,demo
ORD-101383,14.08.2025,Sale to individual,CAP-002,Cap #2,1800.0,2,2,15.08.2025,Delivered to buyer,2025-08-18 20:00:00,Яндекс.Маркет (Софьино),Москва,3600.0,,2026-01-05T10:00:00+00:00,demo
ORD-101384,14.08.2025,Sale to individual,CAP-002,Cap #2,1800.0,1,1,15.08.2025,Delivered to buyer,2025-08-15 18:23:00,Яндекс.Маркет (Софьино),Казань,1620.0,,2026-01-05T10:00:00+00:00,demo
ORD-101384,14.08.2025,Sale to individual,HOO-005,Hoodie #5,4850.0,1,1,15.08.2025,Delivered to buyer,2025-08-17 18:23:00,Яндекс.Маркет (Софьино),Казань,4607.5,,2026-01-05T10:00:00+00:00,demo
ORD-101384,14.08.2025,Sale to individual,CAP-002,Cap #2,1800.0,1,1,15.08.2025,Delivered to buyer,2025-08-19 18:23:00,Яндекс.Маркет (Софьино),Казань,1800.0,,2026-01-05T10:00:00+00:00,demo
ORD-101385,14.08.2025,Sale to individual,T-S-012,T-Shirt #12,2660.0,1,1,18.08.2025,Delivered to buyer,2025-08-17 17:42:00,Яндекс.Маркет (Софьино),Москва,2660.0,,2026-01-05T10:00:00+00:00,demo
ORD-101386,14.08.2025,Sale to individual,T-S-010,T-Shirt #10,2800.0,2,2,15.08.2025,Delivered to buyer,2025-08-15 17:50:00,Яндекс.Маркет (Софьино),Москва,5040.0,,2026-01-05T10:00:00+00:00,demo
ORD-101387,14.08.2025,Sale to individual,T-S-009,T-Shirt #9,2030.0,1,1,15.08.2025,Delivered to buyer,2025-08-19 17:03:00,Яндекс.Маркет (Софьино),Казань,1928.5,,2026-01-05T10:00:00+00:00,demo
ORD-101387,14.08.2025,Sale to individual,T-S-009,T-Shirt #9,2030.0,1,1,15.08.2025,Delivered to buyer,2025-08-16 17:03:00,Яндекс.Маркет (Софьино),Казань,1725.5,,2026-01-05T10:00:00+00:00,demo
ORD-101387,14.08.2025,Sale to individual,T-S-010,T-Shirt #10,2800.0,2,2,15.08.2025,Delivered to buyer,2025-08-19 17:03:00,Яндекс.Маркет (Софьино),Казань,5040.0,,2026-01-05T10:00:00+00:00,demo
ORD-101388,14.08.2025,Sale to individual,HOO-001,Hoodie #1,5990.0,1,1,16.08.2025,Delivered to buyer,2025-08-17 11:26:00,Яндекс.Маркет (Софьино),Казань,5990.0,,2026-01-05T10:00:00+00:00,demo
ORD-101389,15.08.2025,Sale to individual,CAP-002,Cap #2,1800.0,2,2,16.08.2025,Delivered to buyer,2025-08-17 14:46:00,Яндекс.Маркет (Софьино),Москва,3600.0,,2026-01-05T10:00:00+00:00,demo
ORD-101389,15.08.2025,Sale to individual,HOO-007,Hoodie #7,6730.0,2,2,16.08.2025,Delivered to buyer,2025-08-20 14:46:00,Яндекс.Маркет (Софьино),Москва,11441.0,,2026-01-05T10:00:00+00:00,demo
ORD-101390,15.08.2025,Sale to individual,CAP-003,Cap #3,1680.0,1,1,18.08.2025,Delivered to buyer,2025-08-16 15:39:00,Яндекс.Маркет (Софьино),Екатеринбург,1680.0,,2026-01-05T10:00:00+00:00,demo
ORD-101391,15.08.2025,Sale to individual,CAP-005,Cap #5,1800.0,1,1,16.08.2025,Delivered to buyer,2025-08-20 12:51:00,Яндекс.Маркет (Софьино),Казань,1530.0,,2026-01-05T10:00:00+00:00,demo
ORD-101392,15.08.2025,Sale to individual,T-S-008,T-Shirt #8,2110.0,1,1,18.08.2025,Return received in warehouse,2025-08-17 08:16:00,Яндекс.Маркет (Софьино),Санкт-Петербург,1899.0,1899.0,2026-01-05T10:00:00+00:00,demo
ORD-101392,15.08.2025,Sale to individual,ACC-003,Accessorie #3,1190.0,1,1,18.08.2025,Return received in warehouse,2025-08-18 08:16:00,Яндекс.Маркет (Софьино),Санкт-Петербург,1071.0,1071.0,2026-01-05T10:00:00+00:00,demo
ORD-101392,15.08.2025,Sale to individual,T-S-012,T-Shirt #12,2660.0,1,1,18.08.2025,Return received in warehouse,2025-08-16 08:16:00,Яндекс.Маркет (Софьино),Санкт-Петербург,2660.0,2660.0,2026-01-05T10:00:00+00:00,demo
ORD-101393,15.08.2025,Sale to individual,T-S-008,T-Shirt #8,2110.0,2,2,18.08.2025,Delivered to buyer,2025-08-17 19:25:00,Яндекс.Маркет (Софьино),Казань,4009.0,,2026-01-05T10:00:00+00:00,demo
ORD-101393,15.08.2025,Sale to individual,HOO-004,Hoodie #4,5110.0,1,1,18.08.2025,Delivered to buyer,2025-08-19 19:25:00,Яндекс.Маркет (Софьино),Казань,5110.0,,2026-01-05T10:00:00+00:00,demo
ORD-101393,15.08.2025,Sale to individual,HOO-008,Hoodie #8,5940.0,1,1,18.08.2025,Delivered to buyer,2025-08-20 19:25:00,Яндекс.Маркет (Софьино),Казань,5643.0,,2026-01-05T10:00:00+00:00,demo
ORD-101394,15.08.2025,Sale to individual,T-S-003,T-Shirt #3,2990.0,2,2,18.08.2025,Delivered to buyer,2025-08-19 11:06:00,Яндекс.Маркет (Софьино),Москва,5681.0,,2026-01-05T10:00:00+00:00,demo
ORD-101395,16.08.2025,Sale to individual,CAP-005,Cap #5,1800.0,1,1,19.08.2025,Delivered to buyer,2025-08-18 13:48:00,Яндекс.Маркет (Софьино),Москва,1620.0,,2026-01-05T10:00:00+00:00,demo
ORD-101396,16.08.2025,Sale to individual,HOO-008,Hoodie #8,5940.0,1,0,,Cancelled,2025-08-20 18:23:00,Яндекс.Маркет (Софьино),Москва,,,2026-01-05T10:00:00+00:00,demo
ORD-101396,16.08.2025,Sale to individual,T-S-010,T-Shirt #10,2800.0,1,0,,Cancelled,2025-08-19 18:23:00,Яндекс.Маркет (Софьино),Москва,,,2026-01-05T10:00:00+00:00,demo
ORD-101397,16.08.2025,Sale to individual,CAP-002,Cap #2,1800.0,1,1,17.08.2025,Delivered to buyer,2025-08-21 16:36:00,Яндекс.Маркет (Софьино),Казань,1530.0,,2026-01-05T10:00:00+00:00,demo
ORD-101398,16.08.2025,Sale to individual,CAP-002,Cap #2,1800.0,2,2,19.08.2025,Delivered to buyer,2025-08-17 10:53:00,Яндекс.Маркет (Софьино),Санкт-Петербург,3060.0,,2026-01-05T10:00:00+00:00,demo
ORD-101399,16.08.2025,Sale to individual,CAP-001,Cap #1,1630.0,1,0,,Cancelled,2025-08-18 19:21:00,Яндекс.Маркет (Софьино),Москва,,,2026-01-05T10:00:00+00:00,demo
ORD-101400,16.08.2025,Sale to individual,CAP-004,Cap #4,1680.0,1,1,19.08.2025,Delivered to buyer,2025-08-20 11:48:00,Яндекс.Маркет (Софьино),Казань,1680.0,,2026-01-05T10:00:00+00:00,demo
ORD-101401,16.08.2025,Sale to individual,T-S-004,T-Shirt #4,1960.0,2,2,18.08.2025,Return received in warehouse,2025-08-20 11:51:00,Яндекс.Маркет (Софьино),Екатеринбург,3332.0,3332.0,2026-01-05T10:00:00+00:00,demo
ORD-101402,17.08.2025,Sale to individual,HOO-005,Hoodie #5,4850.0,2,2,19.08.2025,Delivered to buyer,2025-08-19 08:38:00,Яндекс.Маркет (Софьино),Санкт-Петербург,9700.0,,2026-01-05T10:00:00+00:00,demo
ORD-101403,17.08.2025,Sale to individual,ACC-001,Accessorie #1,990.0,1,1,19.08.2025,Delivered to buyer,2025-08-22 18:20:00,Яндекс.Маркет (Софьино),Москва,990.0,,2026-01-05T10:00:00+00:00,demo
ORD-101404,17.08.2025,Sale to individual,T-S-004,T-Shirt #4,1960.0,1,1,20.08.2025,Return received in warehouse,2025-08-19 16:31:00,Яндекс.Маркет (Софьино),Новосибирск,1960.0,1960.0,2026-01-05T10:00:00+00:00,demo
ORD-101404,17.08.2025,Sale to individual,ACC-004,Accessorie #4,1120.0,1,1,20.08.2025,Return received in warehouse,2025-08-18 16:31:00,Яндекс.Маркет (Софьино),Новосибирск,1120.0,1120.0,2026-01-05T10:00:00+00:00,demo
ORD-101405,17.08.2025,Sale to individual,HOO-004,Hoodie #4,5110.0,1,1,21.08.2025,Delivered to buyer,2025-08-21 09:21:00,Яндекс.Маркет (Софьино),Екатеринбург,5110.0,,2026-01-05T10:00:00+00:00,demo
ORD-101406,17.08.2025,Sale to individual,CAP-002,Cap #2,1800.0,1,1,21.08.2025,Delivered to buyer,2025-08-18 15:40:00,Яндекс.Маркет (Софьино),Екатеринбург,1620.0,,2026-01-05T10:00:00+00:00,demo
ORD-101407,18.08.2025,Sale to individual,HOO-006,Hoodie #6,6060.0,1,1,22.08.2025,Delivered to buyer,2025-08-19 18:13:00,Яндекс.Маркет (Софьино),Казань,6060.0,,2026-01-05T10:00:00+00:00,demo
ORD-101408,18.08.2025,Sale to individual,HOO-007,Hoodie #7,6730.0,1,1,19.08.2025,Delivered to buyer,2025-08-20 17:04:00,Яндекс.Маркет (Софьино),Москва,6730.0,,2026-01-05T10:00:00+00:00,demo
ORD-101408,18.08.2025,Sale to individual,HOO-005,Hoodie #5,4850.0,2,2,19.08.2025,Delivered to buyer,2025-08-22 17:04:00,Яндекс.Маркет (Софьино),Москва,8245.0,,2026-01-05T10:00:00+00:00,demo
ORD-101409,19.08.2025,Sale to individual,CAP-004,Cap #4,1680.0,1,1,21.08.2025,Delivered to buyer,2025-08-24 20:26:00,Яндекс.Маркет (Софьино),Санкт-Петербург,1428.0,,2026-01-05T10:00:00+00:00,demo
ORD-101410,19.08.2025,Sale to individual,T-S-009,T-Shirt #9,2030.0,1,1,21.08.2025,Delivered to buyer,2025-08-20 10:04:00,Яндекс.Маркет (Софьино),Москва,1928.5,,2026-01-05T10:00:00+00:00,demo
ORD-101410,19.08.2025,Sale to individual,T-S-010,T-Shirt #10,2800.0,1,1,21.08.2025,Delivered to buyer,2025-08-24 10:04:00,Яндекс.Маркет (Софьино),Москва,2800.0,,2026-01-05T10:00:00+00:00,demo
ORD-101411,19.08.2025,Sale to individual,HOO-007,Hoodie #7,6730.0,1,1,20.08.2025,Delivered to buyer,2025-08-23 14:47:00,Яндекс.Маркет (Софьино),Казань,6057.0,,2026-01-05T10:00:00+00:00,demo
ORD-101412,19.08.2025,Sale to individual,CAP-001,Cap #1,1630.0,2,2,20.08.2025,Delivered to buyer,2025-08-20 14:50:00,Яндекс.Маркет (Софьино),Санкт-Петербург,3260.0,,2026-01-05T10:00:00+00:00,demo
ORD-101412,19.08.2025,Sale to individual,T-S-005,T-Shirt #5,1950.0,1,1,20.08.2025,Delivered to buyer,2025-08-24 14:50:00,Яндекс.Маркет (Софьино),Санкт-Петербург,1950.0,,2026-01-05T10:00:00+00:00,demo
ORD-101413,19.08.2025,Sale to individual,T-S-003,T-Shirt #3,2990.0,2,2,23.08.2025,Delivered to buyer,2025-08-23 13:24:00,Яндекс.Маркет (Софьино),Москва,5980.0,,2026-01-05T10:00:00+00:00,demo
ORD-101413,19.08.2025,Sale to individual,CAP-005,Cap #5,1800.0,1,1,23.08.2025,Delivered to buyer,2025-08-21 13:24:00,Яндекс.Маркет (Софьино),Москва,1710.0,,2026-01-05T10:00:00+00:00,demo
ORD-101414,19.08.2025,Sale to individual,ACC-002,Accessorie #2,1440.0,1,1,21.08.2025,Delivered to buyer,2025-08-24 10:49:00,Яндекс.Маркет (Софьино),Казань,1296.0,,2026-01-05T10:00:00+00:00,demo
ORD-101415,20.08.2025,Sale to individual,HOO-007,Hoodie #7,6730.0,1,1,21.08.2025,Delivered to buyer,2025-08-22 10:27:00,Яндекс.Маркет (Софьино),Екатеринбург,5720.5,,2026-01-05T10:00:00+00:00,demo
ORD-101415,20.08.2025,Sale to individual,T-S-012,T-Shirt #12,2660.0,1,1,21.08.2025,Delivered to buyer,2025-08-21 10:27:00,Яндекс.Маркет (Софьино),Екатеринбург,2527.0,,2026-01-05T10:00:00+00:00,demo
ORD-101416,20.08.2025,Sale to individual,ACC-004,Accessorie #4,1120.0,1,1,21.08.2025,Delivered to buyer,2025-08-24 11:19:00,Яндекс.Маркет (Софьино),Казань,1120.0,,2026-01-05T10:00:00+00:00,demo
ORD-101416,20.08.2025,Sale to individual,CAP-003,Cap #3,1680.0,1,1,21.08.2025,Delivered to buyer,2025-08-21 11:19:00,Яндекс.Маркет (Софьино),Казань,1512.0,,2026-01-05T10:00:00+00:00,demo
ORD-101417,20.08.2025,Sale to individual,CAP-002,Cap #2,1800.0,2,2,23.08.2025,Delivered to buyer,2025-08-25 11:41:00,Яндекс.Маркет (Софьино),Казань,3600.0,,2026-01-05T10:00:00+00:00,demo
ORD-101417,20.08.2025,Sale to individual,T-S-002,T-Shirt #2,2190.0,1,1,23.08.2025,Delivered to buyer,2025-08-23 11:41:00,Яндекс.Маркет (Софьино),Казань,1861.5,,2026-01-05T10:00:00+00:00,demo
ORD-101418,20.08.2025,Sale to individual,T-S-010,T-Shirt #10,2800.0,1,1,21.08.2025,Delivered to buyer,2025-08-23 17:45:00,Яндекс.Маркет (Софьино),Санкт-Петербург,2520.0,,2026-01-05T10:00:00+00:00,demo
ORD-101419,20.08.2025,Sale to individual,CAP-002,Cap #2,1800.0,2,2,24.08.2025,Delivered to buyer,2025-08-25 20:10:00,Яндекс.Маркет (Софьино),Новосибирск,3420.0,,2026-01-05T10:00:00+00:00,demo
ORD-101419,20.08.2025,Sale to individual,HOO-007,Hoodie #7,6730.0,2,2,24.08.2025,Delivered to buyer,2025-08-25 20:10:00,Яндекс.Маркет (Софьино),Новосибирск,13460.0,,2026-01-05T10:00:00+00:00,demo
ORD-101420,20.08.2025,Sale to individual,T-S-010,T-Shirt #10,2800.0,1,1,23.08.2025,Delivered to buyer,2025-08-25 10:34:00,Яндекс.Маркет (Софьино),Санкт-Петербург,2660.0,,2026-01-05T10:00:00+00:00,demo
ORD-101420,20.08.2025,Sale to individual,ACC-003,Accessorie #3,1190.0,1,1,23.08.2025,Delivered to buyer,2025-08-21 10:34:00,Яндекс.Маркет (Софьино),Санкт-Петербург,1130.5,,2026-01-05T10:00:00+00:00,demo
ORD-101421,21.08.2025,Sale to individual,ACC-002,Accessorie #2,1440.0,1,1,23.08.2025,Delivered to buyer,2025-08-24 17:50:00,Яндекс.Маркет (Софьино),Москва,1440.0,,2026-01-05T10:00:00+00:00,demo
ORD-101422,21.08.2025,Sale to individual,HOO-004,Hoodie #4,5110.0,2,2,25.08.2025,Return received in warehouse,2025-08-22 10:49:00,Яндекс.Маркет (Софьино),Москва,8687.0,8687.0,2026-01-05T10:00:00+00:00,demo
ORD-101422,21.08.2025,Sale to individual,ACC-004,Accessorie #4,1120.0,2,2,25.08.2025,Return received in warehouse,2025-08-25 10:49:00,Яндекс.Маркет (Софьино),Москва,2240.0,2240.0,2026-01-05T10:00:00+00:00,demo
ORD-101423,21.08.2025,Sale to individual,HOO-007,Hoodie #7,6730.0,1,1,25.08.2025,Delivered to buyer,2025-08-26 09:29:00,Яндекс.Маркет (Софьино),Санкт-Петербург,6393.5,,2026-01-05T10:00:00+00:00,demo
ORD-101424,21.08.2025,Sale to individual,HOO-008,Hoodie #8,5940.0,1,0,,Cancelled,2025-08-26 11:33:00,Яндекс.Маркет (Софьино),Екатеринбург,,,2026-01-05T10:00:00+00:00,demo
ORD-101425,21.08.2025,Sale to individual,CAP-004,Cap #4,1680.0,2,2,22.08.2025,Delivered to buyer,2025-08-23 18:57:00,Яндекс.Маркет (Софьино),Казань,3360.0,,2026-01-05T10:00:00+00:00,demo
ORD-101426,21.08.2025,Sale to individual,T-S-002,T-Shirt #2,2190.0,2,0,,Cancelled,2025-08-24 17:39:00,Яндекс.Маркет (Софьино),Санкт-Петербург,,,2026-01-05T10:00:00+00:00,demo
ORD-101427,22.08.2025,Sale to individual,T-S-009,T-Shirt #9,2030.0,1,1,26.08.2025,Delivered to buyer,2025-08-23 18:09:00,Яндекс.Маркет (Софьино),Новосибирск,1827.0,,2026-01-05T10:00:00+00:00,demo
ORD-101427,22.08.2025,Sale to individual,CAP-004,Cap #4,1680.0,1,1,26.08.2025,Delivered to buyer,2025-08-27 18:09:00,Яндекс.Маркет (Софьино),Новосибирск,1680.0,,2026-01-05T10:00:00+00:00,demo
ORD-101427,22.08.2025,Sale to individual,T-S-010,T-Shirt #10,2800.0,2,2,26.08.2025,Delivered to buyer,2025-08-23 18:09:00,Яндекс.Маркет (Софьино),Новосибирск,5040.0,,2026-01-05T10:00:00+00:00,demo
ORD-101428,22.08.2025,Sale to individual,CAP-004,Cap #4,1680.0,1,0,,Cancelled,2025-08-25 21:43:00,Яндекс.Маркет (Софьино),Казань,,,2026-01-05T10:00:00+00:00,demo
ORD-101429,23.08.2025,Sale to individual,CAP-004,Cap #4,1680.0,1,1,25.08.2025,Delivered to buyer,2025-08-24 16:09:00,Яндекс.Маркет (Софьино),Екатеринбург,1680.0,,2026-01-05T10:00:00+00:00,demo
ORD-101429,23.08.2025,Sale to individual,T-S-010,T-Shirt #10,2800.0,1,1,25.08.2025,Delivered to buyer,2025-08-25 16:09:00,Яндекс.Маркет (Софьино),Екатеринбург,2520.0,,2026-01-05T10:00:00+00:00,demo
ORD-101430,23.08.2025,Sale to individual,T-S-010,T-Shirt #10,2800.0,1,1,27.08.2025,Delivered to buyer,2025-08-27 08:42:00,Яндекс.Маркет (Софьино),Москва,2800.0,,2026-01-05T10:00:00+00:00,demo
ORD-101430,23.08.2025,Sale to individual,ACC-001,Accessorie #1,990.0,1,1,27.08.2025,Delivered to buyer,2025-08-24 08:42:00,Яндекс.Маркет (Софьино),Москва,990.0,,2026-01-05T10:00:00+00:00,demo
ORD-101431,23.08.2025,Sale to individual,T-S-002,T-Shirt #2,2190.0,2,0,,Cancelled,2025-08-24 11:52:00,Яндекс.Маркет (Софьино),Москва,,,2026-01-05T10:00:00+00:00,demo
ORD-101432,23.08.2025,Sale to individual,HOO-007,Hoodie #7,6730.0,1,1,24.08.2025,Delivered to buyer,2025-08-27 18:17:00,Яндекс.Маркет (Софьино),Москва,6730.0,,2026-01-05T10:00:00+00:00,demo
ORD-101433,23.08.2025,Sale to individual,ACC-003,Accessorie #3,1190.0,1,1,25.08.2025,Delivered to buyer,2025-08-25 20:11:00,Яндекс.Маркет (Софьино),Санкт-Петербург,1130.5,,2026-01-05T10:00:00+00:00,demo
ORD-101433,23.08.2025,Sale to individual,HOO-007,Hoodie #7,6730.0,1,1,25.08.2025,Delivered to buyer,2025-08-24 20:11:00,Яндекс.Маркет (Софьино),Санкт-Петербург,6393.5,,2026-01-05T10:00:00+00:00,demo
ORD-101434,23.08.2025,Sale to individual,T-S-007,T-Shirt #7,2890.0,1,1,26.08.2025,Delivered to buyer,2025-08-27 15:28:00,Яндекс.Маркет (Софьино),Новосибирск,2601.0,,2026-01-05T10:00:00+00:00,demo
ORD-101434,23.08.2025,Sale to individual,CAP-002,Cap #2,1800.0,1,1,26.08.2025,Delivered to buyer,2025-08-25 15:28:00,Яндекс.Маркет (Софьино),Новосибирск,1530.0,,2026-01-05T10:00:00+00:00,demo
ORD-101435,23.08.2025,Sale to individual,CAP-005,Cap #5,1800.0,1,1,24.08.2025,Delivered to buyer,2025-08-28 08:35:00,Яндекс.Маркет (Софьино),Новосибирск,1800.0,,2026-01-05T10:00:00+00:00,demo
ORD-101435,23.08.2025,Sale to individual,CAP-002,Cap #2,1800.0,1,1,24.08.2025,Delivered to buyer,2025-08-24 08:35:00,Яндекс.Маркет (Софьино),Новосибирск,1710.0,,2026-01-05T10:00:00+00:00,demo
ORD-101435,23.08.2025,Sale to individual,CAP-004,Cap #4,1680.0,2,2,24.08.2025,Delivered to buyer,2025-08-28 08:35:00,Яндекс.Маркет (Софьино),Новосибирск,2856.0,,2026-01-05T10:00:00+00:00,demo
ORD-101436,23.08.2025,Sale to individual,T-S-012,T-Shirt #12,2660.0,1,1,25.08.2025,Delivered to buyer,2025-08-26 09:12:00,Яндекс.Маркет (Софьино),Москва,2527.0,,2026-01-05T10:00:00+00:00,demo
ORD-101437,24.08.2025,Sale to individual,ACC-003,Accessorie #3,1190.0,1,0,,Cancelled,2025-08-29 22:10:00,Яндекс.Маркет (Софьино),Новосибирск,,,2026-01-05T10:00:00+00:00,demo
ORD-101438,24.08.2025,Sale to individual,HOO-008,Hoodie #8,5940.0,1,1,26.08.2025,Delivered to buyer,2025-08-28 15:00:00,Яндекс.Маркет (Софьино),Москва,5940.0,,2026-01-05T10:00:00+00:00,demo
ORD-101439,24.08.2025,Sale to individual,CAP-004,Cap #4,1680.0,1,1,28.08.2025,Delivered to buyer,2025-08-28 11:48:00,Яндекс.Маркет (Софьино),Казань,1512.0,,2026-01-05T10:00:00+00:00,demo
ORD-101440,26.08.2025,Sale to individual,T-S-002,T-Shirt #2,2190.0,1,1,28.08.2025,Delivered to buyer,2025-08-31 09:12:00,Яндекс.Маркет (Софьино),Казань,2080.5,,2026-01-05T10:00:00+00:00,demo
ORD-101440,26.08.2025,Sale to individual,HOO-008,Hoodie #8,5940.0,1,1,28.08.2025,Delivered to buyer,2025-08-31 09:12:00,Яндекс.Маркет (Софьино),Казань,5940.0,,2026-01-05T10:00:00+00:00,demo
ORD-101441,26.08.2025,Sale to individual,HOO-001,Hoodie #1,5990.0,2,2,30.08.2025,Delivered to buyer,2025-08-29 08:09:00,Яндекс.Маркет (Софьино),Москва,11381.0,,2026-01-05T10:00:00+00:00,demo
ORD-101442,26.08.2025,Sale to individual,T-S-009,T-Shirt #9,2030.0,1,1,28.08.2025,Delivered to buyer,2025-08-30 11:28:00,Яндекс.Маркет (Софьино),Москва,1827.0,,2026-01-05T10:00:00+00:00,demo
ORD-101442,26.08.2025,Sale to individual,T-S-004,T-Shirt #4,1960.0,1,1,28.08.2025,Delivered to buyer,2025-08-27 11:28:00,Яндекс.Маркет (Софьино),Москва,1960.0,,2026-01-05T10:00:00+00:00,demo
ORD-101442,26.08.2025,Sale to individual,T-S-012,T-Shirt #12,2660.0,1,1,28.08.2025,Delivered to buyer,2025-08-27 11:28:00,Яндекс.Маркет (Софьино),Москва,2660.0,,2026-01-05T10:00:00+00:00,demo
ORD-101443,26.08.2025,Sale to individual,HOO-007,Hoodie #7,6730.0,2,2,28.08.2025,Delivered to buyer,2025-08-31 22:52:00,Яндекс.Маркет (Софьино),Казань,13460.0,,2026-01-05T10:00:00+00:00,demo
ORD-101444,27.08.2025,Sale to individual,CAP-002,Cap #2,1800.0,1,1,31.08.2025,Delivered to buyer,2025-09-01 20:46:00,Яндекс.Маркет (Софьино),Санкт-Петербург,1800.0,,2026-01-05T10:00:00+00:00,demo
ORD-101445,27.08.2025,Sale to individual,T-S-002,T-Shirt #2,2190.0,1,1,30.08.2025,Delivered to buyer,2025-09-01 16:43:00,Яндекс.Маркет (Софьино),Новосибирск,1971.0,,2026-01-05T10:00:00+00:00,demo
ORD-101445,27.08.2025,Sale to individual,T-S-009,T-Shirt #9,2030.0,2,2,30.08.2025,Delivered to buyer,2025-08-28 16:43:00,Яндекс.Маркет (Софьино),Новосибирск,3654.0,,2026-01-05T10:00:00+00:00,demo
ORD-101446,27.08.2025,Sale to individual,CAP-005,Cap #5,1800.0,1,1,28.08.2025,Delivered to buyer,2025-08-30 15:44:00,Яндекс.Маркет (Софьино),Новосибирск,1800.0,,2026-01-05T10:00:00+00:00,demo
ORD-101446,27.08.2025,Sale to individual,T-S-012,T-Shirt #12,2660.0,1,1,28.08.2025,Delivered to buyer,2025-09-01 15:44:00,Яндекс.Маркет (Софьино),Новосибирск,2394.0,,2026-01-05T10:00:00+00:00,demo
ORD-101447,28.08.2025,Sale to individual,T-S-008,T-Shirt #8,2110.0,1,1,30.08.2025,Delivered to buyer,2025-08-29 09:42:00,Яндекс.Маркет (Софьино),Казань,2110.0,,2026-01-05T10:00:00+00:00,demo
ORD-101448,28.08.2025,Sale to individual,CAP-003,Cap #3,1680.0,2,2,31.08.2025,Delivered to buyer,2025-08-31 18:55:00,Яндекс.Маркет (Софьино),Екатеринбург,3360.0,,2026-01-05T10:00:00+00:00,demo
ORD-101449,28.08.2025,Sale to individual,HOO-007,Hoodie #7,6730.0,1,1,29.08.2025,Delivered to buyer,2025-09-02 17:09:00,Яндекс.Маркет (Софьино),Москва,6393.5,,2026-01-05T10:00:00+00:00,demo
ORD-101449,28.08.2025,Sale to individual,ACC-003,Accessorie #3,1190.0,2,2,29.08.2025,Delivered to buyer,2025-09-02 17:09:00,Яндекс.Маркет (Софьино),Москва,2142.0,,2026-01-05T10:00:00+00:00,demo
ORD-101450,28.08.2025,Sale to individual,T-S-011,T-Shirt #11,2370.0,1,1,31.08.2025,Delivered to buyer,2025-08-29 16:37:00,Яндекс.Маркет (Софьино),Екатеринбург,2014.5,,2026-01-05T10:00:00+00:00,demo
ORD-101451,28.08.2025,Sale to individual,CAP-004,Cap #4,1680.0,1,1,29.08.2025,Delivered to buyer,2025-09-01 10:57:00,Яндекс.Маркет (Софьино),Екатеринбург,1428.0,,2026-01-05T10:00:00+00:00,demo
ORD-101452,29.08.2025,Sale to individual,T-S-006,T-Shirt #6,2570.0,1,0,,Cancelled,2025-09-01 12:32:00,Яндекс.Маркет (Софьино),Екатеринбург,,,2026-01-05T10:00:00+00:00,demo
ORD-101452,29.08.2025,Sale to individual,ACC-001,Accessorie #1,990.0,1,0,,Cancelled,2025-09-03 12:32:00,Яндекс.Маркет (Софьино),Екатеринбург,,,2026-01-05T10:00:00+00:00,demo
ORD-101452,29.08.2025,Sale to individual,T-S-010,T-Shirt #10,2800.0,2,0,,Cancelled,2025-09-02 12:32:00,Яндекс.Маркет (Софьино),Екатеринбург,,,2026-01-05T10:00:00+00:00,demo
ORD-101453,29.08.2025,Sale to individual,ACC-002,Accessorie #2,1440.0,2,2,31.08.2025,Delivered to buyer,2025-09-02 13:59:00,Яндекс.Маркет (Софьино),Новосибирск,2592.0,,2026-01-05T10:00:00+00:00,demo
ORD-101454,29.08.2025,Sale to individual,ACC-003,Accessorie #3,1190.0,1,1,31.08.2025,Delivered to buyer,2025-08-30 16:49:00,Яндекс.Маркет (Софьино),Новосибирск,1071.0,,2026-01-05T10:00:00+00:00,demo
ORD-101455,29.08.2025,Sale to individual,HOO-006,Hoodie #6,6060.0,1,1,02.09.2025,Delivered to buyer,2025-09-03 09:46:00,Яндекс.Маркет (Софьино),Екатеринбург,5151.0,,2026-01-05T10:00:00+00:00,demo
ORD-101455,29.08.2025,Sale to individual,T-S-012,T-Shirt #12,2660.0,2,2,02.09.2025,Delivered to buyer,2025-09-02 09:46:00,Яндекс.Маркет (Софьино),Екатеринбург,4522.0,,2026-01-05T10:00:00+00:00,demo
ORD-101456,29.08.2025,Sale to individual,HOO-001,Hoodie #1,5990.0,2,0,,Cancelled,2025-09-03 21:09:00,Яндекс.Маркет (Софьино),Санкт-Петербург,,,2026-01-05T10:00:00+00:00,demo
ORD-101457,29.08.2025,Sale to individual,HOO-007,Hoodie #7,6730.0,1,1,30.08.2025,Delivered to buyer,2025-09-01 18:33:00,Яндекс.Маркет (Софьино),Санкт-Петербург,6730.0,,2026-01-05T10:00:00+00:00,demo
ORD-101457,29.08.2025,Sale to individual,HOO-008,Hoodie #8,5940.0,1,1,30.08.2025,Delivered to buyer,2025-09-02 18:33:00,Яндекс.Маркет (Софьино),Санкт-Петербург,5643.0,,2026-01-05T10:00:00+00:00,demo
ORD-101458,29.08.2025,Sale to individual,T-S-012,T-Shirt #12,2660.0,1,1,01.09.2025,Delivered to buyer,2025-08-31 19:39:00,Яндекс.Маркет (Софьино),Санкт-Петербург,2261.0,,2026-01-05T10:00:00+00:00,demo
ORD-101458,29.08.2025,Sale to individual,T-S-002,T-Shirt #2,2190.0,1,1,01.09.2025,Delivered to buyer,2025-09-01 19:39:00,Яндекс.Маркет (Софьино),Санкт-Петербург,2080.5,,2026-01-05T10:00:00+00:00,demo
ORD-101458,29.08.2025,Sale to individual,HOO-008,Hoodie #8,5940.0,1,1,01.09.2025,Delivered to buyer,2025-09-03 19:39:00,Яндекс.Маркет (Софьино),Санкт-Петербург,5940.0,,2026-01-05T10:00:00+00:00,demo
ORD-101459,29.08.2025,Sale to individual,T-S-007,T-Shirt #7,2890.0,1,1,02.09.2025,Delivered to buyer,2025-08-31 15:37:00,Яндекс.Маркет (Софьино),Екатеринбург,2890.0,,2026-01-05T10:00:00+00:00,demo
ORD-101460,30.08.2025,Sale to individual,CAP-004,Cap #4,1680.0,1,1,02.09.2025,Delivered to buyer,2025-09-03 10:43:00,Яндекс.Маркет (Софьино),Санкт-Петербург,1596.0,,2026-01-05T10:00:00+00:00,demo
ORD-101460,30.08.2025,Sale to individual,T-S-008,T-Shirt #8,2110.0,1,1,02.09.2025,Delivered to buyer,2025-08-31 10:43:00,Яндекс.Маркет (Софьино),Санкт-Петербург,2004.5,,2026-01-05T10:00:00+00:00,demo
ORD-101461,30.08.2025,Sale to individual,HOO-002,Hoodie #2,4910.0,2,0,,Cancelled,2025-09-02 18:58:00,Яндекс.Маркет (Софьино),Казань,,,2026-01-05T10:00:00+00:00,demo
ORD-101462,30.08.2025,Sale to individual,ACC-003,Accessorie #3,1190.0,1,1,01.09.2025,Delivered to buyer,2025-09-04 10:36:00,Яндекс.Маркет (Софьино),Санкт-Петербург,1011.5,,2026-01-05T10:00:00+00:00,demo
ORD-101462,30.08.2025,Sale to individual,T-S-008,T-Shirt #8,2110.0,1,1,01.09.2025,Delivered to buyer,2025-09-01 10:36:00,Яндекс.Маркет (Софьино),Санкт-Петербург,2110.0,,2026-01-05T10:00:00+00:00,demo
ORD-101463,30.08.2025,Sale to individual,T-S-010,T-Shirt #10,2800.0,1,1,03.09.2025,Delivered to buyer,2025-09-04 09:35:00,Яндекс.Маркет (Софьино),Новосибирск,2520.0,,2026-01-05T10:00:00+00:00,demo
ORD-101464,30.08.2025,Sale to individual,CAP-003,Cap #3,1680.0,1,1,02.09.2025,Delivered to buyer,2025-09-01 08:39:00,Яндекс.Маркет (Софьино),Казань,1680.0,,2026-01-05T10:00:00+00:00,demo
ORD-101464,30.08.2025,Sale to individual,T-S-010,T-Shirt #10,2800.0,1,1,02.09.2025,Delivered to buyer,2025-08-31 08:39:00,Яндекс.Маркет (Софьино),Казань,2380.0,,2026-01-05T10:00:00+00:00,demo
ORD-101465,31.08.2025,Sale to individual,HOO-005,Hoodie #5,4850.0,1,1,01.09.2025,Delivered to buyer,2025-09-02 09:59:00,Яндекс.Маркет (Софьино),Санкт-Петербург,4122.5,,2026-01-05T10:00:00+00:00,demo
ORD-101465,31.08.2025,Sale to individual,T-S-007,T-Shirt #7,2890.0,1,1,01.09.2025,Delivered to buyer,2025-09-01 09:59:00,Яндекс.Маркет (Софьино),Санкт-Петербург,2890.0,,2026-01-05T10:00:00+00:00,demo
ORD-101466,31.08.2025,Sale to individual,T-S-010,T-Shirt #10,2800.0,1,1,03.09.2025,Delivered to buyer,2025-09-03 11:25:00,Яндекс.Маркет (Софьино),Новосибирск,2660.0,,2026-01-05T10:00:00+00:00,demo
ORD-101467,31.08.2025,Sale to individual,HOO-006,Hoodie #6,6060.0,2,2,02.09.2025,Delivered to buyer,2025-09-05 09:13:00,Яндекс.Маркет (Софьино),Санкт-Петербург,10908.0,,2026-01-05T10:00:00+00:00,demo
ORD-101468,31.08.2025,Sale to individual,CAP-005,Cap #5,1800.0,1,1,04.09.2025,Delivered to buyer,2025-09-01 11:51:00,Яндекс.Маркет (Софьино),Екатеринбург,1800.0,,2026-01-05T10:00:00+00:00,demo
ORD-101468,31.08.2025,Sale to individual,T-S-002,T-Shirt #2,2190.0,1,1,04.09.2025,Delivered to buyer,2025-09-01 11:51:00,Яндекс.Маркет (Софьино),Екатеринбург,2190.0,,2026-01-05T10:00:00+00:00,demo
ORD-101469,31.08.2025,Sale to individual,HOO-006,Hoodie #6,6060.0,2,2,04.09.2025,Return received in warehouse,2025-09-01 13:11:00,Яндекс.Маркет (Софьино),Москва,10302.0,10302.0,2026-01-05T10:00:00+00:00,demo
ORD-101469,31.08.2025,Sale to individual,ACC-003,Accessorie #3,1190.0,1,1,04.09.2025,Return received in warehouse,2025-09-01 13:11:00,Яндекс.Маркет (Софьино),Москва,1071.0,1071.0,2026-01-05T10:00:00+00:00,demo
ORD-101470,31.08.2025,Sale to individual,HOO-002,Hoodie #2,4910.0,2,2,02.09.2025,Delivered to buyer,2025-09-02 13:08:00,Яндекс.Маркет (Софьино),Казань,9820.0,,2026-01-05T10:00:00+00:00,demo
ORD-101470,31.08.2025,Sale to individual,CAP-005,Cap #5,1800.0,1,1,02.09.2025,Delivered to buyer,2025-09-04 13:08:00,Яндекс.Маркет (Софьино),Казань,1530.0,,2026-01-05T10:00:00+00:00,demo
ORD-101471,31.08.2025,Sale to individual,HOO-003,Hoodie #3,4420.0,1,1,04.09.2025,Delivered to buyer,2025-09-03 08:20:00,Яндекс.Маркет (Софьино),Санкт-Петербург,3978.0,,2026-01-05T10:00:00+00:00,demo
ORD-101471,31.08.2025,Sale to individual,T-S-010,T-Shirt #10,2800.0,1,1,04.09.2025,Delivered to buyer,2025-09-05 08:20:00,Яндекс.Маркет (Софьино),Санкт-Петербург,2660.0,,2026-01-05T10:00:00+00:00,demo
ORD-101472,31.08.2025,Sale to individual,CAP-004,Cap #4,1680.0,1,1,04.09.2025,Delivered to buyer,2025-09-05 13:46:00,Яндекс.Маркет (Софьино),Казань,1680.0,,2026-01-05T10:00:00+00:00,demo
ORD-101473,31.08.2025,Sale to individual,CAP-004,Cap #4,1680.0,1,1,01.09.2025,Delivered to buyer,2025-09-02 12:39:00,Яндекс.Маркет (Софьино),Новосибирск,1680.0,,2026-01-05T10:00:00+00:00,demo
ORD-101474,01.09.2025,Sale to individual,CAP-004,Cap #4,1680.0,1,1,02.09.2025,Delivered to buyer,2025-09-03 22:02:00,Яндекс.Маркет (Софьино),Казань,1428.0,,2026-01-05T10:00:00+00:00,demo
ORD-101475,01.09.2025,Sale to individual,CAP-005,Cap #5,1800.0,1,1,02.09.2025,Delivered to buyer,2025-09-04 11:08:00,Яндекс.Маркет (Софьино),Москва,1800.0,,2026-01-05T10:00:00+00:00,demo
ORD-101476,01.09.2025,Sale to individual,HOO-007,Hoodie #7,6730.0,1,1,03.09.2025,Delivered to buyer,2025-09-04 15:02:00,Яндекс.Маркет (Софьино),Москва,6393.5,,2026-01-05T10:00:00+00:00,demo
ORD-101476,01.09.2025,Sale to individual,HOO-004,Hoodie #4,5110.0,2,2,03.09.2025,Delivered to buyer,2025-09-06 15:02:00,Яндекс.Маркет (Софьино),Москва,9198.0,,2026-01-05T10:00:00+00:00,demo
ORD-101476,01.09.2025,Sale to individual,T-S-008,T-Shirt #8,2110.0,2,2,03.09.2025,Delivered to buyer,2025-09-05 15:02:00,Яндекс.Маркет (Софьино),Москва,4220.0,,2026-01-05T10:00:00+00:00,demo
ORD-101477,02.09.2025,Sale to individual,ACC-003,Accessorie #3,1190.0,1,1,06.09.2025,Delivered to buyer,2025-09-07 14:28:00,Яндекс.Маркет (Софьино),Москва,1130.5,,2026-01-05T10:00:00+00:00,demo
ORD-101477,02.09.2025,Sale to individual,HOO-007,Hoodie #7,6730.0,1,1,06.09.2025,Delivered to buyer,2025-09-05 14:28:00,Яндекс.Маркет (Софьино),Москва,6393.5,,2026-01-05T10:00:00+00:00,demo
ORD-101477,02.09.2025,Sale to individual,T-S-007,T-Shirt #7,2890.0,1,1,06.09.2025,Delivered to buyer,2025-09-07 14:28:00,Яндекс.Маркет (Софьино),Москва,2890.0,,2026-01-05T10:00:00+00:00,demo
ORD-101478,02.09.2025,Sale to individual,HOO-003,Hoodie #3,4420.0,1,1,04.09.2025,Delivered to buyer,2025-09-04 20:52:00,Яндекс.Маркет (Софьино),Санкт-Петербург,4420.0,,2026-01-05T10:00:00+00:00,demo
ORD-101478,02.09.2025,Sale to individual,CAP-004,Cap #4,1680.0,1,1,04.09.2025,Delivered to buyer,2025-09-05 20:52:00,Яндекс.Маркет (Софьино),Санкт-Петербург,1680.0,,2026-01-05T10:00:00+00:00,demo
ORD-101478,02.09.2025,Sale to individual,CAP-002,Cap #2,1800.0,1,1,04.09.2025,Delivered to buyer,2025-09-06 20:52:00,Яндекс.Маркет (Софьино),Санкт-Петербург,1800.0,,2026-01-05T10:00:00+00:00,demo
ORD-101479,02.09.2025,Sale to individual,T-S-009,T-Shirt #9,2030.0,1,1,03.09.2025,Return received in warehouse,2025-09-06 08:56:00,Яндекс.Маркет (Софьино),Санкт-Петербург,1725.5,1725.5,2026-01-05T10:00:00+00:00,demo
ORD-101479,02.09.2025,Sale to individual,T-S-009,T-Shirt #9,2030.0,1,1,03.09.2025,Return received in warehouse,2025-09-07 08:56:00,Яндекс.Маркет (Софьино),Санкт-Петербург,2030.0,2030.0,2026-01-05T10:00:00+00:00,demo
ORD-101480,02.09.2025,Sale to individual,CAP-002,Cap #2,1800.0,1,1,06.09.2025,Delivered to buyer,2025-09-06 20:30:00,Яндекс.Маркет (Софьино),Санкт-Петербург,1710.0,,2026-01-05T10:00:00+00:00,demo
ORD-101480,02.09.2025,Sale to individual,HOO-008,Hoodie #8,5940.0,2,2,06.09.2025,Delivered to buyer,2025-09-05 20:30:00,Яндекс.Маркет (Софьино),Санкт-Петербург,11286.0,,2026-01-05T10:00:00+00:00,demo
ORD-101481,02.09.2025,Sale to individual,T-S-007,T-Shirt #7,2890.0,1,1,05.09.2025,Return received in warehouse,2025-09-04 13:35:00,Яндекс.Маркет (Софьино),Екатеринбург,2745.5,2745.5,2026-01-05T10:00:00+00:00,demo
ORD-101481,02.09.2025,Sale to individual,T-S-007,T-Shirt #7,2890.0,1,1,05.09.2025,Return received in warehouse,2025-09-06 13:35:00,Яндекс.Маркет (Софьино),Екатеринбург,2456.5,2456.5,2026-01-05T10:00:00+00:00,demo
ORD-101482,02.09.2025,Sale to individual,T-S-004,T-Shirt #4,1960.0,1,1,04.09.2025,Delivered to buyer,2025-09-04 22:42:00,Яндекс.Маркет (Софьино),Новосибирск,1764.0,,2026-01-05T10:00:00+00:00,demo
ORD-101482,02.09.2025,Sale to individual,T-S-002,T-Shirt #2,2190.0,1,1,04.09.2025,Delivered to buyer,2025-09-04 22:42:00,Яндекс.Маркет (Софьино),Новосибирск,1971.0,,2026-01-05T10:00:00+00:00,demo
ORD-101482,02.09.2025,Sale to individual,CAP-005,Cap #5,1800.0,1,1,04.09.2025,Delivered to buyer,2025-09-04 22:42:00,Яндекс.Маркет (Софьино),Новосибирск,1620.0,,2026-01-05T10:00:00+00:00,demo
ORD-101483,02.09.2025,Sale to individual,T-S-010,T-Shirt #10,2800.0,1,1,04.09.2025,Delivered to buyer,2025-09-07 18:37:00,Яндекс.Маркет (Софьино),Санкт-Петербург,2380.0,,2026-01-05T10:00:00+00:00,demo
ORD-101484,02.09.2025,Sale to individual,ACC-003,Accessorie #3,1190.0,1,1,06.09.2025,Delivered to buyer,2025-09-03 11:47:00,Яндекс.Маркет (Софьино),Новосибирск,1011.5,,2026-01-05T10:00:00+00:00,demo
ORD-101485,03.09.2025,Sale to individual,ACC-002,Accessorie #2,1440.0,1,1,05.09.2025,Delivered to buyer,2025-09-08 12:15:00,Яндекс.Маркет (Софьино),Казань,1440.0,,2026-01-05T10:00:00+00:00,demo
ORD-101486,03.09.2025,Sale to individual,T-S-011,T-Shirt #11,2370.0,2,2,06.09.2025,Delivered to buyer,2025-09-05 11:20:00,Яндекс.Маркет (Софьино),Новосибирск,4266.0,,2026-01-05T10:00:00+00:00,demo
ORD-101487,03.09.2025,Sale to individual,ACC-003,Accessorie #3,1190.0,1,1,06.09.2025,Delivered to buyer,2025-09-06 20:25:00,Яндекс.Маркет (Софьино),Екатеринбург,1130.5,,2026-01-05T10:00:00+00:00,demo
ORD-101488,03.09.2025,Sale to individual,CAP-002,Cap #2,1800.0,2,2,07.09.2025,Delivered to buyer,2025-09-05 20:49:00,Яндекс.Маркет (Софьино),Новосибирск,3600.0,,2026-01-05T10:00:00+00:00,demo
ORD-101488,03.09.2025,Sale to individual,T-S-005,T-Shirt #5,1950.0,1,1,07.09.2025,Delivered to buyer,2025-09-04 20:49:00,Яндекс.Маркет (Софьино),Новосибирск,1755.0,,2026-01-05T10:00:00+00:00,demo
ORD-101489,03.09.2025,Sale to individual,ACC-002,Accessorie #2,1440.0,1,1,05.09.2025,Delivered to buyer,2025-09-07 08:21:00,Яндекс.Маркет (Софьино),Новосибирск,1440.0,,2026-01-05T10:00:00+00:00,demo
ORD-101489,03.09.2025,Sale to individual,T-S-012,T-Shirt #12,2660.0,1,1,05.09.2025,Delivered to buyer,2025-09-08 08:21:00,Яндекс.Маркет (Софьино),Новосибирск,2660.0,,2026-01-05T10:00:00+00:00,demo
ORD-101489,03.09.2025,Sale to individual,HOO-002,Hoodie #2,4910.0,1,1,05.09.2025,Delivered to buyer,2025-09-05 08:21:00,Яндекс.Маркет (Софьино),Новосибирск,4910.0,,2026-01-05T10:00:00+00:00,demo
ORD-101490,04.09.2025,Sale to individual,CAP-002,Cap #2,1800.0,1,1,07.09.2025,Delivered to buyer,2025-09-05 10:50:00,Яндекс.Маркет (Софьино),Москва,1800.0,,2026-01-05T10:00:00+00:00,demo
ORD-101490,04.09.2025,Sale to individual,CAP-002,Cap #2,1800.0,1,1,07.09.2025,Delivered to buyer,2025-09-09 10:50:00,Яндекс.Маркет (Софьино),Москва,1710.0,,2026-01-05T10:00:00+00:00,demo
ORD-101491,04.09.2025,Sale to individual,HOO-001,Hoodie #1,5990.0,1,1,08.09.2025,Delivered to buyer,2025-09-07 17:51:00,Яндекс.Маркет (Софьино),Новосибирск,5990.0,,2026-01-05T10:00:00+00:00,demo
ORD-101491,04.09.2025,Sale to individual,CAP-005,Cap #5,1800.0,1,1,08.09.2025,Delivered to buyer,2025-09-06 17:51:00,Яндекс.Маркет (Софьино),Новосибирск,1800.0,,2026-01-05T10:00:00+00:00,demo
ORD-101492,04.09.2025,Sale to individual,T-S-008,T-Shirt #8,2110.0,1,1,05.09.2025,Delivered to buyer,2025-09-08 16:25:00,Яндекс.Маркет (Софьино),Казань,2110.0,,2026-01-05T10:00:00+00:00,demo
ORD-101493,04.09.2025,Sale to individual,T-S-012,T-Shirt #12,2660.0,1,1,07.09.2025,Delivered to buyer,2025-09-09 09:52:00,Яндекс.Маркет (Софьино),Казань,2660.0,,2026-01-05T10:00:00+00:00,demo
ORD-101494,04.09.2025,Sale to individual,HOO-005,Hoodie #5,4850.0,1,1,06.09.2025,Delivered to buyer,2025-09-05 08:49:00,Яндекс.Маркет (Софьино),Екатеринбург,4850.0,,2026-01-05T10:00:00+00:00,demo
ORD-101494,04.09.2025,Sale to individual,CAP-003,Cap #3,1680.0,1,1,06.09.2025,Delivered to buyer,2025-09-08 08:49:00,Яндекс.Маркет (Софьино),Екатеринбург,1680.0,,2026-01-05T10:00:00+00:00,demo
ORD-101494,04.09.2025,Sale to individual,CAP-002,Cap #2,1800.0,1,1,06.09.2025,Delivered to buyer,2025-09-06 08:49:00,Яндекс.Маркет (Софьино),Екатеринбург,1530.0,,2026-01-05T10:00:00+00:00,demo
ORD-101495,04.09.2025,Sale to individual,HOO-005,Hoodie #5,4850.0,1,1,06.09.2025,Delivered to buyer,2025-09-09 17:52:00,Яндекс.Маркет (Софьино),Новосибирск,4850.0,,2026-01-05T10:00:00+00:00,demo
ORD-101496,04.09.2025,Sale to individual,T-S-011,T-Shirt #11,2370.0,1,1,05.09.2025,Delivered to buyer,2025-09-06 09:38:00,Яндекс.Маркет (Софьино),Санкт-Петербург,2370.0,,2026-01-05T10:00:00+00:00,demo
ORD-101497,04.09.2025,Sale to individual,T-S-012,T-Shirt #12,2660.0,1,1,08.09.2025,Delivered to buyer,2025-09-05 09:55:00,Яндекс.Маркет (Софьино),Москва,2261.0,,2026-01-05T10:00:00+00:00,demo
ORD-101497,04.09.2025,Sale to individual,HOO-007,Hoodie #7,6730.0,1,1,08.09.2025,Delivered to buyer,2025-09-08 09:55:00,Яндекс.Маркет (Софьино),Москва,6730.0,,2026-01-05T10:00:00+00:00,demo
ORD-101498,05.09.2025,Sale to individual,T-S-006,T-Shirt #6,2570.0,2,2,07.09.2025,Delivered to buyer,2025-09-08 09:08:00,Яндекс.Маркет (Софьино),Москва,5140.0,,2026-01-05T10:00:00+00:00,demo
ORD-101499,05.09.2025,Sale to individual,T-S-008,T-Shirt #8,2110.0,1,1,09.09.2025,Delivered to buyer,2025-09-08 19:59:00,Яндекс.Маркет (Софьино),Екатеринбург,2110.0,,2026-01-05T10:00:00+00:00,demo
ORD-101500,05.09.2025,Sale to individual,T-S-008,T-Shirt #8,2110.0,1,1,09.09.2025,Delivered to buyer,2025-09-08 11:27:00,Яндекс.Маркет (Софьино),Москва,1899.0,,2026-01-05T10:00:00+00:00,demo
ORD-101501,05.09.2025,Sale to individual,T-S-008,T-Shirt #8,2110.0,1,1,07.09.2025,Return received in warehouse,2025-09-10 16:06:00,Яндекс.Маркет (Софьино),Москва,2110.0,2110.0,2026-01-05T10:00:00+00:00,demo
ORD-101502,05.09.2025,Sale to individual,CAP-005,Cap #5,1800.0,1,0,,Cancelled,2025-09-07 14:40:00,Яндекс.Маркет (Софьино),Екатеринбург,,,2026-01-05T10:00:00+00:00,demo
ORD-101503,05.09.2025,Sale to individual,CAP-004,Cap #4,1680.0,1,1,07.09.2025,Delivered to buyer,2025-09-08 12:24:00,Яндекс.Маркет (Софьино),Екатеринбург,1596.0,,2026-01-05T10:00:00+00:00,demo
ORD-101504,06.09.2025,Sale to individual,CAP-002,Cap #2,1800.0,1,1,07.09.2025,Delivered to buyer,2025-09-11 20:47:00,Яндекс.Маркет (Софьино),Екатеринбург,1800.0,,2026-01-05T10:00:00+00:00,demo
ORD-101505,06.09.2025,Sale to individual,ACC-004,Accessorie #4,1120.0,1,1,07.09.2025,Delivered to buyer,2025-09-08 21:01:00,Яндекс.Маркет (Софьино),Москва,1064.0,,2026-01-05T10:00:00+00:00,demo
ORD-101506,06.09.2025,Sale to individual,T-S-010,T-Shirt #10,2800.0,1,1,09.09.2025,Delivered to buyer,2025-09-09 22:22:00,Яндекс.Маркет (Софьино),Санкт-Петербург,2800.0,,2026-01-05T10:00:00+00:00,demo
ORD-101506,06.09.2025,Sale to individual,T-S-010,T-Shirt #10,2800.0,1,1,09.09.2025,Delivered to buyer,2025-09-07 22:22:00,Яндекс.Маркет (Софьино),Санкт-Петербург,2800.0,,2026-01-05T10:00:00+00:00,demo
ORD-101507,06.09.2025,Sale to individual,T-S-006,T-Shirt #6,2570.0,1,1,07.09.2025,Delivered to buyer,2025-09-10 15:59:00,Яндекс.Маркет (Софьино),Новосибирск,2184.5,,2026-01-05T10:00:00+00:00,demo
ORD-101507,06.09.2025,Sale to individual,HOO-006,Hoodie #6,6060.0,1,1,07.09.2025,Delivered to buyer,2025-09-08 15:59:00,Яндекс.Маркет (Софьино),Новосибирск,6060.0,,2026-01-05T10:00:00+00:00,demo
ORD-101508,06.09.2025,Sale to individual,CAP-002,Cap #2,1800.0,1,1,10.09.2025,Delivered to buyer,2025-09-08 17:03:00,Яндекс.Маркет (Софьино),Екатеринбург,1620.0,,2026-01-05T10:00:00+00:00,demo
ORD-101508,06.09.2025,Sale to individual,T-S-003,T-Shirt #3,2990.0,1,1,10.09.2025,Delivered to buyer,2025-09-09 17:03:00,Яндекс.Маркет (Софьино),Екатеринбург,2990.0,,2026-01-05T10:00:00+00:00,demo
ORD-101508,06.09.2025,Sale to individual,T-S-011,T-Shirt #11,2370.0,1,1,10.09.2025,Delivered to buyer,2025-09-09 17:03:00,Яндекс.Маркет (Софьино),Екатеринбург,2251.5,,2026-01-05T10:00:00+00:00,demo
ORD-101509,07.09.2025,Sale to individual,CAP-001,Cap #1,1630.0,1,1,08.09.2025,Delivered to buyer,2025-09-08 21:10:00,Яндекс.Маркет (Софьино),Казань,1630.0,,2026-01-05T10:00:00+00:00,demo
ORD-101510,08.09.2025,Sale to individual,T-S-011,T-Shirt #11,2370.0,1,1,12.09.2025,Delivered to buyer,2025-09-12 15:36:00,Яндекс.Маркет (Софьино),Казань,2251.5,,2026-01-05T10:00:00+00:00,demo
ORD-101511,08.09.2025,Sale to individual,T-S-010,T-Shirt #10,2800.0,1,1,11.09.2025,Delivered to buyer,2025-09-12 18:49:00,Яндекс.Маркет (Софьино),Санкт-Петербург,2660.0,,2026-01-05T10:00:00+00:00,demo
ORD-101512,08.09.2025,Sale to individual,T-S-012,T-Shirt #12,2660.0,1,1,11.09.2025,Delivered to buyer,2025-09-13 10:53:00,Яндекс.Маркет (Софьино),Екатеринбург,2660.0,,2026-01-05T10:00:00+00:00,demo
ORD-101512,08.09.2025,Sale to individual,T-S-005,T-Shirt #5,1950.0,1,1,11.09.2025,Delivered to buyer,2025-09-10 10:53:00,Яндекс.Маркет (Софьино),Екатеринбург,1950.0,,2026-01-05T10:00:00+00:00,demo
ORD-101513,08.09.2025,Sale to individual,T-S-009,T-Shirt #9,2030.0,1,1,12.09.2025,Delivered to buyer,2025-09-10 20:58:00,Яндекс.Маркет (Софьино),Казань,1827.0,,2026-01-05T10:00:00+00:00,demo
ORD-101513,08.09.2025,Sale to individual,T-S-012,T-Shirt #12,2660.0,2,2,12.09.2025,Delivered to buyer,2025-09-09 20:58:00,Яндекс.Маркет (Софьино),Казань,4522.0,,2026-01-05T10:00:00+00:00,demo
ORD-101514,08.09.2025,Sale to individual,HOO-008,Hoodie #8,5940.0,1,1,09.09.2025,Delivered to buyer,2025-09-09 08:33:00,Яндекс.Маркет (Софьино),Москва,5643.0,,2026-01-05T10:00:00+00:00,demo
ORD-101514,08.09.2025,Sale to individual,T-S-012,T-Shirt #12,2660.0,2,2,09.09.2025,Delivered to buyer,2025-09-10 08:33:00,Яндекс.Маркет (Софьино),Москва,5320.0,,2026-01-05T10:00:00+00:00,demo
ORD-101514,08.09.2025,Sale to individual,T-S-007,T-Shirt #7,2890.0,1,1,09.09.2025,Delivered to buyer,2025-09-12 08:33:00,Яндекс.Маркет (Софьино),Москва,2601.0,,2026-01-05T10:00:00+00:00,demo
ORD-101515,08.09.2025,Sale to individual,T-S-009,T-Shirt #9,2030.0,1,1,12.09.2025,Delivered to buyer,2025-09-11 11:03:00,Яндекс.Маркет (Софьино),Казань,1725.5,,2026-01-05T10:00:00+00:00,demo
ORD-101515,08.09.2025,Sale to individual,T-S-003,T-Shirt #3,2990.0,2,2,12.09.2025,Delivered to buyer,2025-09-10 11:03:00,Яндекс.Маркет (Софьино),Казань,5681.0,,2026-01-05T10:00:00+00:00,demo
ORD-101515,08.09.2025,Sale to individual,T-S-002,T-Shirt #2,2190.0,2,2,12.09.2025,Delivered to buyer,2025-09-09 11:03:00,Яндекс.Маркет (Софьино),Казань,4380.0,,2026-01-05T10:00:00+00:00,demo
ORD-101516,08.09.2025,Sale to individual,T-S-012,T-Shirt #12,2660.0,1,0,,Cancelled,2025-09-12 11:01:00,Яндекс.Маркет (Софьино),Екатеринбург,,,2026-01-05T10:00:00+00:00,demo
ORD-101516,08.09.2025,Sale to individual,T-S-010,T-Shirt #10,2800.0,2,0,,Cancelled,2025-09-11 11:01:00,Яндекс.Маркет (Софьино),Екатеринбург,,,2026-01-05T10:00:00+00:00,demo
ORD-101517,09.09.2025,Sale to individual,T-S-001,T-Shirt #1,2690.0,2,2,10.09.2025,Delivered to buyer,2025-09-13 08:13:00,Яндекс.Маркет (Софьино),Санкт-Петербург,5380.0,,2026-01-05T10:00:00+00:00,demo
ORD-101517,09.09.2025,Sale to individual,T-S-008,T-Shirt #8,2110.0,1,1,10.09.2025,Delivered to buyer,2025-09-13 08:13:00,Яндекс.Маркет (Софьино),Санкт-Петербург,1899.0,,2026-01-05T10:00:00+00:00,demo
ORD-101518,09.09.2025,Sale to individual,HOO-005,Hoodie #5,4850.0,1,1,10.09.2025,Delivered to buyer,2025-09-13 21:09:00,Яндекс.Маркет (Софьино),Екатеринбург,4850.0,,2026-01-05T10:00:00+00:00,demo
ORD-101519,09.09.2025,Sale to individual,T-S-011,T-Shirt #11,2370.0,1,1,12.09.2025,Delivered to buyer,2025-09-10 08:03:00,Яндекс.Маркет (Софьино),Казань,2370.0,,2026-01-05T10:00:00+00:00,demo
ORD-101519,09.09.2025,Sale to individual,T-S-004,T-Shirt #4,1960.0,1,1,12.09.2025,Delivered to buyer,2025-09-14 08:03:00,Яндекс.Маркет (Софьино),Казань,1764.0,,2026-01-05T10:00:00+00:00,demo
ORD-101520,09.09.2025,Sale to individual,T-S-002,T-Shirt #2,2190.0,1,1,10.09.2025,Delivered to buyer,2025-09-14 18:29:00,Яндекс.Маркет (Софьино),Казань,1861.5,,2026-01-05T10:00:00+00:00,demo
ORD-101521,09.09.2025,Sale to individual,T-S-001,T-Shirt #1,2690.0,1,1,12.09.2025,Delivered to buyer,2025-09-10 21:45:00,Яндекс.Маркет (Софьино),Москва,2690.0,,2026-01-05T10:00:00+00:00,demo
ORD-101521,09.09.2025,Sale to individual,T-S-009,T-Shirt #9,2030.0,1,1,12.09.2025,Delivered to buyer,2025-09-14 21:45:00,Яндекс.Маркет (Софьино),Москва,1725.5,,2026-01-05T10:00:00+00:00,demo
ORD-101522,09.09.2025,Sale to individual,CAP-004,Cap #4,1680.0,2,2,12.09.2025,Delivered to buyer,2025-09-10 08:51:00,Яндекс.Маркет (Софьино),Новосибирск,3360.0,,2026-01-05T10:00:00+00:00,demo
ORD-101522,09.09.2025,Sale to individual,CAP-004,Cap #4,1680.0,1,1,12.09.2025,Delivered to buyer,2025-09-14 08:51:00,Яндекс.Маркет (Софьино),Новосибирск,1512.0,,2026-01-05T10:00:00+00:00,demo
ORD-101522,09.09.2025,Sale to individual,ACC-003,Accessorie #3,1190.0,2,2,12.09.2025,Delivered to buyer,2025-09-13 08:51:00,Яндекс.Маркет (Софьино),Новосибирск,2380.0,,2026-01-05T10:00:00+00:00,demo
ORD-101523,09.09.2025,Sale to individual,T-S-011,T-Shirt #11,2370.0,1,1,12.09.2025,Delivered to buyer,2025-09-11 17:35:00,Яндекс.Маркет (Софьино),Новосибирск,2370.0,,2026-01-05T10:00:00+00:00,demo
ORD-101524,11.09.2025,Sale to individual,T-S-009,T-Shirt #9,2030.0,1,1,14.09.2025,Delivered to buyer,2025-09-13 15:36:00,Яндекс.Маркет (Софьино),Санкт-Петербург,1827.0,,2026-01-05T10:00:00+00:00,demo
ORD-101525,11.09.2025,Sale to individual,HOO-004,Hoodie #4,5110.0,2,2,14.09.2025,Delivered to buyer,2025-09-12 19:44:00,Яндекс.Маркет (Софьино),Екатеринбург,10220.0,,2026-01-05T10:00:00+00:00,demo
ORD-101525,11.09.2025,Sale to individual,T-S-005,T-Shirt #5,1950.0,1,1,14.09.2025,Delivered to buyer,2025-09-15 19:44:00,Яндекс.Маркет (Софьино),Екатеринбург,1950.0,,2026-01-05T10:00:00+00:00,demo
ORD-101526,11.09.2025,Sale to individual,T-S-002,T-Shirt #2,2190.0,1,1,13.09.2025,Delivered to buyer,2025-09-12 10:01:00,Яндекс.Маркет (Софьино),Екатеринбург,2190.0,,2026-01-05T10:00:00+00:00,demo
ORD-101526,11.09.2025,Sale to individual,T-S-012,T-Shirt #12,2660.0,2,2,13.09.2025,Delivered to buyer,2025-09-13 10:01:00,Яндекс.Маркет (Софьино),Екатеринбург,5320.0,,2026-01-05T10:00:00+00:00,demo
ORD-101527,11.09.2025,Sale to individual,CAP-004,Cap #4,1680.0,1,1,12.09.2025,Delivered to buyer,2025-09-14 18:42:00,Яндекс.Маркет (Софьино),Екатеринбург,1680.0,,2026-01-05T10:00:00+00:00,demo
ORD-101527,11.09.2025,Sale to individual,HOO-007,Hoodie #7,6730.0,2,2,12.09.2025,Delivered to buyer,2025-09-12 18:42:00,Яндекс.Маркет (Софьино),Екатеринбург,13460.0,,2026-01-05T10:00:00+00:00,demo
ORD-101527,11.09.2025,Sale to individual,T-S-004,T-Shirt #4,1960.0,1,1,12.09.2025,Delivered to buyer,2025-09-12 18:42:00,Яндекс.Маркет (Софьино),Екатеринбург,1764.0,,2026-01-05T10:00:00+00:00,demo
ORD-101528,11.09.2025,Sale to individual,HOO-001,Hoodie #1,5990.0,2,2,14.09.2025,Return received in warehouse,2025-09-14 21:34:00,Яндекс.Маркет (Софьино),Екатеринбург,11381.0,11381.0,2026-01-05T10:00:00+00:00,demo
ORD-101528,11.09.2025,Sale to individual,CAP-004,Cap #4,1680.0,1,1,14.09.2025,Return received in warehouse,2025-09-12 21:34:00,Яндекс.Маркет (Софьино),Екатеринбург,1680.0,1680.0,2026-01-05T10:00:00+00:00,demo
ORD-101528,11.09.2025,Sale to individual,CAP-005,Cap #5,1800.0,2,2,14.09.2025,Return received in warehouse,2025-09-16 21:34:00,Яндекс.Маркет (Софьино),Екатеринбург,3420.0,3420.0,2026-01-05T10:00:00+00:00,demo
ORD-101529,11.09.2025,Sale to individual,ACC-004,Accessorie #4,1120.0,2,2,13.09.2025,Delivered to buyer,2025-09-16 19:59:00,Яндекс.Маркет (Софьино),Казань,2240.0,,2026-01-05T10:00:00+00:00,demo
ORD-101529,11.09.2025,Sale to individual,ACC-004,Accessorie #4,1120.0,1,1,13.09.2025,Delivered to buyer,2025-09-12 19:59:00,Яндекс.Маркет (Софьино),Казань,1120.0,,2026-01-05T10:00:00+00:00,demo
ORD-101530,12.09.2025,Sale to individual,CAP-004,Cap #4,1680.0,1,1,13.09.2025,Delivered to buyer,2025-09-17 13:30:00,Яндекс.Маркет (Софьино),Новосибирск,1596.0,,2026-01-05T10:00:00+00:00,demo
ORD-101531,12.09.2025,Sale to individual,HOO-001,Hoodie #1,5990.0,1,1,13.09.2025,Delivered to buyer,2025-09-17 09:48:00,Яндекс.Маркет (Софьино),Новосибирск,5990.0,,2026-01-05T10:00:00+00:00,demo
ORD-101532,12.09.2025,Sale to individual,CAP-002,Cap #2,1800.0,1,0,,Cancelled,2025-09-13 14:35:00,Яндекс.Маркет (Софьино),Новосибирск,,,2026-01-05T10:00:00+00:00,demo
ORD-101532,12.09.2025,Sale to individual,T-S-010,T-Shirt #10,2800.0,1,0,,Cancelled,2025-09-13 14:35:00,Яндекс.Маркет (Софьино),Новосибирск,,,2026-01-05T10:00:00+00:00,demo
ORD-101533,12.09.2025,Sale to individual,T-S-011,T-Shirt #11,2370.0,2,2,13.09.2025,Delivered to buyer,2025-09-14 22:50:00,Яндекс.Маркет (Софьино),Москва,4029.0,,2026-01-05T10:00:00+00:00,demo
ORD-101533,12.09.2025,Sale to individual,T-S-010,T-Shirt #10,2800.0,1,1,13.09.2025,Delivered to buyer,2025-09-15 22:50:00,Яндекс.Маркет (Софьино),Москва,2520.0,,2026-01-05T10:00:00+00:00,demo
ORD-101534,12.09.2025,Sale to individual,CAP-002,Cap #2,1800.0,1,0,,Cancelled,2025-09-17 22:51:00,Яндекс.Маркет (Софьино),Казань,,,2026-01-05T10:00:00+00:00,demo
ORD-101535,13.09.2025,Sale to individual,T-S-010,T-Shirt #10,2800.0,2,2,17.09.2025,Delivered to buyer,2025-09-18 18:41:00,Яндекс.Маркет (Софьино),Москва,5320.0,,2026-01-05T10:00:00+00:00,demo
ORD-101536,13.09.2025,Sale to individual,T-S-009,T-Shirt #9,2030.0,1,1,15.09.2025,Delivered to buyer,2025-09-14 14:34:00,Яндекс.Маркет (Софьино),Новосибирск,2030.0,,2026-01-05T10:00:00+00:00,demo
ORD-101536,13.09.2025,Sale to individual,HOO-006,Hoodie #6,6060.0,2,2,15.09.2025,Delivered to buyer,2025-09-15 14:34:00,Яндекс.Маркет (Софьино),Новосибирск,12120.0,,2026-01-05T10:00:00+00:00,demo
ORD-101536,13.09.2025,Sale to individual,T-S-002,T-Shirt #2,2190.0,1,1,15.09.2025,Delivered to buyer,2025-09-17 14:34:00,Яндекс.Маркет (Софьино),Новосибирск,2190.0,,2026-01-05T10:00:00+00:00,demo
ORD-101537,13.09.2025,Sale to individual,CAP-002,Cap #2,1800.0,1,1,16.09.2025,Delivered to buyer,2025-09-18 10:59:00,Яндекс.Маркет (Софьино),Новосибирск,1530.0,,2026-01-05T10:00:00+00:00,demo
ORD-101537,13.09.2025,Sale to individual,CAP-004,Cap #4,1680.0,1,1,16.09.2025,Delivered to buyer,2025-09-18 10:59:00,Яндекс.Маркет (Софьино),Новосибирск,1680.0,,2026-01-05T10:00:00+00:00,demo
ORD-101538,13.09.2025,Sale to individual,HOO-003,Hoodie #3,4420.0,1,1,15.09.2025,Delivered to buyer,2025-09-14 20:49:00,Яндекс.Маркет (Софьино),Екатеринбург,3757.0,,2026-01-05T10:00:00+00:00,demo
ORD-101539,13.09.2025,Sale to individual,T-S-007,T-Shirt #7,2890.0,2,2,17.09.2025,Delivered to buyer,2025-09-18 10:16:00,Яндекс.Маркет (Софьино),Екатеринбург,4913.0,,2026-01-05T10:00:00+00:00,demo
ORD-101539,13.09.2025,Sale to individual,ACC-004,Accessorie #4,1120.0,1,1,17.09.2025,Delivered to buyer,2025-09-14 10:16:00,Яндекс.Маркет (Софьино),Екатеринбург,1008.0,,2026-01-05T10:00:00+00:00,demo
ORD-101540,13.09.2025,Sale to individual,T-S-002,T-Shirt #2,2190.0,1,1,14.09.2025,Delivered to buyer,2025-09-18 21:04:00,Яндекс.Маркет (Софьино),Москва,2080.5,,2026-01-05T10:00:00+00:00,demo
ORD-101541,14.09.2025,Sale to individual,T-S-008,T-Shirt #8,2110.0,1,1,15.09.2025,Delivered to buyer,2025-09-16 19:26:00,Яндекс.Маркет (Софьино),Новосибирск,2004.5,,2026-01-05T10:00:00+00:00,demo
ORD-101542,14.09.2025,Sale to individual,HOO-004,Hoodie #4,5110.0,2,2,17.09.2025,Delivered to buyer,2025-09-15 08:58:00,Яндекс.Маркет (Софьино),Москва,9709.0,,2026-01-05T10:00:00+00:00,demo
ORD-101543,14.09.2025,Sale to individual,T-S-012,T-Shirt #12,2660.0,1,1,17.09.2025,Delivered to buyer,2025-09-15 13:58:00,Яндекс.Маркет (Софьино),Казань,2261.0,,2026-01-05T10:00:00+00:00,demo
ORD-101544,14.09.2025,Sale to individual,CAP-001,Cap #1,1630.0,1,1,15.09.2025,Delivered to buyer,2025-09-18 13:41:00,Яндекс.Маркет (Софьино),Казань,1385.5,,2026-01-05T10:00:00+00:00,demo
ORD-101545,15.09.2025,Sale to individual,T-S-012,T-Shirt #12,2660.0,1,1,19.09.2025,Delivered to buyer,2025-09-20 21:04:00,Яндекс.Маркет (Софьино),Екатеринбург,2527.0,,2026-01-05T10:00:00+00:00,demo
ORD-101545,15.09.2025,Sale to individual,ACC-002,Accessorie #2,1440.0,1,1,19.09.2025,Delivered to buyer,2025-09-20 21:04:00,Яндекс.Маркет (Софьино),Екатеринбург,1224.0,,2026-01-05T10:00:00+00:00,demo
ORD-101545,15.09.2025,Sale to individual,CAP-002,Cap #2,1800.0,1,1,19.09.2025,Delivered to buyer,2025-09-19 21:04:00,Яндекс.Маркет (Софьино),Екатеринбург,1620.0,,2026-01-05T10:00:00+00:00,demo
ORD-101546,15.09.2025,Sale to individual,T-S-012,T-Shirt #12,2660.0,1,1,18.09.2025,Delivered to buyer,2025-09-18 10:06:00,Яндекс.Маркет (Софьино),Новосибирск,2660.0,,2026-01-05T10:00:00+00:00,demo
ORD-101547,15.09.2025,Sale to individual,T-S-010,T-Shirt #10,2800.0,1,1,19.09.2025,Delivered to buyer,2025-09-19 10:58:00,Яндекс.Маркет (Софьино),Екатеринбург,2380.0,,2026-01-05T10:00:00+00:00,demo
ORD-101547,15.09.2025,Sale to individual,T-S-009,T-Shirt #9,2030.0,2,2,19.09.2025,Delivered to buyer,2025-09-20 10:58:00,Яндекс.Маркет (Софьино),Екатеринбург,3857.0,,2026-01-05T10:00:00+00:00,demo
ORD-101547,15.09.2025,Sale to individual,T-S-011,T-Shirt #11,2370.0,2,2,19.09.2025,Delivered to buyer,2025-09-18 10:58:00,Яндекс.Маркет (Софьино),Екатеринбург,4029.0,,2026-01-05T10:00:00+00:00,demo
ORD-101548,15.09.2025,Sale to individual,T-S-010,T-Shirt #10,2800.0,1,0,,Cancelled,2025-09-16 22:55:00,Яндекс.Маркет (Софьино),Казань,,,2026-01-05T10:00:00+00:00,demo
ORD-101549,16.09.2025,Sale to individual,CAP-004,Cap #4,1680.0,1,1,17.09.2025,Delivered to buyer,2025-09-17 18:11:00,Яндекс.Маркет (Софьино),Новосибирск,1596.0,,2026-01-05T10:00:00+00:00,demo
ORD-101549,16.09.2025,Sale to individual,ACC-005,Accessorie #5,1220.0,1,1,17.09.2025,Delivered to buyer,2025-09-17 18:11:00,Яндекс.Маркет (Софьино),Новосибирск,1098.0,,2026-01-05T10:00:00+00:00,demo
ORD-101549,16.09.2025,Sale to individual,T-S-009,T-Shirt #9,2030.0,2,2,17.09.2025,Delivered to buyer,2025-09-18 18:11:00,Яндекс.Маркет (Софьино),Новосибирск,4060.0,,2026-01-05T10:00:00+00:00,demo
ORD-101550,16.09.2025,Sale to individual,T-S-011,T-Shirt #11,2370.0,2,2,20.09.2025,Delivered to buyer,2025-09-17 16:48:00,Яндекс.Маркет (Софьино),Санкт-Петербург,4740.0,,2026-01-05T10:00:00+00:00,demo
ORD-101551,16.09.2025,Sale to individual,HOO-005,Hoodie #5,4850.0,2,2,19.09.2025,Delivered to buyer,2025-09-17 17:16:00,Яндекс.Маркет (Софьино),Новосибирск,9700.0,,2026-01-05T10:00:00+00:00,demo
ORD-101552,16.09.2025,Sale to individual,T-S-010,T-Shirt #10,2800.0,1,1,19.09.2025,Delivered to buyer,2025-09-17 17:41:00,Яндекс.Маркет (Софьино),Екатеринбург,2800.0,,2026-01-05T10:00:00+00:00,demo
ORD-101553,16.09.2025,Sale to individual,CAP-005,Cap #5,1800.0,2,2,20.09.2025,Delivered to buyer,2025-09-20 22:24:00,Яндекс.Маркет (Софьино),Екатеринбург,3240.0,,2026-01-05T10:00:00+00:00,demo
ORD-101553,16.09.2025,Sale to individual,CAP-004,Cap #4,1680.0,2,2,20.09.2025,Delivered to buyer,2025-09-19 22:24:00,Яндекс.Маркет (Софьино),Екатеринбург,3360.0,,2026-01-05T10:00:00+00:00,demo
ORD-101553,16.09.2025,Sale to individual,CAP-002,Cap #2,1800.0,2,2,20.09.2025,Delivered to buyer,2025-09-18 22:24:00,Яндекс.Маркет (Софьино),Екатеринбург,3420.0,,2026-01-05T10:00:00+00:00,demo
ORD-101554,16.09.2025,Sale to individual,T-S-011,T-Shirt #11,2370.0,2,2,19.09.2025,Delivered to buyer,2025-09-19 21:50:00,Яндекс.Маркет (Софьино),Казань,4266.0,,2026-01-05T10:00:00+00:00,demo
ORD-101555,17.09.2025,Sale to individual,CAP-003,Cap #3,1680.0,1,1,21.09.2025,Delivered to buyer,2025-09-22 22:01:00,Яндекс.Маркет (Софьино),Санкт-Петербург,1428.0,,2026-01-05T10:00:00+00:00,demo
ORD-101556,17.09.2025,Sale to individual,T-S-009,T-Shirt #9,2030.0,2,2,19.09.2025,Delivered to buyer,2025-09-19 14:08:00,Яндекс.Маркет (Софьино),Новосибирск,4060.0,,2026-01-05T10:00:00+00:00,demo
ORD-101557,17.09.2025,Sale to individual,T-S-005,T-Shirt #5,1950.0,1,1,20.09.2025,Return received in warehouse,2025-09-18 14:21:00,Яндекс.Маркет (Софьино),Казань,1950.0,1950.0,2026-01-05T10:00:00+00:00,demo
ORD-101558,17.09.2025,Sale to individual,CAP-005,Cap #5,1800.0,1,1,21.09.2025,Delivered to buyer,2025-09-20 19:59:00,Яндекс.Маркет (Софьино),Москва,1800.0,,2026-01-05T10:00:00+00:00,demo
ORD-101559,17.09.2025,Sale to individual,ACC-004,Accessorie #4,1120.0,1,1,21.09.2025,Delivered to buyer,2025-09-19 20:51:00,Яндекс.Маркет (Софьино),Новосибирск,1008.0,,2026-01-05T10:00:00+00:00,demo
ORD-101559,17.09.2025,Sale to individual,T-S-012,T-Shirt #12,2660.0,1,1,21.09.2025,Delivered to buyer,2025-09-18 20:51:00,Яндекс.Маркет (Софьино),Новосибирск,2261.0,,2026-01-05T10:00:00+00:00,demo
ORD-101560,17.09.2025,Sale to individual,T-S-010,T-Shirt #10,2800.0,1,1,18.09.2025,Delivered to buyer,2025-09-22 08:06:00,Яндекс.Маркет (Софьино),Москва,2660.0,,2026-01-05T10:00:00+00:00,demo
ORD-101561,18.09.2025,Sale to individual,CAP-002,Cap #2,1800.0,1,1,19.09.2025,Delivered to buyer,2025-09-22 18:24:00,Яндекс.Маркет (Софьино),Екатеринбург,1800.0,,2026-01-05T10:00:00+00:00,demo
ORD-101562,18.09.2025,Sale to individual,T-S-012,T-Shirt #12,2660.0,1,1,22.09.2025,Delivered to buyer,2025-09-23 16:25:00,Яндекс.Маркет (Софьино),Москва,2261.0,,2026-01-05T10:00:00+00:00,demo
ORD-101562,18.09.2025,Sale to individual,HOO-004,Hoodie #4,5110.0,1,1,22.09.2025,Delivered to buyer,2025-09-19 16:25:00,Яндекс.Маркет (Софьино),Москва,4599.0,,2026-01-05T10:00:00+00:00,demo
ORD-101562,18.09.2025,Sale to individual,T-S-008,T-Shirt #8,2110.0,1,1,22.09.2025,Delivered to buyer,2025-09-20 16:25:00,Яндекс.Маркет (Софьино),Москва,1899.0,,2026-01-05T10:00:00+00:00,demo
ORD-101563,18.09.2025,Sale to individual,HOO-007,Hoodie #7,6730.0,1,0,,Cancelled,2025-09-19 14:50:00,Яндекс.Маркет (Софьино),Новосибирск,,,2026-01-05T10:00:00+00:00,demo
ORD-101564,18.09.2025,Sale to individual,CAP-002,Cap #2,1800.0,1,1,21.09.2025,Delivered to buyer,2025-09-22 08:13:00,Яндекс.Маркет (Софьино),Новосибирск,1800.0,,2026-01-05T10:00:00+00:00,demo
ORD-101565,18.09.2025,Sale to individual,T-S-002,T-Shirt #2,2190.0,1,1,22.09.2025,Delivered to buyer,2025-09-23 19:37:00,Яндекс.Маркет (Софьино),Санкт-Петербург,2080.5,,2026-01-05T10:00:00+00:00,demo
ORD-101565,18.09.2025,Sale to individual,HOO-004,Hoodie #4,5110.0,1,1,22.09.2025,Delivered to buyer,2025-09-20 19:37:00,Яндекс.Маркет (Софьино),Санкт-Петербург,4854.5,,2026-01-05T10:00:00+00:00,demo
ORD-101566,19.09.2025,Sale to individual,T-S-010,T-Shirt #10,2800.0,1,1,21.09.2025,Delivered to buyer,2025-09-23 18:35:00,Яндекс.Маркет (Софьино),Казань,2800.0,,2026-01-05T10:00:00+00:00,demo
ORD-101566,19.09.2025,Sale to individual,T-S-009,T-Shirt #9,2030.0,1,1,21.09.2025,Delivered to buyer,2025-09-22 18:35:00,Яндекс.Маркет (Софьино),Казань,1928.5,,2026-01-05T10:00:00+00:00,demo
ORD-101567,19.09.2025,Sale to individual,T-S-007,T-Shirt #7,2890.0,1,1,22.09.2025,Delivered to buyer,2025-09-21 18:29:00,Яндекс.Маркет (Софьино),Москва,2890.0,,2026-01-05T10:00:00+00:00,demo
ORD-101567,19.09.2025,Sale to individual,T-S-008,T-Shirt #8,2110.0,2,2,22.09.2025,Delivered to buyer,2025-09-24 18:29:00,Яндекс.Маркет (Софьино),Москва,4009.0,,2026-01-05T10:00:00+00:00,demo
ORD-101567,19.09.2025,Sale to individual,ACC-001,Accessorie #1,990.0,2,2,22.09.2025,Delivered to buyer,2025-09-20 18:29:00,Яндекс.Маркет (Софьино),Москва,1683.0,,2026-01-05T10:00:00+00:00,demo
ORD-101568,19.09.2025,Sale to individual,T-S-009,T-Shirt #9,2030.0,1,1,23.09.2025,Delivered to buyer,2025-09-21 15:57:00,Яндекс.Маркет (Софьино),Казань,1827.0,,2026-01-05T10:00:00+00:00,demo
ORD-101569,20.09.2025,Sale to individual,ACC-002,Accessorie #2,1440.0,1,1,22.09.2025,Delivered to buyer,2025-09-21 16:24:00,Яндекс.Маркет (Софьино),Казань,1224.0,,2026-01-05T10:00:00+00:00,demo
ORD-101570,20.09.2025,Sale to individual,CAP-004,Cap #4,1680.0,1,1,24.09.2025,Delivered to buyer,2025-09-21 17:50:00,Яндекс.Маркет (Софьино),Казань,1680.0,,2026-01-05T10:00:00+00:00,demo
ORD-101571,20.09.2025,Sale to individual,CAP-002,Cap #2,1800.0,1,1,22.09.2025,Delivered to buyer,2025-09-25 17:50:00,Яндекс.Маркет (Софьино),Екатеринбург,1710.0,,2026-01-05T10:00:00+00:00,demo
ORD-101572,20.09.2025,Sale to individual,T-S-001,T-Shirt #1,2690.0,1,1,22.09.2025,Delivered to buyer,2025-09-24 13:54:00,Яндекс.Маркет (Софьино),Москва,2421.0,,2026-01-05T10:00:00+00:00,demo
ORD-101573,20.09.2025,Sale to individual,T-S-010,T-Shirt #10,2800.0,1,1,21.09.2025,Delivered to buyer,2025-09-23 16:18:00,Яндекс.Маркет (Софьино),Казань,2660.0,,2026-01-05T10:00:00+00:00,demo
ORD-101573,20.09.2025,Sale to individual,T-S-008,T-Shirt #8,2110.0,1,1,21.09.2025,Delivered to buyer,2025-09-21 16:18:00,Яндекс.Маркет (Софьино),Казань,1899.0,,2026-01-05T10:00:00+00:00,demo
ORD-101574,20.09.2025,Sale to individual,T-S-002,T-Shirt #2,2190.0,1,1,23.09.2025,Delivered to buyer,2025-09-23 11:52:00,Яндекс.Маркет (Софьино),Екатеринбург,2190.0,,2026-01-05T10:00:00+00:00,demo
ORD-101574,20.09.2025,Sale to individual,HOO-005,Hoodie #5,4850.0,1,1,23.09.2025,Delivered to buyer,2025-09-21 11:52:00,Яндекс.Маркет (Софьино),Екатеринбург,4122.5,,2026-01-05T10:00:00+00:00,demo
ORD-101574,20.09.2025,Sale to individual,T-S-008,T-Shirt #8,2110.0,1,1,23.09.2025,Delivered to buyer,2025-09-24 11:52:00,Яндекс.Маркет (Софьино),Екатеринбург,1793.5,,2026-01-05T10:00:00+00:00,demo
ORD-101575,20.09.2025,Sale to individual,CAP-002,Cap #2,1800.0,2,2,23.09.2025,Delivered to buyer,2025-09-25 16:42:00,Яндекс.Маркет (Софьино),Екатеринбург,3060.0,,2026-01-05T10:00:00+00:00,demo
ORD-101575,20.09.2025,Sale to individual,CAP-004,Cap #4,1680.0,1,1,23.09.2025,Delivered to buyer,2025-09-21 16:42:00,Яндекс.Маркет (Софьино),Екатеринбург,1428.0,,2026-01-05T10:00:00+00:00,demo
ORD-101576,20.09.2025,Sale to individual,T-S-004,T-Shirt #4,1960.0,1,1,22.09.2025,Delivered to buyer,2025-09-22 13:30:00,Яндекс.Маркет (Софьино),Санкт-Петербург,1764.0,,2026-01-05T10:00:00+00:00,demo
ORD-101576,20.09.2025,Sale to individual,CAP-004,Cap #4,1680.0,1,1,22.09.2025,Delivered to buyer,2025-09-25 13:30:00,Яндекс.Маркет (Софьино),Санкт-Петербург,1680.0,,2026-01-05T10:00:00+00:00,demo
ORD-101577,20.09.2025,Sale to individual,T-S-009,T-Shirt #9,2030.0,1,1,23.09.2025,Delivered to buyer,2025-09-24 19:24:00,Яндекс.Маркет (Софьино),Санкт-Петербург,1725.5,,2026-01-05T10:00:00+00:00,demo
ORD-101578,21.09.2025,Sale to individual,CAP-004,Cap #4,1680.0,2,2,23.09.2025,Delivered to buyer,2025-09-25 16:15:00,Яндекс.Маркет (Софьино),Москва,3360.0,,2026-01-05T10:00:00+00:00,demo
ORD-101578,21.09.2025,Sale to individual,T-S-007,T-Shirt #7,2890.0,1,1,23.09.2025,Delivered to buyer,2025-09-23 16:15:00,Яндекс.Маркет (Софьино),Москва,2456.5,,2026-01-05T10:00:00+00:00,demo
ORD-101579,21.09.2025,Sale to individual,HOO-005,Hoodie #5,4850.0,1,1,22.09.2025,Delivered to buyer,2025-09-22 16:55:00,Яндекс.Маркет (Софьино),Москва,4850.0,,2026-01-05T10:00:00+00:00,demo
ORD-101579,21.09.2025,Sale to individual,ACC-003,Accessorie #3,1190.0,1,1,22.09.2025,Delivered to buyer,2025-09-23 16:55:00,Яндекс.Маркет (Софьино),Москва,1190.0,,2026-01-05T10:00:00+00:00,demo
ORD-101579,21.09.2025,Sale to individual,T-S-007,T-Shirt #7,2890.0,1,1,22.09.2025,Delivered to buyer,2025-09-22 16:55:00,Яндекс.Маркет (Софьино),Москва,2890.0,,2026-01-05T10:00:00+00:00,demo
ORD-101580,21.09.2025,Sale to individual,T-S-010,T-Shirt #10,2800.0,2,0,,Cancelled,2025-09-22 16:24:00,Яндекс.Маркет (Софьино),Москва,,,2026-01-05T10:00:00+00:00,demo
ORD-101580,21.09.2025,Sale to individual,T-S-002,T-Shirt #2,2190.0,1,0,,Cancelled,2025-09-22 16:24:00,Яндекс.Маркет (Софьино),Москва,,,2026-01-05T10:00:00+00:00,demo
ORD-101581,21.09.2025,Sale to individual,T-S-010,T-Shirt #10,2800.0,1,1,25.09.2025,Delivered to buyer,2025-09-23 11:23:00,Яндекс.Маркет (Софьино),Санкт-Петербург,2660.0,,2026-01-05T10:00:00+00:00,demo
ORD-101582,21.09.2025,Sale to individual,T-S-009,T-Shirt #9,2030.0,1,1,22.09.2025,Delivered to buyer,2025-09-24 09:37:00,Яндекс.Маркет (Софьино),Екатеринбург,2030.0,,2026-01-05T10:00:00+00:00,demo
ORD-101582,21.09.2025,Sale to individual,CAP-004,Cap #4,1680.0,1,1,22.09.2025,Delivered to buyer,2025-09-26 09:37:00,Яндекс.Маркет (Софьино),Екатеринбург,1512.0,,2026-01-05T10:00:00+00:00,demo
ORD-101583,21.09.2025,Sale to individual,T-S-001,T-Shirt #1,2690.0,2,2,22.09.2025,Delivered to buyer,2025-09-23 21:43:00,Яндекс.Маркет (Софьино),Москва,4842.0,,2026-01-05T10:00:00+00:00,demo
ORD-101584,22.09.2025,Sale to individual,CAP-004,Cap #4,1680.0,2,2,26.09.2025,Delivered to buyer,2025-09-26 13:47:00,Яндекс.Маркет (Софьино),Москва,3024.0,,2026-01-05T10:00:00+00:00,demo
ORD-101584,22.09.2025,Sale to individual,T-S-010,T-Shirt #10,2800.0,2,2,26.09.2025,Delivered to buyer,2025-09-23 13:47:00,Яндекс.Маркет (Софьино),Москва,5320.0,,2026-01-05T10:00:00+00:00,demo
ORD-101585,22.09.2025,Sale to individual,T-S-010,T-Shirt #10,2800.0,1,1,26.09.2025,Delivered to buyer,2025-09-25 08:57:00,Яндекс.Маркет (Софьино),Москва,2800.0,,2026-01-05T10:00:00+00:00,demo
ORD-101586,22.09.2025,Sale to individual,T-S-011,T-Shirt #11,2370.0,1,1,25.09.2025,Delivered to buyer,2025-09-26 20:28:00,Яндекс.Маркет (Софьино),Екатеринбург,2014.5,,2026-01-05T10:00:00+00:00,demo
ORD-101587,22.09.2025,Sale to individual,CAP-003,Cap #3,1680.0,2,2,23.09.2025,Delivered to buyer,2025-09-27 16:39:00,Яндекс.Маркет (Софьино),Санкт-Петербург,3024.0,,2026-01-05T10:00:00+00:00,demo
ORD-101588,22.09.2025,Sale to individual,HOO-003,Hoodie #3,4420.0,2,2,24.09.2025,Delivered to buyer,2025-09-26 12:35:00,Яндекс.Маркет (Софьино),Екатеринбург,8840.0,,2026-01-05T10:00:00+00:00,demo
ORD-101588,22.09.2025,Sale to individual,HOO-004,Hoodie #4,5110.0,2,2,24.09.2025,Delivered to buyer,2025-09-27 12:35:00,Яндекс.Маркет (Софьино),Екатеринбург,10220.0,,2026-01-05T10:00:00+00:00,demo
ORD-101589,22.09.2025,Sale to individual,HOO-002,Hoodie #2,4910.0,1,1,23.09.2025,Delivered to buyer,2025-09-23 16:27:00,Яндекс.Маркет (Софьино),Новосибирск,4664.5,,2026-01-05T10:00:00+00:00,demo
ORD-101589,22.09.2025,Sale to individual,HOO-008,Hoodie #8,5940.0,1,1,23.09.2025,Delivered to buyer,2025-09-26 16:27:00,Яндекс.Маркет (Софьино),Новосибирск,5049.0,,2026-01-05T10:00:00+00:00,demo
ORD-101590,22.09.2025,Sale to individual,T-S-012,T-Shirt #12,2660.0,1,1,23.09.2025,Delivered to buyer,2025-09-23 13:29:00,Яндекс.Маркет (Софьино),Екатеринбург,2660.0,,2026-01-05T10:00:00+00:00,demo
ORD-101590,22.09.2025,Sale to individual,T-S-010,T-Shirt #10,2800.0,1,1,23.09.2025,Delivered to buyer,2025-09-26 13:29:00,Яндекс.Маркет (Софьино),Екатеринбург,2800.0,,2026-01-05T10:00:00+00:00,demo
ORD-101591,22.09.2025,Sale to individual,HOO-002,Hoodie #2,4910.0,1,0,,Cancelled,2025-09-23 20:22:00,Яндекс.Маркет (Софьино),Новосибирск,,,2026-01-05T10:00:00+00:00,demo
ORD-101591,22.09.2025,Sale to individual,HOO-004,Hoodie #4,5110.0,1,0,,Cancelled,2025-09-25 20:22:00,Яндекс.Маркет (Софьино),Новосибирск,,,2026-01-05T10:00:00+00:00,demo
ORD-101591,22.09.2025,Sale to individual,CAP-005,Cap #5,1800.0,1,0,,Cancelled,2025-09-26 20:22:00,Яндекс.Маркет (Софьино),Новосибирск,,,2026-01-05T10:00:00+00:00,demo
ORD-101592,23.09.2025,Sale to individual,T-S-012,T-Shirt #12,2660.0,1,1,26.09.2025,Delivered to buyer,2025-09-25 13:32:00,Яндекс.Маркет (Софьино),Новосибирск,2660.0,,2026-01-05T10:00:00+00:00,demo
ORD-101593,23.09.2025,Sale to individual,T-S-004,T-Shirt #4,1960.0,1,1,25.09.2025,Delivered to buyer,2025-09-24 12:24:00,Яндекс.Маркет (Софьино),Екатеринбург,1862.0,,2026-01-05T10:00:00+00:00,demo
ORD-101594,23.09.2025,Sale to individual,T-S-012,T-Shirt #12,2660.0,1,1,27.09.2025,Delivered to buyer,2025-09-28 19:37:00,Яндекс.Маркет (Софьино),Санкт-Петербург,2660.0,,2026-01-05T10:00:00+00:00,demo
ORD-101595,23.09.2025,Sale to individual,T-S-002,T-Shirt #2,2190.0,1,1,24.09.2025,Delivered to buyer,2025-09-25 13:32:00,Яндекс.Маркет (Софьино),Казань,2080.5,,2026-01-05T10:00:00+00:00,demo
ORD-101595,23.09.2025,Sale to individual,CAP-002,Cap #2,1800.0,1,1,24.09.2025,Delivered to buyer,2025-09-26 13:32:00,Яндекс.Маркет (Софьино),Казань,1530.0,,2026-01-05T10:00:00+00:00,demo
ORD-101596,23.09.2025,Sale to individual,T-S-010,T-Shirt #10,2800.0,1,0,,Cancelled,2025-09-28 12:23:00,Яндекс.Маркет (Софьино),Екатеринбург,,,2026-01-05T10:00:00+00:00,demo
ORD-101597,24.09.2025,Sale to individual,HOO-005,Hoodie #5,4850.0,1,1,25.09.2025,Delivered to buyer,2025-09-28 15:53:00,Яндекс.Маркет (Софьино),Новосибирск,4607.5,,2026-01-05T10:00:00+00:00,demo
ORD-101597,24.09.2025,Sale to individual,ACC-003,Accessorie #3,1190.0,1,1,25.09.2025,Delivered to buyer,2025-09-28 15:53:00,Яндекс.Маркет (Софьино),Новосибирск,1190.0,,2026-01-05T10:00:00+00:00,demo
ORD-101597,24.09.2025,Sale to individual,T-S-002,T-Shirt #2,2190.0,1,1,25.09.2025,Delivered to buyer,2025-09-26 15:53:00,Яндекс.Маркет (Софьино),Новосибирск,2190.0,,2026-01-05T10:00:00+00:00,demo
ORD-101598,24.09.2025,Sale to individual,HOO-001,Hoodie #1,5990.0,1,1,28.09.2025,Delivered to buyer,2025-09-25 21:55:00,Яндекс.Маркет (Софьино),Екатеринбург,5690.5,,2026-01-05T10:00:00+00:00,demo
ORD-101599,24.09.2025,Sale to individual,CAP-001,Cap #1,1630.0,1,1,26.09.2025,Delivered to buyer,2025-09-26 09:31:00,Яндекс.Маркет (Софьино),Новосибирск,1630.0,,2026-01-05T10:00:00+00:00,demo
ORD-101600,24.09.2025,Sale to individual,T-S-012,T-Shirt #12,2660.0,1,1,27.09.2025,Delivered to buyer,2025-09-25 09:24:00,Яндекс.Маркет (Софьино),Москва,2261.0,,2026-01-05T10:00:00+00:00,demo
ORD-101601,24.09.2025,Sale to individual,HOO-006,Hoodie #6,6060.0,1,1,27.09.2025,Delivered to buyer,2025-09-27 09:36:00,Яндекс.Маркет (Софьино),Новосибирск,6060.0,,2026-01-05T10:00:00+00:00,demo
ORD-101602,24.09.2025,Sale to individual,T-S-010,T-Shirt #10,2800.0,1,1,25.09.2025,Delivered to buyer,2025-09-26 14:05:00,Яндекс.Маркет (Софьино),Новосибирск,2380.0,,2026-01-05T10:00:00+00:00,demo
ORD-101602,24.09.2025,Sale to individual,ACC-003,Accessorie #3,1190.0,1,1,25.09.2025,Delivered to buyer,2025-09-25 14:05:00,Яндекс.Маркет (Софьино),Новосибирск,1190.0,,2026-01-05T10:00:00+00:00,demo
ORD-101602,24.09.2025,Sale to individual,CAP-005,Cap #5,1800.0,2,2,25.09.2025,Delivered to buyer,2025-09-28 14:05:00,Яндекс.Маркет (Софьино),Новосибирск,3600.0,,2026-01-05T10:00:00+00:00,demo
ORD-101603,24.09.2025,Sale to individual,ACC-004,Accessorie #4,1120.0,1,1,25.09.2025,Delivered to buyer,2025-09-29 13:43:00,Яндекс.Маркет (Софьино),Казань,952.0,,2026-01-05T10:00:00+00:00,demo
ORD-101604,25.09.2025,Sale to individual,T-S-010,T-Shirt #10,2800.0,2,2,28.09.2025,Delivered to buyer,2025-09-30 16:45:00,Яндекс.Маркет (Софьино),Екатеринбург,5040.0,,2026-01-05T10:00:00+00:00,demo
ORD-101604,25.09.2025,Sale to individual,CAP-004,Cap #4,1680.0,1,1,28.09.2025,Delivered to buyer,2025-09-28 16:45:00,Яндекс.Маркет (Софьино),Екатеринбург,1512.0,,2026-01-05T10:00:00+00:00,demo
ORD-101604,25.09.2025,Sale to individual,T-S-007,T-Shirt #7,2890.0,1,1,28.09.2025,Delivered to buyer,2025-09-28 16:45:00,Яндекс.Маркет (Софьино),Екатеринбург,2456.5,,2026-01-05T10:00:00+00:00,demo
ORD-101605,25.09.2025,Sale to individual,CAP-004,Cap #4,1680.0,1,1,26.09.2025,Delivered to buyer,2025-09-27 15:49:00,Яндекс.Маркет (Софьино),Екатеринбург,1512.0,,2026-01-05T10:00:00+00:00,demo
ORD-101605,25.09.2025,Sale to individual,T-S-003,T-Shirt #3,2990.0,1,1,26.09.2025,Delivered to buyer,2025-09-26 15:49:00,Яндекс.Маркет (Софьино),Екатеринбург,2541.5,,2026-01-05T10:00:00+00:00,demo
ORD-101606,25.09.2025,Sale to individual,T-S-009,T-Shirt #9,2030.0,1,1,26.09.2025,Delivered to buyer,2025-09-30 22:49:00,Яндекс.Маркет (Софьино),Москва,1928.5,,2026-01-05T10:00:00+00:00,demo
ORD-101607,25.09.2025,Sale to individual,T-S-008,T-Shirt #8,2110.0,2,2,27.09.2025,Delivered to buyer,2025-09-30 17:25:00,Яндекс.Маркет (Софьино),Казань,4009.0,,2026-01-05T10:00:00+00:00,demo
ORD-101607,25.09.2025,Sale to individual,T-S-012,T-Shirt #12,2660.0,1,1,27.09.2025,Delivered to buyer,2025-09-27 17:25:00,Яндекс.Маркет (Софьино),Казань,2527.0,,2026-01-05T10:00:00+00:00,demo
ORD-101607,25.09.2025,Sale to individual,T-S-010,T-Shirt #10,2800.0,2,2,27.09.2025,Delivered to buyer,2025-09-26 17:25:00,Яндекс.Маркет (Софьино),Казань,4760.0,,2026-01-05T10:00:00+00:00,demo
ORD-101608,25.09.2025,Sale to individual,CAP-002,Cap #2,1800.0,1,1,29.09.2025,Delivered to buyer,2025-09-30 21:17:00,Яндекс.Маркет (Софьино),Новосибирск,1530.0,,2026-01-05T10:00:00+00:00,demo
ORD-101609,25.09.2025,Sale to individual,HOO-001,Hoodie #1,5990.0,1,1,28.09.2025,Delivered to buyer,2025-09-29 19:16:00,Яндекс.Маркет (Софьино),Санкт-Петербург,5990.0,,2026-01-05T10:00:00+00:00,demo
ORD-101609,25.09.2025,Sale to individual,HOO-003,Hoodie #3,4420.0,1,1,28.09.2025,Delivered to buyer,2025-09-27 19:16:00,Яндекс.Маркет (Софьино),Санкт-Петербург,3978.0,,2026-01-05T10:00:00+00:00,demo
ORD-101610,25.09.2025,Sale to individual,T-S-012,T-Shirt #12,2660.0,1,1,28.09.2025,Delivered to buyer,2025-09-29 08:21:00,Яндекс.Маркет (Софьино),Новосибирск,2660.0,,2026-01-05T10:00:00+00:00,demo
ORD-101611,25.09.2025,Sale to individual,T-S-003,T-Shirt #3,2990.0,1,1,28.09.2025,Delivered to buyer,2025-09-30 15:39:00,Яндекс.Маркет (Софьино),Новосибирск,2990.0,,2026-01-05T10:00:00+00:00,demo
ORD-101612,26.09.2025,Sale to individual,T-S-005,T-Shirt #5,1950.0,1,1,29.09.2025,Delivered to buyer,2025-10-01 08:34:00,Яндекс.Маркет (Софьино),Новосибирск,1950.0,,2026-01-05T10:00:00+00:00,demo
ORD-101613,26.09.2025,Sale to individual,ACC-005,Accessorie #5,1220.0,2,2,27.09.2025,Delivered to buyer,2025-10-01 22:14:00,Яндекс.Маркет (Софьино),Новосибирск,2440.0,,2026-01-05T10:00:00+00:00,demo
ORD-101614,26.09.2025,Sale to individual,CAP-002,Cap #2,1800.0,2,0,,Cancelled,2025-09-28 08:09:00,Яндекс.Маркет (Софьино),Новосибирск,,,2026-01-05T10:00:00+00:00,demo
ORD-101615,26.09.2025,Sale to individual,HOO-006,Hoodie #6,6060.0,1,1,30.09.2025,Delivered to buyer,2025-09-27 18:01:00,Яндекс.Маркет (Софьино),Казань,6060.0,,2026-01-05T10:00:00+00:00,demo
ORD-101615,26.09.2025,Sale to individual,ACC-003,Accessorie #3,1190.0,1,1,30.09.2025,Delivered to buyer,2025-09-28 18:01:00,Яндекс.Маркет (Софьино),Казань,1190.0,,2026-01-05T10:00:00+00:00,demo
ORD-101615,26.09.2025,Sale to individual,T-S-010,T-Shirt #10,2800.0,2,2,30.09.2025,Delivered to buyer,2025-10-01 18:01:00,Яндекс.Маркет (Софьино),Казань,5320.0,,2026-01-05T10:00:00+00:00,demo
ORD-101616,26.09.2025,Sale to individual,CAP-005,Cap #5,1800.0,1,1,27.09.2025,Delivered to buyer,2025-09-27 21:03:00,Яндекс.Маркет (Софьино),Москва,1710.0,,2026-01-05T10:00:00+00:00,demo
ORD-101617,26.09.2025,Sale to individual,ACC-004,Accessorie #4,1120.0,1,1,28.09.2025,Delivered to buyer,2025-10-01 11:55:00,Яндекс.Маркет (Софьино),Екатеринбург,1008.0,,2026-01-05T10:00:00+00:00,demo
ORD-101618,27.09.2025,Sale to individual,ACC-003,Accessorie #3,1190.0,1,1,30.09.2025,Delivered to buyer,2025-09-29 08:28:00,Яндекс.Маркет (Софьино),Новосибирск,1071.0,,2026-01-05T10:00:00+00:00,demo
ORD-101619,27.09.2025,Sale to individual,CAP-002,Cap #2,1800.0,1,1,28.09.2025,Delivered to buyer,2025-09-29 15:38:00,Яндекс.Маркет (Софьино),Екатеринбург,1800.0,,2026-01-05T10:00:00+00:00,demo
ORD-101620,27.09.2025,Sale to individual,T-S-001,T-Shirt #1,2690.0,1,0,,Cancelled,2025-09-29 20:53:00,Яндекс.Маркет (Софьино),Новосибирск,,,2026-01-05T10:00:00+00:00,demo
ORD-101621,27.09.2025,Sale to individual,CAP-001,Cap #1,1630.0,1,1,28.09.2025,Delivered to buyer,2025-09-30 20:46:00,Яндекс.Маркет (Софьино),Екатеринбург,1630.0,,2026-01-05T10:00:00+00:00,demo
ORD-101622,27.09.2025,Sale to individual,T-S-002,T-Shirt #2,2190.0,1,1,29.09.2025,Delivered to buyer,2025-10-02 10:02:00,Яндекс.Маркет (Софьино),Казань,2190.0,,2026-01-05T10:00:00+00:00,demo
ORD-101622,27.09.2025,Sale to individual,HOO-006,Hoodie #6,6060.0,1,1,29.09.2025,Delivered to buyer,2025-09-28 10:02:00,Яндекс.Маркет (Софьино),Казань,5151.0,,2026-01-05T10:00:00+00:00,demo
ORD-101623,27.09.2025,Sale to individual,T-S-010,T-Shirt #10,2800.0,1,1,29.09.2025,Delivered to buyer,2025-09-30 18:21:00,Яндекс.Маркет (Софьино),Санкт-Петербург,2380.0,,2026-01-05T10:00:00+00:00,demo
ORD-101623,27.09.2025,Sale to individual,CAP-002,Cap #2,1800.0,1,1,29.09.2025,Delivered to buyer,2025-09-30 18:21:00,Яндекс.Маркет (Софьино),Санкт-Петербург,1800.0,,2026-01-05T10:00:00+00:00,demo
ORD-101624,27.09.2025,Sale to individual,ACC-004,Accessorie #4,1120.0,1,1,28.09.2025,Delivered to buyer,2025-10-01 09:02:00,Яндекс.Маркет (Софьино),Екатеринбург,1120.0,,2026-01-05T10:00:00+00:00,demo
ORD-101624,27.09.2025,Sale to individual,HOO-004,Hoodie #4,5110.0,2,2,28.09.2025,Delivered to buyer,2025-09-28 09:02:00,Яндекс.Маркет (Софьино),Екатеринбург,8687.0,,2026-01-05T10:00:00+00:00,demo
ORD-101625,27.09.2025,Sale to individual,T-S-009,T-Shirt #9,2030.0,2,2,01.10.2025,Delivered to buyer,2025-09-30 16:24:00,Яндекс.Маркет (Софьино),Санкт-Петербург,3451.0,,2026-01-05T10:00:00+00:00,demo
ORD-101625,27.09.2025,Sale to individual,CAP-003,Cap #3,1680.0,1,1,01.10.2025,Delivered to buyer,2025-09-29 16:24:00,Яндекс.Маркет (Софьино),Санкт-Петербург,1680.0,,2026-01-05T10:00:00+00:00,demo
ORD-101626,28.09.2025,Sale to individual,T-S-001,T-Shirt #1,2690.0,2,2,30.09.2025,Delivered to buyer,2025-09-30 19:23:00,Яндекс.Маркет (Софьино),Новосибирск,4842.0,,2026-01-05T10:00:00+00:00,demo
ORD-101627,28.09.2025,Sale to individual,HOO-007,Hoodie #7,6730.0,1,1,30.09.2025,Delivered to buyer,2025-09-30 13:00:00,Яндекс.Маркет (Софьино),Москва,6057.0,,2026-01-05T10:00:00+00:00,demo
ORD-101628,28.09.2025,Sale to individual,T-S-008,T-Shirt #8,2110.0,1,1,30.09.2025,Delivered to buyer,2025-10-03 13:16:00,Яндекс.Маркет (Софьино),Екатеринбург,2110.0,,2026-01-05T10:00:00+00:00,demo
ORD-101628,28.09.2025,Sale to individual,T-S-005,T-Shirt #5,1950.0,1,1,30.09.2025,Delivered to buyer,2025-10-03 13:16:00,Яндекс.Маркет (Софьино),Екатеринбург,1950.0,,2026-01-05T10:00:00+00:00,demo
ORD-101629,29.09.2025,Sale to individual,T-S-010,T-Shirt #10,2800.0,1,0,,Cancelled,2025-09-30 20:09:00,Яндекс.Маркет (Софьино),Москва,,,2026-01-05T10:00:00+00:00,demo
ORD-101630,29.09.2025,Sale to individual,T-S-002,T-Shirt #2,2190.0,2,2,03.10.2025,Delivered to buyer,2025-10-02 08:41:00,Яндекс.Маркет (Софьино),Екатеринбург,3723.0,,2026-01-05T10:00:00+00:00,demo
ORD-101630,29.09.2025,Sale to individual,T-S-009,T-Shirt #9,2030.0,1,1,03.10.2025,Delivered to buyer,2025-10-01 08:41:00,Яндекс.Маркет (Софьино),Екатеринбург,2030.0,,2026-01-05T10:00:00+00:00,demo
ORD-101630,29.09.2025,Sale to individual,HOO-007,Hoodie #7,6730.0,1,1,03.10.2025,Delivered to buyer,2025-10-03 08:41:00,Яндекс.Маркет (Софьино),Екатеринбург,6730.0,,2026-01-05T10:00:00+00:00,demo
ORD-101631,29.09.2025,Sale to individual,ACC-003,Accessorie #3,1190.0,2,2,01.10.2025,Delivered to buyer,2025-10-04 15:14:00,Яндекс.Маркет (Софьино),Казань,2261.0,,2026-01-05T10:00:00+00:00,demo
ORD-101631,29.09.2025,Sale to individual,T-S-010,T-Shirt #10,2800.0,2,2,01.10.2025,Delivered to buyer,2025-10-04 15:14:00,Яндекс.Маркет (Софьино),Казань,5320.0,,2026-01-05T10:00:00+00:00,demo
ORD-101632,29.09.2025,Sale to individual,T-S-007,T-Shirt #7,2890.0,1,1,03.10.2025,Delivered to buyer,2025-10-03 09:10:00,Яндекс.Маркет (Софьино),Москва,2890.0,,2026-01-05T10:00:00+00:00,demo
ORD-101633,30.09.2025,Sale to individual,T-S-010,T-Shirt #10,2800.0,1,1,02.10.2025,Delivered to buyer,2025-10-04 22:44:00,Яндекс.Маркет (Софьино),Москва,2520.0,,2026-01-05T10:00:00+00:00,demo
ORD-101633,30.09.2025,Sale to individual,HOO-002,Hoodie #2,4910.0,1,1,02.10.2025,Delivered to buyer,2025-10-02 22:44:00,Яндекс.Маркет (Софьино),Москва,4173.5,,2026-01-05T10:00:00+00:00,demo
ORD-101634,30.09.2025,Sale to individual,CAP-004,Cap #4,1680.0,1,1,01.10.2025,Delivered to buyer,2025-10-01 22:28:00,Яндекс.Маркет (Софьино),Санкт-Петербург,1428.0,,2026-01-05T10:00:00+00:00,demo
ORD-101635,01.10.2025,Sale to individual,HOO-007,Hoodie #7,6730.0,1,1,03.10.2025,Delivered to buyer,2025-10-04 11:27:00,Яндекс.Маркет (Софьино),Екатеринбург,6730.0,,2026-01-05T10:00:00+00:00,demo
ORD-101636,02.10.2025,Sale to individual,T-S-001,T-Shirt #1,2690.0,1,1,06.10.2025,Delivered to buyer,2025-10-06 16:36:00,Яндекс.Маркет (Софьино),Москва,2286.5,,2026-01-05T10:00:00+00:00,demo
ORD-101636,02.10.2025,Sale to individual,T-S-010,T-Shirt #10,2800.0,1,1,06.10.2025,Delivered to buyer,2025-10-05 16:36:00,Яндекс.Маркет (Софьино),Москва,2380.0,,2026-01-05T10:00:00+00:00,demo
ORD-101636,02.10.2025,Sale to individual,T-S-004,T-Shirt #4,1960.0,1,1,06.10.2025,Delivered to buyer,2025-10-07 16:36:00,Яндекс.Маркет (Софьино),Москва,1666.0,,2026-01-05T10:00:00+00:00,demo
ORD-101637,02.10.2025,Sale to individual,CAP-002,Cap #2,1800.0,1,1,05.10.2025,Delivered to buyer,2025-10-06 19:37:00,Яндекс.Маркет (Софьино),Новосибирск,1800.0,,2026-01-05T10:00:00+00:00,demo
ORD-101637,02.10.2025,Sale to individual,CAP-001,Cap #1,1630.0,1,1,05.10.2025,Delivered to buyer,2025-10-05 19:37:00,Яндекс.Маркет (Софьино),Новосибирск,1630.0,,2026-01-05T10:00:00+00:00,demo
ORD-101638,02.10.2025,Sale to individual,HOO-003,Hoodie #3,4420.0,1,1,04.10.2025,Delivered to buyer,2025-10-07 15:34:00,Яндекс.Маркет (Софьино),Новосибирск,3757.0,,2026-01-05T10:00:00+00:00,demo
ORD-101639,02.10.2025,Sale to individual,ACC-004,Accessorie #4,1120.0,1,1,05.10.2025,Delivered to buyer,2025-10-07 22:11:00,Яндекс.Маркет (Софьино),Казань,1120.0,,2026-01-05T10:00:00+00:00,demo
ORD-101640,02.10.2025,Sale to individual,T-S-001,T-Shirt #1,2690.0,1,1,06.10.2025,Delivered to buyer,2025-10-05 10:46:00,Яндекс.Маркет (Софьино),Санкт-Петербург,2286.5,,2026-01-05T10:00:00+00:00,demo
ORD-101641,02.10.2025,Sale to individual,HOO-007,Hoodie #7,6730.0,1,1,04.10.2025,Delivered to buyer,2025-10-03 10:40:00,Яндекс.Маркет (Софьино),Санкт-Петербург,6393.5,,2026-01-05T10:00:00+00:00,demo
ORD-101642,03.10.2025,Sale to individual,T-S-008,T-Shirt #8,2110.0,1,1,06.10.2025,Delivered to buyer,2025-10-07 12:31:00,Яндекс.Маркет (Софьино),Екатеринбург,2110.0,,2026-01-05T10:00:00+00:00,demo
ORD-101642,03.10.2025,Sale to individual,T-S-007,T-Shirt #7,2890.0,1,1,06.10.2025,Delivered to buyer,2025-10-08 12:31:00,Яндекс.Маркет (Софьино),Екатеринбург,2456.5,,2026-01-05T10:00:00+00:00,demo
ORD-101642,03.10.2025,Sale to individual,CAP-002,Cap #2,1800.0,1,1,06.10.2025,Delivered to buyer,2025-10-05 12:31:00,Яндекс.Маркет (Софьино),Екатеринбург,1800.0,,2026-01-05T10:00:00+00:00,demo
ORD-101643,03.10.2025,Sale to individual,T-S-002,T-Shirt #2,2190.0,1,1,04.10.2025,Return received in warehouse,2025-10-05 18:47:00,Яндекс.Маркет (Софьино),Санкт-Петербург,2080.5,2080.5,2026-01-05T10:00:00+00:00,demo
ORD-101644,03.10.2025,Sale to individual,T-S-012,T-Shirt #12,2660.0,1,1,05.10.2025,Delivered to buyer,2025-10-05 21:08:00,Яндекс.Маркет (Софьино),Москва,2527.0,,2026-01-05T10:00:00+00:00,demo
ORD-101644,03.10.2025,Sale to individual,T-S-010,T-Shirt #10,2800.0,1,1,05.10.2025,Delivered to buyer,2025-10-08 21:08:00,Яндекс.Маркет (Софьино),Москва,2800.0,,2026-01-05T10:00:00+00:00,demo
ORD-101644,03.10.2025,Sale to individual,ACC-003,Accessorie #3,1190.0,1,1,05.10.2025,Delivered to buyer,2025-10-06 21:08:00,Яндекс.Маркет (Софьино),Москва,1071.0,,2026-01-05T10:00:00+00:00,demo
ORD-101645,04.10.2025,Sale to individual,CAP-002,Cap #2,1800.0,1,1,05.10.2025,Delivered to buyer,2025-10-08 11:00:00,Яндекс.Маркет (Софьино),Екатеринбург,1620.0,,2026-01-05T10:00:00+00:00,demo
ORD-101646,04.10.2025,Sale to individual,HOO-003,Hoodie #3,4420.0,1,1,05.10.2025,Delivered to buyer,2025-10-09 13:25:00,Яндекс.Маркет (Софьино),Москва,4420.0,,2026-01-05T10:00:00+00:00,demo
ORD-101646,04.10.2025,Sale to individual,T-S-007,T-Shirt #7,2890.0,1,1,05.10.2025,Delivered to buyer,2025-10-05 13:25:00,Яндекс.Маркет (Софьино),Москва,2601.0,,2026-01-05T10:00:00+00:00,demo
ORD-101647,04.10.2025,Sale to individual,HOO-005,Hoodie #5,4850.0,1,1,05.10.2025,Delivered to buyer,2025-10-05 12:24:00,Яндекс.Маркет (Софьино),Екатеринбург,4850.0,,2026-01-05T10:00:00+00:00,demo
ORD-101648,04.10.2025,Sale to individual,HOO-006,Hoodie #6,6060.0,1,1,07.10.2025,Delivered to buyer,2025-10-09 11:53:00,Яндекс.Маркет (Софьино),Новосибирск,6060.0,,2026-01-05T10:00:00+00:00,demo
ORD-101649,04.10.2025,Sale to individual,T-S-011,T-Shirt #11,2370.0,1,1,06.10.2025,Delivered to buyer,2025-10-08 20:55:00,Яндекс.Маркет (Софьино),Москва,2251.5,,2026-01-05T10:00:00+00:00,demo
ORD-101650,04.10.2025,Sale to individual,T-S-012,T-Shirt #12,2660.0,2,2,08.10.2025,Delivered to buyer,2025-10-08 22:23:00,Яндекс.Маркет (Софьино),Москва,5320.0,,2026-01-05T10:00:00+00:00,demo
ORD-101650,04.10.2025,Sale to individual,CAP-002,Cap #2,1800.0,1,1,08.10.2025,Delivered to buyer,2025-10-09 22:23:00,Яндекс.Маркет (Софьино),Москва,1800.0,,2026-01-05T10:00:00+00:00,demo
ORD-101651,05.10.2025,Sale to individual,T-S-002,T-Shirt #2,2190.0,1,1,08.10.2025,Delivered to buyer,2025-10-08 20:25:00,Яндекс.Маркет (Софьино),Екатеринбург,2080.5,,2026-01-05T10:00:00+00:00,demo
ORD-101652,05.10.2025,Sale to individual,ACC-004,Accessorie #4,1120.0,1,1,09.10.2025,Delivered to buyer,2025-10-10 08:28:00,Яндекс.Маркет (Софьино),Екатеринбург,1120.0,,2026-01-05T10:00:00+00:00,demo
ORD-101652,05.10.2025,Sale to individual,HOO-008,Hoodie #8,5940.0,2,2,09.10.2025,Delivered to buyer,2025-10-06 08:28:00,Яндекс.Маркет (Софьино),Екатеринбург,11286.0,,2026-01-05T10:00:00+00:00,demo
ORD-101653,05.10.2025,Sale to individual,T-S-012,T-Shirt #12,2660.0,1,1,09.10.2025,Delivered to buyer,2025-10-07 18:38:00,Яндекс.Маркет (Софьино),Санкт-Петербург,2394.0,,2026-01-05T10:00:00+00:00,demo
ORD-101654,06.10.2025,Sale to individual,CAP-004,Cap #4,1680.0,1,1,09.10.2025,Delivered to buyer,2025-10-09 12:09:00,Яндекс.Маркет (Софьино),Санкт-Петербург,1428.0,,2026-01-05T10:00:00+00:00,demo
ORD-101655,07.10.2025,Sale to individual,HOO-001,Hoodie #1,5990.0,2,2,08.10.2025,Delivered to buyer,2025-10-12 18:09:00,Яндекс.Маркет (Софьино),Москва,10183.0,,2026-01-05T10:00:00+00:00,demo
ORD-101655,07.10.2025,Sale to individual,HOO-001,Hoodie #1,5990.0,1,1,08.10.2025,Delivered to buyer,2025-10-11 18:09:00,Яндекс.Маркет (Софьино),Москва,5091.5,,2026-01-05T10:00:00+00:00,demo
ORD-101655,07.10.2025,Sale to individual,ACC-001,Accessorie #1,990.0,1,1,08.10.2025,Delivered to buyer,2025-10-10 18:09:00,Яндекс.Маркет (Софьино),Москва,990.0,,2026-01-05T10:00:00+00:00,demo
ORD-101656,07.10.2025,Sale to individual,T-S-008,T-Shirt #8,2110.0,1,0,,Cancelled,2025-10-09 09:42:00,Яндекс.Маркет (Софьино),Екатеринбург,,,2026-01-05T10:00:00+00:00,demo
ORD-101657,07.10.2025,Sale to individual,HOO-008,Hoodie #8,5940.0,1,0,,Cancelled,2025-10-09 12:29:00,Яндекс.Маркет (Софьино),Казань,,,2026-01-05T10:00:00+00:00,demo
ORD-101658,07.10.2025,Sale to individual,T-S-009,T-Shirt #9,2030.0,2,2,08.10.2025,Delivered to buyer,2025-10-08 11:52:00,Яндекс.Маркет (Софьино),Екатеринбург,3654.0,,2026-01-05T10:00:00+00:00,demo
ORD-101658,07.10.2025,Sale to individual,T-S-003,T-Shirt #3,2990.0,1,1,08.10.2025,Delivered to buyer,2025-10-10 11:52:00,Яндекс.Маркет (Софьино),Екатеринбург,2840.5,,2026-01-05T10:00:00+00:00,demo
ORD-101658,07.10.2025,Sale to individual,CAP-004,Cap #4,1680.0,2,2,08.10.2025,Delivered to buyer,2025-10-12 11:52:00,Яндекс.Маркет (Софьино),Екатеринбург,3024.0,,2026-01-05T10:00:00+00:00,demo
ORD-101659,07.10.2025,Sale to individual,T-S-011,T-Shirt #11,2370.0,1,0,,Cancelled,2025-10-10 12:31:00,Яндекс.Маркет (Софьино),Казань,,,2026-01-05T10:00:00+00:00,demo
ORD-101659,07.10.2025,Sale to individual,CAP-002,Cap #2,1800.0,1,0,,Cancelled,2025-10-10 12:31:00,Яндекс.Маркет (Софьино),Казань,,,2026-01-05T10:00:00+00:00,demo
ORD-101660,07.10.2025,Sale to individual,T-S-010,T-Shirt #10,2800.0,2,2,10.10.2025,Delivered to buyer,2025-10-11 15:54:00,Яндекс.Маркет (Софьино),Екатеринбург,5600.0,,2026-01-05T10:00:00+00:00,demo
ORD-101660,07.10.2025,Sale to individual,CAP-002,Cap #2,1800.0,1,1,10.10.2025,Delivered to buyer,2025-10-09 15:54:00,Яндекс.Маркет (Софьино),Екатеринбург,1710.0,,2026-01-05T10:00:00+00:00,demo
ORD-101661,08.10.2025,Sale to individual,T-S-010,T-Shirt #10,2800.0,1,1,09.10.2025,Delivered to buyer,2025-10-09 08:34:00,Яндекс.Маркет (Софьино),Екатеринбург,2380.0,,2026-01-05T10:00:00+00:00,demo
ORD-101661,08.10.2025,Sale to individual,CAP-004,Cap #4,1680.0,1,1,09.10.2025,Delivered to buyer,2025-10-12 08:34:00,Яндекс.Маркет (Софьино),Екатеринбург,1680.0,,2026-01-05T10:00:00+00:00,demo
ORD-101662,08.10.2025,Sale to individual,T-S-010,T-Shirt #10,2800.0,1,1,11.10.2025,Delivered to buyer,2025-10-10 10:20:00,Яндекс.Маркет (Софьино),Новосибирск,2800.0,,2026-01-05T10:00:00+00:00,demo
ORD-101662,08.10.2025,Sale to individual,T-S-010,T-Shirt #10,2800.0,1,1,11.10.2025,Delivered to buyer,2025-10-11 10:20:00,Яндекс.Маркет (Софьино),Новосибирск,2520.0,,2026-01-05T10:00:00+00:00,demo
ORD-101663,08.10.2025,Sale to individual,T-S-008,T-Shirt #8,2110.0,1,1,09.10.2025,Delivered to buyer,2025-10-11 11:23:00,Яндекс.Маркет (Софьино),Москва,2110.0,,2026-01-05T10:00:00+00:00,demo
ORD-101664,08.10.2025,Sale to individual,CAP-004,Cap #4,1680.0,2,2,10.10.2025,Delivered to buyer,2025-10-11 16:37:00,Яндекс.Маркет (Софьино),Санкт-Петербург,3360.0,,2026-01-05T10:00:00+00:00,demo
ORD-101665,08.10.2025,Sale to individual,CAP-002,Cap #2,1800.0,2,2,11.10.2025,Return received in warehouse,2025-10-12 13:56:00,Яндекс.Маркет (Софьино),Москва,3060.0,3060.0,2026-01-05T10:00:00+00:00,demo
ORD-101666,08.10.2025,Sale to individual,T-S-004,T-Shirt #4,1960.0,1,1,12.10.2025,Delivered to buyer,2025-10-09 18:49:00,Яндекс.Маркет (Софьино),Москва,1666.0,,2026-01-05T10:00:00+00:00,demo
ORD-101667,09.10.2025,Sale to individual,T-S-007,T-Shirt #7,2890.0,1,1,12.10.2025,Delivered to buyer,2025-10-14 16:52:00,Яндекс.Маркет (Софьино),Москва,2745.5,,2026-01-05T10:00:00+00:00,demo
ORD-101668,09.10.2025,Sale to individual,T-S-007,T-Shirt #7,2890.0,1,1,12.10.2025,Delivered to buyer,2025-10-13 09:58:00,Яндекс.Маркет (Софьино),Казань,2890.0,,2026-01-05T10:00:00+00:00,demo
ORD-101669,09.10.2025,Sale to individual,CAP-004,Cap #4,1680.0,1,1,12.10.2025,Delivered to buyer,2025-10-13 20:29:00,Яндекс.Маркет (Софьино),Новосибирск,1680.0,,2026-01-05T10:00:00+00:00,demo
ORD-101670,09.10.2025,Sale to individual,HOO-002,Hoodie #2,4910.0,1,1,10.10.2025,Delivered to buyer,2025-10-13 18:10:00,Яндекс.Маркет (Софьино),Санкт-Петербург,4419.0,,2026-01-05T10:00:00+00:00,demo
ORD-101670,09.10.2025,Sale to individual,CAP-004,Cap #4,1680.0,2,2,10.10.2025,Delivered to buyer,2025-10-14 18:10:00,Яндекс.Маркет (Софьино),Санкт-Петербург,3360.0,,2026-01-05T10:00:00+00:00,demo
ORD-101670,09.10.2025,Sale to individual,CAP-005,Cap #5,1800.0,2,2,10.10.2025,Delivered to buyer,2025-10-12 18:10:00,Яндекс.Маркет (Софьино),Санкт-Петербург,3240.0,,2026-01-05T10:00:00+00:00,demo
ORD-101671,09.10.2025,Sale to individual,T-S-005,T-Shirt #5,1950.0,1,1,13.10.2025,Delivered to buyer,2025-10-11 11:12:00,Яндекс.Маркет (Софьино),Москва,1852.5,,2026-01-05T10:00:00+00:00,demo
ORD-101672,10.10.2025,Sale to individual,HOO-007,Hoodie #7,6730.0,1,1,13.10.2025,Delivered to buyer,2025-10-12 08:59:00,Яндекс.Маркет (Софьино),Москва,6730.0,,2026-01-05T10:00:00+00:00,demo
ORD-101673,10.10.2025,Sale to individual,T-S-006,T-Shirt #6,2570.0,1,1,12.10.2025,Delivered to buyer,2025-10-11 21:43:00,Яндекс.Маркет (Софьино),Санкт-Петербург,2313.0,,2026-01-05T10:00:00+00:00,demo
ORD-101673,10.10.2025,Sale to individual,T-S-010,T-Shirt #10,2800.0,1,1,12.10.2025,Delivered to buyer,2025-10-15 21:43:00,Яндекс.Маркет (Софьино),Санкт-Петербург,2800.0,,2026-01-05T10:00:00+00:00,demo
ORD-101673,10.10.2025,Sale to individual,T-S-010,T-Shirt #10,2800.0,1,1,12.10.2025,Delivered to buyer,2025-10-14 21:43:00,Яндекс.Маркет (Софьино),Санкт-Петербург,2800.0,,2026-01-05T10:00:00+00:00,demo
ORD-101674,10.10.2025,Sale to individual,ACC-005,Accessorie #5,1220.0,1,1,11.10.2025,Delivered to buyer,2025-10-14 20:40:00,Яндекс.Маркет (Софьино),Санкт-Петербург,1220.0,,2026-01-05T10:00:00+00:00,demo
ORD-101674,10.10.2025,Sale to individual,ACC-002,Accessorie #2,1440.0,1,1,11.10.2025,Delivered to buyer,2025-10-12 20:40:00,Яндекс.Маркет (Софьино),Санкт-Петербург,1368.0,,2026-01-05T10:00:00+00:00,demo
ORD-101675,10.10.2025,Sale to individual,T-S-002,T-Shirt #2,2190.0,1,1,12.10.2025,Delivered to buyer,2025-10-12 20:25:00,Яндекс.Маркет (Софьино),Новосибирск,2080.5,,2026-01-05T10:00:00+00:00,demo
ORD-101675,10.10.2025,Sale to individual,HOO-007,Hoodie #7,6730.0,1,1,12.10.2025,Delivered to buyer,2025-10-13 20:25:00,Яндекс.Маркет (Софьино),Новосибирск,5720.5,,2026-01-05T10:00:00+00:00,demo
ORD-101675,10.10.2025,Sale to individual,HOO-005,Hoodie #5,4850.0,1,1,12.10.2025,Delivered to buyer,2025-10-12 20:25:00,Яндекс.Маркет (Софьино),Новосибирск,4850.0,,2026-01-05T10:00:00+00:00,demo
ORD-101676,10.10.2025,Sale to individual,CAP-001,Cap #1,1630.0,1,1,14.10.2025,Delivered to buyer,2025-10-13 10:40:00,Яндекс.Маркет (Софьино),Санкт-Петербург,1630.0,,2026-01-05T10:00:00+00:00,demo
ORD-101677,10.10.2025,Sale to individual,T-S-008,T-Shirt #8,2110.0,2,2,12.10.2025,Delivered to buyer,2025-10-11 21:30:00,Яндекс.Маркет (Софьино),Санкт-Петербург,3798.0,,2026-01-05T10:00:00+00:00,demo
ORD-101678,13.10.2025,Sale to individual,ACC-004,Accessorie #4,1120.0,2,2,14.10.2025,Delivered to buyer,2025-10-17 14:05:00,Яндекс.Маркет (Софьино),Санкт-Петербург,1904.0,,2026-01-05T10:00:00+00:00,demo
ORD-101678,13.10.2025,Sale to individual,T-S-002,T-Shirt #2,2190.0,1,1,14.10.2025,Delivered to buyer,2025-10-15 14:05:00,Яндекс.Маркет (Софьино),Санкт-Петербург,1861.5,,2026-01-05T10:00:00+00:00,demo
ORD-101679,13.10.2025,Sale to individual,T-S-012,T-Shirt #12,2660.0,2,2,14.10.2025,Delivered to buyer,2025-10-16 14:02:00,Яндекс.Маркет (Софьино),Санкт-Петербург,5320.0,,2026-01-05T10:00:00+00:00,demo
ORD-101680,13.10.2025,Sale to individual,HOO-008,Hoodie #8,5940.0,1,1,15.10.2025,Delivered to buyer,2025-10-17 21:52:00,Яндекс.Маркет (Софьино),Санкт-Петербург,5346.0,,2026-01-05T10:00:00+00:00,demo
ORD-101680,13.10.2025,Sale to individual,HOO-007,Hoodie #7,6730.0,1,1,15.10.2025,Delivered to buyer,2025-10-16 21:52:00,Яндекс.Маркет (Софьино),Санкт-Петербург,5720.5,,2026-01-05T10:00:00+00:00,demo
ORD-101681,13.10.2025,Sale to individual,T-S-012,T-Shirt #12,2660.0,1,1,15.10.2025,Return received in warehouse,2025-10-15 14:30:00,Яндекс.Маркет (Софьино),Казань,2660.0,2660.0,2026-01-05T10:00:00+00:00,demo
ORD-101682,14.10.2025,Sale to individual,HOO-001,Hoodie #1,5990.0,1,0,,Cancelled,2025-10-17 10:09:00,Яндекс.Маркет (Софьино),Казань,,,2026-01-05T10:00:00+00:00,demo
ORD-101682,14.10.2025,Sale to individual,HOO-007,Hoodie #7,6730.0,1,0,,Cancelled,2025-10-16 10:09:00,Яндекс.Маркет (Софьино),Казань,,,2026-01-05T10:00:00+00:00,demo
ORD-101682,14.10.2025,Sale to individual,CAP-002,Cap #2,1800.0,1,0,,Cancelled,2025-10-15 10:09:00,Яндекс.Маркет (Софьино),Казань,,,2026-01-05T10:00:00+00:00,demo
ORD-101683,14.10.2025,Sale to individual,T-S-010,T-Shirt #10,2800.0,2,2,17.10.2025,Delivered to buyer,2025-10-18 10:52:00,Яндекс.Маркет (Софьино),Москва,5600.0,,2026-01-05T10:00:00+00:00,demo
ORD-101684,14.10.2025,Sale to individual,T-S-002,T-Shirt #2,2190.0,1,1,15.10.2025,Delivered to buyer,2025-10-16 09:54:00,Яндекс.Маркет (Софьино),Новосибирск,2190.0,,2026-01-05T10:00:00+00:00,demo
ORD-101684,14.10.2025,Sale to individual,T-S-011,T-Shirt #11,2370.0,1,1,15.10.2025,Delivered to buyer,2025-10-17 09:54:00,Яндекс.Маркет (Софьино),Новосибирск,2133.0,,2026-01-05T10:00:00+00:00,demo
ORD-101685,14.10.2025,Sale to individual,HOO-007,Hoodie #7,6730.0,1,1,17.10.2025,Delivered to buyer,2025-10-15 21:35:00,Яндекс.Маркет (Софьино),Казань,6730.0,,2026-01-05T10:00:00+00:00,demo
ORD-101686,14.10.2025,Sale to individual,HOO-007,Hoodie #7,6730.0,2,2,16.10.2025,Delivered to buyer,2025-10-19 20:24:00,Яндекс.Маркет (Софьино),Казань,13460.0,,2026-01-05T10:00:00+00:00,demo
ORD-101686,14.10.2025,Sale to individual,HOO-001,Hoodie #1,5990.0,2,2,16.10.2025,Delivered to buyer,2025-10-18 20:24:00,Яндекс.Маркет (Софьино),Казань,11381.0,,2026-01-05T10:00:00+00:00,demo
ORD-101687,14.10.2025,Sale to individual,T-S-002,T-Shirt #2,2190.0,1,1,17.10.2025,Delivered to buyer,2025-10-15 13:46:00,Яндекс.Маркет (Софьино),Екатеринбург,2190.0,,2026-01-05T10:00:00+00:00,demo
ORD-101687,14.10.2025,Sale to individual,T-S-010,T-Shirt #10,2800.0,1,1,17.10.2025,Delivered to buyer,2025-10-18 13:46:00,Яндекс.Маркет (Софьино),Екатеринбург,2800.0,,2026-01-05T10:00:00+00:00,demo
ORD-101688,14.10.2025,Sale to individual,CAP-003,Cap #3,1680.0,2,0,,Cancelled,2025-10-15 12:04:00,Яндекс.Маркет (Софьино),Казань,,,2026-01-05T10:00:00+00:00,demo
ORD-101688,14.10.2025,Sale to individual,HOO-008,Hoodie #8,5940.0,1,0,,Cancelled,2025-10-18 12:04:00,Яндекс.Маркет (Софьино),Казань,,,2026-01-05T10:00:00+00:00,demo
ORD-101689,14.10.2025,Sale to individual,HOO-003,Hoodie #3,4420.0,1,1,17.10.2025,Delivered to buyer,2025-10-15 11:37:00,Яндекс.Маркет (Софьино),Санкт-Петербург,3978.0,,2026-01-05T10:00:00+00:00,demo
ORD-101689,14.10.2025,Sale to individual,T-S-010,T-Shirt #10,2800.0,1,1,17.10.2025,Delivered to buyer,2025-10-17 11:37:00,Яндекс.Маркет (Софьино),Санкт-Петербург,2800.0,,2026-01-05T10:00:00+00:00,demo
ORD-101690,14.10.2025,Sale to individual,HOO-006,Hoodie #6,6060.0,1,1,15.10.2025,Delivered to buyer,2025-10-15 14:10:00,Яндекс.Маркет (Софьино),Новосибирск,6060.0,,2026-01-05T10:00:00+00:00,demo
ORD-101691,15.10.2025,Sale to individual,T-S-009,T-Shirt #9,2030.0,2,2,17.10.2025,Delivered to buyer,2025-10-20 12:04:00,Яндекс.Маркет (Софьино),Екатеринбург,3654.0,,2026-01-05T10:00:00+00:00,demo
ORD-101691,15.10.2025,Sale to individual,CAP-002,Cap #2,1800.0,2,2,17.10.2025,Delivered to buyer,2025-10-16 12:04:00,Яндекс.Маркет (Софьино),Екатеринбург,3240.0,,2026-01-05T10:00:00+00:00,demo
ORD-101692,15.10.2025,Sale to individual,T-S-007,T-Shirt #7,2890.0,2,2,17.10.2025,Delivered to buyer,2025-10-16 16:30:00,Яндекс.Маркет (Софьино),Новосибирск,5780.0,,2026-01-05T10:00:00+00:00,demo
ORD-101693,15.10.2025,Sale to individual,HOO-007,Hoodie #7,6730.0,2,2,17.10.2025,Delivered to buyer,2025-10-20 20:11:00,Яндекс.Маркет (Софьино),Москва,12787.0,,2026-01-05T10:00:00+00:00,demo
ORD-101693,15.10.2025,Sale to individual,HOO-008,Hoodie #8,5940.0,2,2,17.10.2025,Delivered to buyer,2025-10-19 20:11:00,Яндекс.Маркет (Софьино),Москва,10098.0,,2026-01-05T10:00:00+00:00,demo
ORD-101694,16.10.2025,Sale to individual,T-S-005,T-Shirt #5,1950.0,2,2,19.10.2025,Delivered to buyer,2025-10-19 18:43:00,Яндекс.Маркет (Софьино),Москва,3705.0,,2026-01-05T10:00:00+00:00,demo
ORD-101695,16.10.2025,Sale to individual,T-S-009,T-Shirt #9,2030.0,1,1,19.10.2025,Delivered to buyer,2025-10-17 08:32:00,Яндекс.Маркет (Софьино),Санкт-Петербург,2030.0,,2026-01-05T10:00:00+00:00,demo
ORD-101696,17.10.2025,Sale to individual,T-S-012,T-Shirt #12,2660.0,1,1,18.10.2025,Delivered to buyer,2025-10-22 09:22:00,Яндекс.Маркет (Софьино),Новосибирск,2527.0,,2026-01-05T10:00:00+00:00,demo
ORD-101697,17.10.2025,Sale to individual,T-S-001,T-Shirt #1,2690.0,2,2,20.10.2025,Delivered to buyer,2025-10-21 15:51:00,Яндекс.Маркет (Софьино),Санкт-Петербург,4573.0,,2026-01-05T10:00:00+00:00,demo
ORD-101697,17.10.2025,Sale to individual,T-S-002,T-Shirt #2,2190.0,2,2,20.10.2025,Delivered to buyer,2025-10-20 15:51:00,Яндекс.Маркет (Софьино),Санкт-Петербург,4161.0,,2026-01-05T10:00:00+00:00,demo
ORD-101698,17.10.2025,Sale to individual,T-S-011,T-Shirt #11,2370.0,2,2,21.10.2025,Delivered to buyer,2025-10-18 18:48:00,Яндекс.Маркет (Софьино),Екатеринбург,4503.0,,2026-01-05T10:00:00+00:00,demo
ORD-101698,17.10.2025,Sale to individual,HOO-004,Hoodie #4,5110.0,2,2,21.10.2025,Delivered to buyer,2025-10-21 18:48:00,Яндекс.Маркет (Софьино),Екатеринбург,10220.0,,2026-01-05T10:00:00+00:00,demo
ORD-101699,17.10.2025,Sale to individual,CAP-005,Cap #5,1800.0,1,1,18.10.2025,Delivered to buyer,2025-10-19 14:44:00,Яндекс.Маркет (Софьино),Москва,1620.0,,2026-01-05T10:00:00+00:00,demo
ORD-101700,17.10.2025,Sale to individual,T-S-008,T-Shirt #8,2110.0,1,1,19.10.2025,Delivered to buyer,2025-10-21 13:44:00,Яндекс.Маркет (Софьино),Новосибирск,1793.5,,2026-01-05T10:00:00+00:00,demo
ORD-101700,17.10.2025,Sale to individual,HOO-005,Hoodie #5,4850.0,1,1,19.10.2025,Delivered to buyer,2025-10-21 13:44:00,Яндекс.Маркет (Софьино),Новосибирск,4365.0,,2026-01-05T10:00:00+00:00,demo
ORD-101701,17.10.2025,Sale to individual,HOO-004,Hoodie #4,5110.0,1,1,20.10.2025,Delivered to buyer,2025-10-19 09:56:00,Яндекс.Маркет (Софьино),Новосибирск,4854.5,,2026-01-05T10:00:00+00:00,demo
ORD-101702,17.10.2025,Sale to individual,T-S-001,T-Shirt #1,2690.0,1,1,21.10.2025,Delivered to buyer,2025-10-21 19:23:00,Яндекс.Маркет (Софьино),Екатеринбург,2421.0,,2026-01-05T10:00:00+00:00,demo
ORD-101702,17.10.2025,Sale to individual,T-S-010,T-Shirt #10,2800.0,1,1,21.10.2025,Delivered to buyer,2025-10-20 19:23:00,Яндекс.Маркет (Софьино),Екатеринбург,2520.0,,2026-01-05T10:00:00+00:00,demo
ORD-101702,17.10.2025,Sale to individual,T-S-005,T-Shirt #5,1950.0,1,1,21.10.2025,Delivered to buyer,2025-10-20 19:23:00,Яндекс.Маркет (Софьино),Екатеринбург,1950.0,,2026-01-05T10:00:00+00:00,demo
ORD-101703,18.10.2025,Sale to individual,T-S-010,T-Shirt #10,2800.0,2,2,21.10.2025,Delivered to buyer,2025-10-21 21:35:00,Яндекс.Маркет (Софьино),Новосибирск,5600.0,,2026-01-05T10:00:00+00:00,demo
ORD-101703,18.10.2025,Sale to individual,ACC-003,Accessorie #3,1190.0,1,1,21.10.2025,Delivered to buyer,2025-10-21 21:35:00,Яндекс.Маркет (Софьино),Новосибирск,1130.5,,2026-01-05T10:00:00+00:00,demo
ORD-101704,19.10.2025,Sale to individual,CAP-004,Cap #4,1680.0,1,1,22.10.2025,Return received in warehouse,2025-10-24 11:19:00,Яндекс.Маркет (Софьино),Казань,1512.0,1512.0,2026-01-05T10:00:00+00:00,demo
ORD-101705,20.10.2025,Sale to individual,HOO-005,Hoodie #5,4850.0,1,1,23.10.2025,Return received in warehouse,2025-10-23 17:15:00,Яндекс.Маркет (Софьино),Казань,4122.5,4122.5,2026-01-05T10:00:00+00:00,demo
ORD-101706,20.10.2025,Sale to individual,T-S-008,T-Shirt #8,2110.0,1,1,22.10.2025,Delivered to buyer,2025-10-24 12:01:00,Яндекс.Маркет (Софьино),Екатеринбург,1793.5,,2026-01-05T10:00:00+00:00,demo
ORD-101707,20.10.2025,Sale to individual,ACC-003,Accessorie #3,1190.0,1,1,24.10.2025,Delivered to buyer,2025-10-22 17:46:00,Яндекс.Маркет (Софьино),Екатеринбург,1190.0,,2026-01-05T10:00:00+00:00,demo
ORD-101707,20.10.2025,Sale to individual,ACC-004,Accessorie #4,1120.0,1,1,24.10.2025,Delivered to buyer,2025-10-21 17:46:00,Яндекс.Маркет (Софьино),Екатеринбург,1120.0,,2026-01-05T10:00:00+00:00,demo
ORD-101707,20.10.2025,Sale to individual,HOO-008,Hoodie #8,5940.0,2,2,24.10.2025,Delivered to buyer,2025-10-21 17:46:00,Яндекс.Маркет (Софьино),Екатеринбург,11880.0,,2026-01-05T10:00:00+00:00,demo
ORD-101708,20.10.2025,Sale to individual,T-S-012,T-Shirt #12,2660.0,1,0,,Cancelled,2025-10-23 10:07:00,Яндекс.Маркет (Софьино),Казань,,,2026-01-05T10:00:00+00:00,demo
ORD-101709,20.10.2025,Sale to individual,T-S-010,T-Shirt #10,2800.0,1,1,24.10.2025,Delivered to buyer,2025-10-21 19:50:00,Яндекс.Маркет (Софьино),Екатеринбург,2800.0,,2026-01-05T10:00:00+00:00,demo
ORD-101710,20.10.2025,Sale to individual,HOO-004,Hoodie #4,5110.0,2,2,23.10.2025,Delivered to buyer,2025-10-22 08:02:00,Яндекс.Маркет (Софьино),Казань,10220.0,,2026-01-05T10:00:00+00:00,demo
ORD-101711,21.10.2025,Sale to individual,T-S-007,T-Shirt #7,2890.0,1,0,,Cancelled,2025-10-22 17:14:00,Яндекс.Маркет (Софьино),Казань,,,2026-01-05T10:00:00+00:00,demo
ORD-101712,21.10.2025,Sale to individual,CAP-005,Cap #5,1800.0,2,2,25.10.2025,Delivered to buyer,2025-10-24 19:55:00,Яндекс.Маркет (Софьино),Казань,3600.0,,2026-01-05T10:00:00+00:00,demo
ORD-101713,21.10.2025,Sale to individual,HOO-004,Hoodie #4,5110.0,1,1,25.10.2025,Delivered to buyer,2025-10-26 13:40:00,Яндекс.Маркет (Софьино),Новосибирск,4343.5,,2026-01-05T10:00:00+00:00,demo
ORD-101714,22.10.2025,Sale to individual,T-S-009,T-Shirt #9,2030.0,2,0,,Cancelled,2025-10-24 13:35:00,Яндекс.Маркет (Софьино),Казань,,,2026-01-05T10:00:00+00:00,demo
ORD-101715,22.10.2025,Sale to individual,ACC-001,Accessorie #1,990.0,1,1,25.10.2025,Delivered to buyer,2025-10-26 09:14:00,Яндекс.Маркет (Софьино),Казань,990.0,,2026-01-05T10:00:00+00:00,demo
ORD-101716,22.10.2025,Sale to individual,CAP-005,Cap #5,1800.0,1,1,24.10.2025,Delivered to buyer,2025-10-25 22:42:00,Яндекс.Маркет (Софьино),Санкт-Петербург,1620.0,,2026-01-05T10:00:00+00:00,demo
ORD-101717,22.10.2025,Sale to individual,T-S-005,T-Shirt #5,1950.0,2,2,24.10.2025,Delivered to buyer,2025-10-26 12:26:00,Яндекс.Маркет (Софьино),Екатеринбург,3315.0,,2026-01-05T10:00:00+00:00,demo
ORD-101717,22.10.2025,Sale to individual,T-S-010,T-Shirt #10,2800.0,1,1,24.10.2025,Delivered to buyer,2025-10-27 12:26:00,Яндекс.Маркет (Софьино),Екатеринбург,2800.0,,2026-01-05T10:00:00+00:00,demo
ORD-101717,22.10.2025,Sale to individual,HOO-008,Hoodie #8,5940.0,1,1,24.10.2025,Delivered to buyer,2025-10-27 12:26:00,Яндекс.Маркет (Софьино),Екатеринбург,5940.0,,2026-01-05T10:00:00+00:00,demo
ORD-101718,23.10.2025,Sale to individual,ACC-001,Accessorie #1,990.0,2,2,24.10.2025,Delivered to buyer,2025-10-26 14:48:00,Яндекс.Маркет (Софьино),Москва,1782.0,,2026-01-05T10:00:00+00:00,demo
ORD-101719,23.10.2025,Sale to individual,T-S-010,T-Shirt #10,2800.0,1,1,25.10.2025,Delivered to buyer,2025-10-25 15:16:00,Яндекс.Маркет (Софьино),Казань,2800.0,,2026-01-05T10:00:00+00:00,demo
ORD-101720,23.10.2025,Sale to individual,T-S-007,T-Shirt #7,2890.0,1,1,26.10.2025,Delivered to buyer,2025-10-27 20:50:00,Яндекс.Маркет (Софьино),Екатеринбург,2601.0,,2026-01-05T10:00:00+00:00,demo
ORD-101721,23.10.2025,Sale to individual,CAP-005,Cap #5,1800.0,1,1,26.10.2025,Delivered to buyer,2025-10-25 10:28:00,Яндекс.Маркет (Софьино),Санкт-Петербург,1530.0,,2026-01-05T10:00:00+00:00,demo
ORD-101721,23.10.2025,Sale to individual,ACC-003,Accessorie #3,1190.0,1,1,26.10.2025,Delivered to buyer,2025-10-25 10:28:00,Яндекс.Маркет (Софьино),Санкт-Петербург,1190.0,,2026-01-05T10:00:00+00:00,demo
ORD-101721,23.10.2025,Sale to individual,T-S-007,T-Shirt #7,2890.0,1,1,26.10.2025,Delivered to buyer,2025-10-26 10:28:00,Яндекс.Маркет (Софьино),Санкт-Петербург,2890.0,,2026-01-05T10:00:00+00:00,demo
ORD-101722,23.10.2025,Sale to individual,ACC-001,Accessorie #1,990.0,1,1,25.10.2025,Delivered to buyer,2025-10-25 17:06:00,Яндекс.Маркет (Софьино),Санкт-Петербург,990.0,,2026-01-05T10:00:00+00:00,demo
ORD-101723,24.10.2025,Sale to individual,ACC-002,Accessorie #2,1440.0,2,2,25.10.2025,Delivered to buyer,2025-10-26 19:44:00,Яндекс.Маркет (Софьино),Москва,2592.0,,2026-01-05T10:00:00+00:00,demo
ORD-101723,24.10.2025,Sale to individual,CAP-004,Cap #4,1680.0,2,2,25.10.2025,Delivered to buyer,2025-10-29 19:44:00,Яндекс.Маркет (Софьино),Москва,2856.0,,2026-01-05T10:00:00+00:00,demo
ORD-101723,24.10.2025,Sale to individual,T-S-010,T-Shirt #10,2800.0,1,1,25.10.2025,Delivered to buyer,2025-10-26 19:44:00,Яндекс.Маркет (Софьино),Москва,2660.0,,2026-01-05T10:00:00+00:00,demo
ORD-101724,24.10.2025,Sale to individual,T-S-010,T-Shirt #10,2800.0,1,1,27.10.2025,Return received in warehouse,2025-10-29 08:11:00,Яндекс.Маркет (Софьино),Санкт-Петербург,2380.0,2380.0,2026-01-05T10:00:00+00:00,demo
ORD-101724,24.10.2025,Sale to individual,T-S-002,T-Shirt #2,2190.0,1,1,27.10.2025,Return received in warehouse,2025-10-26 08:11:00,Яндекс.Маркет (Софьино),Санкт-Петербург,1971.0,1971.0,2026-01-05T10:00:00+00:00,demo
ORD-101724,24.10.2025,Sale to individual,ACC-003,Accessorie #3,1190.0,1,1,27.10.2025,Return received in warehouse,2025-10-26 08:11:00,Яндекс.Маркет (Софьино),Санкт-Петербург,1190.0,1190.0,2026-01-05T10:00:00+00:00,demo
ORD-101725,24.10.2025,Sale to individual,T-S-006,T-Shirt #6,2570.0,2,2,26.10.2025,Delivered to buyer,2025-10-29 19:58:00,Яндекс.Маркет (Софьино),Казань,5140.0,,2026-01-05T10:00:00+00:00,demo
ORD-101726,24.10.2025,Sale to individual,T-S-012,T-Shirt #12,2660.0,1,1,25.10.2025,Return received in warehouse,2025-10-27 20:58:00,Яндекс.Маркет (Софьино),Санкт-Петербург,2660.0,2660.0,2026-01-05T10:00:00+00:00,demo
ORD-101727,25.10.2025,Sale to individual,CAP-004,Cap #4,1680.0,2,2,26.10.2025,Delivered to buyer,2025-10-29 22:23:00,Яндекс.Маркет (Софьино),Казань,3360.0,,2026-01-05T10:00:00+00:00,demo
ORD-101727,25.10.2025,Sale to individual,CAP-002,Cap #2,1800.0,2,2,26.10.2025,Delivered to buyer,2025-10-28 22:23:00,Яндекс.Маркет (Софьино),Казань,3420.0,,2026-01-05T10:00:00+00:00,demo
ORD-101728,25.10.2025,Sale to individual,T-S-002,T-Shirt #2,2190.0,1,1,27.10.2025,Delivered to buyer,2025-10-29 09:39:00,Яндекс.Маркет (Софьино),Казань,1861.5,,2026-01-05T10:00:00+00:00,demo
ORD-101729,25.10.2025,Sale to individual,T-S-007,T-Shirt #7,2890.0,1,1,29.10.2025,Delivered to buyer,2025-10-30 20:43:00,Яндекс.Маркет (Софьино),Санкт-Петербург,2745.5,,2026-01-05T10:00:00+00:00,demo
ORD-101729,25.10.2025,Sale to individual,HOO-001,Hoodie #1,5990.0,1,1,29.10.2025,Delivered to buyer,2025-10-28 20:43:00,Яндекс.Маркет (Софьино),Санкт-Петербург,5091.5,,2026-01-05T10:00:00+00:00,demo
ORD-101729,25.10.2025,Sale to individual,ACC-003,Accessorie #3,1190.0,2,2,29.10.2025,Delivered to buyer,2025-10-30 20:43:00,Яндекс.Маркет (Софьино),Санкт-Петербург,2142.0,,2026-01-05T10:00:00+00:00,demo
ORD-101730,25.10.2025,Sale to individual,T-S-012,T-Shirt #12,2660.0,2,2,27.10.2025,Delivered to buyer,2025-10-26 19:16:00,Яндекс.Маркет (Софьино),Санкт-Петербург,4522.0,,2026-01-05T10:00:00+00:00,demo
ORD-101731,25.10.2025,Sale to individual,ACC-004,Accessorie #4,1120.0,2,2,26.10.2025,Delivered to buyer,2025-10-26 09:08:00,Яндекс.Маркет (Софьино),Москва,1904.0,,2026-01-05T10:00:00+00:00,demo
ORD-101732,25.10.2025,Sale to individual,HOO-006,Hoodie #6,6060.0,2,2,29.10.2025,Delivered to buyer,2025-10-29 19:22:00,Яндекс.Маркет (Софьино),Москва,12120.0,,2026-01-05T10:00:00+00:00,demo
ORD-101732,25.10.2025,Sale to individual,HOO-008,Hoodie #8,5940.0,1,1,29.10.2025,Delivered to buyer,2025-10-27 19:22:00,Яндекс.Маркет (Софьино),Москва,5940.0,,2026-01-05T10:00:00+00:00,demo
ORD-101732,25.10.2025,Sale to individual,ACC-002,Accessorie #2,1440.0,1,1,29.10.2025,Delivered to buyer,2025-10-26 19:22:00,Яндекс.Маркет (Софьино),Москва,1368.0,,2026-01-05T10:00:00+00:00,demo
ORD-101733,26.10.2025,Sale to individual,T-S-010,T-Shirt #10,2800.0,2,2,28.10.2025,Delivered to buyer,2025-10-28 19:22:00,Яндекс.Маркет (Софьино),Москва,5600.0,,2026-01-05T10:00:00+00:00,demo
ORD-101733,26.10.2025,Sale to individual,ACC-001,Accessorie #1,990.0,1,1,28.10.2025,Delivered to buyer,2025-10-30 19:22:00,Яндекс.Маркет (Софьино),Москва,990.0,,2026-01-05T10:00:00+00:00,demo
ORD-101734,27.10.2025,Sale to individual,HOO-004,Hoodie #4,5110.0,1,1,29.10.2025,Delivered to buyer,2025-10-30 19:16:00,Яндекс.Маркет (Софьино),Санкт-Петербург,5110.0,,2026-01-05T10:00:00+00:00,demo
ORD-101735,27.10.2025,Sale to individual,T-S-008,T-Shirt #8,2110.0,2,2,28.10.2025,Delivered to buyer,2025-10-29 10:09:00,Яндекс.Маркет (Софьино),Казань,4220.0,,2026-01-05T10:00:00+00:00,demo
ORD-101735,27.10.2025,Sale to individual,HOO-008,Hoodie #8,5940.0,1,1,28.10.2025,Delivered to buyer,2025-10-29 10:09:00,Яндекс.Маркет (Софьино),Казань,5049.0,,2026-01-05T10:00:00+00:00,demo
ORD-101736,28.10.2025,Sale to individual,T-S-012,T-Shirt #12,2660.0,2,2,29.10.2025,Delivered to buyer,2025-11-02 15:56:00,Яндекс.Маркет (Софьино),Екатеринбург,4522.0,,2026-01-05T10:00:00+00:00,demo
ORD-101737,28.10.2025,Sale to individual,T-S-012,T-Shirt #12,2660.0,1,1,29.10.2025,Delivered to buyer,2025-11-02 22:21:00,Яндекс.Маркет (Софьино),Санкт-Петербург,2527.0,,2026-01-05T10:00:00+00:00,demo
ORD-101738,28.10.2025,Sale to individual,HOO-006,Hoodie #6,6060.0,1,0,,Cancelled,2025-11-01 14:49:00,Яндекс.Маркет (Софьино),Казань,,,2026-01-05T10:00:00+00:00,demo
ORD-101739,28.10.2025,Sale to individual,T-S-011,T-Shirt #11,2370.0,1,1,30.10.2025,Delivered to buyer,2025-10-30 17:44:00,Яндекс.Маркет (Софьино),Санкт-Петербург,2133.0,,2026-01-05T10:00:00+00:00,demo
ORD-101739,28.10.2025,Sale to individual,HOO-007,Hoodie #7,6730.0,1,1,30.10.2025,Delivered to buyer,2025-11-01 17:44:00,Яндекс.Маркет (Софьино),Санкт-Петербург,6730.0,,2026-01-05T10:00:00+00:00,demo
ORD-101740,29.10.2025,Sale to individual,ACC-002,Accessorie #2,1440.0,1,1,31.10.2025,Delivered to buyer,2025-11-02 15:20:00,Яндекс.Маркет (Софьино),Екатеринбург,1440.0,,2026-01-05T10:00:00+00:00,demo
ORD-101741,29.10.2025,Sale to individual,T-S-003,T-Shirt #3,2990.0,1,1,01.11.2025,Delivered to buyer,2025-11-03 22:25:00,Яндекс.Маркет (Софьино),Санкт-Петербург,2840.5,,2026-01-05T10:00:00+00:00,demo
ORD-101741,29.10.2025,Sale to individual,CAP-004,Cap #4,1680.0,1,1,01.11.2025,Delivered to buyer,2025-11-03 22:25:00,Яндекс.Маркет (Софьино),Санкт-Петербург,1680.0,,2026-01-05T10:00:00+00:00,demo
ORD-101742,29.10.2025,Sale to individual,T-S-008,T-Shirt #8,2110.0,1,1,01.11.2025,Delivered to buyer,2025-11-02 09:04:00,Яндекс.Маркет (Софьино),Казань,1793.5,,2026-01-05T10:00:00+00:00,demo
ORD-101742,29.10.2025,Sale to individual,T-S-007,T-Shirt #7,2890.0,1,1,01.11.2025,Delivered to buyer,2025-10-31 09:04:00,Яндекс.Маркет (Софьино),Казань,2601.0,,2026-01-05T10:00:00+00:00,demo
ORD-101743,29.10.2025,Sale to individual,T-S-011,T-Shirt #11,2370.0,1,1,31.10.2025,Delivered to buyer,2025-11-02 18:46:00,Яндекс.Маркет (Софьино),Санкт-Петербург,2133.0,,2026-01-05T10:00:00+00:00,demo
ORD-101743,29.10.2025,Sale to individual,CAP-004,Cap #4,1680.0,1,1,31.10.2025,Delivered to buyer,2025-11-01 18:46:00,Яндекс.Маркет (Софьино),Санкт-Петербург,1596.0,,2026-01-05T10:00:00+00:00,demo
ORD-101743,29.10.2025,Sale to individual,CAP-002,Cap #2,1800.0,1,1,31.10.2025,Delivered to buyer,2025-11-01 18:46:00,Яндекс.Маркет (Софьино),Санкт-Петербург,1530.0,,2026-01-05T10:00:00+00:00,demo
ORD-101744,29.10.2025,Sale to individual,HOO-007,Hoodie #7,6730.0,1,1,30.10.2025,Delivered to buyer,2025-11-03 11:13:00,Яндекс.Маркет (Софьино),Москва,6393.5,,2026-01-05T10:00:00+00:00,demo
ORD-101745,31.10.2025,Sale to individual,T-S-003,T-Shirt #3,2990.0,1,0,,Cancelled,2025-11-03 21:10:00,Яндекс.Маркет (Софьино),Санкт-Петербург,,,2026-01-05T10:00:00+00:00,demo
ORD-101745,31.10.2025,Sale to individual,CAP-005,Cap #5,1800.0,1,0,,Cancelled,2025-11-05 21:10:00,Яндекс.Маркет (Софьино),Санкт-Петербург,,,2026-01-05T10:00:00+00:00,demo
ORD-101745,31.10.2025,Sale to individual,T-S-004,T-Shirt #4,1960.0,1,0,,Cancelled,2025-11-05 21:10:00,Яндекс.Маркет (Софьино),Санкт-Петербург,,,2026-01-05T10:00:00+00:00,demo
ORD-101746,31.10.2025,Sale to individual,ACC-002,Accessorie #2,1440.0,1,1,04.11.2025,Delivered to buyer,2025-11-03 16:31:00,Яндекс.Маркет (Софьино),Москва,1224.0,,2026-01-05T10:00:00+00:00,demo
ORD-101747,31.10.2025,Sale to individual,T-S-010,T-Shirt #10,2800.0,1,1,01.11.2025,Delivered to buyer,2025-11-04 16:34:00,Яндекс.Маркет (Софьино),Санкт-Петербург,2800.0,,2026-01-05T10:00:00+00:00,demo
ORD-101747,31.10.2025,Sale to individual,T-S-010,T-Shirt #10,2800.0,1,1,01.11.2025,Delivered to buyer,2025-11-05 16:34:00,Яндекс.Маркет (Софьино),Санкт-Петербург,2380.0,,2026-01-05T10:00:00+00:00,demo
ORD-101748,01.11.2025,Sale to individual,HOO-002,Hoodie #2,4910.0,2,2,03.11.2025,Delivered to buyer,2025-11-05 16:30:00,Яндекс.Маркет (Софьино),Новосибирск,9329.0,,2026-01-05T10:00:00+00:00,demo
ORD-101749,01.11.2025,Sale to individual,T-S-012,T-Shirt #12,2660.0,1,1,02.11.2025,Return received in warehouse,2025-11-06 12:49:00,Яндекс.Маркет (Софьино),Казань,2660.0,2660.0,2026-01-05T10:00:00+00:00,demo
ORD-101749,01.11.2025,Sale to individual,T-S-006,T-Shirt #6,2570.0,1,1,02.11.2025,Return received in warehouse,2025-11-03 12:49:00,Яндекс.Маркет (Софьино),Казань,2313.0,2313.0,2026-01-05T10:00:00+00:00,demo
ORD-101750,01.11.2025,Sale to individual,T-S-010,T-Shirt #10,2800.0,1,1,03.11.2025,Delivered to buyer,2025-11-03 09:12:00,Яндекс.Маркет (Софьино),Москва,2660.0,,2026-01-05T10:00:00+00:00,demo
ORD-101751,01.11.2025,Sale to individual,T-S-010,T-Shirt #10,2800.0,1,1,03.11.2025,Delivered to buyer,2025-11-05 12:34:00,Яндекс.Маркет (Софьино),Новосибирск,2800.0,,2026-01-05T10:00:00+00:00,demo
ORD-101752,01.11.2025,Sale to individual,HOO-006,Hoodie #6,6060.0,1,1,05.11.2025,Delivered to buyer,2025-11-06 15:09:00,Яндекс.Маркет (Софьино),Казань,6060.0,,2026-01-05T10:00:00+00:00,demo
ORD-101752,01.11.2025,Sale to individual,ACC-004,Accessorie #4,1120.0,1,1,05.11.2025,Delivered to buyer,2025-11-06 15:09:00,Яндекс.Маркет (Софьино),Казань,1120.0,,2026-01-05T10:00:00+00:00,demo
ORD-101753,01.11.2025,Sale to individual,T-S-011,T-Shirt #11,2370.0,1,1,05.11.2025,Delivered to buyer,2025-11-02 08:14:00,Яндекс.Маркет (Софьино),Санкт-Петербург,2370.0,,2026-01-05T10:00:00+00:00,demo
ORD-101753,01.11.2025,Sale to individual,CAP-002,Cap #2,1800.0,1,1,05.11.2025,Delivered to buyer,2025-11-03 08:14:00,Яндекс.Маркет (Софьино),Санкт-Петербург,1800.0,,2026-01-05T10:00:00+00:00,demo
ORD-101754,02.11.2025,Sale to individual,CAP-005,Cap #5,1800.0,1,1,06.11.2025,Delivered to buyer,2025-11-05 13:12:00,Яндекс.Маркет (Софьино),Москва,1800.0,,2026-01-05T10:00:00+00:00,demo
ORD-101755,02.11.2025,Sale to individual,CAP-002,Cap #2,1800.0,1,1,04.11.2025,Delivered to buyer,2025-11-07 12:15:00,Яндекс.Маркет (Софьино),Екатеринбург,1620.0,,2026-01-05T10:00:00+00:00,demo
ORD-101755,02.11.2025,Sale to individual,ACC-003,Accessorie #3,1190.0,1,1,04.11.2025,Delivered to buyer,2025-11-07 12:15:00,Яндекс.Маркет (Софьино),Екатеринбург,1011.5,,2026-01-05T10:00:00+00:00,demo
ORD-101756,03.11.2025,Sale to individual,CAP-002,Cap #2,1800.0,1,1,05.11.2025,Delivered to buyer,2025-11-05 19:27:00,Яндекс.Маркет (Софьино),Санкт-Петербург,1530.0,,2026-01-05T10:00:00+00:00,demo
ORD-101756,03.11.2025,Sale to individual,ACC-003,Accessorie #3,1190.0,2,2,05.11.2025,Delivered to buyer,2025-11-05 19:27:00,Яндекс.Маркет (Софьино),Санкт-Петербург,2380.0,,2026-01-05T10:00:00+00:00,demo
ORD-101757,03.11.2025,Sale to individual,T-S-010,T-Shirt #10,2800.0,2,2,04.11.2025,Delivered to buyer,2025-11-07 14:57:00,Яндекс.Маркет (Софьино),Екатеринбург,5600.0,,2026-01-05T10:00:00+00:00,demo
ORD-101757,03.11.2025,Sale to individual,T-S-005,T-Shirt #5,1950.0,2,2,04.11.2025,Delivered to buyer,2025-11-05 14:57:00,Яндекс.Маркет (Софьино),Екатеринбург,3900.0,,2026-01-05T10:00:00+00:00,demo
ORD-101758,03.11.2025,Sale to individual,ACC-004,Accessorie #4,1120.0,1,1,04.11.2025,Delivered to buyer,2025-11-05 16:19:00,Яндекс.Маркет (Софьино),Санкт-Петербург,952.0,,2026-01-05T10:00:00+00:00,demo
ORD-101759,03.11.2025,Sale to individual,HOO-008,Hoodie #8,5940.0,1,1,05.11.2025,Delivered to buyer,2025-11-05 22:14:00,Яндекс.Маркет (Софьино),Екатеринбург,5643.0,,2026-01-05T10:00:00+00:00,demo
ORD-101760,03.11.2025,Sale to individual,T-S-012,T-Shirt #12,2660.0,2,2,04.11.2025,Delivered to buyer,2025-11-07 19:38:00,Яндекс.Маркет (Софьино),Москва,4788.0,,2026-01-05T10:00:00+00:00,demo
ORD-101760,03.11.2025,Sale to individual,CAP-002,Cap #2,1800.0,2,2,04.11.2025,Delivered to buyer,2025-11-04 19:38:00,Яндекс.Маркет (Софьино),Москва,3600.0,,2026-01-05T10:00:00+00:00,demo
ORD-101761,03.11.2025,Sale to individual,T-S-007,T-Shirt #7,2890.0,1,1,06.11.2025,Delivered to buyer,2025-11-05 20:40:00,Яндекс.Маркет (Софьино),Екатеринбург,2745.5,,2026-01-05T10:00:00+00:00,demo
ORD-101761,03.11.2025,Sale to individual,HOO-007,Hoodie #7,6730.0,1,1,06.11.2025,Delivered to buyer,2025-11-05 20:40:00,Яндекс.Маркет (Софьино),Екатеринбург,5720.5,,2026-01-05T10:00:00+00:00,demo
ORD-101762,04.11.2025,Sale to individual,T-S-012,T-Shirt #12,2660.0,1,1,08.11.2025,Delivered to buyer,2025-11-09 17:28:00,Яндекс.Маркет (Софьино),Екатеринбург,2527.0,,2026-01-05T10:00:00+00:00,demo
ORD-101763,04.11.2025,Sale to individual,CAP-001,Cap #1,1630.0,1,1,06.11.2025,Delivered to buyer,2025-11-06 17:54:00,Яндекс.Маркет (Софьино),Новосибирск,1630.0,,2026-01-05T10:00:00+00:00,demo
ORD-101763,04.11.2025,Sale to individual,T-S-010,T-Shirt #10,2800.0,2,2,06.11.2025,Delivered to buyer,2025-11-07 17:54:00,Яндекс.Маркет (Софьино),Новосибирск,5040.0,,2026-01-05T10:00:00+00:00,demo
ORD-101764,04.11.2025,Sale to individual,HOO-006,Hoodie #6,6060.0,1,0,,Cancelled,2025-11-07 21:25:00,Яндекс.Маркет (Софьино),Казань,,,2026-01-05T10:00:00+00:00,demo
ORD-101765,04.11.2025,Sale to individual,T-S-010,T-Shirt #10,2800.0,1,1,06.11.2025,Delivered to buyer,2025-11-05 11:19:00,Яндекс.Маркет (Софьино),Екатеринбург,2520.0,,2026-01-05T10:00:00+00:00,demo
ORD-101766,05.11.2025,Sale to individual,T-S-009,T-Shirt #9,2030.0,2,2,06.11.2025,Delivered to buyer,2025-11-10 17:55:00,Яндекс.Маркет (Софьино),Екатеринбург,3654.0,,2026-01-05T10:00:00+00:00,demo
ORD-101766,05.11.2025,Sale to individual,T-S-012,T-Shirt #12,2660.0,1,1,06.11.2025,Delivered to buyer,2025-11-09 17:55:00,Яндекс.Маркет (Софьино),Екатеринбург,2660.0,,2026-01-05T10:00:00+00:00,demo
ORD-101767,05.11.2025,Sale to individual,HOO-004,Hoodie #4,5110.0,2,2,09.11.2025,Delivered to buyer,2025-11-09 17:25:00,Яндекс.Маркет (Софьино),Екатеринбург,9709.0,,2026-01-05T10:00:00+00:00,demo
ORD-101768,05.11.2025,Sale to individual,T-S-009,T-Shirt #9,2030.0,1,1,08.11.2025,Delivered to buyer,2025-11-09 16:22:00,Яндекс.Маркет (Софьино),Санкт-Петербург,2030.0,,2026-01-05T10:00:00+00:00,demo
ORD-101768,05.11.2025,Sale to individual,ACC-003,Accessorie #3,1190.0,2,2,08.11.2025,Delivered to buyer,2025-11-08 16:22:00,Яндекс.Маркет (Софьино),Санкт-Петербург,2380.0,,2026-01-05T10:00:00+00:00,demo
ORD-101769,05.11.2025,Sale to individual,T-S-011,T-Shirt #11,2370.0,1,1,08.11.2025,Delivered to buyer,2025-11-08 16:40:00,Яндекс.Маркет (Софьино),Екатеринбург,2133.0,,2026-01-05T10:00:00+00:00,demo
ORD-101770,07.11.2025,Sale to individual,T-S-007,T-Shirt #7,2890.0,1,1,08.11.2025,Delivered to buyer,2025-11-09 12:20:00,Яндекс.Маркет (Софьино),Новосибирск,2745.5,,2026-01-05T10:00:00+00:00,demo
ORD-101770,07.11.2025,Sale to individual,HOO-007,Hoodie #7,6730.0,1,1,08.11.2025,Delivered to buyer,2025-11-09 12:20:00,Яндекс.Маркет (Софьино),Новосибирск,6730.0,,2026-01-05T10:00:00+00:00,demo
ORD-101771,07.11.2025,Sale to individual,T-S-011,T-Shirt #11,2370.0,1,1,08.11.2025,Delivered to buyer,2025-11-09 10:29:00,Яндекс.Маркет (Софьино),Москва,2014.5,,2026-01-05T10:00:00+00:00,demo
ORD-101771,07.11.2025,Sale to individual,HOO-004,Hoodie #4,5110.0,1,1,08.11.2025,Delivered to buyer,2025-11-10 10:29:00,Яндекс.Маркет (Софьино),Москва,4343.5,,2026-01-05T10:00:00+00:00,demo
ORD-101772,07.11.2025,Sale to individual,HOO-004,Hoodie #4,5110.0,1,1,09.11.2025,Delivered to buyer,2025-11-10 16:06:00,Яндекс.Маркет (Софьино),Екатеринбург,5110.0,,2026-01-05T10:00:00+00:00,demo
ORD-101773,07.11.2025,Sale to individual,HOO-005,Hoodie #5,4850.0,1,1,09.11.2025,Delivered to buyer,2025-11-09 12:42:00,Яндекс.Маркет (Софьино),Москва,4365.0,,2026-01-05T10:00:00+00:00,demo
ORD-101773,07.11.2025,Sale to individual,T-S-012,T-Shirt #12,2660.0,1,1,09.11.2025,Delivered to buyer,2025-11-11 12:42:00,Яндекс.Маркет (Софьино),Москва,2660.0,,2026-01-05T10:00:00+00:00,demo
ORD-101774,08.11.2025,Sale to individual,T-S-008,T-Shirt #8,2110.0,2,2,09.11.2025,Delivered to buyer,2025-11-09 22:00:00,Яндекс.Маркет (Софьино),Казань,3798.0,,2026-01-05T10:00:00+00:00,demo
ORD-101775,10.11.2025,Sale to individual,ACC-002,Accessorie #2,1440.0,2,2,12.11.2025,Delivered to buyer,2025-11-11 13:41:00,Яндекс.Маркет (Софьино),Казань,2736.0,,2026-01-05T10:00:00+00:00,demo
ORD-101776,12.11.2025,Sale to individual,T-S-012,T-Shirt #12,2660.0,1,1,15.11.2025,Delivered to buyer,2025-11-17 21:28:00,Яндекс.Маркет (Софьино),Новосибирск,2660.0,,2026-01-05T10:00:00+00:00,demo
ORD-101776,12.11.2025,Sale to individual,T-S-002,T-Shirt #2,2190.0,2,2,15.11.2025,Delivered to buyer,2025-11-16 21:28:00,Яндекс.Маркет (Софьино),Новосибирск,4380.0,,2026-01-05T10:00:00+00:00,demo
ORD-101777,12.11.2025,Sale to individual,HOO-007,Hoodie #7,6730.0,2,2,13.11.2025,Delivered to buyer,2025-11-13 20:02:00,Яндекс.Маркет (Софьино),Санкт-Петербург,12787.0,,2026-01-05T10:00:00+00:00,demo
ORD-101778,13.11.2025,Sale to individual,HOO-005,Hoodie #5,4850.0,1,1,15.11.2025,Delivered to buyer,2025-11-17 12:16:00,Яндекс.Маркет (Софьино),Новосибирск,4607.5,,2026-01-05T10:00:00+00:00,demo
ORD-101778,13.11.2025,Sale to individual,T-S-002,T-Shirt #2,2190.0,2,2,15.11.2025,Delivered to buyer,2025-11-15 12:16:00,Яндекс.Маркет (Софьино),Новосибирск,4161.0,,2026-01-05T10:00:00+00:00,demo
ORD-101779,13.11.2025,Sale to individual,T-S-005,T-Shirt #5,1950.0,2,2,15.11.2025,Delivered to buyer,2025-11-15 08:24:00,Яндекс.Маркет (Софьино),Казань,3510.0,,2026-01-05T10:00:00+00:00,demo
ORD-101780,13.11.2025,Sale to individual,ACC-003,Accessorie #3,1190.0,1,1,15.11.2025,Delivered to buyer,2025-11-14 22:27:00,Яндекс.Маркет (Софьино),Санкт-Петербург,1011.5,,2026-01-05T10:00:00+00:00,demo
ORD-101781,13.11.2025,Sale to individual,CAP-004,Cap #4,1680.0,2,2,16.11.2025,Delivered to buyer,2025-11-16 11:13:00,Яндекс.Маркет (Софьино),Казань,3024.0,,2026-01-05T10:00:00+00:00,demo
ORD-101781,13.11.2025,Sale to individual,T-S-009,T-Shirt #9,2030.0,1,1,16.11.2025,Delivered to buyer,2025-11-16 11:13:00,Яндекс.Маркет (Софьино),Казань,1928.5,,2026-01-05T10:00:00+00:00,demo
ORD-101782,13.11.2025,Sale to individual,T-S-008,T-Shirt #8,2110.0,1,1,17.11.2025,Delivered to buyer,2025-11-14 11:38:00,Яндекс.Маркет (Софьино),Санкт-Петербург,2004.5,,2026-01-05T10:00:00+00:00,demo
ORD-101783,14.11.2025,Sale to individual,T-S-010,T-Shirt #10,2800.0,1,1,16.11.2025,Delivered to buyer,2025-11-16 21:05:00,Яндекс.Маркет (Софьино),Казань,2800.0,,2026-01-05T10:00:00+00:00,demo
ORD-101784,14.11.2025,Sale to individual,CAP-002,Cap #2,1800.0,1,0,,Cancelled,2025-11-15 21:55:00,Яндекс.Маркет (Софьино),Новосибирск,,,2026-01-05T10:00:00+00:00,demo
ORD-101785,14.11.2025,Sale to individual,ACC-003,Accessorie #3,1190.0,2,2,18.11.2025,Delivered to buyer,2025-11-16 22:45:00,Яндекс.Маркет (Софьино),Санкт-Петербург,2142.0,,2026-01-05T10:00:00+00:00,demo
ORD-101786,14.11.2025,Sale to individual,T-S-010,T-Shirt #10,2800.0,1,1,16.11.2025,Delivered to buyer,2025-11-16 20:17:00,Яндекс.Маркет (Софьино),Казань,2800.0,,2026-01-05T10:00:00+00:00,demo
ORD-101786,14.11.2025,Sale to individual,T-S-010,T-Shirt #10,2800.0,1,1,16.11.2025,Delivered to buyer,2025-11-17 20:17:00,Яндекс.Маркет (Софьино),Казань,2800.0,,2026-01-05T10:00:00+00:00,demo
ORD-101787,15.11.2025,Sale to individual,T-S-010,T-Shirt #10,2800.0,1,1,18.11.2025,Delivered to buyer,2025-11-16 14:07:00,Яндекс.Маркет (Софьино),Москва,2660.0,,2026-01-05T10:00:00+00:00,demo
ORD-101787,15.11.2025,Sale to individual,T-S-003,T-Shirt #3,2990.0,1,1,18.11.2025,Delivered to buyer,2025-11-18 14:07:00,Яндекс.Маркет (Софьино),Москва,2840.5,,2026-01-05T10:00:00+00:00,demo
ORD-101788,15.11.2025,Sale to individual,T-S-010,T-Shirt #10,2800.0,1,1,19.11.2025,Delivered to buyer,2025-11-17 09:16:00,Яндекс.Маркет (Софьино),Казань,2660.0,,2026-01-05T10:00:00+00:00,demo
ORD-101788,15.11.2025,Sale to individual,T-S-012,T-Shirt #12,2660.0,1,1,19.11.2025,Delivered to buyer,2025-11-20 09:16:00,Яндекс.Маркет (Софьино),Казань,2394.0,,2026-01-05T10:00:00+00:00,demo
ORD-101789,15.11.2025,Sale to individual,CAP-004,Cap #4,1680.0,1,1,18.11.2025,Return received in warehouse,2025-11-20 19:54:00,Яндекс.Маркет (Софьино),Новосибирск,1596.0,1596.0,2026-01-05T10:00:00+00:00,demo
ORD-101790,15.11.2025,Sale to individual,T-S-009,T-Shirt #9,2030.0,1,1,19.11.2025,Delivered to buyer,2025-11-18 19:51:00,Яндекс.Маркет (Софьино),Екатеринбург,2030.0,,2026-01-05T10:00:00+00:00,demo
ORD-101791,15.11.2025,Sale to individual,T-S-008,T-Shirt #8,2110.0,1,1,16.11.2025,Delivered to buyer,2025-11-16 15:32:00,Яндекс.Маркет (Софьино),Екатеринбург,1899.0,,2026-01-05T10:00:00+00:00,demo
ORD-101792,15.11.2025,Sale to individual,HOO-002,Hoodie #2,4910.0,2,2,17.11.2025,Delivered to buyer,2025-11-20 19:12:00,Яндекс.Маркет (Софьино),Москва,8347.0,,2026-01-05T10:00:00+00:00,demo
ORD-101792,15.11.2025,Sale to individual,HOO-005,Hoodie #5,4850.0,1,1,17.11.2025,Delivered to buyer,2025-11-16 19:12:00,Яндекс.Маркет (Софьино),Москва,4122.5,,2026-01-05T10:00:00+00:00,demo
ORD-101792,15.11.2025,Sale to individual,T-S-008,T-Shirt #8,2110.0,1,1,17.11.2025,Delivered to buyer,2025-11-19 19:12:00,Яндекс.Маркет (Софьино),Москва,2110.0,,2026-01-05T10:00:00+00:00,demo
ORD-101793,16.11.2025,Sale to individual,CAP-004,Cap #4,1680.0,1,1,17.11.2025,Delivered to buyer,2025-11-17 15:12:00,Яндекс.Маркет (Софьино),Новосибирск,1596.0,,2026-01-05T10:00:00+00:00,demo
ORD-101794,16.11.2025,Sale to individual,T-S-010,T-Shirt #10,2800.0,1,1,20.11.2025,Delivered to buyer,2025-11-21 10:07:00,Яндекс.Маркет (Софьино),Казань,2520.0,,2026-01-05T10:00:00+00:00,demo
ORD-101794,16.11.2025,Sale to individual,T-S-010,T-Shirt #10,2800.0,1,1,20.11.2025,Delivered to buyer,2025-11-21 10:07:00,Яндекс.Маркет (Софьино),Казань,2800.0,,2026-01-05T10:00:00+00:00,demo
ORD-101794,16.11.2025,Sale to individual,HOO-007,Hoodie #7,6730.0,1,1,20.11.2025,Delivered to buyer,2025-11-20 10:07:00,Яндекс.Маркет (Софьино),Казань,6393.5,,2026-01-05T10:00:00+00:00,demo
ORD-101795,16.11.2025,Sale to individual,CAP-005,Cap #5,1800.0,1,0,,Cancelled,2025-11-20 15:12:00,Яндекс.Маркет (Софьино),Новосибирск,,,2026-01-05T10:00:00+00:00,demo
ORD-101796,16.11.2025,Sale to individual,CAP-004,Cap #4,1680.0,1,1,18.11.2025,Return received in warehouse,2025-11-18 14:59:00,Яндекс.Маркет (Софьино),Москва,1680.0,1680.0,2026-01-05T10:00:00+00:00,demo
ORD-101796,16.11.2025,Sale to individual,HOO-005,Hoodie #5,4850.0,2,2,18.11.2025,Return received in warehouse,2025-11-21 14:59:00,Яндекс.Маркет (Софьино),Москва,9700.0,9700.0,2026-01-05T10:00:00+00:00,demo
ORD-101797,16.11.2025,Sale to individual,CAP-004,Cap #4,1680.0,1,1,20.11.2025,Delivered to buyer,2025-11-17 17:16:00,Яндекс.Маркет (Софьино),Москва,1680.0,,2026-01-05T10:00:00+00:00,demo
ORD-101797,16.11.2025,Sale to individual,T-S-009,T-Shirt #9,2030.0,1,1,20.11.2025,Delivered to buyer,2025-11-21 17:16:00,Яндекс.Маркет (Софьино),Москва,1725.5,,2026-01-05T10:00:00+00:00,demo
ORD-101797,16.11.2025,Sale to individual,ACC-002,Accessorie #2,1440.0,1,1,20.11.2025,Delivered to buyer,2025-11-18 17:16:00,Яндекс.Маркет (Софьино),Москва,1296.0,,2026-01-05T10:00:00+00:00,demo
ORD-101798,16.11.2025,Sale to individual,CAP-002,Cap #2,1800.0,2,2,18.11.2025,Delivered to buyer,2025-11-19 08:34:00,Яндекс.Маркет (Софьино),Екатеринбург,3060.0,,2026-01-05T10:00:00+00:00,demo
ORD-101798,16.11.2025,Sale to individual,T-S-007,T-Shirt #7,2890.0,1,1,18.11.2025,Delivered to buyer,2025-11-19 08:34:00,Яндекс.Маркет (Софьино),Екатеринбург,2890.0,,2026-01-05T10:00:00+00:00,demo
ORD-101798,16.11.2025,Sale to individual,CAP-002,Cap #2,1800.0,2,2,18.11.2025,Delivered to buyer,2025-11-21 08:34:00,Яндекс.Маркет (Софьино),Екатеринбург,3420.0,,2026-01-05T10:00:00+00:00,demo
ORD-101799,16.11.2025,Sale to individual,T-S-010,T-Shirt #10,2800.0,2,2,20.11.2025,Return received in warehouse,2025-11-21 16:19:00,Яндекс.Маркет (Софьино),Казань,5320.0,5320.0,2026-01-05T10:00:00+00:00,demo
ORD-101799,16.11.2025,Sale to individual,T-S-008,T-Shirt #8,2110.0,1,1,20.11.2025,Return received in warehouse,2025-11-18 16:19:00,Яндекс.Маркет (Софьино),Казань,1793.5,1793.5,2026-01-05T10:00:00+00:00,demo
ORD-101800,17.11.2025,Sale to individual,T-S-012,T-Shirt #12,2660.0,2,2,19.11.2025,Delivered to buyer,2025-11-22 08:11:00,Яндекс.Маркет (Софьино),Екатеринбург,4522.0,,2026-01-05T10:00:00+00:00,demo
ORD-101801,17.11.2025,Sale to individual,T-S-010,T-Shirt #10,2800.0,1,1,18.11.2025,Delivered to buyer,2025-11-21 22:42:00,Яндекс.Маркет (Софьино),Екатеринбург,2380.0,,2026-01-05T10:00:00+00:00,demo
ORD-101802,17.11.2025,Sale to individual,HOO-002,Hoodie #2,4910.0,1,1,20.11.2025,Delivered to buyer,2025-11-20 15:00:00,Яндекс.Маркет (Софьино),Казань,4910.0,,2026-01-05T10:00:00+00:00,demo
ORD-101802,17.11.2025,Sale to individual,ACC-003,Accessorie #3,1190.0,1,1,20.11.2025,Delivered to buyer,2025-11-21 15:00:00,Яндекс.Маркет (Софьино),Казань,1071.0,,2026-01-05T10:00:00+00:00,demo
ORD-101803,17.11.2025,Sale to individual,T-S-004,T-Shirt #4,1960.0,1,1,21.11.2025,Return received in warehouse,2025-11-22 21:10:00,Яндекс.Маркет (Софьино),Санкт-Петербург,1960.0,1960.0,2026-01-05T10:00:00+00:00,demo
ORD-101803,17.11.2025,Sale to individual,T-S-008,T-Shirt #8,2110.0,1,1,21.11.2025,Return received in warehouse,2025-11-22 21:10:00,Яндекс.Маркет (Софьино),Санкт-Петербург,1899.0,1899.0,2026-01-05T10:00:00+00:00,demo
ORD-101804,17.11.2025,Sale to individual,ACC-004,Accessorie #4,1120.0,1,1,19.11.2025,Delivered to buyer,2025-11-20 20:05:00,Яндекс.Маркет (Софьино),Екатеринбург,1064.0,,2026-01-05T10:00:00+00:00,demo
ORD-101804,17.11.2025,Sale to individual,T-S-012,T-Shirt #12,2660.0,1,1,19.11.2025,Delivered to buyer,2025-11-22 20:05:00,Яндекс.Маркет (Софьино),Екатеринбург,2660.0,,2026-01-05T10:00:00+00:00,demo
ORD-101805,17.11.2025,Sale to individual,T-S-012,T-Shirt #12,2660.0,1,1,19.11.2025,Delivered to buyer,2025-11-20 22:55:00,Яндекс.Маркет (Софьино),Екатеринбург,2527.0,,2026-01-05T10:00:00+00:00,demo
ORD-101806,17.11.2025,Sale to individual,HOO-005,Hoodie #5,4850.0,1,1,21.11.2025,Delivered to buyer,2025-11-22 16:55:00,Яндекс.Маркет (Софьино),Казань,4607.5,,2026-01-05T10:00:00+00:00,demo
ORD-101806,17.11.2025,Sale to individual,T-S-008,T-Shirt #8,2110.0,1,1,21.11.2025,Delivered to buyer,2025-11-18 16:55:00,Яндекс.Маркет (Софьино),Казань,1899.0,,2026-01-05T10:00:00+00:00,demo
ORD-101807,18.11.2025,Sale to individual,T-S-006,T-Shirt #6,2570.0,1,1,21.11.2025,Return received in warehouse,2025-11-19 21:42:00,Яндекс.Маркет (Софьино),Новосибирск,2570.0,2570.0,2026-01-05T10:00:00+00:00,demo
ORD-101808,18.11.2025,Sale to individual,T-S-009,T-Shirt #9,2030.0,1,1,19.11.2025,Delivered to buyer,2025-11-22 11:50:00,Яндекс.Маркет (Софьино),Екатеринбург,1725.5,,2026-01-05T10:00:00+00:00,demo
ORD-101809,19.11.2025,Sale to individual,T-S-011,T-Shirt #11,2370.0,1,1,21.11.2025,Delivered to buyer,2025-11-20 13:07:00,Яндекс.Маркет (Софьино),Казань,2014.5,,2026-01-05T10:00:00+00:00,demo
ORD-101809,19.11.2025,Sale to individual,HOO-005,Hoodie #5,4850.0,1,1,21.11.2025,Delivered to buyer,2025-11-22 13:07:00,Яндекс.Маркет (Софьино),Казань,4607.5,,2026-01-05T10:00:00+00:00,demo
ORD-101809,19.11.2025,Sale to individual,CAP-001,Cap #1,1630.0,1,1,21.11.2025,Delivered to buyer,2025-11-22 13:07:00,Яндекс.Маркет (Софьино),Казань,1630.0,,2026-01-05T10:00:00+00:00,demo
ORD-101810,19.11.2025,Sale to individual,T-S-002,T-Shirt #2,2190.0,2,2,21.11.2025,Delivered to buyer,2025-11-23 19:29:00,Яндекс.Маркет (Софьино),Екатеринбург,4380.0,,2026-01-05T10:00:00+00:00,demo
ORD-101810,19.11.2025,Sale to individual,T-S-010,T-Shirt #10,2800.0,2,2,21.11.2025,Delivered to buyer,2025-11-23 19:29:00,Яндекс.Маркет (Софьино),Екатеринбург,5600.0,,2026-01-05T10:00:00+00:00,demo
ORD-101811,20.11.2025,Sale to individual,CAP-002,Cap #2,1800.0,1,1,23.11.2025,Delivered to buyer,2025-11-22 11:44:00,Яндекс.Маркет (Софьино),Санкт-Петербург,1710.0,,2026-01-05T10:00:00+00:00,demo
ORD-101811,20.11.2025,Sale to individual,T-S-011,T-Shirt #11,2370.0,1,1,23.11.2025,Delivered to buyer,2025-11-23 11:44:00,Яндекс.Маркет (Софьино),Санкт-Петербург,2370.0,,2026-01-05T10:00:00+00:00,demo
ORD-101812,20.11.2025,Sale to individual,T-S-010,T-Shirt #10,2800.0,2,2,24.11.2025,Delivered to buyer,2025-11-21 13:55:00,Яндекс.Маркет (Софьино),Казань,5600.0,,2026-01-05T10:00:00+00:00,demo
ORD-101813,20.11.2025,Sale to individual,T-S-009,T-Shirt #9,2030.0,1,1,24.11.2025,Delivered to buyer,2025-11-21 13:55:00,Яндекс.Маркет (Софьино),Санкт-Петербург,1928.5,,2026-01-05T10:00:00+00:00,demo
ORD-101813,20.11.2025,Sale to individual,T-S-012,T-Shirt #12,2660.0,1,1,24.11.2025,Delivered to buyer,2025-11-23 13:55:00,Яндекс.Маркет (Софьино),Санкт-Петербург,2394.0,,2026-01-05T10:00:00+00:00,demo
ORD-101814,20.11.2025,Sale to individual,T-S-007,T-Shirt #7,2890.0,1,1,21.11.2025,Delivered to buyer,2025-11-21 14:43:00,Яндекс.Маркет (Софьино),Новосибирск,2601.0,,2026-01-05T10:00:00+00:00,demo
ORD-101814,20.11.2025,Sale to individual,HOO-001,Hoodie #1,5990.0,1,1,21.11.2025,Delivered to buyer,2025-11-25 14:43:00,Яндекс.Маркет (Софьино),Новосибирск,5091.5,,2026-01-05T10:00:00+00:00,demo
ORD-101814,20.11.2025,Sale to individual,T-S-009,T-Shirt #9,2030.0,2,2,21.11.2025,Delivered to buyer,2025-11-24 14:43:00,Яндекс.Маркет (Софьино),Новосибирск,3654.0,,2026-01-05T10:00:00+00:00,demo
ORD-101815,20.11.2025,Sale to individual,T-S-008,T-Shirt #8,2110.0,2,2,22.11.2025,Delivered to buyer,2025-11-23 13:58:00,Яндекс.Маркет (Софьино),Москва,4009.0,,2026-01-05T10:00:00+00:00,demo
ORD-101816,20.11.2025,Sale to individual,T-S-002,T-Shirt #2,2190.0,2,2,24.11.2025,Delivered to buyer,2025-11-22 21:45:00,Яндекс.Маркет (Софьино),Москва,4161.0,,2026-01-05T10:00:00+00:00,demo
ORD-101817,21.11.2025,Sale to individual,T-S-002,T-Shirt #2,2190.0,1,1,25.11.2025,Delivered to buyer,2025-11-23 22:19:00,Яндекс.Маркет (Софьино),Казань,2190.0,,2026-01-05T10:00:00+00:00,demo
ORD-101818,22.11.2025,Sale to individual,T-S-012,T-Shirt #12,2660.0,1,0,,Cancelled,2025-11-24 16:34:00,Яндекс.Маркет (Софьино),Санкт-Петербург,,,2026-01-05T10:00:00+00:00,demo
ORD-101819,22.11.2025,Sale to individual,ACC-003,Accessorie #3,1190.0,1,1,26.11.2025,Delivered to buyer,2025-11-25 14:13:00,Яндекс.Маркет (Софьино),Екатеринбург,1130.5,,2026-01-05T10:00:00+00:00,demo
ORD-101820,22.11.2025,Sale to individual,CAP-002,Cap #2,1800.0,1,0,,Cancelled,2025-11-27 12:29:00,Яндекс.Маркет (Софьино),Казань,,,2026-01-05T10:00:00+00:00,demo
ORD-101820,22.11.2025,Sale to individual,T-S-009,T-Shirt #9,2030.0,2,0,,Cancelled,2025-11-23 12:29:00,Яндекс.Маркет (Софьино),Казань,,,2026-01-05T10:00:00+00:00,demo
ORD-101821,22.11.2025,Sale to individual,CAP-002,Cap #2,1800.0,1,1,25.11.2025,Delivered to buyer,2025-11-27 15:25:00,Яндекс.Маркет (Софьино),Москва,1800.0,,2026-01-05T10:00:00+00:00,demo
ORD-101821,22.11.2025,Sale to individual,ACC-003,Accessorie #3,1190.0,1,1,25.11.2025,Delivered to buyer,2025-11-27 15:25:00,Яндекс.Маркет (Софьино),Москва,1011.5,,2026-01-05T10:00:00+00:00,demo
ORD-101821,22.11.2025,Sale to individual,CAP-005,Cap #5,1800.0,2,2,25.11.2025,Delivered to buyer,2025-11-25 15:25:00,Яндекс.Маркет (Софьино),Москва,3420.0,,2026-01-05T10:00:00+00:00,demo
ORD-101822,22.11.2025,Sale to individual,HOO-003,Hoodie #3,4420.0,1,1,24.11.2025,Return received in warehouse,2025-11-23 13:07:00,Яндекс.Маркет (Софьино),Новосибирск,3978.0,3978.0,2026-01-05T10:00:00+00:00,demo
ORD-101823,22.11.2025,Sale to individual,HOO-007,Hoodie #7,6730.0,1,1,24.11.2025,Delivered to buyer,2025-11-26 12:56:00,Яндекс.Маркет (Софьино),Новосибирск,6730.0,,2026-01-05T10:00:00+00:00,demo
ORD-101824,22.11.2025,Sale to individual,T-S-010,T-Shirt #10,2800.0,1,1,23.11.2025,Delivered to buyer,2025-11-26 20:46:00,Яндекс.Маркет (Софьино),Санкт-Петербург,2380.0,,2026-01-05T10:00:00+00:00,demo
ORD-101825,23.11.2025,Sale to individual,T-S-009,T-Shirt #9,2030.0,1,1,25.11.2025,Delivered to buyer,2025-11-24 19:22:00,Яндекс.Маркет (Софьино),Новосибирск,1928.5,,2026-01-05T10:00:00+00:00,demo
ORD-101825,23.11.2025,Sale to individual,T-S-011,T-Shirt #11,2370.0,1,1,25.11.2025,Delivered to buyer,2025-11-28 19:22:00,Яндекс.Маркет (Софьино),Новосибирск,2370.0,,2026-01-05T10:00:00+00:00,demo
ORD-101825,23.11.2025,Sale to individual,CAP-002,Cap #2,1800.0,1,1,25.11.2025,Delivered to buyer,2025-11-24 19:22:00,Яндекс.Маркет (Софьино),Новосибирск,1530.0,,2026-01-05T10:00:00+00:00,demo
ORD-101826,23.11.2025,Sale to individual,T-S-008,T-Shirt #8,2110.0,2,2,27.11.2025,Delivered to buyer,2025-11-26 11:32:00,Яндекс.Маркет (Софьино),Санкт-Петербург,4220.0,,2026-01-05T10:00:00+00:00,demo
ORD-101827,23.11.2025,Sale to individual,T-S-002,T-Shirt #2,2190.0,1,1,24.11.2025,Delivered to buyer,2025-11-28 20:10:00,Яндекс.Маркет (Софьино),Санкт-Петербург,2190.0,,2026-01-05T10:00:00+00:00,demo
ORD-101828,23.11.2025,Sale to individual,T-S-012,T-Shirt #12,2660.0,1,1,26.11.2025,Delivered to buyer,2025-11-24 19:41:00,Яндекс.Маркет (Софьино),Казань,2660.0,,2026-01-05T10:00:00+00:00,demo
ORD-101828,23.11.2025,Sale to individual,T-S-001,T-Shirt #1,2690.0,2,2,26.11.2025,Delivered to buyer,2025-11-26 19:41:00,Яндекс.Маркет (Софьино),Казань,4573.0,,2026-01-05T10:00:00+00:00,demo
ORD-101829,24.11.2025,Sale to individual,T-S-010,T-Shirt #10,2800.0,1,1,26.11.2025,Delivered to buyer,2025-11-29 17:13:00,Яндекс.Маркет (Софьино),Санкт-Петербург,2800.0,,2026-01-05T10:00:00+00:00,demo
ORD-101830,24.11.2025,Sale to individual,ACC-003,Accessorie #3,1190.0,1,1,27.11.2025,Delivered to buyer,2025-11-29 19:39:00,Яндекс.Маркет (Софьино),Санкт-Петербург,1130.5,,2026-01-05T10:00:00+00:00,demo
ORD-101831,24.11.2025,Sale to individual,CAP-002,Cap #2,1800.0,2,2,28.11.2025,Delivered to buyer,2025-11-26 08:37:00,Яндекс.Маркет (Софьино),Казань,3600.0,,2026-01-05T10:00:00+00:00,demo
ORD-101832,24.11.2025,Sale to individual,CAP-004,Cap #4,1680.0,1,1,28.11.2025,Delivered to buyer,2025-11-27 13:05:00,Яндекс.Маркет (Софьино),Санкт-Петербург,1680.0,,2026-01-05T10:00:00+00:00,demo
ORD-101833,24.11.2025,Sale to individual,T-S-011,T-Shirt #11,2370.0,1,0,,Cancelled,2025-11-26 18:43:00,Яндекс.Маркет (Софьино),Москва,,,2026-01-05T10:00:00+00:00,demo
ORD-101834,24.11.2025,Sale to individual,CAP-001,Cap #1,1630.0,1,1,28.11.2025,Delivered to buyer,2025-11-25 14:33:00,Яндекс.Маркет (Софьино),Санкт-Петербург,1467.0,,2026-01-05T10:00:00+00:00,demo
ORD-101835,25.11.2025,Sale to individual,CAP-003,Cap #3,1680.0,1,0,,Cancelled,2025-11-29 18:10:00,Яндекс.Маркет (Софьино),Москва,,,2026-01-05T10:00:00+00:00,demo
ORD-101836,25.11.2025,Sale to individual,T-S-010,T-Shirt #10,2800.0,1,1,26.11.2025,Delivered to buyer,2025-11-28 19:08:00,Яндекс.Маркет (Софьино),Екатеринбург,2800.0,,2026-01-05T10:00:00+00:00,demo
ORD-101836,25.11.2025,Sale to individual,T-S-011,T-Shirt #11,2370.0,2,2,26.11.2025,Delivered to buyer,2025-11-30 19:08:00,Яндекс.Маркет (Софьино),Екатеринбург,4266.0,,2026-01-05T10:00:00+00:00,demo
ORD-101837,25.11.2025,Sale to individual,T-S-009,T-Shirt #9,2030.0,1,1,26.11.2025,Delivered to buyer,2025-11-29 08:03:00,Яндекс.Маркет (Софьино),Екатеринбург,2030.0,,2026-01-05T10:00:00+00:00,demo
ORD-101837,25.11.2025,Sale to individual,T-S-010,T-Shirt #10,2800.0,1,1,26.11.2025,Delivered to buyer,2025-11-29 08:03:00,Яндекс.Маркет (Софьино),Екатеринбург,2380.0,,2026-01-05T10:00:00+00:00,demo
ORD-101838,25.11.2025,Sale to individual,T-S-012,T-Shirt #12,2660.0,2,2,26.11.2025,Delivered to buyer,2025-11-26 11:48:00,Яндекс.Маркет (Софьино),Екатеринбург,4522.0,,2026-01-05T10:00:00+00:00,demo
ORD-101838,25.11.2025,Sale to individual,T-S-007,T-Shirt #7,2890.0,2,2,26.11.2025,Delivered to buyer,2025-11-29 11:48:00,Яндекс.Маркет (Софьино),Екатеринбург,5780.0,,2026-01-05T10:00:00+00:00,demo
ORD-101838,25.11.2025,Sale to individual,T-S-005,T-Shirt #5,1950.0,2,2,26.11.2025,Delivered to buyer,2025-11-27 11:48:00,Яндекс.Маркет (Софьино),Екатеринбург,3900.0,,2026-01-05T10:00:00+00:00,demo
ORD-101839,25.11.2025,Sale to individual,CAP-005,Cap #5,1800.0,2,2,28.11.2025,Delivered to buyer,2025-11-29 08:51:00,Яндекс.Маркет (Софьино),Казань,3600.0,,2026-01-05T10:00:00+00:00,demo
ORD-101840,26.11.2025,Sale to individual,CAP-004,Cap #4,1680.0,1,1,27.11.2025,Delivered to buyer,2025-11-27 17:10:00,Яндекс.Маркет (Софьино),Казань,1512.0,,2026-01-05T10:00:00+00:00,demo
ORD-101840,26.11.2025,Sale to individual,T-S-012,T-Shirt #12,2660.0,1,1,27.11.2025,Delivered to buyer,2025-11-29 17:10:00,Яндекс.Маркет (Софьино),Казань,2660.0,,2026-01-05T10:00:00+00:00,demo
ORD-101841,26.11.2025,Sale to individual,T-S-010,T-Shirt #10,2800.0,2,2,28.11.2025,Delivered to buyer,2025-11-28 21:50:00,Яндекс.Маркет (Софьино),Москва,5600.0,,2026-01-05T10:00:00+00:00,demo
ORD-101842,26.11.2025,Sale to individual,T-S-007,T-Shirt #7,2890.0,1,1,29.11.2025,Delivered to buyer,2025-11-30 10:13:00,Яндекс.Маркет (Софьино),Москва,2745.5,,2026-01-05T10:00:00+00:00,demo
ORD-101843,26.11.2025,Sale to individual,T-S-002,T-Shirt #2,2190.0,1,1,30.11.2025,Delivered to buyer,2025-11-27 22:11:00,Яндекс.Маркет (Софьино),Новосибирск,2080.5,,2026-01-05T10:00:00+00:00,demo
ORD-101843,26.11.2025,Sale to individual,HOO-008,Hoodie #8,5940.0,1,1,30.11.2025,Delivered to buyer,2025-11-30 22:11:00,Яндекс.Маркет (Софьино),Новосибирск,5940.0,,2026-01-05T10:00:00+00:00,demo
ORD-101844,26.11.2025,Sale to individual,CAP-004,Cap #4,1680.0,1,1,30.11.2025,Delivered to buyer,2025-11-29 09:41:00,Яндекс.Маркет (Софьино),Москва,1596.0,,2026-01-05T10:00:00+00:00,demo
ORD-101844,26.11.2025,Sale to individual,CAP-002,Cap #2,1800.0,1,1,30.11.2025,Delivered to buyer,2025-12-01 09:41:00,Яндекс.Маркет (Софьино),Москва,1530.0,,2026-01-05T10:00:00+00:00,demo
ORD-101845,27.11.2025,Sale to individual,ACC-003,Accessorie #3,1190.0,1,1,28.11.2025,Delivered to buyer,2025-12-01 09:06:00,Яндекс.Маркет (Софьино),Екатеринбург,1190.0,,2026-01-05T10:00:00+00:00,demo
ORD-101846,27.11.2025,Sale to individual,HOO-005,Hoodie #5,4850.0,2,2,30.11.2025,Delivered to buyer,2025-12-01 22:25:00,Яндекс.Маркет (Софьино),Новосибирск,8245.0,,2026-01-05T10:00:00+00:00,demo
ORD-101846,27.11.2025,Sale to individual,HOO-003,Hoodie #3,4420.0,1,1,30.11.2025,Delivered to buyer,2025-12-01 22:25:00,Яндекс.Маркет (Софьино),Новосибирск,4420.0,,2026-01-05T10:00:00+00:00,demo
ORD-101846,27.11.2025,Sale to individual,T-S-011,T-Shirt #11,2370.0,2,2,30.11.2025,Delivered to buyer,2025-11-28 22:25:00,Яндекс.Маркет (Софьино),Новосибирск,4740.0,,2026-01-05T10:00:00+00:00,demo
ORD-101847,28.11.2025,Sale to individual,T-S-009,T-Shirt #9,2030.0,2,2,01.12.2025,Delivered to buyer,2025-11-29 16:17:00,Яндекс.Маркет (Софьино),Санкт-Петербург,3451.0,,2026-01-05T10:00:00+00:00,demo
ORD-101847,28.11.2025,Sale to individual,HOO-001,Hoodie #1,5990.0,1,1,01.12.2025,Delivered to buyer,2025-11-29 16:17:00,Яндекс.Маркет (Софьино),Санкт-Петербург,5091.5,,2026-01-05T10:00:00+00:00,demo
ORD-101848,28.11.2025,Sale to individual,T-S-012,T-Shirt #12,2660.0,1,1,30.11.2025,Delivered to buyer,2025-12-03 12:39:00,Яндекс.Маркет (Софьино),Москва,2394.0,,2026-01-05T10:00:00+00:00,demo
ORD-101849,28.11.2025,Sale to individual,HOO-006,Hoodie #6,6060.0,1,1,30.11.2025,Return received in warehouse,2025-11-30 19:48:00,Яндекс.Маркет (Софьино),Санкт-Петербург,5757.0,5757.0,2026-01-05T10:00:00+00:00,demo
ORD-101849,28.11.2025,Sale to individual,CAP-002,Cap #2,1800.0,1,1,30.11.2025,Return received in warehouse,2025-12-01 19:48:00,Яндекс.Маркет (Софьино),Санкт-Петербург,1530.0,1530.0,2026-01-05T10:00:00+00:00,demo
ORD-101850,28.11.2025,Sale to individual,HOO-001,Hoodie #1,5990.0,1,1,02.12.2025,Delivered to buyer,2025-12-03 14:17:00,Яндекс.Маркет (Софьино),Москва,5091.5,,2026-01-05T10:00:00+00:00,demo
ORD-101851,28.11.2025,Sale to individual,T-S-007,T-Shirt #7,2890.0,1,1,02.12.2025,Delivered to buyer,2025-11-30 13:17:00,Яндекс.Маркет (Софьино),Москва,2890.0,,2026-01-05T10:00:00+00:00,demo
ORD-101852,29.11.2025,Sale to individual,ACC-002,Accessorie #2,1440.0,1,0,,Cancelled,2025-11-30 19:09:00,Яндекс.Маркет (Софьино),Москва,,,2026-01-05T10:00:00+00:00,demo
ORD-101853,29.11.2025,Sale to individual,CAP-004,Cap #4,1680.0,2,2,03.12.2025,Delivered to buyer,2025-12-04 08:01:00,Яндекс.Маркет (Софьино),Новосибирск,3360.0,,2026-01-05T10:00:00+00:00,demo
ORD-101854,29.11.2025,Sale to individual,HOO-002,Hoodie #2,4910.0,1,1,30.11.2025,Delivered to buyer,2025-12-02 17:00:00,Яндекс.Маркет (Софьино),Екатеринбург,4910.0,,2026-01-05T10:00:00+00:00,demo
ORD-101854,29.11.2025,Sale to individual,CAP-003,Cap #3,1680.0,1,1,30.11.2025,Delivered to buyer,2025-11-30 17:00:00,Яндекс.Маркет (Софьино),Екатеринбург,1512.0,,2026-01-05T10:00:00+00:00,demo
ORD-101855,29.11.2025,Sale to individual,HOO-004,Hoodie #4,5110.0,1,1,30.11.2025,Delivered to buyer,2025-12-03 17:54:00,Яндекс.Маркет (Софьино),Санкт-Петербург,5110.0,,2026-01-05T10:00:00+00:00,demo
ORD-101855,29.11.2025,Sale to individual,CAP-002,Cap #2,1800.0,1,1,30.11.2025,Delivered to buyer,2025-12-04 17:54:00,Яндекс.Маркет (Софьино),Санкт-Петербург,1620.0,,2026-01-05T10:00:00+00:00,demo
ORD-101856,30.11.2025,Sale to individual,CAP-002,Cap #2,1800.0,1,0,,Cancelled,2025-12-01 16:49:00,Яндекс.Маркет (Софьино),Казань,,,2026-01-05T10:00:00+00:00,demo
ORD-101856,30.11.2025,Sale to individual,T-S-002,T-Shirt #2,2190.0,2,0,,Cancelled,2025-12-03 16:49:00,Яндекс.Маркет (Софьино),Казань,,,2026-01-05T10:00:00+00:00,demo
ORD-101856,30.11.2025,Sale to individual,T-S-001,T-Shirt #1,2690.0,2,0,,Cancelled,2025-12-01 16:49:00,Яндекс.Маркет (Софьино),Казань,,,2026-01-05T10:00:00+00:00,demo
ORD-101857,30.11.2025,Sale to individual,T-S-008,T-Shirt #8,2110.0,2,2,03.12.2025,Delivered to buyer,2025-12-01 08:58:00,Яндекс.Маркет (Софьино),Санкт-Петербург,4220.0,,2026-01-05T10:00:00+00:00,demo
ORD-101857,30.11.2025,Sale to individual,T-S-012,T-Shirt #12,2660.0,1,1,03.12.2025,Delivered to buyer,2025-12-01 08:58:00,Яндекс.Маркет (Софьино),Санкт-Петербург,2527.0,,2026-01-05T10:00:00+00:00,demo
ORD-101857,30.11.2025,Sale to individual,ACC-002,Accessorie #2,1440.0,1,1,03.12.2025,Delivered to buyer,2025-12-03 08:58:00,Яндекс.Маркет (Софьино),Санкт-Петербург,1368.0,,2026-01-05T10:00:00+00:00,demo
ORD-101858,30.11.2025,Sale to individual,ACC-004,Accessorie #4,1120.0,1,1,03.12.2025,Delivered to buyer,2025-12-01 10:48:00,Яндекс.Маркет (Софьино),Санкт-Петербург,1120.0,,2026-01-05T10:00:00+00:00,demo
ORD-101859,30.11.2025,Sale to individual,T-S-011,T-Shirt #11,2370.0,2,2,02.12.2025,Delivered to buyer,2025-12-04 11:20:00,Яндекс.Маркет (Софьино),Москва,4503.0,,2026-01-05T10:00:00+00:00,demo
ORD-101860,30.11.2025,Sale to individual,HOO-005,Hoodie #5,4850.0,2,2,03.12.2025,Delivered to buyer,2025-12-04 17:38:00,Яндекс.Маркет (Софьино),Казань,8730.0,,2026-01-05T10:00:00+00:00,demo
ORD-101861,30.11.2025,Sale to individual,HOO-004,Hoodie #4,5110.0,1,1,01.12.2025,Delivered to buyer,2025-12-05 19:03:00,Яндекс.Маркет (Софьино),Казань,5110.0,,2026-01-05T10:00:00+00:00,demo
ORD-101862,01.12.2025,Sale to individual,T-S-012,T-Shirt #12,2660.0,1,1,03.12.2025,Delivered to buyer,2025-12-05 22:08:00,Яндекс.Маркет (Софьино),Казань,2660.0,,2026-01-05T10:00:00+00:00,demo
ORD-101862,01.12.2025,Sale to individual,ACC-003,Accessorie #3,1190.0,1,1,03.12.2025,Delivered to buyer,2025-12-06 22:08:00,Яндекс.Маркет (Софьино),Казань,1190.0,,2026-01-05T10:00:00+00:00,demo
ORD-101863,01.12.2025,Sale to individual,T-S-009,T-Shirt #9,2030.0,2,2,02.12.2025,Delivered to buyer,2025-12-04 16:56:00,Яндекс.Маркет (Софьино),Санкт-Петербург,4060.0,,2026-01-05T10:00:00+00:00,demo
ORD-101863,01.12.2025,Sale to individual,T-S-010,T-Shirt #10,2800.0,1,1,02.12.2025,Delivered to buyer,2025-12-04 16:56:00,Яндекс.Маркет (Софьино),Санкт-Петербург,2520.0,,2026-01-05T10:00:00+00:00,demo
ORD-101864,01.12.2025,Sale to individual,T-S-002,T-Shirt #2,2190.0,1,1,04.12.2025,Delivered to buyer,2025-12-03 22:14:00,Яндекс.Маркет (Софьино),Санкт-Петербург,1861.5,,2026-01-05T10:00:00+00:00,demo
ORD-101864,01.12.2025,Sale to individual,T-S-010,T-Shirt #10,2800.0,1,1,04.12.2025,Delivered to buyer,2025-12-06 22:14:00,Яндекс.Маркет (Софьино),Санкт-Петербург,2800.0,,2026-01-05T10:00:00+00:00,demo
ORD-101865,01.12.2025,Sale to individual,T-S-008,T-Shirt #8,2110.0,1,1,02.12.2025,Delivered to buyer,2025-12-05 18:26:00,Яндекс.Маркет (Софьино),Екатеринбург,2004.5,,2026-01-05T10:00:00+00:00,demo
ORD-101865,01.12.2025,Sale to individual,HOO-007,Hoodie #7,6730.0,1,1,02.12.2025,Delivered to buyer,2025-12-02 18:26:00,Яндекс.Маркет (Софьино),Екатеринбург,6730.0,,2026-01-05T10:00:00+00:00,demo
ORD-101865,01.12.2025,Sale to individual,T-S-010,T-Shirt #10,2800.0,2,2,02.12.2025,Delivered to buyer,2025-12-03 18:26:00,Яндекс.Маркет (Софьино),Екатеринбург,4760.0,,2026-01-05T10:00:00+00:00,demo
ORD-101866,01.12.2025,Sale to individual,T-S-002,T-Shirt #2,2190.0,1,1,05.12.2025,Delivered to buyer,2025-12-03 08:16:00,Яндекс.Маркет (Софьино),Екатеринбург,1861.5,,2026-01-05T10:00:00+00:00,demo
ORD-101866,01.12.2025,Sale to individual,T-S-003,T-Shirt #3,2990.0,2,2,05.12.2025,Delivered to buyer,2025-12-02 08:16:00,Яндекс.Маркет (Софьино),Екатеринбург,5980.0,,2026-01-05T10:00:00+00:00,demo
ORD-101867,01.12.2025,Sale to individual,ACC-004,Accessorie #4,1120.0,2,2,03.12.2025,Delivered to buyer,2025-12-04 19:56:00,Яндекс.Маркет (Софьино),Санкт-Петербург,2240.0,,2026-01-05T10:00:00+00:00,demo
ORD-101868,02.12.2025,Sale to individual,CAP-002,Cap #2,1800.0,2,2,05.12.2025,Delivered to buyer,2025-12-04 10:01:00,Яндекс.Маркет (Софьино),Новосибирск,3420.0,,2026-01-05T10:00:00+00:00,demo
ORD-101868,02.12.2025,Sale to individual,T-S-001,T-Shirt #1,2690.0,1,1,05.12.2025,Delivered to buyer,2025-12-06 10:01:00,Яндекс.Маркет (Софьино),Новосибирск,2555.5,,2026-01-05T10:00:00+00:00,demo
ORD-101869,02.12.2025,Sale to individual,T-S-008,T-Shirt #8,2110.0,1,0,,Cancelled,2025-12-03 08:56:00,Яндекс.Маркет (Софьино),Санкт-Петербург,,,2026-01-05T10:00:00+00:00,demo
ORD-101869,02.12.2025,Sale to individual,T-S-007,T-Shirt #7,2890.0,1,0,,Cancelled,2025-12-03 08:56:00,Яндекс.Маркет (Софьино),Санкт-Петербург,,,2026-01-05T10:00:00+00:00,demo
ORD-101869,02.12.2025,Sale to individual,T-S-012,T-Shirt #12,2660.0,1,0,,Cancelled,2025-12-03 08:56:00,Яндекс.Маркет (Софьино),Санкт-Петербург,,,2026-01-05T10:00:00+00:00,demo
ORD-101870,03.12.2025,Sale to individual,CAP-004,Cap #4,1680.0,2,2,06.12.2025,Delivered to buyer,2025-12-07 11:46:00,Яндекс.Маркет (Софьино),Казань,3360.0,,2026-01-05T10:00:00+00:00,demo
ORD-101870,03.12.2025,Sale to individual,T-S-009,T-Shirt #9,2030.0,2,2,06.12.2025,Delivered to buyer,2025-12-05 11:46:00,Яндекс.Маркет (Софьино),Казань,3451.0,,2026-01-05T10:00:00+00:00,demo
ORD-101871,04.12.2025,Sale to individual,HOO-008,Hoodie #8,5940.0,2,2,05.12.2025,Delivered to buyer,2025-12-05 13:48:00,Яндекс.Маркет (Софьино),Санкт-Петербург,10692.0,,2026-01-05T10:00:00+00:00,demo
ORD-101871,04.12.2025,Sale to individual,CAP-004,Cap #4,1680.0,2,2,05.12.2025,Delivered to buyer,2025-12-08 13:48:00,Яндекс.Маркет (Софьино),Санкт-Петербург,3024.0,,2026-01-05T10:00:00+00:00,demo
ORD-101871,04.12.2025,Sale to individual,HOO-008,Hoodie #8,5940.0,1,1,05.12.2025,Delivered to buyer,2025-12-06 13:48:00,Яндекс.Маркет (Софьино),Санкт-Петербург,5346.0,,2026-01-05T10:00:00+00:00,demo
ORD-101872,04.12.2025,Sale to individual,CAP-005,Cap #5,1800.0,1,1,08.12.2025,Delivered to buyer,2025-12-08 12:04:00,Яндекс.Маркет (Софьино),Казань,1620.0,,2026-01-05T10:00:00+00:00,demo
ORD-101872,04.12.2025,Sale to individual,T-S-012,T-Shirt #12,2660.0,1,1,08.12.2025,Delivered to buyer,2025-12-09 12:04:00,Яндекс.Маркет (Софьино),Казань,2660.0,,2026-01-05T10:00:00+00:00,demo
ORD-101873,04.12.2025,Sale to individual,T-S-002,T-Shirt #2,2190.0,1,1,07.12.2025,Delivered to buyer,2025-12-09 18:13:00,Яндекс.Маркет (Софьино),Москва,1861.5,,2026-01-05T10:00:00+00:00,demo
ORD-101874,04.12.2025,Sale to individual,T-S-010,T-Shirt #10,2800.0,1,1,06.12.2025,Delivered to buyer,2025-12-05 12:09:00,Яндекс.Маркет (Софьино),Казань,2660.0,,2026-01-05T10:00:00+00:00,demo
ORD-101875,04.12.2025,Sale to individual,T-S-007,T-Shirt #7,2890.0,1,1,08.12.2025,Delivered to buyer,2025-12-07 19:26:00,Яндекс.Маркет (Софьино),Москва,2601.0,,2026-01-05T10:00:00+00:00,demo
ORD-101875,04.12.2025,Sale to individual,T-S-005,T-Shirt #5,1950.0,1,1,08.12.2025,Delivered to buyer,2025-12-07 19:26:00,Яндекс.Маркет (Софьино),Москва,1950.0,,2026-01-05T10:00:00+00:00,demo
ORD-101876,04.12.2025,Sale to individual,ACC-004,Accessorie #4,1120.0,1,1,06.12.2025,Delivered to buyer,2025-12-05 17:50:00,Яндекс.Маркет (Софьино),Казань,1120.0,,2026-01-05T10:00:00+00:00,demo
ORD-101877,05.12.2025,Sale to individual,T-S-007,T-Shirt #7,2890.0,1,1,06.12.2025,Delivered to buyer,2025-12-07 20:12:00,Яндекс.Маркет (Софьино),Новосибирск,2745.5,,2026-01-05T10:00:00+00:00,demo
ORD-101877,05.12.2025,Sale to individual,T-S-009,T-Shirt #9,2030.0,1,1,06.12.2025,Delivered to buyer,2025-12-08 20:12:00,Яндекс.Маркет (Софьино),Новосибирск,1725.5,,2026-01-05T10:00:00+00:00,demo
ORD-101878,05.12.2025,Sale to individual,T-S-002,T-Shirt #2,2190.0,1,1,07.12.2025,Delivered to buyer,2025-12-09 21:55:00,Яндекс.Маркет (Софьино),Новосибирск,1971.0,,2026-01-05T10:00:00+00:00,demo
ORD-101878,05.12.2025,Sale to individual,HOO-001,Hoodie #1,5990.0,1,1,07.12.2025,Delivered to buyer,2025-12-08 21:55:00,Яндекс.Маркет (Софьино),Новосибирск,5990.0,,2026-01-05T10:00:00+00:00,demo
ORD-101878,05.12.2025,Sale to individual,HOO-005,Hoodie #5,4850.0,1,1,07.12.2025,Delivered to buyer,2025-12-06 21:55:00,Яндекс.Маркет (Софьино),Новосибирск,4850.0,,2026-01-05T10:00:00+00:00,demo
ORD-101879,05.12.2025,Sale to individual,T-S-008,T-Shirt #8,2110.0,1,1,08.12.2025,Delivered to buyer,2025-12-07 09:10:00,Яндекс.Маркет (Софьино),Казань,2110.0,,2026-01-05T10:00:00+00:00,demo
ORD-101880,05.12.2025,Sale to individual,T-S-010,T-Shirt #10,2800.0,2,2,09.12.2025,Delivered to buyer,2025-12-07 09:45:00,Яндекс.Маркет (Софьино),Екатеринбург,5600.0,,2026-01-05T10:00:00+00:00,demo
ORD-101881,05.12.2025,Sale to individual,ACC-004,Accessorie #4,1120.0,1,1,09.12.2025,Delivered to buyer,2025-12-07 10:06:00,Яндекс.Маркет (Софьино),Санкт-Петербург,1120.0,,2026-01-05T10:00:00+00:00,demo
ORD-101882,05.12.2025,Sale to individual,T-S-004,T-Shirt #4,1960.0,1,1,06.12.2025,Delivered to buyer,2025-12-07 17:28:00,Яндекс.Маркет (Софьино),Казань,1960.0,,2026-01-05T10:00:00+00:00,demo
ORD-101883,06.12.2025,Sale to individual,T-S-009,T-Shirt #9,2030.0,1,1,10.12.2025,Delivered to buyer,2025-12-10 22:59:00,Яндекс.Маркет (Софьино),Новосибирск,1725.5,,2026-01-05T10:00:00+00:00,demo
ORD-101884,06.12.2025,Sale to individual,CAP-004,Cap #4,1680.0,2,2,10.12.2025,Return received in warehouse,2025-12-09 18:35:00,Яндекс.Маркет (Софьино),Москва,3360.0,3360.0,2026-01-05T10:00:00+00:00,demo
ORD-101885,06.12.2025,Sale to individual,HOO-001,Hoodie #1,5990.0,1,0,,Cancelled,2025-12-07 19:39:00,Яндекс.Маркет (Софьино),Новосибирск,,,2026-01-05T10:00:00+00:00,demo
ORD-101885,06.12.2025,Sale to individual,T-S-004,T-Shirt #4,1960.0,1,0,,Cancelled,2025-12-08 19:39:00,Яндекс.Маркет (Софьино),Новосибирск,,,2026-01-05T10:00:00+00:00,demo
ORD-101885,06.12.2025,Sale to individual,HOO-007,Hoodie #7,6730.0,2,0,,Cancelled,2025-12-08 19:39:00,Яндекс.Маркет (Софьино),Новосибирск,,,2026-01-05T10:00:00+00:00,demo
ORD-101886,06.12.2025,Sale to individual,T-S-012,T-Shirt #12,2660.0,2,2,07.12.2025,Delivered to buyer,2025-12-07 16:10:00,Яндекс.Маркет (Софьино),Санкт-Петербург,4522.0,,2026-01-05T10:00:00+00:00,demo
ORD-101887,06.12.2025,Sale to individual,CAP-002,Cap #2,1800.0,1,1,10.12.2025,Delivered to buyer,2025-12-07 10:49:00,Яндекс.Маркет (Софьино),Новосибирск,1620.0,,2026-01-05T10:00:00+00:00,demo
ORD-101887,06.12.2025,Sale to individual,CAP-002,Cap #2,1800.0,2,2,10.12.2025,Delivered to buyer,2025-12-11 10:49:00,Яндекс.Маркет (Софьино),Новосибирск,3600.0,,2026-01-05T10:00:00+00:00,demo
ORD-101888,07.12.2025,Sale to individual,ACC-002,Accessorie #2,1440.0,2,2,09.12.2025,Delivered to buyer,2025-12-11 15:53:00,Яндекс.Маркет (Софьино),Екатеринбург,2736.0,,2026-01-05T10:00:00+00:00,demo
ORD-101889,07.12.2025,Sale to individual,T-S-010,T-Shirt #10,2800.0,2,2,09.12.2025,Delivered to buyer,2025-12-08 20:07:00,Яндекс.Маркет (Софьино),Новосибирск,4760.0,,2026-01-05T10:00:00+00:00,demo
ORD-101889,07.12.2025,Sale to individual,T-S-008,T-Shirt #8,2110.0,1,1,09.12.2025,Delivered to buyer,2025-12-10 20:07:00,Яндекс.Маркет (Софьино),Новосибирск,2110.0,,2026-01-05T10:00:00+00:00,demo
ORD-101890,07.12.2025,Sale to individual,T-S-012,T-Shirt #12,2660.0,1,1,10.12.2025,Delivered to buyer,2025-12-09 08:43:00,Яндекс.Маркет (Софьино),Екатеринбург,2660.0,,2026-01-05T10:00:00+00:00,demo
ORD-101891,08.12.2025,Sale to individual,CAP-004,Cap #4,1680.0,1,1,11.12.2025,Delivered to buyer,2025-12-10 12:42:00,Яндекс.Маркет (Софьино),Санкт-Петербург,1512.0,,2026-01-05T10:00:00+00:00,demo
ORD-101892,08.12.2025,Sale to individual,T-S-002,T-Shirt #2,2190.0,2,2,12.12.2025,Delivered to buyer,2025-12-11 21:07:00,Яндекс.Маркет (Софьино),Екатеринбург,3723.0,,2026-01-05T10:00:00+00:00,demo
ORD-101892,08.12.2025,Sale to individual,ACC-005,Accessorie #5,1220.0,2,2,12.12.2025,Delivered to buyer,2025-12-12 21:07:00,Яндекс.Маркет (Софьино),Екатеринбург,2318.0,,2026-01-05T10:00:00+00:00,demo
ORD-101893,08.12.2025,Sale to individual,HOO-008,Hoodie #8,5940.0,1,0,,Cancelled,2025-12-13 15:01:00,Яндекс.Маркет (Софьино),Новосибирск,,,2026-01-05T10:00:00+00:00,demo
ORD-101893,08.12.2025,Sale to individual,T-S-010,T-Shirt #10,2800.0,1,0,,Cancelled,2025-12-09 15:01:00,Яндекс.Маркет (Софьино),Новосибирск,,,2026-01-05T10:00:00+00:00,demo
ORD-101894,09.12.2025,Sale to individual,T-S-002,T-Shirt #2,2190.0,1,1,11.12.2025,Delivered to buyer,2025-12-12 22:19:00,Яндекс.Маркет (Софьино),Москва,2190.0,,2026-01-05T10:00:00+00:00,demo
ORD-101894,09.12.2025,Sale to individual,T-S-012,T-Shirt #12,2660.0,1,1,11.12.2025,Delivered to buyer,2025-12-12 22:19:00,Яндекс.Маркет (Софьино),Москва,2261.0,,2026-01-05T10:00:00+00:00,demo
ORD-101895,09.12.2025,Sale to individual,CAP-002,Cap #2,1800.0,1,1,11.12.2025,Delivered to buyer,2025-12-14 12:54:00,Яндекс.Маркет (Софьино),Санкт-Петербург,1710.0,,2026-01-05T10:00:00+00:00,demo
ORD-101895,09.12.2025,Sale to individual,T-S-005,T-Shirt #5,1950.0,1,1,11.12.2025,Delivered to buyer,2025-12-10 12:54:00,Яндекс.Маркет (Софьино),Санкт-Петербург,1657.5,,2026-01-05T10:00:00+00:00,demo
ORD-101895,09.12.2025,Sale to individual,HOO-003,Hoodie #3,4420.0,1,1,11.12.2025,Delivered to buyer,2025-12-10 12:54:00,Яндекс.Маркет (Софьино),Санкт-Петербург,4420.0,,2026-01-05T10:00:00+00:00,demo
ORD-101896,10.12.2025,Sale to individual,CAP-004,Cap #4,1680.0,1,1,14.12.2025,Delivered to buyer,2025-12-11 22:06:00,Яндекс.Маркет (Софьино),Москва,1680.0,,2026-01-05T10:00:00+00:00,demo
ORD-101896,10.12.2025,Sale to individual,T-S-002,T-Shirt #2,2190.0,1,1,14.12.2025,Delivered to buyer,2025-12-13 22:06:00,Яндекс.Маркет (Софьино),Москва,2190.0,,2026-01-05T10:00:00+00:00,demo
ORD-101897,10.12.2025,Sale to individual,HOO-004,Hoodie #4,5110.0,1,1,13.12.2025,Delivered to buyer,2025-12-13 14:30:00,Яндекс.Маркет (Софьино),Санкт-Петербург,4343.5,,2026-01-05T10:00:00+00:00,demo
ORD-101897,10.12.2025,Sale to individual,T-S-010,T-Shirt #10,2800.0,1,1,13.12.2025,Delivered to buyer,2025-12-15 14:30:00,Яндекс.Маркет (Софьино),Санкт-Петербург,2660.0,,2026-01-05T10:00:00+00:00,demo
ORD-101897,10.12.2025,Sale to individual,T-S-010,T-Shirt #10,2800.0,1,1,13.12.2025,Delivered to buyer,2025-12-11 14:30:00,Яндекс.Маркет (Софьино),Санкт-Петербург,2800.0,,2026-01-05T10:00:00+00:00,demo
ORD-101898,10.12.2025,Sale to individual,ACC-002,Accessorie #2,1440.0,1,1,11.12.2025,Delivered to buyer,2025-12-14 08:52:00,Яндекс.Маркет (Софьино),Новосибирск,1440.0,,2026-01-05T10:00:00+00:00,demo
ORD-101899,10.12.2025,Sale to individual,T-S-010,T-Shirt #10,2800.0,1,1,14.12.2025,Delivered to buyer,2025-12-11 21:51:00,Яндекс.Маркет (Софьино),Санкт-Петербург,2660.0,,2026-01-05T10:00:00+00:00,demo
ORD-101900,10.12.2025,Sale to individual,ACC-002,Accessorie #2,1440.0,1,1,11.12.2025,Delivered to buyer,2025-12-15 16:49:00,Яндекс.Маркет (Софьино),Москва,1440.0,,2026-01-05T10:00:00+00:00,demo
ORD-101900,10.12.2025,Sale to individual,T-S-010,T-Shirt #10,2800.0,1,1,11.12.2025,Delivered to buyer,2025-12-14 16:49:00,Яндекс.Маркет (Софьино),Москва,2380.0,,2026-01-05T10:00:00+00:00,demo
ORD-101901,10.12.2025,Sale to individual,T-S-007,T-Shirt #7,2890.0,2,2,13.12.2025,Delivered to buyer,2025-12-12 09:21:00,Яндекс.Маркет (Софьино),Москва,5780.0,,2026-01-05T10:00:00+00:00,demo
ORD-101902,11.12.2025,Sale to individual,CAP-004,Cap #4,1680.0,2,2,15.12.2025,Delivered to buyer,2025-12-12 20:18:00,Яндекс.Маркет (Софьино),Новосибирск,3360.0,,2026-01-05T10:00:00+00:00,demo
ORD-101902,11.12.2025,Sale to individual,T-S-010,T-Shirt #10,2800.0,1,1,15.12.2025,Delivered to buyer,2025-12-15 20:18:00,Яндекс.Маркет (Софьино),Новосибирск,2800.0,,2026-01-05T10:00:00+00:00,demo
ORD-101902,11.12.2025,Sale to individual,T-S-010,T-Shirt #10,2800.0,1,1,15.12.2025,Delivered to buyer,2025-12-15 20:18:00,Яндекс.Маркет (Софьино),Новосибирск,2800.0,,2026-01-05T10:00:00+00:00,demo
ORD-101903,11.12.2025,Sale to individual,T-S-010,T-Shirt #10,2800.0,2,2,15.12.2025,Delivered to buyer,2025-12-13 08:52:00,Яндекс.Маркет (Софьино),Казань,4760.0,,2026-01-05T10:00:00+00:00,demo
ORD-101904,11.12.2025,Sale to individual,T-S-004,T-Shirt #4,1960.0,1,1,12.12.2025,Delivered to buyer,2025-12-16 18:46:00,Яндекс.Маркет (Софьино),Казань,1960.0,,2026-01-05T10:00:00+00:00,demo
ORD-101905,12.12.2025,Sale to individual,CAP-004,Cap #4,1680.0,1,1,16.12.2025,Delivered to buyer,2025-12-14 20:11:00,Яндекс.Маркет (Софьино),Казань,1512.0,,2026-01-05T10:00:00+00:00,demo
ORD-101906,12.12.2025,Sale to individual,T-S-009,T-Shirt #9,2030.0,2,2,14.12.2025,Delivered to buyer,2025-12-16 08:10:00,Яндекс.Маркет (Софьино),Новосибирск,4060.0,,2026-01-05T10:00:00+00:00,demo
ORD-101907,12.12.2025,Sale to individual,T-S-012,T-Shirt #12,2660.0,1,1,15.12.2025,Delivered to buyer,2025-12-13 16:33:00,Яндекс.Маркет (Софьино),Новосибирск,2660.0,,2026-01-05T10:00:00+00:00,demo
ORD-101908,14.12.2025,Sale to individual,CAP-005,Cap #5,1800.0,1,0,,Cancelled,2025-12-19 11:09:00,Яндекс.Маркет (Софьино),Санкт-Петербург,,,2026-01-05T10:00:00+00:00,demo
ORD-101909,14.12.2025,Sale to individual,HOO-005,Hoodie #5,4850.0,2,2,16.12.2025,Delivered to buyer,2025-12-18 15:26:00,Яндекс.Маркет (Софьино),Санкт-Петербург,8245.0,,2026-01-05T10:00:00+00:00,demo
ORD-101910,14.12.2025,Sale to individual,HOO-001,Hoodie #1,5990.0,2,2,15.12.2025,Delivered to buyer,2025-12-16 08:26:00,Яндекс.Маркет (Софьино),Екатеринбург,10183.0,,2026-01-05T10:00:00+00:00,demo
ORD-101911,14.12.2025,Sale to individual,CAP-003,Cap #3,1680.0,1,1,17.12.2025,Delivered to buyer,2025-12-15 08:44:00,Яндекс.Маркет (Софьино),Казань,1596.0,,2026-01-05T10:00:00+00:00,demo
ORD-101912,14.12.2025,Sale to individual,T-S-008,T-Shirt #8,2110.0,1,0,,Cancelled,2025-12-18 16:53:00,Яндекс.Маркет (Софьино),Москва,,,2026-01-05T10:00:00+00:00,demo
ORD-101912,14.12.2025,Sale to individual,T-S-011,T-Shirt #11,2370.0,2,0,,Cancelled,2025-12-15 16:53:00,Яндекс.Маркет (Софьино),Москва,,,2026-01-05T10:00:00+00:00,demo
ORD-101913,15.12.2025,Sale to individual,CAP-002,Cap #2,1800.0,2,2,19.12.2025,Return received in warehouse,2025-12-18 13:26:00,Яндекс.Маркет (Софьино),Екатеринбург,3240.0,3240.0,2026-01-05T10:00:00+00:00,demo
ORD-101914,15.12.2025,Sale to individual,HOO-005,Hoodie #5,4850.0,1,1,19.12.2025,Delivered to buyer,2025-12-18 12:10:00,Яндекс.Маркет (Софьино),Москва,4122.5,,2026-01-05T10:00:00+00:00,demo
ORD-101915,16.12.2025,Sale to individual,CAP-005,Cap #5,1800.0,2,2,20.12.2025,Delivered to buyer,2025-12-18 21:11:00,Яндекс.Маркет (Софьино),Санкт-Петербург,3600.0,,2026-01-05T10:00:00+00:00,demo
ORD-101916,16.12.2025,Sale to individual,T-S-007,T-Shirt #7,2890.0,1,1,18.12.2025,Delivered to buyer,2025-12-20 19:11:00,Яндекс.Маркет (Софьино),Новосибирск,2601.0,,2026-01-05T10:00:00+00:00,demo
ORD-101916,16.12.2025,Sale to individual,T-S-004,T-Shirt #4,1960.0,1,1,18.12.2025,Delivered to buyer,2025-12-17 19:11:00,Яндекс.Маркет (Софьино),Новосибирск,1764.0,,2026-01-05T10:00:00+00:00,demo
ORD-101916,16.12.2025,Sale to individual,CAP-002,Cap #2,1800.0,2,2,18.12.2025,Delivered to buyer,2025-12-17 19:11:00,Яндекс.Маркет (Софьино),Новосибирск,3600.0,,2026-01-05T10:00:00+00:00,demo
ORD-101917,16.12.2025,Sale to individual,T-S-010,T-Shirt #10,2800.0,2,2,19.12.2025,Return received in warehouse,2025-12-21 12:10:00,Яндекс.Маркет (Софьино),Екатеринбург,4760.0,4760.0,2026-01-05T10:00:00+00:00,demo
ORD-101918,16.12.2025,Sale to individual,CAP-004,Cap #4,1680.0,1,1,18.12.2025,Delivered to buyer,2025-12-21 08:23:00,Яндекс.Маркет (Софьино),Екатеринбург,1680.0,,2026-01-05T10:00:00+00:00,demo
ORD-101919,16.12.2025,Sale to individual,T-S-011,T-Shirt #11,2370.0,1,1,18.12.2025,Delivered to buyer,2025-12-19 10:01:00,Яндекс.Маркет (Софьино),Екатеринбург,2370.0,,2026-01-05T10:00:00+00:00,demo
ORD-101919,16.12.2025,Sale to individual,ACC-004,Accessorie #4,1120.0,1,1,18.12.2025,Delivered to buyer,2025-12-19 10:01:00,Яндекс.Маркет (Софьино),Екатеринбург,1008.0,,2026-01-05T10:00:00+00:00,demo
ORD-101919,16.12.2025,Sale to individual,HOO-004,Hoodie #4,5110.0,2,2,18.12.2025,Delivered to buyer,2025-12-17 10:01:00,Яндекс.Маркет (Софьино),Екатеринбург,10220.0,,2026-01-05T10:00:00+00:00,demo
ORD-101920,16.12.2025,Sale to individual,T-S-012,T-Shirt #12,2660.0,1,1,17.12.2025,Delivered to buyer,2025-12-20 16:01:00,Яндекс.Маркет (Софьино),Москва,2660.0,,2026-01-05T10:00:00+00:00,demo
ORD-101920,16.12.2025,Sale to individual,ACC-002,Accessorie #2,1440.0,1,1,17.12.2025,Delivered to buyer,2025-12-17 16:01:00,Яндекс.Маркет (Софьино),Москва,1296.0,,2026-01-05T10:00:00+00:00,demo
ORD-101921,17.12.2025,Sale to individual,T-S-008,T-Shirt #8,2110.0,1,1,19.12.2025,Delivered to buyer,2025-12-20 12:37:00,Яндекс.Маркет (Софьино),Новосибирск,2004.5,,2026-01-05T10:00:00+00:00,demo
ORD-101922,17.12.2025,Sale to individual,T-S-007,T-Shirt #7,2890.0,2,2,18.12.2025,Delivered to buyer,2025-12-22 17:14:00,Яндекс.Маркет (Софьино),Новосибирск,5780.0,,2026-01-05T10:00:00+00:00,demo
ORD-101922,17.12.2025,Sale to individual,T-S-009,T-Shirt #9,2030.0,1,1,18.12.2025,Delivered to buyer,2025-12-19 17:14:00,Яндекс.Маркет (Софьино),Новосибирск,1725.5,,2026-01-05T10:00:00+00:00,demo
ORD-101923,17.12.2025,Sale to individual,T-S-009,T-Shirt #9,2030.0,1,1,21.12.2025,Delivered to buyer,2025-12-22 08:47:00,Яндекс.Маркет (Софьино),Санкт-Петербург,1725.5,,2026-01-05T10:00:00+00:00,demo
ORD-101924,17.12.2025,Sale to individual,HOO-005,Hoodie #5,4850.0,1,1,19.12.2025,Delivered to buyer,2025-12-18 13:06:00,Яндекс.Маркет (Софьино),Новосибирск,4122.5,,2026-01-05T10:00:00+00:00,demo
ORD-101924,17.12.2025,Sale to individual,T-S-006,T-Shirt #6,2570.0,1,1,19.12.2025,Delivered to buyer,2025-12-18 13:06:00,Яндекс.Маркет (Софьино),Новосибирск,2184.5,,2026-01-05T10:00:00+00:00,demo
ORD-101924,17.12.2025,Sale to individual,CAP-001,Cap #1,1630.0,2,2,19.12.2025,Delivered to buyer,2025-12-20 13:06:00,Яндекс.Маркет (Софьино),Новосибирск,3260.0,,2026-01-05T10:00:00+00:00,demo
ORD-101925,17.12.2025,Sale to individual,T-S-006,T-Shirt #6,2570.0,2,2,21.12.2025,Delivered to buyer,2025-12-21 08:19:00,Яндекс.Маркет (Софьино),Новосибирск,4626.0,,2026-01-05T10:00:00+00:00,demo
ORD-101926,17.12.2025,Sale to individual,CAP-005,Cap #5,1800.0,1,1,19.12.2025,Delivered to buyer,2025-12-22 13:52:00,Яндекс.Маркет (Софьино),Казань,1800.0,,2026-01-05T10:00:00+00:00,demo
ORD-101926,17.12.2025,Sale to individual,HOO-004,Hoodie #4,5110.0,2,2,19.12.2025,Delivered to buyer,2025-12-22 13:52:00,Яндекс.Маркет (Софьино),Казань,9709.0,,2026-01-05T10:00:00+00:00,demo
ORD-101927,18.12.2025,Sale to individual,T-S-012,T-Shirt #12,2660.0,2,2,21.12.2025,Return received in warehouse,2025-12-19 18:37:00,Яндекс.Маркет (Софьино),Москва,5054.0,5054.0,2026-01-05T10:00:00+00:00,demo
ORD-101928,18.12.2025,Sale to individual,CAP-004,Cap #4,1680.0,1,1,21.12.2025,Delivered to buyer,2025-12-23 19:31:00,Яндекс.Маркет (Софьино),Москва,1680.0,,2026-01-05T10:00:00+00:00,demo
ORD-101928,18.12.2025,Sale to individual,T-S-002,T-Shirt #2,2190.0,1,1,21.12.2025,Delivered to buyer,2025-12-19 19:31:00,Яндекс.Маркет (Софьино),Москва,1861.5,,2026-01-05T10:00:00+00:00,demo
ORD-101929,19.12.2025,Sale to individual,HOO-006,Hoodie #6,6060.0,1,1,22.12.2025,Delivered to buyer,2025-12-24 20:52:00,Яндекс.Маркет (Софьино),Казань,5151.0,,2026-01-05T10:00:00+00:00,demo
ORD-101930,19.12.2025,Sale to individual,T-S-010,T-Shirt #10,2800.0,1,1,21.12.2025,Delivered to buyer,2025-12-21 17:14:00,Яндекс.Маркет (Софьино),Санкт-Петербург,2800.0,,2026-01-05T10:00:00+00:00,demo
ORD-101931,19.12.2025,Sale to individual,T-S-002,T-Shirt #2,2190.0,1,1,22.12.2025,Delivered to buyer,2025-12-20 10:15:00,Яндекс.Маркет (Софьино),Казань,2080.5,,2026-01-05T10:00:00+00:00,demo
ORD-101932,19.12.2025,Sale to individual,T-S-010,T-Shirt #10,2800.0,1,1,21.12.2025,Delivered to buyer,2025-12-24 17:56:00,Яндекс.Маркет (Софьино),Москва,2520.0,,2026-01-05T10:00:00+00:00,demo
ORD-101933,19.12.2025,Sale to individual,CAP-004,Cap #4,1680.0,1,1,22.12.2025,Delivered to buyer,2025-12-22 21:35:00,Яндекс.Маркет (Софьино),Санкт-Петербург,1680.0,,2026-01-05T10:00:00+00:00,demo
ORD-101933,19.12.2025,Sale to individual,HOO-007,Hoodie #7,6730.0,1,1,22.12.2025,Delivered to buyer,2025-12-21 21:35:00,Яндекс.Маркет (Софьино),Санкт-Петербург,6057.0,,2026-01-05T10:00:00+00:00,demo
ORD-101933,19.12.2025,Sale to individual,CAP-002,Cap #2,1800.0,2,2,22.12.2025,Delivered to buyer,2025-12-20 21:35:00,Яндекс.Маркет (Софьино),Санкт-Петербург,3600.0,,2026-01-05T10:00:00+00:00,demo
ORD-101934,20.12.2025,Sale to individual,T-S-006,T-Shirt #6,2570.0,1,1,22.12.2025,Delivered to buyer,2025-12-22 08:22:00,Яндекс.Маркет (Софьино),Казань,2570.0,,2026-01-05T10:00:00+00:00,demo
ORD-101935,20.12.2025,Sale to individual,T-S-010,T-Shirt #10,2800.0,1,1,23.12.2025,Delivered to buyer,2025-12-21 08:28:00,Яндекс.Маркет (Софьино),Екатеринбург,2800.0,,2026-01-05T10:00:00+00:00,demo
ORD-101935,20.12.2025,Sale to individual,ACC-002,Accessorie #2,1440.0,1,1,23.12.2025,Delivered to buyer,2025-12-24 08:28:00,Яндекс.Маркет (Софьино),Екатеринбург,1440.0,,2026-01-05T10:00:00+00:00,demo
ORD-101936,20.12.2025,Sale to individual,T-S-010,T-Shirt #10,2800.0,1,1,24.12.2025,Delivered to buyer,2025-12-24 11:04:00,Яндекс.Маркет (Софьино),Санкт-Петербург,2800.0,,2026-01-05T10:00:00+00:00,demo
ORD-101936,20.12.2025,Sale to individual,T-S-010,T-Shirt #10,2800.0,1,1,24.12.2025,Delivered to buyer,2025-12-23 11:04:00,Яндекс.Маркет (Софьино),Санкт-Петербург,2380.0,,2026-01-05T10:00:00+00:00,demo
ORD-101937,20.12.2025,Sale to individual,T-S-010,T-Shirt #10,2800.0,1,1,22.12.2025,Delivered to buyer,2025-12-24 09:36:00,Яндекс.Маркет (Софьино),Москва,2800.0,,2026-01-05T10:00:00+00:00,demo
ORD-101937,20.12.2025,Sale to individual,ACC-004,Accessorie #4,1120.0,2,2,22.12.2025,Delivered to buyer,2025-12-22 09:36:00,Яндекс.Маркет (Софьино),Москва,2240.0,,2026-01-05T10:00:00+00:00,demo
ORD-101938,20.12.2025,Sale to individual,T-S-011,T-Shirt #11,2370.0,2,2,22.12.2025,Delivered to buyer,2025-12-22 15:23:00,Яндекс.Маркет (Софьино),Казань,4503.0,,2026-01-05T10:00:00+00:00,demo
ORD-101938,20.12.2025,Sale to individual,ACC-003,Accessorie #3,1190.0,2,2,22.12.2025,Delivered to buyer,2025-12-24 15:23:00,Яндекс.Маркет (Софьино),Казань,2261.0,,2026-01-05T10:00:00+00:00,demo
ORD-101938,20.12.2025,Sale to individual,CAP-005,Cap #5,1800.0,1,1,22.12.2025,Delivered to buyer,2025-12-21 15:23:00,Яндекс.Маркет (Софьино),Казань,1800.0,,2026-01-05T10:00:00+00:00,demo
ORD-101939,20.12.2025,Sale to individual,T-S-002,T-Shirt #2,2190.0,1,1,24.12.2025,Delivered to buyer,2025-12-23 14:07:00,Яндекс.Маркет (Софьино),Екатеринбург,1861.5,,2026-01-05T10:00:00+00:00,demo
ORD-101940,21.12.2025,Sale to individual,T-S-010,T-Shirt #10,2800.0,1,1,22.12.2025,Delivered to buyer,2025-12-22 11:10:00,Яндекс.Маркет (Софьино),Санкт-Петербург,2660.0,,2026-01-05T10:00:00+00:00,demo
ORD-101941,21.12.2025,Sale to individual,CAP-003,Cap #3,1680.0,1,1,23.12.2025,Delivered to buyer,2025-12-26 09:17:00,Яндекс.Маркет (Софьино),Казань,1680.0,,2026-01-05T10:00:00+00:00,demo
ORD-101941,21.12.2025,Sale to individual,T-S-004,T-Shirt #4,1960.0,2,2,23.12.2025,Delivered to buyer,2025-12-26 09:17:00,Яндекс.Маркет (Софьино),Казань,3528.0,,2026-01-05T10:00:00+00:00,demo
ORD-101941,21.12.2025,Sale to individual,HOO-007,Hoodie #7,6730.0,2,2,23.12.2025,Delivered to buyer,2025-12-24 09:17:00,Яндекс.Маркет (Софьино),Казань,13460.0,,2026-01-05T10:00:00+00:00,demo
ORD-101942,21.12.2025,Sale to individual,CAP-002,Cap #2,1800.0,1,1,24.12.2025,Delivered to buyer,2025-12-24 17:08:00,Яндекс.Маркет (Софьино),Москва,1710.0,,2026-01-05T10:00:00+00:00,demo
ORD-101942,21.12.2025,Sale to individual,CAP-005,Cap #5,1800.0,1,1,24.12.2025,Delivered to buyer,2025-12-23 17:08:00,Яндекс.Маркет (Софьино),Москва,1530.0,,2026-01-05T10:00:00+00:00,demo
ORD-101942,21.12.2025,Sale to individual,T-S-007,T-Shirt #7,2890.0,1,1,24.12.2025,Delivered to buyer,2025-12-26 17:08:00,Яндекс.Маркет (Софьино),Москва,2745.5,,2026-01-05T10:00:00+00:00,demo
ORD-101943,22.12.2025,Sale to individual,HOO-007,Hoodie #7,6730.0,1,1,26.12.2025,Delivered to buyer,2025-12-24 15:02:00,Яндекс.Маркет (Софьино),Санкт-Петербург,6730.0,,2026-01-05T10:00:00+00:00,demo
ORD-101943,22.12.2025,Sale to individual,CAP-004,Cap #4,1680.0,2,2,26.12.2025,Delivered to buyer,2025-12-23 15:02:00,Яндекс.Маркет (Софьино),Санкт-Петербург,3192.0,,2026-01-05T10:00:00+00:00,demo
ORD-101944,22.12.2025,Sale to individual,T-S-010,T-Shirt #10,2800.0,1,1,23.12.2025,Delivered to buyer,2025-12-25 21:39:00,Яндекс.Маркет (Софьино),Екатеринбург,2520.0,,2026-01-05T10:00:00+00:00,demo
ORD-101945,22.12.2025,Sale to individual,HOO-001,Hoodie #1,5990.0,1,1,25.12.2025,Delivered to buyer,2025-12-24 22:33:00,Яндекс.Маркет (Софьино),Екатеринбург,5091.5,,2026-01-05T10:00:00+00:00,demo
ORD-101945,22.12.2025,Sale to individual,CAP-004,Cap #4,1680.0,1,1,25.12.2025,Delivered to buyer,2025-12-26 22:33:00,Яндекс.Маркет (Софьино),Екатеринбург,1512.0,,2026-01-05T10:00:00+00:00,demo
ORD-101945,22.12.2025,Sale to individual,CAP-002,Cap #2,1800.0,1,1,25.12.2025,Delivered to buyer,2025-12-24 22:33:00,Яндекс.Маркет (Софьино),Екатеринбург,1620.0,,2026-01-05T10:00:00+00:00,demo
ORD-101946,22.12.2025,Sale to individual,T-S-012,T-Shirt #12,2660.0,1,1,25.12.2025,Delivered to buyer,2025-12-24 19:32:00,Яндекс.Маркет (Софьино),Санкт-Петербург,2527.0,,2026-01-05T10:00:00+00:00,demo
ORD-101946,22.12.2025,Sale to individual,HOO-007,Hoodie #7,6730.0,1,1,25.12.2025,Delivered to buyer,2025-12-23 19:32:00,Яндекс.Маркет (Софьино),Санкт-Петербург,6393.5,,2026-01-05T10:00:00+00:00,demo
ORD-101947,22.12.2025,Sale to individual,T-S-008,T-Shirt #8,2110.0,1,1,24.12.2025,Delivered to buyer,2025-12-27 14:10:00,Яндекс.Маркет (Софьино),Казань,2110.0,,2026-01-05T10:00:00+00:00,demo
ORD-101948,23.12.2025,Sale to individual,CAP-002,Cap #2,1800.0,2,2,27.12.2025,Delivered to buyer,2025-12-28 22:40:00,Яндекс.Маркет (Софьино),Казань,3600.0,,2026-01-05T10:00:00+00:00,demo
ORD-101949,23.12.2025,Sale to individual,HOO-007,Hoodie #7,6730.0,1,1,26.12.2025,Delivered to buyer,2025-12-25 11:37:00,Яндекс.Маркет (Софьино),Москва,6730.0,,2026-01-05T10:00:00+00:00,demo
ORD-101950,23.12.2025,Sale to individual,T-S-001,T-Shirt #1,2690.0,2,2,25.12.2025,Delivered to buyer,2025-12-27 09:18:00,Яндекс.Маркет (Софьино),Новосибирск,5380.0,,2026-01-05T10:00:00+00:00,demo
ORD-101950,23.12.2025,Sale to individual,T-S-001,T-Shirt #1,2690.0,1,1,25.12.2025,Delivered to buyer,2025-12-27 09:18:00,Яндекс.Маркет (Софьино),Новосибирск,2690.0,,2026-01-05T10:00:00+00:00,demo
ORD-101951,23.12.2025,Sale to individual,ACC-004,Accessorie #4,1120.0,2,2,26.12.2025,Delivered to buyer,2025-12-25 08:16:00,Яндекс.Маркет (Софьино),Казань,2240.0,,2026-01-05T10:00:00+00:00,demo
ORD-101952,23.12.2025,Sale to individual,T-S-002,T-Shirt #2,2190.0,1,1,26.12.2025,Delivered to buyer,2025-12-25 15:53:00,Яндекс.Маркет (Софьино),Москва,1861.5,,2026-01-05T10:00:00+00:00,demo
ORD-101952,23.12.2025,Sale to individual,CAP-002,Cap #2,1800.0,1,1,26.12.2025,Delivered to buyer,2025-12-25 15:53:00,Яндекс.Маркет (Софьино),Москва,1710.0,,2026-01-05T10:00:00+00:00,demo
ORD-101952,23.12.2025,Sale to individual,HOO-006,Hoodie #6,6060.0,1,1,26.12.2025,Delivered to buyer,2025-12-25 15:53:00,Яндекс.Маркет (Софьино),Москва,6060.0,,2026-01-05T10:00:00+00:00,demo
ORD-101953,24.12.2025,Sale to individual,ACC-003,Accessorie #3,1190.0,2,2,25.12.2025,Delivered to buyer,2025-12-25 21:29:00,Яндекс.Маркет (Софьино),Санкт-Петербург,2380.0,,2026-01-05T10:00:00+00:00,demo
ORD-101954,24.12.2025,Sale to individual,T-S-012,T-Shirt #12,2660.0,1,1,26.12.2025,Delivered to buyer,2025-12-25 08:59:00,Яндекс.Маркет (Софьино),Новосибирск,2394.0,,2026-01-05T10:00:00+00:00,demo
ORD-101954,24.12.2025,Sale to individual,T-S-002,T-Shirt #2,2190.0,2,2,26.12.2025,Delivered to buyer,2025-12-28 08:59:00,Яндекс.Маркет (Софьино),Новосибирск,4380.0,,2026-01-05T10:00:00+00:00,demo
ORD-101955,24.12.2025,Sale to individual,T-S-008,T-Shirt #8,2110.0,1,1,28.12.2025,Delivered to buyer,2025-12-25 21:08:00,Яндекс.Маркет (Софьино),Екатеринбург,2110.0,,2026-01-05T10:00:00+00:00,demo
ORD-101956,24.12.2025,Sale to individual,T-S-008,T-Shirt #8,2110.0,1,1,28.12.2025,Delivered to buyer,2025-12-28 13:14:00,Яндекс.Маркет (Софьино),Новосибирск,1899.0,,2026-01-05T10:00:00+00:00,demo
ORD-101957,24.12.2025,Sale to individual,T-S-005,T-Shirt #5,1950.0,1,1,26.12.2025,Delivered to buyer,2025-12-29 10:54:00,Яндекс.Маркет (Софьино),Новосибирск,1950.0,,2026-01-05T10:00:00+00:00,demo
ORD-101957,24.12.2025,Sale to individual,ACC-004,Accessorie #4,1120.0,1,1,26.12.2025,Delivered to buyer,2025-12-25 10:54:00,Яндекс.Маркет (Софьино),Новосибирск,1064.0,,2026-01-05T10:00:00+00:00,demo
ORD-101957,24.12.2025,Sale to individual,ACC-001,Accessorie #1,990.0,2,2,26.12.2025,Delivered to buyer,2025-12-26 10:54:00,Яндекс.Маркет (Софьино),Новосибирск,1881.0,,2026-01-05T10:00:00+00:00,demo
ORD-101958,24.12.2025,Sale to individual,T-S-009,T-Shirt #9,2030.0,1,1,28.12.2025,Delivered to buyer,2025-12-28 19:06:00,Яндекс.Маркет (Софьино),Казань,2030.0,,2026-01-05T10:00:00+00:00,demo
ORD-101959,24.12.2025,Sale to individual,T-S-010,T-Shirt #10,2800.0,2,2,28.12.2025,Delivered to buyer,2025-12-27 15:30:00,Яндекс.Маркет (Софьино),Москва,5600.0,,2026-01-05T10:00:00+00:00,demo
ORD-101959,24.12.2025,Sale to individual,ACC-003,Accessorie #3,1190.0,1,1,28.12.2025,Delivered to buyer,2025-12-29 15:30:00,Яндекс.Маркет (Софьино),Москва,1190.0,,2026-01-05T10:00:00+00:00,demo
ORD-101960,25.12.2025,Sale to individual,CAP-005,Cap #5,1800.0,2,2,29.12.2025,Delivered to buyer,2025-12-26 20:04:00,Яндекс.Маркет (Софьино),Москва,3600.0,,2026-01-05T10:00:00+00:00,demo
ORD-101961,25.12.2025,Sale to individual,T-S-010,T-Shirt #10,2800.0,1,1,27.12.2025,Delivered to buyer,2025-12-28 17:39:00,Яндекс.Маркет (Софьино),Санкт-Петербург,2800.0,,2026-01-05T10:00:00+00:00,demo
ORD-101962,25.12.2025,Sale to individual,CAP-003,Cap #3,1680.0,2,2,28.12.2025,Delivered to buyer,2025-12-27 11:28:00,Яндекс.Маркет (Софьино),Москва,3360.0,,2026-01-05T10:00:00+00:00,demo
ORD-101963,25.12.2025,Sale to individual,T-S-012,T-Shirt #12,2660.0,1,1,28.12.2025,Delivered to buyer,2025-12-30 13:27:00,Яндекс.Маркет (Софьино),Новосибирск,2394.0,,2026-01-05T10:00:00+00:00,demo
ORD-101964,25.12.2025,Sale to individual,CAP-003,Cap #3,1680.0,1,1,28.12.2025,Return received in warehouse,2025-12-27 08:10:00,Яндекс.Маркет (Софьино),Казань,1512.0,1512.0,2026-01-05T10:00:00+00:00,demo
ORD-101965,25.12.2025,Sale to individual,CAP-001,Cap #1,1630.0,1,1,26.12.2025,Delivered to buyer,2025-12-29 16:36:00,Яндекс.Маркет (Софьино),Санкт-Петербург,1385.5,,2026-01-05T10:00:00+00:00,demo
ORD-101966,25.12.2025,Sale to individual,T-S-001,T-Shirt #1,2690.0,1,1,26.12.2025,Return received in warehouse,2025-12-29 19:17:00,Яндекс.Маркет (Софьино),Санкт-Петербург,2555.5,2555.5,2026-01-05T10:00:00+00:00,demo
ORD-101966,25.12.2025,Sale to individual,ACC-004,Accessorie #4,1120.0,1,1,26.12.2025,Return received in warehouse,2025-12-26 19:17:00,Яндекс.Маркет (Софьино),Санкт-Петербург,1120.0,1120.0,2026-01-05T10:00:00+00:00,demo
ORD-101966,25.12.2025,Sale to individual,HOO-005,Hoodie #5,4850.0,2,2,26.12.2025,Return received in warehouse,2025-12-27 19:17:00,Яндекс.Маркет (Софьино),Санкт-Петербург,9215.0,9215.0,2026-01-05T10:00:00+00:00,demo
ORD-101967,26.12.2025,Sale to individual,HOO-005,Hoodie #5,4850.0,2,2,27.12.2025,Delivered to buyer,2025-12-27 20:37:00,Яндекс.Маркет (Софьино),Санкт-Петербург,8245.0,,2026-01-05T10:00:00+00:00,demo
ORD-101968,26.12.2025,Sale to individual,T-S-012,T-Shirt #12,2660.0,1,1,27.12.2025,Delivered to buyer,2025-12-28 18:27:00,Яндекс.Маркет (Софьино),Новосибирск,2527.0,,2026-01-05T10:00:00+00:00,demo
ORD-101969,26.12.2025,Sale to individual,T-S-008,T-Shirt #8,2110.0,2,2,29.12.2025,Delivered to buyer,2025-12-27 16:58:00,Яндекс.Маркет (Софьино),Москва,3798.0,,2026-01-05T10:00:00+00:00,demo
ORD-101970,27.12.2025,Sale to individual,ACC-002,Accessorie #2,1440.0,1,1,31.12.2025,Delivered to buyer,2025-12-29 21:22:00,Яндекс.Маркет (Софьино),Новосибирск,1296.0,,2026-01-05T10:00:00+00:00,demo
ORD-101971,27.12.2025,Sale to individual,HOO-007,Hoodie #7,6730.0,1,1,28.12.2025,Delivered to buyer,2026-01-01 16:59:00,Яндекс.Маркет (Софьино),Москва,5720.5,,2026-01-05T10:00:00+00:00,demo
ORD-101972,28.12.2025,Sale to individual,T-S-012,T-Shirt #12,2660.0,1,1,30.12.2025,Delivered to buyer,2026-01-02 08:03:00,Яндекс.Маркет (Софьино),Екатеринбург,2660.0,,2026-01-05T10:00:00+00:00,demo
ORD-101972,28.12.2025,Sale to individual,CAP-001,Cap #1,1630.0,1,1,30.12.2025,Delivered to buyer,2025-12-29 08:03:00,Яндекс.Маркет (Софьино),Екатеринбург,1548.5,,2026-01-05T10:00:00+00:00,demo
ORD-101973,28.12.2025,Sale to individual,T-S-010,T-Shirt #10,2800.0,1,0,,Cancelled,2026-01-01 15:41:00,Яндекс.Маркет (Софьино),Санкт-Петербург,,,2026-01-05T10:00:00+00:00,demo
ORD-101974,28.12.2025,Sale to individual,CAP-002,Cap #2,1800.0,1,1,29.12.2025,Delivered to buyer,2026-01-02 13:57:00,Яндекс.Маркет (Софьино),Новосибирск,1620.0,,2026-01-05T10:00:00+00:00,demo
ORD-101975,29.12.2025,Sale to individual,T-S-008,T-Shirt #8,2110.0,1,1,02.01.2026,Delivered to buyer,2025-12-31 15:41:00,Яндекс.Маркет (Софьино),Москва,2110.0,,2026-01-05T10:00:00+00:00,demo
ORD-101975,29.12.2025,Sale to individual,CAP-004,Cap #4,1680.0,2,2,02.01.2026,Delivered to buyer,2026-01-02 15:41:00,Яндекс.Маркет (Софьино),Москва,3024.0,,2026-01-05T10:00:00+00:00,demo
ORD-101975,29.12.2025,Sale to individual,T-S-012,T-Shirt #12,2660.0,1,1,02.01.2026,Delivered to buyer,2026-01-03 15:41:00,Яндекс.Маркет (Софьино),Москва,2660.0,,2026-01-05T10:00:00+00:00,demo
ORD-101976,29.12.2025,Sale to individual,HOO-007,Hoodie #7,6730.0,1,1,02.01.2026,Delivered to buyer,2025-12-30 20:32:00,Яндекс.Маркет (Софьино),Санкт-Петербург,5720.5,,2026-01-05T10:00:00+00:00,demo
ORD-101976,29.12.2025,Sale to individual,T-S-011,T-Shirt #11,2370.0,2,2,02.01.2026,Delivered to buyer,2025-12-31 20:32:00,Яндекс.Маркет (Софьино),Санкт-Петербург,4266.0,,2026-01-05T10:00:00+00:00,demo
ORD-101977,30.12.2025,Sale to individual,CAP-004,Cap #4,1680.0,2,2,02.01.2026,Delivered to buyer,2025-12-31 14:13:00,Яндекс.Маркет (Софьино),Екатеринбург,3024.0,,2026-01-05T10:00:00+00:00,demo
ORD-101977,30.12.2025,Sale to individual,CAP-001,Cap #1,1630.0,1,1,02.01.2026,Delivered to buyer,2025-12-31 14:13:00,Яндекс.Маркет (Софьино),Екатеринбург,1548.5,,2026-01-05T10:00:00+00:00,demo
ORD-101977,30.12.2025,Sale to individual,CAP-001,Cap #1,1630.0,1,1,02.01.2026,Delivered to buyer,2026-01-01 14:13:00,Яндекс.Маркет (Софьино),Екатеринбург,1385.5,,2026-01-05T10:00:00+00:00,demo
ORD-101978,30.12.2025,Sale to individual,T-S-009,T-Shirt #9,2030.0,2,2,03.01.2026,Delivered to buyer,2026-01-04 21:07:00,Яндекс.Маркет (Софьино),Екатеринбург,4060.0,,2026-01-05T10:00:00+00:00,demo
ORD-101979,30.12.2025,Sale to individual,T-S-011,T-Shirt #11,2370.0,1,1,03.01.2026,Delivered to buyer,2025-12-31 18:46:00,Яндекс.Маркет (Софьино),Санкт-Петербург,2370.0,,2026-01-05T10:00:00+00:00,demo
ORD-101980,30.12.2025,Sale to individual,T-S-008,T-Shirt #8,2110.0,1,1,31.12.2025,Delivered to buyer,2026-01-04 20:10:00,Яндекс.Маркет (Софьино),Екатеринбург,1793.5,,2026-01-05T10:00:00+00:00,demo
ORD-101980,30.12.2025,Sale to individual,CAP-004,Cap #4,1680.0,1,1,31.12.2025,Delivered to buyer,2026-01-04 20:10:00,Яндекс.Маркет (Софьино),Екатеринбург,1428.0,,2026-01-05T10:00:00+00:00,demo
ORD-101981,31.12.2025,Sale to individual,CAP-003,Cap #3,1680.0,2,2,03.01.2026,Delivered to buyer,2026-01-04 10:26:00,Яндекс.Маркет (Софьино),Санкт-Петербург,3360.0,,2026-01-05T10:00:00+00:00,demo
ORD-101982,31.12.2025,Sale to individual,T-S-011,T-Shirt #11,2370.0,1,1,01.01.2026,Return received in warehouse,2026-01-04 22:59:00,Яндекс.Маркет (Софьино),Екатеринбург,2370.0,2370.0,2026-01-05T10:00:00+00:00,demo
ORD-101982,31.12.2025,Sale to individual,CAP-004,Cap #4,1680.0,1,1,01.01.2026,Return received in warehouse,2026-01-01 22:59:00,Яндекс.Маркет (Софьино),Екатеринбург,1680.0,1680.0,2026-01-05T10:00:00+00:00,demo
ORD-101983,31.12.2025,Sale to individual,HOO-008,Hoodie #8,5940.0,1,1,02.01.2026,Delivered to buyer,2026-01-05 19:44:00,Яндекс.Маркет (Софьино),Санкт-Петербург,5643.0,,2026-01-05T10:00:00+00:00,demo
ORD-101984,31.12.2025,Sale to individual,CAP-003,Cap #3,1680.0,2,0,,Cancelled,2026-01-01 08:07:00,Яндекс.Маркет (Софьино),Екатеринбург,,,2026-01-05T10:00:00+00:00,demo
ORD-101985,31.12.2025,Sale to individual,T-S-010,T-Shirt #10,2800.0,1,1,01.01.2026,Delivered to buyer,2026-01-03 17:11:00,Яндекс.Маркет (Софьино),Санкт-Петербург,2660.0,,2026-01-05T10:00:00+00:00,demo
ORD-101985,31.12.2025,Sale to individual,HOO-003,Hoodie #3,4420.0,1,1,01.01.2026,Delivered to buyer,2026-01-02 17:11:00,Яндекс.Маркет (Софьино),Санкт-Петербург,4199.0,,2026-01-05T10:00:00+00:00,demo
ORD-101986,31.12.2025,Sale to individual,CAP-004,Cap #4,1680.0,2,2,03.01.2026,Delivered to buyer,2026-01-01 22:32:00,Яндекс.Маркет (Софьино),Москва,2856.0,,2026-01-05T10:00:00+00:00,demo
ORD-101986,31.12.2025,Sale to individual,CAP-004,Cap #4,1680.0,2,2,03.01.2026,Delivered to buyer,2026-01-05 22:32:00,Яндекс.Маркет (Софьино),Москва,3024.0,,2026-01-05T10:00:00+00:00,demo
ORD-101986,31.12.2025,Sale to individual,CAP-001,Cap #1,1630.0,1,1,03.01.2026,Delivered to buyer,2026-01-04 22:32:00,Яндекс.Маркет (Софьино),Москва,1467.0,,2026-01-05T10:00:00+00:00,demo
